DEBUG - 2025-10-31 01:15:11 --> Session: Class initialized using 'CodeIgniter\Session\Handlers\FileHandler' driver.
DEBUG - 2025-10-31 01:15:15 --> Session: Class initialized using 'CodeIgniter\Session\Handlers\FileHandler' driver.
DEBUG - 2025-10-31 01:15:16 --> Session: Class initialized using 'CodeIgniter\Session\Handlers\FileHandler' driver.
WARNING - 2025-10-31 01:15:16 --> [DEPRECATED] Optional parameter $filters declared before required parameter $id_dep is implicitly treated as a required parameter in APPPATH\Models\Model_arsip.php on line 303.
 1 SYSTEMPATH\Autoloader\Autoloader.php(315): include_once('C:\\xampp\\htdocs\\e-arsip_ci4\\system\\Debug\\Exceptions.php')
 2 SYSTEMPATH\Autoloader\Autoloader.php(295): CodeIgniter\Autoloader\Autoloader->includeFile('C:\\xampp\\htdocs\\e-arsip_ci4\\app\\Models\\Model_arsip.php')
 3 SYSTEMPATH\Autoloader\Autoloader.php(271): CodeIgniter\Autoloader\Autoloader->loadInNamespace('App\\Models\\Model_arsip')
 4 APPPATH\Controllers\Home.php(23): CodeIgniter\Autoloader\Autoloader->loadClass('App\\Models\\Model_arsip')
 5 SYSTEMPATH\CodeIgniter.php(903): App\Controllers\Home->__construct()
 6 SYSTEMPATH\CodeIgniter.php(498): CodeIgniter\CodeIgniter->createController()
 7 SYSTEMPATH\CodeIgniter.php(354): CodeIgniter\CodeIgniter->handleRequest(null, Object(Config\Cache), false)
 8 SYSTEMPATH\Boot.php(363): CodeIgniter\CodeIgniter->run()
 9 SYSTEMPATH\Boot.php(68): CodeIgniter\Boot::runCodeIgniter(Object(CodeIgniter\CodeIgniter))
10 FCPATH\index.php(59): CodeIgniter\Boot::bootWeb(Object(Config\Paths))
DEBUG - 2025-10-31 01:20:28 --> Session: Class initialized using 'CodeIgniter\Session\Handlers\FileHandler' driver.
DEBUG - 2025-10-31 01:20:28 --> Session: Class initialized using 'CodeIgniter\Session\Handlers\FileHandler' driver.
DEBUG - 2025-10-31 01:20:40 --> Session: Class initialized using 'CodeIgniter\Session\Handlers\FileHandler' driver.
DEBUG - 2025-10-31 01:20:40 --> Session: Class initialized using 'CodeIgniter\Session\Handlers\FileHandler' driver.
WARNING - 2025-10-31 01:20:40 --> [DEPRECATED] Optional parameter $filters declared before required parameter $id_dep is implicitly treated as a required parameter in APPPATH\Models\Model_arsip.php on line 303.
 1 SYSTEMPATH\Autoloader\Autoloader.php(315): include_once('C:\\xampp\\htdocs\\e-arsip_ci4\\system\\Debug\\Exceptions.php')
 2 SYSTEMPATH\Autoloader\Autoloader.php(295): CodeIgniter\Autoloader\Autoloader->includeFile('C:\\xampp\\htdocs\\e-arsip_ci4\\app\\Models\\Model_arsip.php')
 3 SYSTEMPATH\Autoloader\Autoloader.php(271): CodeIgniter\Autoloader\Autoloader->loadInNamespace('App\\Models\\Model_arsip')
 4 APPPATH\Controllers\Home.php(23): CodeIgniter\Autoloader\Autoloader->loadClass('App\\Models\\Model_arsip')
 5 SYSTEMPATH\CodeIgniter.php(903): App\Controllers\Home->__construct()
 6 SYSTEMPATH\CodeIgniter.php(498): CodeIgniter\CodeIgniter->createController()
 7 SYSTEMPATH\CodeIgniter.php(354): CodeIgniter\CodeIgniter->handleRequest(null, Object(Config\Cache), false)
 8 SYSTEMPATH\Boot.php(363): CodeIgniter\CodeIgniter->run()
 9 SYSTEMPATH\Boot.php(68): CodeIgniter\Boot::runCodeIgniter(Object(CodeIgniter\CodeIgniter))
10 FCPATH\index.php(59): CodeIgniter\Boot::bootWeb(Object(Config\Paths))
DEBUG - 2025-10-31 01:33:35 --> Session: Class initialized using 'CodeIgniter\Session\Handlers\FileHandler' driver.
DEBUG - 2025-10-31 01:33:41 --> Session: Class initialized using 'CodeIgniter\Session\Handlers\FileHandler' driver.
WARNING - 2025-10-31 01:33:41 --> [DEPRECATED] Optional parameter $filters declared before required parameter $id_dep is implicitly treated as a required parameter in APPPATH\Models\Model_arsip.php on line 303.
 1 SYSTEMPATH\Autoloader\Autoloader.php(315): include_once('C:\\xampp\\htdocs\\e-arsip_ci4\\system\\Debug\\Exceptions.php')
 2 SYSTEMPATH\Autoloader\Autoloader.php(295): CodeIgniter\Autoloader\Autoloader->includeFile('C:\\xampp\\htdocs\\e-arsip_ci4\\app\\Models\\Model_arsip.php')
 3 SYSTEMPATH\Autoloader\Autoloader.php(271): CodeIgniter\Autoloader\Autoloader->loadInNamespace('App\\Models\\Model_arsip')
 4 APPPATH\Controllers\Home.php(23): CodeIgniter\Autoloader\Autoloader->loadClass('App\\Models\\Model_arsip')
 5 SYSTEMPATH\CodeIgniter.php(903): App\Controllers\Home->__construct()
 6 SYSTEMPATH\CodeIgniter.php(498): CodeIgniter\CodeIgniter->createController()
 7 SYSTEMPATH\CodeIgniter.php(354): CodeIgniter\CodeIgniter->handleRequest(null, Object(Config\Cache), false)
 8 SYSTEMPATH\Boot.php(363): CodeIgniter\CodeIgniter->run()
 9 SYSTEMPATH\Boot.php(68): CodeIgniter\Boot::runCodeIgniter(Object(CodeIgniter\CodeIgniter))
10 FCPATH\index.php(59): CodeIgniter\Boot::bootWeb(Object(Config\Paths))
DEBUG - 2025-10-31 01:33:42 --> Session: Class initialized using 'CodeIgniter\Session\Handlers\FileHandler' driver.
DEBUG - 2025-10-31 01:33:43 --> Session: Class initialized using 'CodeIgniter\Session\Handlers\FileHandler' driver.
DEBUG - 2025-10-31 01:33:44 --> Session: Class initialized using 'CodeIgniter\Session\Handlers\FileHandler' driver.
DEBUG - 2025-10-31 01:40:27 --> Session: Class initialized using 'CodeIgniter\Session\Handlers\FileHandler' driver.
DEBUG - 2025-10-31 01:40:29 --> Session: Class initialized using 'CodeIgniter\Session\Handlers\FileHandler' driver.
WARNING - 2025-10-31 01:40:29 --> [DEPRECATED] Optional parameter $filters declared before required parameter $id_dep is implicitly treated as a required parameter in APPPATH\Models\Model_arsip.php on line 303.
 1 SYSTEMPATH\Autoloader\Autoloader.php(315): include_once('C:\\xampp\\htdocs\\e-arsip_ci4\\system\\Debug\\Exceptions.php')
 2 SYSTEMPATH\Autoloader\Autoloader.php(295): CodeIgniter\Autoloader\Autoloader->includeFile('C:\\xampp\\htdocs\\e-arsip_ci4\\app\\Models\\Model_arsip.php')
 3 SYSTEMPATH\Autoloader\Autoloader.php(271): CodeIgniter\Autoloader\Autoloader->loadInNamespace('App\\Models\\Model_arsip')
 4 APPPATH\Controllers\Kategori.php(21): CodeIgniter\Autoloader\Autoloader->loadClass('App\\Models\\Model_arsip')
 5 SYSTEMPATH\CodeIgniter.php(903): App\Controllers\Kategori->__construct()
 6 SYSTEMPATH\CodeIgniter.php(498): CodeIgniter\CodeIgniter->createController()
 7 SYSTEMPATH\CodeIgniter.php(354): CodeIgniter\CodeIgniter->handleRequest(null, Object(Config\Cache), false)
 8 SYSTEMPATH\Boot.php(363): CodeIgniter\CodeIgniter->run()
 9 SYSTEMPATH\Boot.php(68): CodeIgniter\Boot::runCodeIgniter(Object(CodeIgniter\CodeIgniter))
10 FCPATH\index.php(59): CodeIgniter\Boot::bootWeb(Object(Config\Paths))
DEBUG - 2025-10-31 01:40:29 --> Session: Class initialized using 'CodeIgniter\Session\Handlers\FileHandler' driver.
WARNING - 2025-10-31 01:40:29 --> [DEPRECATED] Optional parameter $filters declared before required parameter $id_dep is implicitly treated as a required parameter in APPPATH\Models\Model_arsip.php on line 303.
 1 SYSTEMPATH\Autoloader\Autoloader.php(315): include_once('C:\\xampp\\htdocs\\e-arsip_ci4\\system\\Debug\\Exceptions.php')
 2 SYSTEMPATH\Autoloader\Autoloader.php(295): CodeIgniter\Autoloader\Autoloader->includeFile('C:\\xampp\\htdocs\\e-arsip_ci4\\app\\Models\\Model_arsip.php')
 3 SYSTEMPATH\Autoloader\Autoloader.php(271): CodeIgniter\Autoloader\Autoloader->loadInNamespace('App\\Models\\Model_arsip')
 4 APPPATH\Controllers\Arsip.php(26): CodeIgniter\Autoloader\Autoloader->loadClass('App\\Models\\Model_arsip')
 5 SYSTEMPATH\CodeIgniter.php(903): App\Controllers\Arsip->__construct()
 6 SYSTEMPATH\CodeIgniter.php(498): CodeIgniter\CodeIgniter->createController()
 7 SYSTEMPATH\CodeIgniter.php(354): CodeIgniter\CodeIgniter->handleRequest(null, Object(Config\Cache), false)
 8 SYSTEMPATH\Boot.php(363): CodeIgniter\CodeIgniter->run()
 9 SYSTEMPATH\Boot.php(68): CodeIgniter\Boot::runCodeIgniter(Object(CodeIgniter\CodeIgniter))
10 FCPATH\index.php(59): CodeIgniter\Boot::bootWeb(Object(Config\Paths))
DEBUG - 2025-10-31 01:46:26 --> Session: Class initialized using 'CodeIgniter\Session\Handlers\FileHandler' driver.
WARNING - 2025-10-31 01:46:26 --> [DEPRECATED] Optional parameter $filters declared before required parameter $id_dep is implicitly treated as a required parameter in APPPATH\Models\Model_arsip.php on line 303.
 1 SYSTEMPATH\Autoloader\Autoloader.php(315): include_once('C:\\xampp\\htdocs\\e-arsip_ci4\\system\\Debug\\Exceptions.php')
 2 SYSTEMPATH\Autoloader\Autoloader.php(295): CodeIgniter\Autoloader\Autoloader->includeFile('C:\\xampp\\htdocs\\e-arsip_ci4\\app\\Models\\Model_arsip.php')
 3 SYSTEMPATH\Autoloader\Autoloader.php(271): CodeIgniter\Autoloader\Autoloader->loadInNamespace('App\\Models\\Model_arsip')
 4 APPPATH\Controllers\Home.php(23): CodeIgniter\Autoloader\Autoloader->loadClass('App\\Models\\Model_arsip')
 5 SYSTEMPATH\CodeIgniter.php(903): App\Controllers\Home->__construct()
 6 SYSTEMPATH\CodeIgniter.php(498): CodeIgniter\CodeIgniter->createController()
 7 SYSTEMPATH\CodeIgniter.php(354): CodeIgniter\CodeIgniter->handleRequest(null, Object(Config\Cache), false)
 8 SYSTEMPATH\Boot.php(363): CodeIgniter\CodeIgniter->run()
 9 SYSTEMPATH\Boot.php(68): CodeIgniter\Boot::runCodeIgniter(Object(CodeIgniter\CodeIgniter))
10 FCPATH\index.php(59): CodeIgniter\Boot::bootWeb(Object(Config\Paths))
DEBUG - 2025-10-31 01:46:39 --> Session: Class initialized using 'CodeIgniter\Session\Handlers\FileHandler' driver.
WARNING - 2025-10-31 01:46:39 --> [DEPRECATED] Optional parameter $filters declared before required parameter $id_dep is implicitly treated as a required parameter in APPPATH\Models\Model_arsip.php on line 303.
 1 SYSTEMPATH\Autoloader\Autoloader.php(315): include_once('C:\\xampp\\htdocs\\e-arsip_ci4\\system\\Debug\\Exceptions.php')
 2 SYSTEMPATH\Autoloader\Autoloader.php(295): CodeIgniter\Autoloader\Autoloader->includeFile('C:\\xampp\\htdocs\\e-arsip_ci4\\app\\Models\\Model_arsip.php')
 3 SYSTEMPATH\Autoloader\Autoloader.php(271): CodeIgniter\Autoloader\Autoloader->loadInNamespace('App\\Models\\Model_arsip')
 4 APPPATH\Controllers\Arsip.php(26): CodeIgniter\Autoloader\Autoloader->loadClass('App\\Models\\Model_arsip')
 5 SYSTEMPATH\CodeIgniter.php(903): App\Controllers\Arsip->__construct()
 6 SYSTEMPATH\CodeIgniter.php(498): CodeIgniter\CodeIgniter->createController()
 7 SYSTEMPATH\CodeIgniter.php(354): CodeIgniter\CodeIgniter->handleRequest(null, Object(Config\Cache), false)
 8 SYSTEMPATH\Boot.php(363): CodeIgniter\CodeIgniter->run()
 9 SYSTEMPATH\Boot.php(68): CodeIgniter\Boot::runCodeIgniter(Object(CodeIgniter\CodeIgniter))
10 FCPATH\index.php(59): CodeIgniter\Boot::bootWeb(Object(Config\Paths))
DEBUG - 2025-10-31 01:46:41 --> Session: Class initialized using 'CodeIgniter\Session\Handlers\FileHandler' driver.
WARNING - 2025-10-31 01:46:41 --> [DEPRECATED] Optional parameter $filters declared before required parameter $id_dep is implicitly treated as a required parameter in APPPATH\Models\Model_arsip.php on line 303.
 1 SYSTEMPATH\Autoloader\Autoloader.php(315): include_once('C:\\xampp\\htdocs\\e-arsip_ci4\\system\\Debug\\Exceptions.php')
 2 SYSTEMPATH\Autoloader\Autoloader.php(295): CodeIgniter\Autoloader\Autoloader->includeFile('C:\\xampp\\htdocs\\e-arsip_ci4\\app\\Models\\Model_arsip.php')
 3 SYSTEMPATH\Autoloader\Autoloader.php(271): CodeIgniter\Autoloader\Autoloader->loadInNamespace('App\\Models\\Model_arsip')
 4 APPPATH\Controllers\Arsip.php(26): CodeIgniter\Autoloader\Autoloader->loadClass('App\\Models\\Model_arsip')
 5 SYSTEMPATH\CodeIgniter.php(903): App\Controllers\Arsip->__construct()
 6 SYSTEMPATH\CodeIgniter.php(498): CodeIgniter\CodeIgniter->createController()
 7 SYSTEMPATH\CodeIgniter.php(354): CodeIgniter\CodeIgniter->handleRequest(null, Object(Config\Cache), false)
 8 SYSTEMPATH\Boot.php(363): CodeIgniter\CodeIgniter->run()
 9 SYSTEMPATH\Boot.php(68): CodeIgniter\Boot::runCodeIgniter(Object(CodeIgniter\CodeIgniter))
10 FCPATH\index.php(59): CodeIgniter\Boot::bootWeb(Object(Config\Paths))
DEBUG - 2025-10-31 01:46:57 --> Session: Class initialized using 'CodeIgniter\Session\Handlers\FileHandler' driver.
WARNING - 2025-10-31 01:46:57 --> [DEPRECATED] Optional parameter $filters declared before required parameter $id_dep is implicitly treated as a required parameter in APPPATH\Models\Model_arsip.php on line 303.
 1 SYSTEMPATH\Autoloader\Autoloader.php(315): include_once('C:\\xampp\\htdocs\\e-arsip_ci4\\system\\Debug\\Exceptions.php')
 2 SYSTEMPATH\Autoloader\Autoloader.php(295): CodeIgniter\Autoloader\Autoloader->includeFile('C:\\xampp\\htdocs\\e-arsip_ci4\\app\\Models\\Model_arsip.php')
 3 SYSTEMPATH\Autoloader\Autoloader.php(271): CodeIgniter\Autoloader\Autoloader->loadInNamespace('App\\Models\\Model_arsip')
 4 APPPATH\Controllers\Arsip.php(26): CodeIgniter\Autoloader\Autoloader->loadClass('App\\Models\\Model_arsip')
 5 SYSTEMPATH\CodeIgniter.php(903): App\Controllers\Arsip->__construct()
 6 SYSTEMPATH\CodeIgniter.php(498): CodeIgniter\CodeIgniter->createController()
 7 SYSTEMPATH\CodeIgniter.php(354): CodeIgniter\CodeIgniter->handleRequest(null, Object(Config\Cache), false)
 8 SYSTEMPATH\Boot.php(363): CodeIgniter\CodeIgniter->run()
 9 SYSTEMPATH\Boot.php(68): CodeIgniter\Boot::runCodeIgniter(Object(CodeIgniter\CodeIgniter))
10 FCPATH\index.php(59): CodeIgniter\Boot::bootWeb(Object(Config\Paths))
DEBUG - 2025-10-31 01:46:58 --> Session: Class initialized using 'CodeIgniter\Session\Handlers\FileHandler' driver.
WARNING - 2025-10-31 01:46:58 --> [DEPRECATED] Optional parameter $filters declared before required parameter $id_dep is implicitly treated as a required parameter in APPPATH\Models\Model_arsip.php on line 303.
 1 SYSTEMPATH\Autoloader\Autoloader.php(315): include_once('C:\\xampp\\htdocs\\e-arsip_ci4\\system\\Debug\\Exceptions.php')
 2 SYSTEMPATH\Autoloader\Autoloader.php(295): CodeIgniter\Autoloader\Autoloader->includeFile('C:\\xampp\\htdocs\\e-arsip_ci4\\app\\Models\\Model_arsip.php')
 3 SYSTEMPATH\Autoloader\Autoloader.php(271): CodeIgniter\Autoloader\Autoloader->loadInNamespace('App\\Models\\Model_arsip')
 4 APPPATH\Controllers\Arsip.php(26): CodeIgniter\Autoloader\Autoloader->loadClass('App\\Models\\Model_arsip')
 5 SYSTEMPATH\CodeIgniter.php(903): App\Controllers\Arsip->__construct()
 6 SYSTEMPATH\CodeIgniter.php(498): CodeIgniter\CodeIgniter->createController()
 7 SYSTEMPATH\CodeIgniter.php(354): CodeIgniter\CodeIgniter->handleRequest(null, Object(Config\Cache), false)
 8 SYSTEMPATH\Boot.php(363): CodeIgniter\CodeIgniter->run()
 9 SYSTEMPATH\Boot.php(68): CodeIgniter\Boot::runCodeIgniter(Object(CodeIgniter\CodeIgniter))
10 FCPATH\index.php(59): CodeIgniter\Boot::bootWeb(Object(Config\Paths))
DEBUG - 2025-10-31 01:46:58 --> Session: Class initialized using 'CodeIgniter\Session\Handlers\FileHandler' driver.
WARNING - 2025-10-31 01:46:58 --> [DEPRECATED] Optional parameter $filters declared before required parameter $id_dep is implicitly treated as a required parameter in APPPATH\Models\Model_arsip.php on line 303.
 1 SYSTEMPATH\Autoloader\Autoloader.php(315): include_once('C:\\xampp\\htdocs\\e-arsip_ci4\\system\\Debug\\Exceptions.php')
 2 SYSTEMPATH\Autoloader\Autoloader.php(295): CodeIgniter\Autoloader\Autoloader->includeFile('C:\\xampp\\htdocs\\e-arsip_ci4\\app\\Models\\Model_arsip.php')
 3 SYSTEMPATH\Autoloader\Autoloader.php(271): CodeIgniter\Autoloader\Autoloader->loadInNamespace('App\\Models\\Model_arsip')
 4 APPPATH\Controllers\Arsip.php(26): CodeIgniter\Autoloader\Autoloader->loadClass('App\\Models\\Model_arsip')
 5 SYSTEMPATH\CodeIgniter.php(903): App\Controllers\Arsip->__construct()
 6 SYSTEMPATH\CodeIgniter.php(498): CodeIgniter\CodeIgniter->createController()
 7 SYSTEMPATH\CodeIgniter.php(354): CodeIgniter\CodeIgniter->handleRequest(null, Object(Config\Cache), false)
 8 SYSTEMPATH\Boot.php(363): CodeIgniter\CodeIgniter->run()
 9 SYSTEMPATH\Boot.php(68): CodeIgniter\Boot::runCodeIgniter(Object(CodeIgniter\CodeIgniter))
10 FCPATH\index.php(59): CodeIgniter\Boot::bootWeb(Object(Config\Paths))
DEBUG - 2025-10-31 01:46:58 --> Session: Class initialized using 'CodeIgniter\Session\Handlers\FileHandler' driver.
WARNING - 2025-10-31 01:46:58 --> [DEPRECATED] Optional parameter $filters declared before required parameter $id_dep is implicitly treated as a required parameter in APPPATH\Models\Model_arsip.php on line 303.
 1 SYSTEMPATH\Autoloader\Autoloader.php(315): include_once('C:\\xampp\\htdocs\\e-arsip_ci4\\system\\Debug\\Exceptions.php')
 2 SYSTEMPATH\Autoloader\Autoloader.php(295): CodeIgniter\Autoloader\Autoloader->includeFile('C:\\xampp\\htdocs\\e-arsip_ci4\\app\\Models\\Model_arsip.php')
 3 SYSTEMPATH\Autoloader\Autoloader.php(271): CodeIgniter\Autoloader\Autoloader->loadInNamespace('App\\Models\\Model_arsip')
 4 APPPATH\Controllers\Arsip.php(26): CodeIgniter\Autoloader\Autoloader->loadClass('App\\Models\\Model_arsip')
 5 SYSTEMPATH\CodeIgniter.php(903): App\Controllers\Arsip->__construct()
 6 SYSTEMPATH\CodeIgniter.php(498): CodeIgniter\CodeIgniter->createController()
 7 SYSTEMPATH\CodeIgniter.php(354): CodeIgniter\CodeIgniter->handleRequest(null, Object(Config\Cache), false)
 8 SYSTEMPATH\Boot.php(363): CodeIgniter\CodeIgniter->run()
 9 SYSTEMPATH\Boot.php(68): CodeIgniter\Boot::runCodeIgniter(Object(CodeIgniter\CodeIgniter))
10 FCPATH\index.php(59): CodeIgniter\Boot::bootWeb(Object(Config\Paths))
DEBUG - 2025-10-31 01:46:58 --> Session: Class initialized using 'CodeIgniter\Session\Handlers\FileHandler' driver.
WARNING - 2025-10-31 01:46:58 --> [DEPRECATED] Optional parameter $filters declared before required parameter $id_dep is implicitly treated as a required parameter in APPPATH\Models\Model_arsip.php on line 303.
 1 SYSTEMPATH\Autoloader\Autoloader.php(315): include_once('C:\\xampp\\htdocs\\e-arsip_ci4\\system\\Debug\\Exceptions.php')
 2 SYSTEMPATH\Autoloader\Autoloader.php(295): CodeIgniter\Autoloader\Autoloader->includeFile('C:\\xampp\\htdocs\\e-arsip_ci4\\app\\Models\\Model_arsip.php')
 3 SYSTEMPATH\Autoloader\Autoloader.php(271): CodeIgniter\Autoloader\Autoloader->loadInNamespace('App\\Models\\Model_arsip')
 4 APPPATH\Controllers\Arsip.php(26): CodeIgniter\Autoloader\Autoloader->loadClass('App\\Models\\Model_arsip')
 5 SYSTEMPATH\CodeIgniter.php(903): App\Controllers\Arsip->__construct()
 6 SYSTEMPATH\CodeIgniter.php(498): CodeIgniter\CodeIgniter->createController()
 7 SYSTEMPATH\CodeIgniter.php(354): CodeIgniter\CodeIgniter->handleRequest(null, Object(Config\Cache), false)
 8 SYSTEMPATH\Boot.php(363): CodeIgniter\CodeIgniter->run()
 9 SYSTEMPATH\Boot.php(68): CodeIgniter\Boot::runCodeIgniter(Object(CodeIgniter\CodeIgniter))
10 FCPATH\index.php(59): CodeIgniter\Boot::bootWeb(Object(Config\Paths))
DEBUG - 2025-10-31 01:46:58 --> Session: Class initialized using 'CodeIgniter\Session\Handlers\FileHandler' driver.
WARNING - 2025-10-31 01:46:58 --> [DEPRECATED] Optional parameter $filters declared before required parameter $id_dep is implicitly treated as a required parameter in APPPATH\Models\Model_arsip.php on line 303.
 1 SYSTEMPATH\Autoloader\Autoloader.php(315): include_once('C:\\xampp\\htdocs\\e-arsip_ci4\\system\\Debug\\Exceptions.php')
 2 SYSTEMPATH\Autoloader\Autoloader.php(295): CodeIgniter\Autoloader\Autoloader->includeFile('C:\\xampp\\htdocs\\e-arsip_ci4\\app\\Models\\Model_arsip.php')
 3 SYSTEMPATH\Autoloader\Autoloader.php(271): CodeIgniter\Autoloader\Autoloader->loadInNamespace('App\\Models\\Model_arsip')
 4 APPPATH\Controllers\Arsip.php(26): CodeIgniter\Autoloader\Autoloader->loadClass('App\\Models\\Model_arsip')
 5 SYSTEMPATH\CodeIgniter.php(903): App\Controllers\Arsip->__construct()
 6 SYSTEMPATH\CodeIgniter.php(498): CodeIgniter\CodeIgniter->createController()
 7 SYSTEMPATH\CodeIgniter.php(354): CodeIgniter\CodeIgniter->handleRequest(null, Object(Config\Cache), false)
 8 SYSTEMPATH\Boot.php(363): CodeIgniter\CodeIgniter->run()
 9 SYSTEMPATH\Boot.php(68): CodeIgniter\Boot::runCodeIgniter(Object(CodeIgniter\CodeIgniter))
10 FCPATH\index.php(59): CodeIgniter\Boot::bootWeb(Object(Config\Paths))
DEBUG - 2025-10-31 01:46:59 --> Session: Class initialized using 'CodeIgniter\Session\Handlers\FileHandler' driver.
WARNING - 2025-10-31 01:46:59 --> [DEPRECATED] Optional parameter $filters declared before required parameter $id_dep is implicitly treated as a required parameter in APPPATH\Models\Model_arsip.php on line 303.
 1 SYSTEMPATH\Autoloader\Autoloader.php(315): include_once('C:\\xampp\\htdocs\\e-arsip_ci4\\system\\Debug\\Exceptions.php')
 2 SYSTEMPATH\Autoloader\Autoloader.php(295): CodeIgniter\Autoloader\Autoloader->includeFile('C:\\xampp\\htdocs\\e-arsip_ci4\\app\\Models\\Model_arsip.php')
 3 SYSTEMPATH\Autoloader\Autoloader.php(271): CodeIgniter\Autoloader\Autoloader->loadInNamespace('App\\Models\\Model_arsip')
 4 APPPATH\Controllers\Arsip.php(26): CodeIgniter\Autoloader\Autoloader->loadClass('App\\Models\\Model_arsip')
 5 SYSTEMPATH\CodeIgniter.php(903): App\Controllers\Arsip->__construct()
 6 SYSTEMPATH\CodeIgniter.php(498): CodeIgniter\CodeIgniter->createController()
 7 SYSTEMPATH\CodeIgniter.php(354): CodeIgniter\CodeIgniter->handleRequest(null, Object(Config\Cache), false)
 8 SYSTEMPATH\Boot.php(363): CodeIgniter\CodeIgniter->run()
 9 SYSTEMPATH\Boot.php(68): CodeIgniter\Boot::runCodeIgniter(Object(CodeIgniter\CodeIgniter))
10 FCPATH\index.php(59): CodeIgniter\Boot::bootWeb(Object(Config\Paths))
DEBUG - 2025-10-31 01:47:02 --> Session: Class initialized using 'CodeIgniter\Session\Handlers\FileHandler' driver.
WARNING - 2025-10-31 01:47:02 --> [DEPRECATED] Optional parameter $filters declared before required parameter $id_dep is implicitly treated as a required parameter in APPPATH\Models\Model_arsip.php on line 303.
 1 SYSTEMPATH\Autoloader\Autoloader.php(315): include_once('C:\\xampp\\htdocs\\e-arsip_ci4\\system\\Debug\\Exceptions.php')
 2 SYSTEMPATH\Autoloader\Autoloader.php(295): CodeIgniter\Autoloader\Autoloader->includeFile('C:\\xampp\\htdocs\\e-arsip_ci4\\app\\Models\\Model_arsip.php')
 3 SYSTEMPATH\Autoloader\Autoloader.php(271): CodeIgniter\Autoloader\Autoloader->loadInNamespace('App\\Models\\Model_arsip')
 4 APPPATH\Controllers\Arsip.php(26): CodeIgniter\Autoloader\Autoloader->loadClass('App\\Models\\Model_arsip')
 5 SYSTEMPATH\CodeIgniter.php(903): App\Controllers\Arsip->__construct()
 6 SYSTEMPATH\CodeIgniter.php(498): CodeIgniter\CodeIgniter->createController()
 7 SYSTEMPATH\CodeIgniter.php(354): CodeIgniter\CodeIgniter->handleRequest(null, Object(Config\Cache), false)
 8 SYSTEMPATH\Boot.php(363): CodeIgniter\CodeIgniter->run()
 9 SYSTEMPATH\Boot.php(68): CodeIgniter\Boot::runCodeIgniter(Object(CodeIgniter\CodeIgniter))
10 FCPATH\index.php(59): CodeIgniter\Boot::bootWeb(Object(Config\Paths))
DEBUG - 2025-10-31 01:47:02 --> Session: Class initialized using 'CodeIgniter\Session\Handlers\FileHandler' driver.
WARNING - 2025-10-31 01:47:02 --> [DEPRECATED] Optional parameter $filters declared before required parameter $id_dep is implicitly treated as a required parameter in APPPATH\Models\Model_arsip.php on line 303.
 1 SYSTEMPATH\Autoloader\Autoloader.php(315): include_once('C:\\xampp\\htdocs\\e-arsip_ci4\\system\\Debug\\Exceptions.php')
 2 SYSTEMPATH\Autoloader\Autoloader.php(295): CodeIgniter\Autoloader\Autoloader->includeFile('C:\\xampp\\htdocs\\e-arsip_ci4\\app\\Models\\Model_arsip.php')
 3 SYSTEMPATH\Autoloader\Autoloader.php(271): CodeIgniter\Autoloader\Autoloader->loadInNamespace('App\\Models\\Model_arsip')
 4 APPPATH\Controllers\Arsip.php(26): CodeIgniter\Autoloader\Autoloader->loadClass('App\\Models\\Model_arsip')
 5 SYSTEMPATH\CodeIgniter.php(903): App\Controllers\Arsip->__construct()
 6 SYSTEMPATH\CodeIgniter.php(498): CodeIgniter\CodeIgniter->createController()
 7 SYSTEMPATH\CodeIgniter.php(354): CodeIgniter\CodeIgniter->handleRequest(null, Object(Config\Cache), false)
 8 SYSTEMPATH\Boot.php(363): CodeIgniter\CodeIgniter->run()
 9 SYSTEMPATH\Boot.php(68): CodeIgniter\Boot::runCodeIgniter(Object(CodeIgniter\CodeIgniter))
10 FCPATH\index.php(59): CodeIgniter\Boot::bootWeb(Object(Config\Paths))
DEBUG - 2025-10-31 01:47:03 --> Session: Class initialized using 'CodeIgniter\Session\Handlers\FileHandler' driver.
WARNING - 2025-10-31 01:47:03 --> [DEPRECATED] Optional parameter $filters declared before required parameter $id_dep is implicitly treated as a required parameter in APPPATH\Models\Model_arsip.php on line 303.
 1 SYSTEMPATH\Autoloader\Autoloader.php(315): include_once('C:\\xampp\\htdocs\\e-arsip_ci4\\system\\Debug\\Exceptions.php')
 2 SYSTEMPATH\Autoloader\Autoloader.php(295): CodeIgniter\Autoloader\Autoloader->includeFile('C:\\xampp\\htdocs\\e-arsip_ci4\\app\\Models\\Model_arsip.php')
 3 SYSTEMPATH\Autoloader\Autoloader.php(271): CodeIgniter\Autoloader\Autoloader->loadInNamespace('App\\Models\\Model_arsip')
 4 APPPATH\Controllers\Arsip.php(26): CodeIgniter\Autoloader\Autoloader->loadClass('App\\Models\\Model_arsip')
 5 SYSTEMPATH\CodeIgniter.php(903): App\Controllers\Arsip->__construct()
 6 SYSTEMPATH\CodeIgniter.php(498): CodeIgniter\CodeIgniter->createController()
 7 SYSTEMPATH\CodeIgniter.php(354): CodeIgniter\CodeIgniter->handleRequest(null, Object(Config\Cache), false)
 8 SYSTEMPATH\Boot.php(363): CodeIgniter\CodeIgniter->run()
 9 SYSTEMPATH\Boot.php(68): CodeIgniter\Boot::runCodeIgniter(Object(CodeIgniter\CodeIgniter))
10 FCPATH\index.php(59): CodeIgniter\Boot::bootWeb(Object(Config\Paths))
DEBUG - 2025-10-31 01:47:03 --> Session: Class initialized using 'CodeIgniter\Session\Handlers\FileHandler' driver.
WARNING - 2025-10-31 01:47:03 --> [DEPRECATED] Optional parameter $filters declared before required parameter $id_dep is implicitly treated as a required parameter in APPPATH\Models\Model_arsip.php on line 303.
 1 SYSTEMPATH\Autoloader\Autoloader.php(315): include_once('C:\\xampp\\htdocs\\e-arsip_ci4\\system\\Debug\\Exceptions.php')
 2 SYSTEMPATH\Autoloader\Autoloader.php(295): CodeIgniter\Autoloader\Autoloader->includeFile('C:\\xampp\\htdocs\\e-arsip_ci4\\app\\Models\\Model_arsip.php')
 3 SYSTEMPATH\Autoloader\Autoloader.php(271): CodeIgniter\Autoloader\Autoloader->loadInNamespace('App\\Models\\Model_arsip')
 4 APPPATH\Controllers\Arsip.php(26): CodeIgniter\Autoloader\Autoloader->loadClass('App\\Models\\Model_arsip')
 5 SYSTEMPATH\CodeIgniter.php(903): App\Controllers\Arsip->__construct()
 6 SYSTEMPATH\CodeIgniter.php(498): CodeIgniter\CodeIgniter->createController()
 7 SYSTEMPATH\CodeIgniter.php(354): CodeIgniter\CodeIgniter->handleRequest(null, Object(Config\Cache), false)
 8 SYSTEMPATH\Boot.php(363): CodeIgniter\CodeIgniter->run()
 9 SYSTEMPATH\Boot.php(68): CodeIgniter\Boot::runCodeIgniter(Object(CodeIgniter\CodeIgniter))
10 FCPATH\index.php(59): CodeIgniter\Boot::bootWeb(Object(Config\Paths))
DEBUG - 2025-10-31 01:47:04 --> Session: Class initialized using 'CodeIgniter\Session\Handlers\FileHandler' driver.
WARNING - 2025-10-31 01:47:04 --> [DEPRECATED] Optional parameter $filters declared before required parameter $id_dep is implicitly treated as a required parameter in APPPATH\Models\Model_arsip.php on line 303.
 1 SYSTEMPATH\Autoloader\Autoloader.php(315): include_once('C:\\xampp\\htdocs\\e-arsip_ci4\\system\\Debug\\Exceptions.php')
 2 SYSTEMPATH\Autoloader\Autoloader.php(295): CodeIgniter\Autoloader\Autoloader->includeFile('C:\\xampp\\htdocs\\e-arsip_ci4\\app\\Models\\Model_arsip.php')
 3 SYSTEMPATH\Autoloader\Autoloader.php(271): CodeIgniter\Autoloader\Autoloader->loadInNamespace('App\\Models\\Model_arsip')
 4 APPPATH\Controllers\Arsip.php(26): CodeIgniter\Autoloader\Autoloader->loadClass('App\\Models\\Model_arsip')
 5 SYSTEMPATH\CodeIgniter.php(903): App\Controllers\Arsip->__construct()
 6 SYSTEMPATH\CodeIgniter.php(498): CodeIgniter\CodeIgniter->createController()
 7 SYSTEMPATH\CodeIgniter.php(354): CodeIgniter\CodeIgniter->handleRequest(null, Object(Config\Cache), false)
 8 SYSTEMPATH\Boot.php(363): CodeIgniter\CodeIgniter->run()
 9 SYSTEMPATH\Boot.php(68): CodeIgniter\Boot::runCodeIgniter(Object(CodeIgniter\CodeIgniter))
10 FCPATH\index.php(59): CodeIgniter\Boot::bootWeb(Object(Config\Paths))
DEBUG - 2025-10-31 01:53:36 --> Session: Class initialized using 'CodeIgniter\Session\Handlers\FileHandler' driver.
WARNING - 2025-10-31 01:53:36 --> [DEPRECATED] Optional parameter $filters declared before required parameter $id_dep is implicitly treated as a required parameter in APPPATH\Models\Model_arsip.php on line 303.
 1 SYSTEMPATH\Autoloader\Autoloader.php(315): include_once('C:\\xampp\\htdocs\\e-arsip_ci4\\system\\Debug\\Exceptions.php')
 2 SYSTEMPATH\Autoloader\Autoloader.php(295): CodeIgniter\Autoloader\Autoloader->includeFile('C:\\xampp\\htdocs\\e-arsip_ci4\\app\\Models\\Model_arsip.php')
 3 SYSTEMPATH\Autoloader\Autoloader.php(271): CodeIgniter\Autoloader\Autoloader->loadInNamespace('App\\Models\\Model_arsip')
 4 APPPATH\Controllers\Arsip.php(26): CodeIgniter\Autoloader\Autoloader->loadClass('App\\Models\\Model_arsip')
 5 SYSTEMPATH\CodeIgniter.php(903): App\Controllers\Arsip->__construct()
 6 SYSTEMPATH\CodeIgniter.php(498): CodeIgniter\CodeIgniter->createController()
 7 SYSTEMPATH\CodeIgniter.php(354): CodeIgniter\CodeIgniter->handleRequest(null, Object(Config\Cache), false)
 8 SYSTEMPATH\Boot.php(363): CodeIgniter\CodeIgniter->run()
 9 SYSTEMPATH\Boot.php(68): CodeIgniter\Boot::runCodeIgniter(Object(CodeIgniter\CodeIgniter))
10 FCPATH\index.php(59): CodeIgniter\Boot::bootWeb(Object(Config\Paths))
DEBUG - 2025-10-31 01:53:50 --> Session: Class initialized using 'CodeIgniter\Session\Handlers\FileHandler' driver.
WARNING - 2025-10-31 01:53:50 --> [DEPRECATED] Optional parameter $filters declared before required parameter $id_dep is implicitly treated as a required parameter in APPPATH\Models\Model_arsip.php on line 303.
 1 SYSTEMPATH\Autoloader\Autoloader.php(315): include_once('C:\\xampp\\htdocs\\e-arsip_ci4\\system\\Debug\\Exceptions.php')
 2 SYSTEMPATH\Autoloader\Autoloader.php(295): CodeIgniter\Autoloader\Autoloader->includeFile('C:\\xampp\\htdocs\\e-arsip_ci4\\app\\Models\\Model_arsip.php')
 3 SYSTEMPATH\Autoloader\Autoloader.php(271): CodeIgniter\Autoloader\Autoloader->loadInNamespace('App\\Models\\Model_arsip')
 4 APPPATH\Controllers\Cari.php(20): CodeIgniter\Autoloader\Autoloader->loadClass('App\\Models\\Model_arsip')
 5 SYSTEMPATH\CodeIgniter.php(903): App\Controllers\Cari->__construct()
 6 SYSTEMPATH\CodeIgniter.php(498): CodeIgniter\CodeIgniter->createController()
 7 SYSTEMPATH\CodeIgniter.php(354): CodeIgniter\CodeIgniter->handleRequest(null, Object(Config\Cache), false)
 8 SYSTEMPATH\Boot.php(363): CodeIgniter\CodeIgniter->run()
 9 SYSTEMPATH\Boot.php(68): CodeIgniter\Boot::runCodeIgniter(Object(CodeIgniter\CodeIgniter))
10 FCPATH\index.php(59): CodeIgniter\Boot::bootWeb(Object(Config\Paths))
DEBUG - 2025-10-31 01:58:12 --> Session: Class initialized using 'CodeIgniter\Session\Handlers\FileHandler' driver.
WARNING - 2025-10-31 01:58:12 --> [DEPRECATED] Optional parameter $filters declared before required parameter $id_dep is implicitly treated as a required parameter in APPPATH\Models\Model_arsip.php on line 303.
 1 SYSTEMPATH\Autoloader\Autoloader.php(315): include_once('C:\\xampp\\htdocs\\e-arsip_ci4\\system\\Debug\\Exceptions.php')
 2 SYSTEMPATH\Autoloader\Autoloader.php(295): CodeIgniter\Autoloader\Autoloader->includeFile('C:\\xampp\\htdocs\\e-arsip_ci4\\app\\Models\\Model_arsip.php')
 3 SYSTEMPATH\Autoloader\Autoloader.php(271): CodeIgniter\Autoloader\Autoloader->loadInNamespace('App\\Models\\Model_arsip')
 4 APPPATH\Controllers\Arsip.php(26): CodeIgniter\Autoloader\Autoloader->loadClass('App\\Models\\Model_arsip')
 5 SYSTEMPATH\CodeIgniter.php(903): App\Controllers\Arsip->__construct()
 6 SYSTEMPATH\CodeIgniter.php(498): CodeIgniter\CodeIgniter->createController()
 7 SYSTEMPATH\CodeIgniter.php(354): CodeIgniter\CodeIgniter->handleRequest(null, Object(Config\Cache), false)
 8 SYSTEMPATH\Boot.php(363): CodeIgniter\CodeIgniter->run()
 9 SYSTEMPATH\Boot.php(68): CodeIgniter\Boot::runCodeIgniter(Object(CodeIgniter\CodeIgniter))
10 FCPATH\index.php(59): CodeIgniter\Boot::bootWeb(Object(Config\Paths))
DEBUG - 2025-10-31 01:58:18 --> Session: Class initialized using 'CodeIgniter\Session\Handlers\FileHandler' driver.
WARNING - 2025-10-31 01:58:18 --> [DEPRECATED] Optional parameter $filters declared before required parameter $id_dep is implicitly treated as a required parameter in APPPATH\Models\Model_arsip.php on line 303.
 1 SYSTEMPATH\Autoloader\Autoloader.php(315): include_once('C:\\xampp\\htdocs\\e-arsip_ci4\\system\\Debug\\Exceptions.php')
 2 SYSTEMPATH\Autoloader\Autoloader.php(295): CodeIgniter\Autoloader\Autoloader->includeFile('C:\\xampp\\htdocs\\e-arsip_ci4\\app\\Models\\Model_arsip.php')
 3 SYSTEMPATH\Autoloader\Autoloader.php(271): CodeIgniter\Autoloader\Autoloader->loadInNamespace('App\\Models\\Model_arsip')
 4 APPPATH\Controllers\Arsip.php(26): CodeIgniter\Autoloader\Autoloader->loadClass('App\\Models\\Model_arsip')
 5 SYSTEMPATH\CodeIgniter.php(903): App\Controllers\Arsip->__construct()
 6 SYSTEMPATH\CodeIgniter.php(498): CodeIgniter\CodeIgniter->createController()
 7 SYSTEMPATH\CodeIgniter.php(354): CodeIgniter\CodeIgniter->handleRequest(null, Object(Config\Cache), false)
 8 SYSTEMPATH\Boot.php(363): CodeIgniter\CodeIgniter->run()
 9 SYSTEMPATH\Boot.php(68): CodeIgniter\Boot::runCodeIgniter(Object(CodeIgniter\CodeIgniter))
10 FCPATH\index.php(59): CodeIgniter\Boot::bootWeb(Object(Config\Paths))
DEBUG - 2025-10-31 01:58:36 --> Session: Class initialized using 'CodeIgniter\Session\Handlers\FileHandler' driver.
WARNING - 2025-10-31 01:58:36 --> [DEPRECATED] Optional parameter $filters declared before required parameter $id_dep is implicitly treated as a required parameter in APPPATH\Models\Model_arsip.php on line 303.
 1 SYSTEMPATH\Autoloader\Autoloader.php(315): include_once('C:\\xampp\\htdocs\\e-arsip_ci4\\system\\Debug\\Exceptions.php')
 2 SYSTEMPATH\Autoloader\Autoloader.php(295): CodeIgniter\Autoloader\Autoloader->includeFile('C:\\xampp\\htdocs\\e-arsip_ci4\\app\\Models\\Model_arsip.php')
 3 SYSTEMPATH\Autoloader\Autoloader.php(271): CodeIgniter\Autoloader\Autoloader->loadInNamespace('App\\Models\\Model_arsip')
 4 APPPATH\Controllers\Arsip.php(26): CodeIgniter\Autoloader\Autoloader->loadClass('App\\Models\\Model_arsip')
 5 SYSTEMPATH\CodeIgniter.php(903): App\Controllers\Arsip->__construct()
 6 SYSTEMPATH\CodeIgniter.php(498): CodeIgniter\CodeIgniter->createController()
 7 SYSTEMPATH\CodeIgniter.php(354): CodeIgniter\CodeIgniter->handleRequest(null, Object(Config\Cache), false)
 8 SYSTEMPATH\Boot.php(363): CodeIgniter\CodeIgniter->run()
 9 SYSTEMPATH\Boot.php(68): CodeIgniter\Boot::runCodeIgniter(Object(CodeIgniter\CodeIgniter))
10 FCPATH\index.php(59): CodeIgniter\Boot::bootWeb(Object(Config\Paths))
DEBUG - 2025-10-31 01:59:07 --> Session: Class initialized using 'CodeIgniter\Session\Handlers\FileHandler' driver.
WARNING - 2025-10-31 01:59:07 --> [DEPRECATED] Optional parameter $filters declared before required parameter $id_dep is implicitly treated as a required parameter in APPPATH\Models\Model_arsip.php on line 303.
 1 SYSTEMPATH\Autoloader\Autoloader.php(315): include_once('C:\\xampp\\htdocs\\e-arsip_ci4\\system\\Debug\\Exceptions.php')
 2 SYSTEMPATH\Autoloader\Autoloader.php(295): CodeIgniter\Autoloader\Autoloader->includeFile('C:\\xampp\\htdocs\\e-arsip_ci4\\app\\Models\\Model_arsip.php')
 3 SYSTEMPATH\Autoloader\Autoloader.php(271): CodeIgniter\Autoloader\Autoloader->loadInNamespace('App\\Models\\Model_arsip')
 4 APPPATH\Controllers\Arsip.php(26): CodeIgniter\Autoloader\Autoloader->loadClass('App\\Models\\Model_arsip')
 5 SYSTEMPATH\CodeIgniter.php(903): App\Controllers\Arsip->__construct()
 6 SYSTEMPATH\CodeIgniter.php(498): CodeIgniter\CodeIgniter->createController()
 7 SYSTEMPATH\CodeIgniter.php(354): CodeIgniter\CodeIgniter->handleRequest(null, Object(Config\Cache), false)
 8 SYSTEMPATH\Boot.php(363): CodeIgniter\CodeIgniter->run()
 9 SYSTEMPATH\Boot.php(68): CodeIgniter\Boot::runCodeIgniter(Object(CodeIgniter\CodeIgniter))
10 FCPATH\index.php(59): CodeIgniter\Boot::bootWeb(Object(Config\Paths))
WARNING - 2025-10-31 01:59:07 --> [DEPRECATED] trim(): Passing null to parameter #1 ($string) of type string is deprecated in APPPATH\Controllers\Arsip.php on line 270.
 1 APPPATH\Controllers\Arsip.php(270): trim(null)
 2 SYSTEMPATH\CodeIgniter.php(933): App\Controllers\Arsip->updateArsip('170')
 3 SYSTEMPATH\CodeIgniter.php(507): CodeIgniter\CodeIgniter->runController(Object(App\Controllers\Arsip))
 4 SYSTEMPATH\CodeIgniter.php(354): CodeIgniter\CodeIgniter->handleRequest(null, Object(Config\Cache), false)
 5 SYSTEMPATH\Boot.php(363): CodeIgniter\CodeIgniter->run()
 6 SYSTEMPATH\Boot.php(68): CodeIgniter\Boot::runCodeIgniter(Object(CodeIgniter\CodeIgniter))
 7 FCPATH\index.php(59): CodeIgniter\Boot::bootWeb(Object(Config\Paths))
DEBUG - 2025-10-31 01:59:07 --> AUDIT DEBUG -> id_user: 18, username: administrator
DEBUG - 2025-10-31 01:59:08 --> AUDIT DEBUG -> id_user: 18, username: administrator
DEBUG - 2025-10-31 01:59:08 --> Session: Class initialized using 'CodeIgniter\Session\Handlers\FileHandler' driver.
WARNING - 2025-10-31 01:59:08 --> [DEPRECATED] Optional parameter $filters declared before required parameter $id_dep is implicitly treated as a required parameter in APPPATH\Models\Model_arsip.php on line 303.
 1 SYSTEMPATH\Autoloader\Autoloader.php(315): include_once('C:\\xampp\\htdocs\\e-arsip_ci4\\system\\Debug\\Exceptions.php')
 2 SYSTEMPATH\Autoloader\Autoloader.php(295): CodeIgniter\Autoloader\Autoloader->includeFile('C:\\xampp\\htdocs\\e-arsip_ci4\\app\\Models\\Model_arsip.php')
 3 SYSTEMPATH\Autoloader\Autoloader.php(271): CodeIgniter\Autoloader\Autoloader->loadInNamespace('App\\Models\\Model_arsip')
 4 APPPATH\Controllers\Arsip.php(26): CodeIgniter\Autoloader\Autoloader->loadClass('App\\Models\\Model_arsip')
 5 SYSTEMPATH\CodeIgniter.php(903): App\Controllers\Arsip->__construct()
 6 SYSTEMPATH\CodeIgniter.php(498): CodeIgniter\CodeIgniter->createController()
 7 SYSTEMPATH\CodeIgniter.php(354): CodeIgniter\CodeIgniter->handleRequest(null, Object(Config\Cache), false)
 8 SYSTEMPATH\Boot.php(363): CodeIgniter\CodeIgniter->run()
 9 SYSTEMPATH\Boot.php(68): CodeIgniter\Boot::runCodeIgniter(Object(CodeIgniter\CodeIgniter))
10 FCPATH\index.php(59): CodeIgniter\Boot::bootWeb(Object(Config\Paths))
DEBUG - 2025-10-31 02:04:26 --> Session: Class initialized using 'CodeIgniter\Session\Handlers\FileHandler' driver.
DEBUG - 2025-10-31 02:04:51 --> Session: Class initialized using 'CodeIgniter\Session\Handlers\FileHandler' driver.
DEBUG - 2025-10-31 02:04:57 --> Session: Class initialized using 'CodeIgniter\Session\Handlers\FileHandler' driver.
WARNING - 2025-10-31 02:04:57 --> [DEPRECATED] Optional parameter $filters declared before required parameter $id_dep is implicitly treated as a required parameter in APPPATH\Models\Model_arsip.php on line 303.
 1 SYSTEMPATH\Autoloader\Autoloader.php(315): include_once('C:\\xampp\\htdocs\\e-arsip_ci4\\system\\Debug\\Exceptions.php')
 2 SYSTEMPATH\Autoloader\Autoloader.php(295): CodeIgniter\Autoloader\Autoloader->includeFile('C:\\xampp\\htdocs\\e-arsip_ci4\\app\\Models\\Model_arsip.php')
 3 SYSTEMPATH\Autoloader\Autoloader.php(271): CodeIgniter\Autoloader\Autoloader->loadInNamespace('App\\Models\\Model_arsip')
 4 APPPATH\Controllers\Home.php(23): CodeIgniter\Autoloader\Autoloader->loadClass('App\\Models\\Model_arsip')
 5 SYSTEMPATH\CodeIgniter.php(903): App\Controllers\Home->__construct()
 6 SYSTEMPATH\CodeIgniter.php(498): CodeIgniter\CodeIgniter->createController()
 7 SYSTEMPATH\CodeIgniter.php(354): CodeIgniter\CodeIgniter->handleRequest(null, Object(Config\Cache), false)
 8 SYSTEMPATH\Boot.php(363): CodeIgniter\CodeIgniter->run()
 9 SYSTEMPATH\Boot.php(68): CodeIgniter\Boot::runCodeIgniter(Object(CodeIgniter\CodeIgniter))
10 FCPATH\index.php(59): CodeIgniter\Boot::bootWeb(Object(Config\Paths))
DEBUG - 2025-10-31 02:05:02 --> Session: Class initialized using 'CodeIgniter\Session\Handlers\FileHandler' driver.
DEBUG - 2025-10-31 02:45:09 --> Session: Class initialized using 'CodeIgniter\Session\Handlers\FileHandler' driver.
WARNING - 2025-10-31 02:45:09 --> [DEPRECATED] Optional parameter $filters declared before required parameter $id_dep is implicitly treated as a required parameter in APPPATH\Models\Model_arsip.php on line 303.
 1 SYSTEMPATH\Autoloader\Autoloader.php(315): include_once('C:\\xampp\\htdocs\\e-arsip_ci4\\system\\Debug\\Exceptions.php')
 2 SYSTEMPATH\Autoloader\Autoloader.php(295): CodeIgniter\Autoloader\Autoloader->includeFile('C:\\xampp\\htdocs\\e-arsip_ci4\\app\\Models\\Model_arsip.php')
 3 SYSTEMPATH\Autoloader\Autoloader.php(271): CodeIgniter\Autoloader\Autoloader->loadInNamespace('App\\Models\\Model_arsip')
 4 APPPATH\Controllers\Arsip.php(26): CodeIgniter\Autoloader\Autoloader->loadClass('App\\Models\\Model_arsip')
 5 SYSTEMPATH\CodeIgniter.php(903): App\Controllers\Arsip->__construct()
 6 SYSTEMPATH\CodeIgniter.php(498): CodeIgniter\CodeIgniter->createController()
 7 SYSTEMPATH\CodeIgniter.php(354): CodeIgniter\CodeIgniter->handleRequest(null, Object(Config\Cache), false)
 8 SYSTEMPATH\Boot.php(363): CodeIgniter\CodeIgniter->run()
 9 SYSTEMPATH\Boot.php(68): CodeIgniter\Boot::runCodeIgniter(Object(CodeIgniter\CodeIgniter))
10 FCPATH\index.php(59): CodeIgniter\Boot::bootWeb(Object(Config\Paths))
DEBUG - 2025-10-31 03:03:51 --> Session: Class initialized using 'CodeIgniter\Session\Handlers\FileHandler' driver.
WARNING - 2025-10-31 03:03:51 --> [DEPRECATED] Optional parameter $filters declared before required parameter $id_dep is implicitly treated as a required parameter in APPPATH\Models\Model_arsip.php on line 303.
 1 SYSTEMPATH\Autoloader\Autoloader.php(315): include_once('C:\\xampp\\htdocs\\e-arsip_ci4\\system\\Debug\\Exceptions.php')
 2 SYSTEMPATH\Autoloader\Autoloader.php(295): CodeIgniter\Autoloader\Autoloader->includeFile('C:\\xampp\\htdocs\\e-arsip_ci4\\app\\Models\\Model_arsip.php')
 3 SYSTEMPATH\Autoloader\Autoloader.php(271): CodeIgniter\Autoloader\Autoloader->loadInNamespace('App\\Models\\Model_arsip')
 4 APPPATH\Controllers\Arsip.php(26): CodeIgniter\Autoloader\Autoloader->loadClass('App\\Models\\Model_arsip')
 5 SYSTEMPATH\CodeIgniter.php(903): App\Controllers\Arsip->__construct()
 6 SYSTEMPATH\CodeIgniter.php(498): CodeIgniter\CodeIgniter->createController()
 7 SYSTEMPATH\CodeIgniter.php(354): CodeIgniter\CodeIgniter->handleRequest(null, Object(Config\Cache), false)
 8 SYSTEMPATH\Boot.php(363): CodeIgniter\CodeIgniter->run()
 9 SYSTEMPATH\Boot.php(68): CodeIgniter\Boot::runCodeIgniter(Object(CodeIgniter\CodeIgniter))
10 FCPATH\index.php(59): CodeIgniter\Boot::bootWeb(Object(Config\Paths))
DEBUG - 2025-10-31 03:04:08 --> Session: Class initialized using 'CodeIgniter\Session\Handlers\FileHandler' driver.
WARNING - 2025-10-31 03:04:08 --> [DEPRECATED] Optional parameter $filters declared before required parameter $id_dep is implicitly treated as a required parameter in APPPATH\Models\Model_arsip.php on line 303.
 1 SYSTEMPATH\Autoloader\Autoloader.php(315): include_once('C:\\xampp\\htdocs\\e-arsip_ci4\\system\\Debug\\Exceptions.php')
 2 SYSTEMPATH\Autoloader\Autoloader.php(295): CodeIgniter\Autoloader\Autoloader->includeFile('C:\\xampp\\htdocs\\e-arsip_ci4\\app\\Models\\Model_arsip.php')
 3 SYSTEMPATH\Autoloader\Autoloader.php(271): CodeIgniter\Autoloader\Autoloader->loadInNamespace('App\\Models\\Model_arsip')
 4 APPPATH\Controllers\Arsip.php(26): CodeIgniter\Autoloader\Autoloader->loadClass('App\\Models\\Model_arsip')
 5 SYSTEMPATH\CodeIgniter.php(903): App\Controllers\Arsip->__construct()
 6 SYSTEMPATH\CodeIgniter.php(498): CodeIgniter\CodeIgniter->createController()
 7 SYSTEMPATH\CodeIgniter.php(354): CodeIgniter\CodeIgniter->handleRequest(null, Object(Config\Cache), false)
 8 SYSTEMPATH\Boot.php(363): CodeIgniter\CodeIgniter->run()
 9 SYSTEMPATH\Boot.php(68): CodeIgniter\Boot::runCodeIgniter(Object(CodeIgniter\CodeIgniter))
10 FCPATH\index.php(59): CodeIgniter\Boot::bootWeb(Object(Config\Paths))
WARNING - 2025-10-31 03:04:08 --> [DEPRECATED] trim(): Passing null to parameter #1 ($string) of type string is deprecated in APPPATH\Controllers\Arsip.php on line 270.
 1 APPPATH\Controllers\Arsip.php(270): trim(null)
 2 SYSTEMPATH\CodeIgniter.php(933): App\Controllers\Arsip->updateArsip('169')
 3 SYSTEMPATH\CodeIgniter.php(507): CodeIgniter\CodeIgniter->runController(Object(App\Controllers\Arsip))
 4 SYSTEMPATH\CodeIgniter.php(354): CodeIgniter\CodeIgniter->handleRequest(null, Object(Config\Cache), false)
 5 SYSTEMPATH\Boot.php(363): CodeIgniter\CodeIgniter->run()
 6 SYSTEMPATH\Boot.php(68): CodeIgniter\Boot::runCodeIgniter(Object(CodeIgniter\CodeIgniter))
 7 FCPATH\index.php(59): CodeIgniter\Boot::bootWeb(Object(Config\Paths))
DEBUG - 2025-10-31 03:04:08 --> AUDIT DEBUG -> id_user: 18, username: administrator
DEBUG - 2025-10-31 03:04:08 --> Session: Class initialized using 'CodeIgniter\Session\Handlers\FileHandler' driver.
WARNING - 2025-10-31 03:04:08 --> [DEPRECATED] Optional parameter $filters declared before required parameter $id_dep is implicitly treated as a required parameter in APPPATH\Models\Model_arsip.php on line 303.
 1 SYSTEMPATH\Autoloader\Autoloader.php(315): include_once('C:\\xampp\\htdocs\\e-arsip_ci4\\system\\Debug\\Exceptions.php')
 2 SYSTEMPATH\Autoloader\Autoloader.php(295): CodeIgniter\Autoloader\Autoloader->includeFile('C:\\xampp\\htdocs\\e-arsip_ci4\\app\\Models\\Model_arsip.php')
 3 SYSTEMPATH\Autoloader\Autoloader.php(271): CodeIgniter\Autoloader\Autoloader->loadInNamespace('App\\Models\\Model_arsip')
 4 APPPATH\Controllers\Arsip.php(26): CodeIgniter\Autoloader\Autoloader->loadClass('App\\Models\\Model_arsip')
 5 SYSTEMPATH\CodeIgniter.php(903): App\Controllers\Arsip->__construct()
 6 SYSTEMPATH\CodeIgniter.php(498): CodeIgniter\CodeIgniter->createController()
 7 SYSTEMPATH\CodeIgniter.php(354): CodeIgniter\CodeIgniter->handleRequest(null, Object(Config\Cache), false)
 8 SYSTEMPATH\Boot.php(363): CodeIgniter\CodeIgniter->run()
 9 SYSTEMPATH\Boot.php(68): CodeIgniter\Boot::runCodeIgniter(Object(CodeIgniter\CodeIgniter))
10 FCPATH\index.php(59): CodeIgniter\Boot::bootWeb(Object(Config\Paths))
DEBUG - 2025-10-31 03:04:24 --> Session: Class initialized using 'CodeIgniter\Session\Handlers\FileHandler' driver.
WARNING - 2025-10-31 03:04:24 --> [DEPRECATED] Optional parameter $filters declared before required parameter $id_dep is implicitly treated as a required parameter in APPPATH\Models\Model_arsip.php on line 303.
 1 SYSTEMPATH\Autoloader\Autoloader.php(315): include_once('C:\\xampp\\htdocs\\e-arsip_ci4\\system\\Debug\\Exceptions.php')
 2 SYSTEMPATH\Autoloader\Autoloader.php(295): CodeIgniter\Autoloader\Autoloader->includeFile('C:\\xampp\\htdocs\\e-arsip_ci4\\app\\Models\\Model_arsip.php')
 3 SYSTEMPATH\Autoloader\Autoloader.php(271): CodeIgniter\Autoloader\Autoloader->loadInNamespace('App\\Models\\Model_arsip')
 4 APPPATH\Controllers\Arsip.php(26): CodeIgniter\Autoloader\Autoloader->loadClass('App\\Models\\Model_arsip')
 5 SYSTEMPATH\CodeIgniter.php(903): App\Controllers\Arsip->__construct()
 6 SYSTEMPATH\CodeIgniter.php(498): CodeIgniter\CodeIgniter->createController()
 7 SYSTEMPATH\CodeIgniter.php(354): CodeIgniter\CodeIgniter->handleRequest(null, Object(Config\Cache), false)
 8 SYSTEMPATH\Boot.php(363): CodeIgniter\CodeIgniter->run()
 9 SYSTEMPATH\Boot.php(68): CodeIgniter\Boot::runCodeIgniter(Object(CodeIgniter\CodeIgniter))
10 FCPATH\index.php(59): CodeIgniter\Boot::bootWeb(Object(Config\Paths))
WARNING - 2025-10-31 03:04:24 --> [DEPRECATED] trim(): Passing null to parameter #1 ($string) of type string is deprecated in APPPATH\Controllers\Arsip.php on line 270.
 1 APPPATH\Controllers\Arsip.php(270): trim(null)
 2 SYSTEMPATH\CodeIgniter.php(933): App\Controllers\Arsip->updateArsip('169')
 3 SYSTEMPATH\CodeIgniter.php(507): CodeIgniter\CodeIgniter->runController(Object(App\Controllers\Arsip))
 4 SYSTEMPATH\CodeIgniter.php(354): CodeIgniter\CodeIgniter->handleRequest(null, Object(Config\Cache), false)
 5 SYSTEMPATH\Boot.php(363): CodeIgniter\CodeIgniter->run()
 6 SYSTEMPATH\Boot.php(68): CodeIgniter\Boot::runCodeIgniter(Object(CodeIgniter\CodeIgniter))
 7 FCPATH\index.php(59): CodeIgniter\Boot::bootWeb(Object(Config\Paths))
DEBUG - 2025-10-31 03:04:24 --> AUDIT DEBUG -> id_user: 18, username: administrator
DEBUG - 2025-10-31 03:04:24 --> Session: Class initialized using 'CodeIgniter\Session\Handlers\FileHandler' driver.
WARNING - 2025-10-31 03:04:24 --> [DEPRECATED] Optional parameter $filters declared before required parameter $id_dep is implicitly treated as a required parameter in APPPATH\Models\Model_arsip.php on line 303.
 1 SYSTEMPATH\Autoloader\Autoloader.php(315): include_once('C:\\xampp\\htdocs\\e-arsip_ci4\\system\\Debug\\Exceptions.php')
 2 SYSTEMPATH\Autoloader\Autoloader.php(295): CodeIgniter\Autoloader\Autoloader->includeFile('C:\\xampp\\htdocs\\e-arsip_ci4\\app\\Models\\Model_arsip.php')
 3 SYSTEMPATH\Autoloader\Autoloader.php(271): CodeIgniter\Autoloader\Autoloader->loadInNamespace('App\\Models\\Model_arsip')
 4 APPPATH\Controllers\Arsip.php(26): CodeIgniter\Autoloader\Autoloader->loadClass('App\\Models\\Model_arsip')
 5 SYSTEMPATH\CodeIgniter.php(903): App\Controllers\Arsip->__construct()
 6 SYSTEMPATH\CodeIgniter.php(498): CodeIgniter\CodeIgniter->createController()
 7 SYSTEMPATH\CodeIgniter.php(354): CodeIgniter\CodeIgniter->handleRequest(null, Object(Config\Cache), false)
 8 SYSTEMPATH\Boot.php(363): CodeIgniter\CodeIgniter->run()
 9 SYSTEMPATH\Boot.php(68): CodeIgniter\Boot::runCodeIgniter(Object(CodeIgniter\CodeIgniter))
10 FCPATH\index.php(59): CodeIgniter\Boot::bootWeb(Object(Config\Paths))
DEBUG - 2025-10-31 03:05:30 --> Session: Class initialized using 'CodeIgniter\Session\Handlers\FileHandler' driver.
DEBUG - 2025-10-31 03:05:31 --> Session: Class initialized using 'CodeIgniter\Session\Handlers\FileHandler' driver.
DEBUG - 2025-10-31 03:05:33 --> Session: Class initialized using 'CodeIgniter\Session\Handlers\FileHandler' driver.
WARNING - 2025-10-31 03:05:33 --> [DEPRECATED] Optional parameter $filters declared before required parameter $id_dep is implicitly treated as a required parameter in APPPATH\Models\Model_arsip.php on line 303.
 1 SYSTEMPATH\Autoloader\Autoloader.php(315): include_once('C:\\xampp\\htdocs\\e-arsip_ci4\\system\\Debug\\Exceptions.php')
 2 SYSTEMPATH\Autoloader\Autoloader.php(295): CodeIgniter\Autoloader\Autoloader->includeFile('C:\\xampp\\htdocs\\e-arsip_ci4\\app\\Models\\Model_arsip.php')
 3 SYSTEMPATH\Autoloader\Autoloader.php(271): CodeIgniter\Autoloader\Autoloader->loadInNamespace('App\\Models\\Model_arsip')
 4 APPPATH\Controllers\Arsip.php(26): CodeIgniter\Autoloader\Autoloader->loadClass('App\\Models\\Model_arsip')
 5 SYSTEMPATH\CodeIgniter.php(903): App\Controllers\Arsip->__construct()
 6 SYSTEMPATH\CodeIgniter.php(498): CodeIgniter\CodeIgniter->createController()
 7 SYSTEMPATH\CodeIgniter.php(354): CodeIgniter\CodeIgniter->handleRequest(null, Object(Config\Cache), false)
 8 SYSTEMPATH\Boot.php(363): CodeIgniter\CodeIgniter->run()
 9 SYSTEMPATH\Boot.php(68): CodeIgniter\Boot::runCodeIgniter(Object(CodeIgniter\CodeIgniter))
10 FCPATH\index.php(59): CodeIgniter\Boot::bootWeb(Object(Config\Paths))
DEBUG - 2025-10-31 03:05:36 --> Session: Class initialized using 'CodeIgniter\Session\Handlers\FileHandler' driver.
WARNING - 2025-10-31 03:05:36 --> [DEPRECATED] Optional parameter $filters declared before required parameter $id_dep is implicitly treated as a required parameter in APPPATH\Models\Model_arsip.php on line 303.
 1 SYSTEMPATH\Autoloader\Autoloader.php(315): include_once('C:\\xampp\\htdocs\\e-arsip_ci4\\system\\Debug\\Exceptions.php')
 2 SYSTEMPATH\Autoloader\Autoloader.php(295): CodeIgniter\Autoloader\Autoloader->includeFile('C:\\xampp\\htdocs\\e-arsip_ci4\\app\\Models\\Model_arsip.php')
 3 SYSTEMPATH\Autoloader\Autoloader.php(271): CodeIgniter\Autoloader\Autoloader->loadInNamespace('App\\Models\\Model_arsip')
 4 APPPATH\Controllers\Cari.php(20): CodeIgniter\Autoloader\Autoloader->loadClass('App\\Models\\Model_arsip')
 5 SYSTEMPATH\CodeIgniter.php(903): App\Controllers\Cari->__construct()
 6 SYSTEMPATH\CodeIgniter.php(498): CodeIgniter\CodeIgniter->createController()
 7 SYSTEMPATH\CodeIgniter.php(354): CodeIgniter\CodeIgniter->handleRequest(null, Object(Config\Cache), false)
 8 SYSTEMPATH\Boot.php(363): CodeIgniter\CodeIgniter->run()
 9 SYSTEMPATH\Boot.php(68): CodeIgniter\Boot::runCodeIgniter(Object(CodeIgniter\CodeIgniter))
10 FCPATH\index.php(59): CodeIgniter\Boot::bootWeb(Object(Config\Paths))
DEBUG - 2025-10-31 03:07:36 --> Session: Class initialized using 'CodeIgniter\Session\Handlers\FileHandler' driver.
WARNING - 2025-10-31 03:07:36 --> [DEPRECATED] Optional parameter $filters declared before required parameter $id_dep is implicitly treated as a required parameter in APPPATH\Models\Model_arsip.php on line 303.
 1 SYSTEMPATH\Autoloader\Autoloader.php(315): include_once('C:\\xampp\\htdocs\\e-arsip_ci4\\system\\Debug\\Exceptions.php')
 2 SYSTEMPATH\Autoloader\Autoloader.php(295): CodeIgniter\Autoloader\Autoloader->includeFile('C:\\xampp\\htdocs\\e-arsip_ci4\\app\\Models\\Model_arsip.php')
 3 SYSTEMPATH\Autoloader\Autoloader.php(271): CodeIgniter\Autoloader\Autoloader->loadInNamespace('App\\Models\\Model_arsip')
 4 APPPATH\Controllers\Cari.php(20): CodeIgniter\Autoloader\Autoloader->loadClass('App\\Models\\Model_arsip')
 5 SYSTEMPATH\CodeIgniter.php(903): App\Controllers\Cari->__construct()
 6 SYSTEMPATH\CodeIgniter.php(498): CodeIgniter\CodeIgniter->createController()
 7 SYSTEMPATH\CodeIgniter.php(354): CodeIgniter\CodeIgniter->handleRequest(null, Object(Config\Cache), false)
 8 SYSTEMPATH\Boot.php(363): CodeIgniter\CodeIgniter->run()
 9 SYSTEMPATH\Boot.php(68): CodeIgniter\Boot::runCodeIgniter(Object(CodeIgniter\CodeIgniter))
10 FCPATH\index.php(59): CodeIgniter\Boot::bootWeb(Object(Config\Paths))
DEBUG - 2025-10-31 03:07:38 --> Session: Class initialized using 'CodeIgniter\Session\Handlers\FileHandler' driver.
WARNING - 2025-10-31 03:07:38 --> [DEPRECATED] Optional parameter $filters declared before required parameter $id_dep is implicitly treated as a required parameter in APPPATH\Models\Model_arsip.php on line 303.
 1 SYSTEMPATH\Autoloader\Autoloader.php(315): include_once('C:\\xampp\\htdocs\\e-arsip_ci4\\system\\Debug\\Exceptions.php')
 2 SYSTEMPATH\Autoloader\Autoloader.php(295): CodeIgniter\Autoloader\Autoloader->includeFile('C:\\xampp\\htdocs\\e-arsip_ci4\\app\\Models\\Model_arsip.php')
 3 SYSTEMPATH\Autoloader\Autoloader.php(271): CodeIgniter\Autoloader\Autoloader->loadInNamespace('App\\Models\\Model_arsip')
 4 APPPATH\Controllers\Cari.php(20): CodeIgniter\Autoloader\Autoloader->loadClass('App\\Models\\Model_arsip')
 5 SYSTEMPATH\CodeIgniter.php(903): App\Controllers\Cari->__construct()
 6 SYSTEMPATH\CodeIgniter.php(498): CodeIgniter\CodeIgniter->createController()
 7 SYSTEMPATH\CodeIgniter.php(354): CodeIgniter\CodeIgniter->handleRequest(null, Object(Config\Cache), false)
 8 SYSTEMPATH\Boot.php(363): CodeIgniter\CodeIgniter->run()
 9 SYSTEMPATH\Boot.php(68): CodeIgniter\Boot::runCodeIgniter(Object(CodeIgniter\CodeIgniter))
10 FCPATH\index.php(59): CodeIgniter\Boot::bootWeb(Object(Config\Paths))
DEBUG - 2025-10-31 03:08:47 --> Session: Class initialized using 'CodeIgniter\Session\Handlers\FileHandler' driver.
WARNING - 2025-10-31 03:08:47 --> [DEPRECATED] Optional parameter $filters declared before required parameter $id_dep is implicitly treated as a required parameter in APPPATH\Models\Model_arsip.php on line 303.
 1 SYSTEMPATH\Autoloader\Autoloader.php(315): include_once('C:\\xampp\\htdocs\\e-arsip_ci4\\system\\Debug\\Exceptions.php')
 2 SYSTEMPATH\Autoloader\Autoloader.php(295): CodeIgniter\Autoloader\Autoloader->includeFile('C:\\xampp\\htdocs\\e-arsip_ci4\\app\\Models\\Model_arsip.php')
 3 SYSTEMPATH\Autoloader\Autoloader.php(271): CodeIgniter\Autoloader\Autoloader->loadInNamespace('App\\Models\\Model_arsip')
 4 APPPATH\Controllers\Cari.php(20): CodeIgniter\Autoloader\Autoloader->loadClass('App\\Models\\Model_arsip')
 5 SYSTEMPATH\CodeIgniter.php(903): App\Controllers\Cari->__construct()
 6 SYSTEMPATH\CodeIgniter.php(498): CodeIgniter\CodeIgniter->createController()
 7 SYSTEMPATH\CodeIgniter.php(354): CodeIgniter\CodeIgniter->handleRequest(null, Object(Config\Cache), false)
 8 SYSTEMPATH\Boot.php(363): CodeIgniter\CodeIgniter->run()
 9 SYSTEMPATH\Boot.php(68): CodeIgniter\Boot::runCodeIgniter(Object(CodeIgniter\CodeIgniter))
10 FCPATH\index.php(59): CodeIgniter\Boot::bootWeb(Object(Config\Paths))
DEBUG - 2025-10-31 03:09:07 --> Session: Class initialized using 'CodeIgniter\Session\Handlers\FileHandler' driver.
WARNING - 2025-10-31 03:09:07 --> [DEPRECATED] Optional parameter $filters declared before required parameter $id_dep is implicitly treated as a required parameter in APPPATH\Models\Model_arsip.php on line 303.
 1 SYSTEMPATH\Autoloader\Autoloader.php(315): include_once('C:\\xampp\\htdocs\\e-arsip_ci4\\system\\Debug\\Exceptions.php')
 2 SYSTEMPATH\Autoloader\Autoloader.php(295): CodeIgniter\Autoloader\Autoloader->includeFile('C:\\xampp\\htdocs\\e-arsip_ci4\\app\\Models\\Model_arsip.php')
 3 SYSTEMPATH\Autoloader\Autoloader.php(271): CodeIgniter\Autoloader\Autoloader->loadInNamespace('App\\Models\\Model_arsip')
 4 APPPATH\Controllers\Arsip.php(26): CodeIgniter\Autoloader\Autoloader->loadClass('App\\Models\\Model_arsip')
 5 SYSTEMPATH\CodeIgniter.php(903): App\Controllers\Arsip->__construct()
 6 SYSTEMPATH\CodeIgniter.php(498): CodeIgniter\CodeIgniter->createController()
 7 SYSTEMPATH\CodeIgniter.php(354): CodeIgniter\CodeIgniter->handleRequest(null, Object(Config\Cache), false)
 8 SYSTEMPATH\Boot.php(363): CodeIgniter\CodeIgniter->run()
 9 SYSTEMPATH\Boot.php(68): CodeIgniter\Boot::runCodeIgniter(Object(CodeIgniter\CodeIgniter))
10 FCPATH\index.php(59): CodeIgniter\Boot::bootWeb(Object(Config\Paths))
DEBUG - 2025-10-31 03:09:18 --> Session: Class initialized using 'CodeIgniter\Session\Handlers\FileHandler' driver.
WARNING - 2025-10-31 03:09:18 --> [DEPRECATED] Optional parameter $filters declared before required parameter $id_dep is implicitly treated as a required parameter in APPPATH\Models\Model_arsip.php on line 303.
 1 SYSTEMPATH\Autoloader\Autoloader.php(315): include_once('C:\\xampp\\htdocs\\e-arsip_ci4\\system\\Debug\\Exceptions.php')
 2 SYSTEMPATH\Autoloader\Autoloader.php(295): CodeIgniter\Autoloader\Autoloader->includeFile('C:\\xampp\\htdocs\\e-arsip_ci4\\app\\Models\\Model_arsip.php')
 3 SYSTEMPATH\Autoloader\Autoloader.php(271): CodeIgniter\Autoloader\Autoloader->loadInNamespace('App\\Models\\Model_arsip')
 4 APPPATH\Controllers\Arsip.php(26): CodeIgniter\Autoloader\Autoloader->loadClass('App\\Models\\Model_arsip')
 5 SYSTEMPATH\CodeIgniter.php(903): App\Controllers\Arsip->__construct()
 6 SYSTEMPATH\CodeIgniter.php(498): CodeIgniter\CodeIgniter->createController()
 7 SYSTEMPATH\CodeIgniter.php(354): CodeIgniter\CodeIgniter->handleRequest(null, Object(Config\Cache), false)
 8 SYSTEMPATH\Boot.php(363): CodeIgniter\CodeIgniter->run()
 9 SYSTEMPATH\Boot.php(68): CodeIgniter\Boot::runCodeIgniter(Object(CodeIgniter\CodeIgniter))
10 FCPATH\index.php(59): CodeIgniter\Boot::bootWeb(Object(Config\Paths))
WARNING - 2025-10-31 03:09:18 --> [DEPRECATED] trim(): Passing null to parameter #1 ($string) of type string is deprecated in APPPATH\Controllers\Arsip.php on line 270.
 1 APPPATH\Controllers\Arsip.php(270): trim(null)
 2 SYSTEMPATH\CodeIgniter.php(933): App\Controllers\Arsip->updateArsip('169')
 3 SYSTEMPATH\CodeIgniter.php(507): CodeIgniter\CodeIgniter->runController(Object(App\Controllers\Arsip))
 4 SYSTEMPATH\CodeIgniter.php(354): CodeIgniter\CodeIgniter->handleRequest(null, Object(Config\Cache), false)
 5 SYSTEMPATH\Boot.php(363): CodeIgniter\CodeIgniter->run()
 6 SYSTEMPATH\Boot.php(68): CodeIgniter\Boot::runCodeIgniter(Object(CodeIgniter\CodeIgniter))
 7 FCPATH\index.php(59): CodeIgniter\Boot::bootWeb(Object(Config\Paths))
DEBUG - 2025-10-31 03:09:18 --> AUDIT DEBUG -> id_user: 18, username: administrator
DEBUG - 2025-10-31 03:09:18 --> Session: Class initialized using 'CodeIgniter\Session\Handlers\FileHandler' driver.
WARNING - 2025-10-31 03:09:18 --> [DEPRECATED] Optional parameter $filters declared before required parameter $id_dep is implicitly treated as a required parameter in APPPATH\Models\Model_arsip.php on line 303.
 1 SYSTEMPATH\Autoloader\Autoloader.php(315): include_once('C:\\xampp\\htdocs\\e-arsip_ci4\\system\\Debug\\Exceptions.php')
 2 SYSTEMPATH\Autoloader\Autoloader.php(295): CodeIgniter\Autoloader\Autoloader->includeFile('C:\\xampp\\htdocs\\e-arsip_ci4\\app\\Models\\Model_arsip.php')
 3 SYSTEMPATH\Autoloader\Autoloader.php(271): CodeIgniter\Autoloader\Autoloader->loadInNamespace('App\\Models\\Model_arsip')
 4 APPPATH\Controllers\Arsip.php(26): CodeIgniter\Autoloader\Autoloader->loadClass('App\\Models\\Model_arsip')
 5 SYSTEMPATH\CodeIgniter.php(903): App\Controllers\Arsip->__construct()
 6 SYSTEMPATH\CodeIgniter.php(498): CodeIgniter\CodeIgniter->createController()
 7 SYSTEMPATH\CodeIgniter.php(354): CodeIgniter\CodeIgniter->handleRequest(null, Object(Config\Cache), false)
 8 SYSTEMPATH\Boot.php(363): CodeIgniter\CodeIgniter->run()
 9 SYSTEMPATH\Boot.php(68): CodeIgniter\Boot::runCodeIgniter(Object(CodeIgniter\CodeIgniter))
10 FCPATH\index.php(59): CodeIgniter\Boot::bootWeb(Object(Config\Paths))
DEBUG - 2025-10-31 03:23:31 --> Session: Class initialized using 'CodeIgniter\Session\Handlers\FileHandler' driver.
DEBUG - 2025-10-31 03:23:32 --> Session: Class initialized using 'CodeIgniter\Session\Handlers\FileHandler' driver.
DEBUG - 2025-10-31 03:23:33 --> Session: Class initialized using 'CodeIgniter\Session\Handlers\FileHandler' driver.
DEBUG - 2025-10-31 03:23:34 --> Session: Class initialized using 'CodeIgniter\Session\Handlers\FileHandler' driver.
DEBUG - 2025-10-31 03:25:11 --> Session: Class initialized using 'CodeIgniter\Session\Handlers\FileHandler' driver.
DEBUG - 2025-10-31 03:25:14 --> Session: Class initialized using 'CodeIgniter\Session\Handlers\FileHandler' driver.
WARNING - 2025-10-31 03:25:14 --> [DEPRECATED] Optional parameter $filters declared before required parameter $id_dep is implicitly treated as a required parameter in APPPATH\Models\Model_arsip.php on line 303.
 1 SYSTEMPATH\Autoloader\Autoloader.php(315): include_once('C:\\xampp\\htdocs\\e-arsip_ci4\\system\\Debug\\Exceptions.php')
 2 SYSTEMPATH\Autoloader\Autoloader.php(295): CodeIgniter\Autoloader\Autoloader->includeFile('C:\\xampp\\htdocs\\e-arsip_ci4\\app\\Models\\Model_arsip.php')
 3 SYSTEMPATH\Autoloader\Autoloader.php(271): CodeIgniter\Autoloader\Autoloader->loadInNamespace('App\\Models\\Model_arsip')
 4 APPPATH\Controllers\Arsip.php(26): CodeIgniter\Autoloader\Autoloader->loadClass('App\\Models\\Model_arsip')
 5 SYSTEMPATH\CodeIgniter.php(903): App\Controllers\Arsip->__construct()
 6 SYSTEMPATH\CodeIgniter.php(498): CodeIgniter\CodeIgniter->createController()
 7 SYSTEMPATH\CodeIgniter.php(354): CodeIgniter\CodeIgniter->handleRequest(null, Object(Config\Cache), false)
 8 SYSTEMPATH\Boot.php(363): CodeIgniter\CodeIgniter->run()
 9 SYSTEMPATH\Boot.php(68): CodeIgniter\Boot::runCodeIgniter(Object(CodeIgniter\CodeIgniter))
10 FCPATH\index.php(59): CodeIgniter\Boot::bootWeb(Object(Config\Paths))
DEBUG - 2025-10-31 03:25:19 --> Session: Class initialized using 'CodeIgniter\Session\Handlers\FileHandler' driver.
WARNING - 2025-10-31 03:25:19 --> [DEPRECATED] Optional parameter $filters declared before required parameter $id_dep is implicitly treated as a required parameter in APPPATH\Models\Model_arsip.php on line 303.
 1 SYSTEMPATH\Autoloader\Autoloader.php(315): include_once('C:\\xampp\\htdocs\\e-arsip_ci4\\system\\Debug\\Exceptions.php')
 2 SYSTEMPATH\Autoloader\Autoloader.php(295): CodeIgniter\Autoloader\Autoloader->includeFile('C:\\xampp\\htdocs\\e-arsip_ci4\\app\\Models\\Model_arsip.php')
 3 SYSTEMPATH\Autoloader\Autoloader.php(271): CodeIgniter\Autoloader\Autoloader->loadInNamespace('App\\Models\\Model_arsip')
 4 APPPATH\Controllers\Kategori.php(21): CodeIgniter\Autoloader\Autoloader->loadClass('App\\Models\\Model_arsip')
 5 SYSTEMPATH\CodeIgniter.php(903): App\Controllers\Kategori->__construct()
 6 SYSTEMPATH\CodeIgniter.php(498): CodeIgniter\CodeIgniter->createController()
 7 SYSTEMPATH\CodeIgniter.php(354): CodeIgniter\CodeIgniter->handleRequest(null, Object(Config\Cache), false)
 8 SYSTEMPATH\Boot.php(363): CodeIgniter\CodeIgniter->run()
 9 SYSTEMPATH\Boot.php(68): CodeIgniter\Boot::runCodeIgniter(Object(CodeIgniter\CodeIgniter))
10 FCPATH\index.php(59): CodeIgniter\Boot::bootWeb(Object(Config\Paths))
DEBUG - 2025-10-31 03:25:20 --> Session: Class initialized using 'CodeIgniter\Session\Handlers\FileHandler' driver.
WARNING - 2025-10-31 03:25:20 --> [DEPRECATED] Optional parameter $filters declared before required parameter $id_dep is implicitly treated as a required parameter in APPPATH\Models\Model_arsip.php on line 303.
 1 SYSTEMPATH\Autoloader\Autoloader.php(315): include_once('C:\\xampp\\htdocs\\e-arsip_ci4\\system\\Debug\\Exceptions.php')
 2 SYSTEMPATH\Autoloader\Autoloader.php(295): CodeIgniter\Autoloader\Autoloader->includeFile('C:\\xampp\\htdocs\\e-arsip_ci4\\app\\Models\\Model_arsip.php')
 3 SYSTEMPATH\Autoloader\Autoloader.php(271): CodeIgniter\Autoloader\Autoloader->loadInNamespace('App\\Models\\Model_arsip')
 4 APPPATH\Controllers\Arsip.php(26): CodeIgniter\Autoloader\Autoloader->loadClass('App\\Models\\Model_arsip')
 5 SYSTEMPATH\CodeIgniter.php(903): App\Controllers\Arsip->__construct()
 6 SYSTEMPATH\CodeIgniter.php(498): CodeIgniter\CodeIgniter->createController()
 7 SYSTEMPATH\CodeIgniter.php(354): CodeIgniter\CodeIgniter->handleRequest(null, Object(Config\Cache), false)
 8 SYSTEMPATH\Boot.php(363): CodeIgniter\CodeIgniter->run()
 9 SYSTEMPATH\Boot.php(68): CodeIgniter\Boot::runCodeIgniter(Object(CodeIgniter\CodeIgniter))
10 FCPATH\index.php(59): CodeIgniter\Boot::bootWeb(Object(Config\Paths))
DEBUG - 2025-10-31 03:25:29 --> Session: Class initialized using 'CodeIgniter\Session\Handlers\FileHandler' driver.
WARNING - 2025-10-31 03:25:29 --> [DEPRECATED] Optional parameter $filters declared before required parameter $id_dep is implicitly treated as a required parameter in APPPATH\Models\Model_arsip.php on line 303.
 1 SYSTEMPATH\Autoloader\Autoloader.php(315): include_once('C:\\xampp\\htdocs\\e-arsip_ci4\\system\\Debug\\Exceptions.php')
 2 SYSTEMPATH\Autoloader\Autoloader.php(295): CodeIgniter\Autoloader\Autoloader->includeFile('C:\\xampp\\htdocs\\e-arsip_ci4\\app\\Models\\Model_arsip.php')
 3 SYSTEMPATH\Autoloader\Autoloader.php(271): CodeIgniter\Autoloader\Autoloader->loadInNamespace('App\\Models\\Model_arsip')
 4 APPPATH\Controllers\Cari.php(20): CodeIgniter\Autoloader\Autoloader->loadClass('App\\Models\\Model_arsip')
 5 SYSTEMPATH\CodeIgniter.php(903): App\Controllers\Cari->__construct()
 6 SYSTEMPATH\CodeIgniter.php(498): CodeIgniter\CodeIgniter->createController()
 7 SYSTEMPATH\CodeIgniter.php(354): CodeIgniter\CodeIgniter->handleRequest(null, Object(Config\Cache), false)
 8 SYSTEMPATH\Boot.php(363): CodeIgniter\CodeIgniter->run()
 9 SYSTEMPATH\Boot.php(68): CodeIgniter\Boot::runCodeIgniter(Object(CodeIgniter\CodeIgniter))
10 FCPATH\index.php(59): CodeIgniter\Boot::bootWeb(Object(Config\Paths))
DEBUG - 2025-10-31 03:26:24 --> Session: Class initialized using 'CodeIgniter\Session\Handlers\FileHandler' driver.
DEBUG - 2025-10-31 03:27:46 --> Session: Class initialized using 'CodeIgniter\Session\Handlers\FileHandler' driver.
WARNING - 2025-10-31 03:27:46 --> [DEPRECATED] Optional parameter $filters declared before required parameter $id_dep is implicitly treated as a required parameter in APPPATH\Models\Model_arsip.php on line 303.
 1 SYSTEMPATH\Autoloader\Autoloader.php(315): include_once('C:\\xampp\\htdocs\\e-arsip_ci4\\system\\Debug\\Exceptions.php')
 2 SYSTEMPATH\Autoloader\Autoloader.php(295): CodeIgniter\Autoloader\Autoloader->includeFile('C:\\xampp\\htdocs\\e-arsip_ci4\\app\\Models\\Model_arsip.php')
 3 SYSTEMPATH\Autoloader\Autoloader.php(271): CodeIgniter\Autoloader\Autoloader->loadInNamespace('App\\Models\\Model_arsip')
 4 APPPATH\Controllers\Cari.php(20): CodeIgniter\Autoloader\Autoloader->loadClass('App\\Models\\Model_arsip')
 5 SYSTEMPATH\CodeIgniter.php(903): App\Controllers\Cari->__construct()
 6 SYSTEMPATH\CodeIgniter.php(498): CodeIgniter\CodeIgniter->createController()
 7 SYSTEMPATH\CodeIgniter.php(354): CodeIgniter\CodeIgniter->handleRequest(null, Object(Config\Cache), false)
 8 SYSTEMPATH\Boot.php(363): CodeIgniter\CodeIgniter->run()
 9 SYSTEMPATH\Boot.php(68): CodeIgniter\Boot::runCodeIgniter(Object(CodeIgniter\CodeIgniter))
10 FCPATH\index.php(59): CodeIgniter\Boot::bootWeb(Object(Config\Paths))
DEBUG - 2025-10-31 03:27:48 --> Session: Class initialized using 'CodeIgniter\Session\Handlers\FileHandler' driver.
WARNING - 2025-10-31 03:27:48 --> [DEPRECATED] Optional parameter $filters declared before required parameter $id_dep is implicitly treated as a required parameter in APPPATH\Models\Model_arsip.php on line 303.
 1 SYSTEMPATH\Autoloader\Autoloader.php(315): include_once('C:\\xampp\\htdocs\\e-arsip_ci4\\system\\Debug\\Exceptions.php')
 2 SYSTEMPATH\Autoloader\Autoloader.php(295): CodeIgniter\Autoloader\Autoloader->includeFile('C:\\xampp\\htdocs\\e-arsip_ci4\\app\\Models\\Model_arsip.php')
 3 SYSTEMPATH\Autoloader\Autoloader.php(271): CodeIgniter\Autoloader\Autoloader->loadInNamespace('App\\Models\\Model_arsip')
 4 APPPATH\Controllers\Arsip.php(26): CodeIgniter\Autoloader\Autoloader->loadClass('App\\Models\\Model_arsip')
 5 SYSTEMPATH\CodeIgniter.php(903): App\Controllers\Arsip->__construct()
 6 SYSTEMPATH\CodeIgniter.php(498): CodeIgniter\CodeIgniter->createController()
 7 SYSTEMPATH\CodeIgniter.php(354): CodeIgniter\CodeIgniter->handleRequest(null, Object(Config\Cache), false)
 8 SYSTEMPATH\Boot.php(363): CodeIgniter\CodeIgniter->run()
 9 SYSTEMPATH\Boot.php(68): CodeIgniter\Boot::runCodeIgniter(Object(CodeIgniter\CodeIgniter))
10 FCPATH\index.php(59): CodeIgniter\Boot::bootWeb(Object(Config\Paths))
DEBUG - 2025-10-31 03:27:49 --> Session: Class initialized using 'CodeIgniter\Session\Handlers\FileHandler' driver.
DEBUG - 2025-10-31 03:27:49 --> Session: Class initialized using 'CodeIgniter\Session\Handlers\FileHandler' driver.
DEBUG - 2025-10-31 03:27:51 --> Session: Class initialized using 'CodeIgniter\Session\Handlers\FileHandler' driver.
DEBUG - 2025-10-31 03:27:53 --> Session: Class initialized using 'CodeIgniter\Session\Handlers\FileHandler' driver.
WARNING - 2025-10-31 03:27:53 --> [DEPRECATED] Optional parameter $filters declared before required parameter $id_dep is implicitly treated as a required parameter in APPPATH\Models\Model_arsip.php on line 303.
 1 SYSTEMPATH\Autoloader\Autoloader.php(315): include_once('C:\\xampp\\htdocs\\e-arsip_ci4\\system\\Debug\\Exceptions.php')
 2 SYSTEMPATH\Autoloader\Autoloader.php(295): CodeIgniter\Autoloader\Autoloader->includeFile('C:\\xampp\\htdocs\\e-arsip_ci4\\app\\Models\\Model_arsip.php')
 3 SYSTEMPATH\Autoloader\Autoloader.php(271): CodeIgniter\Autoloader\Autoloader->loadInNamespace('App\\Models\\Model_arsip')
 4 APPPATH\Controllers\Cari.php(20): CodeIgniter\Autoloader\Autoloader->loadClass('App\\Models\\Model_arsip')
 5 SYSTEMPATH\CodeIgniter.php(903): App\Controllers\Cari->__construct()
 6 SYSTEMPATH\CodeIgniter.php(498): CodeIgniter\CodeIgniter->createController()
 7 SYSTEMPATH\CodeIgniter.php(354): CodeIgniter\CodeIgniter->handleRequest(null, Object(Config\Cache), false)
 8 SYSTEMPATH\Boot.php(363): CodeIgniter\CodeIgniter->run()
 9 SYSTEMPATH\Boot.php(68): CodeIgniter\Boot::runCodeIgniter(Object(CodeIgniter\CodeIgniter))
10 FCPATH\index.php(59): CodeIgniter\Boot::bootWeb(Object(Config\Paths))
DEBUG - 2025-10-31 03:35:03 --> Session: Class initialized using 'CodeIgniter\Session\Handlers\FileHandler' driver.
WARNING - 2025-10-31 03:35:03 --> [DEPRECATED] Optional parameter $filters declared before required parameter $id_dep is implicitly treated as a required parameter in APPPATH\Models\Model_arsip.php on line 303.
 1 SYSTEMPATH\Autoloader\Autoloader.php(315): include_once('C:\\xampp\\htdocs\\e-arsip_ci4\\system\\Debug\\Exceptions.php')
 2 SYSTEMPATH\Autoloader\Autoloader.php(295): CodeIgniter\Autoloader\Autoloader->includeFile('C:\\xampp\\htdocs\\e-arsip_ci4\\app\\Models\\Model_arsip.php')
 3 SYSTEMPATH\Autoloader\Autoloader.php(271): CodeIgniter\Autoloader\Autoloader->loadInNamespace('App\\Models\\Model_arsip')
 4 APPPATH\Controllers\Cari.php(20): CodeIgniter\Autoloader\Autoloader->loadClass('App\\Models\\Model_arsip')
 5 SYSTEMPATH\CodeIgniter.php(903): App\Controllers\Cari->__construct()
 6 SYSTEMPATH\CodeIgniter.php(498): CodeIgniter\CodeIgniter->createController()
 7 SYSTEMPATH\CodeIgniter.php(354): CodeIgniter\CodeIgniter->handleRequest(null, Object(Config\Cache), false)
 8 SYSTEMPATH\Boot.php(363): CodeIgniter\CodeIgniter->run()
 9 SYSTEMPATH\Boot.php(68): CodeIgniter\Boot::runCodeIgniter(Object(CodeIgniter\CodeIgniter))
10 FCPATH\index.php(59): CodeIgniter\Boot::bootWeb(Object(Config\Paths))
DEBUG - 2025-10-31 03:35:05 --> Session: Class initialized using 'CodeIgniter\Session\Handlers\FileHandler' driver.
WARNING - 2025-10-31 03:35:05 --> [DEPRECATED] Optional parameter $filters declared before required parameter $id_dep is implicitly treated as a required parameter in APPPATH\Models\Model_arsip.php on line 303.
 1 SYSTEMPATH\Autoloader\Autoloader.php(315): include_once('C:\\xampp\\htdocs\\e-arsip_ci4\\system\\Debug\\Exceptions.php')
 2 SYSTEMPATH\Autoloader\Autoloader.php(295): CodeIgniter\Autoloader\Autoloader->includeFile('C:\\xampp\\htdocs\\e-arsip_ci4\\app\\Models\\Model_arsip.php')
 3 SYSTEMPATH\Autoloader\Autoloader.php(271): CodeIgniter\Autoloader\Autoloader->loadInNamespace('App\\Models\\Model_arsip')
 4 APPPATH\Controllers\Arsip.php(26): CodeIgniter\Autoloader\Autoloader->loadClass('App\\Models\\Model_arsip')
 5 SYSTEMPATH\CodeIgniter.php(903): App\Controllers\Arsip->__construct()
 6 SYSTEMPATH\CodeIgniter.php(498): CodeIgniter\CodeIgniter->createController()
 7 SYSTEMPATH\CodeIgniter.php(354): CodeIgniter\CodeIgniter->handleRequest(null, Object(Config\Cache), false)
 8 SYSTEMPATH\Boot.php(363): CodeIgniter\CodeIgniter->run()
 9 SYSTEMPATH\Boot.php(68): CodeIgniter\Boot::runCodeIgniter(Object(CodeIgniter\CodeIgniter))
10 FCPATH\index.php(59): CodeIgniter\Boot::bootWeb(Object(Config\Paths))
DEBUG - 2025-10-31 03:35:28 --> Session: Class initialized using 'CodeIgniter\Session\Handlers\FileHandler' driver.
WARNING - 2025-10-31 03:35:28 --> [DEPRECATED] Optional parameter $filters declared before required parameter $id_dep is implicitly treated as a required parameter in APPPATH\Models\Model_arsip.php on line 303.
 1 SYSTEMPATH\Autoloader\Autoloader.php(315): include_once('C:\\xampp\\htdocs\\e-arsip_ci4\\system\\Debug\\Exceptions.php')
 2 SYSTEMPATH\Autoloader\Autoloader.php(295): CodeIgniter\Autoloader\Autoloader->includeFile('C:\\xampp\\htdocs\\e-arsip_ci4\\app\\Models\\Model_arsip.php')
 3 SYSTEMPATH\Autoloader\Autoloader.php(271): CodeIgniter\Autoloader\Autoloader->loadInNamespace('App\\Models\\Model_arsip')
 4 APPPATH\Controllers\Arsip.php(26): CodeIgniter\Autoloader\Autoloader->loadClass('App\\Models\\Model_arsip')
 5 SYSTEMPATH\CodeIgniter.php(903): App\Controllers\Arsip->__construct()
 6 SYSTEMPATH\CodeIgniter.php(498): CodeIgniter\CodeIgniter->createController()
 7 SYSTEMPATH\CodeIgniter.php(354): CodeIgniter\CodeIgniter->handleRequest(null, Object(Config\Cache), false)
 8 SYSTEMPATH\Boot.php(363): CodeIgniter\CodeIgniter->run()
 9 SYSTEMPATH\Boot.php(68): CodeIgniter\Boot::runCodeIgniter(Object(CodeIgniter\CodeIgniter))
10 FCPATH\index.php(59): CodeIgniter\Boot::bootWeb(Object(Config\Paths))
DEBUG - 2025-10-31 03:43:28 --> Session: Class initialized using 'CodeIgniter\Session\Handlers\FileHandler' driver.
WARNING - 2025-10-31 03:43:28 --> [DEPRECATED] Optional parameter $filters declared before required parameter $id_dep is implicitly treated as a required parameter in APPPATH\Models\Model_arsip.php on line 303.
 1 SYSTEMPATH\Autoloader\Autoloader.php(315): include_once('C:\\xampp\\htdocs\\e-arsip_ci4\\system\\Debug\\Exceptions.php')
 2 SYSTEMPATH\Autoloader\Autoloader.php(295): CodeIgniter\Autoloader\Autoloader->includeFile('C:\\xampp\\htdocs\\e-arsip_ci4\\app\\Models\\Model_arsip.php')
 3 SYSTEMPATH\Autoloader\Autoloader.php(271): CodeIgniter\Autoloader\Autoloader->loadInNamespace('App\\Models\\Model_arsip')
 4 APPPATH\Controllers\Kategori.php(21): CodeIgniter\Autoloader\Autoloader->loadClass('App\\Models\\Model_arsip')
 5 SYSTEMPATH\CodeIgniter.php(903): App\Controllers\Kategori->__construct()
 6 SYSTEMPATH\CodeIgniter.php(498): CodeIgniter\CodeIgniter->createController()
 7 SYSTEMPATH\CodeIgniter.php(354): CodeIgniter\CodeIgniter->handleRequest(null, Object(Config\Cache), false)
 8 SYSTEMPATH\Boot.php(363): CodeIgniter\CodeIgniter->run()
 9 SYSTEMPATH\Boot.php(68): CodeIgniter\Boot::runCodeIgniter(Object(CodeIgniter\CodeIgniter))
10 FCPATH\index.php(59): CodeIgniter\Boot::bootWeb(Object(Config\Paths))
DEBUG - 2025-10-31 03:51:37 --> Session: Class initialized using 'CodeIgniter\Session\Handlers\FileHandler' driver.
DEBUG - 2025-10-31 03:51:38 --> Session: Class initialized using 'CodeIgniter\Session\Handlers\FileHandler' driver.
WARNING - 2025-10-31 03:51:38 --> [DEPRECATED] Optional parameter $filters declared before required parameter $id_dep is implicitly treated as a required parameter in APPPATH\Models\Model_arsip.php on line 303.
 1 SYSTEMPATH\Autoloader\Autoloader.php(315): include_once('C:\\xampp\\htdocs\\e-arsip_ci4\\system\\Debug\\Exceptions.php')
 2 SYSTEMPATH\Autoloader\Autoloader.php(295): CodeIgniter\Autoloader\Autoloader->includeFile('C:\\xampp\\htdocs\\e-arsip_ci4\\app\\Models\\Model_arsip.php')
 3 SYSTEMPATH\Autoloader\Autoloader.php(271): CodeIgniter\Autoloader\Autoloader->loadInNamespace('App\\Models\\Model_arsip')
 4 APPPATH\Controllers\Cari.php(20): CodeIgniter\Autoloader\Autoloader->loadClass('App\\Models\\Model_arsip')
 5 SYSTEMPATH\CodeIgniter.php(903): App\Controllers\Cari->__construct()
 6 SYSTEMPATH\CodeIgniter.php(498): CodeIgniter\CodeIgniter->createController()
 7 SYSTEMPATH\CodeIgniter.php(354): CodeIgniter\CodeIgniter->handleRequest(null, Object(Config\Cache), false)
 8 SYSTEMPATH\Boot.php(363): CodeIgniter\CodeIgniter->run()
 9 SYSTEMPATH\Boot.php(68): CodeIgniter\Boot::runCodeIgniter(Object(CodeIgniter\CodeIgniter))
10 FCPATH\index.php(59): CodeIgniter\Boot::bootWeb(Object(Config\Paths))
DEBUG - 2025-10-31 04:00:19 --> Session: Class initialized using 'CodeIgniter\Session\Handlers\FileHandler' driver.
WARNING - 2025-10-31 04:00:19 --> [DEPRECATED] Optional parameter $filters declared before required parameter $id_dep is implicitly treated as a required parameter in APPPATH\Models\Model_arsip.php on line 303.
 1 SYSTEMPATH\Autoloader\Autoloader.php(315): include_once('C:\\xampp\\htdocs\\e-arsip_ci4\\system\\Debug\\Exceptions.php')
 2 SYSTEMPATH\Autoloader\Autoloader.php(295): CodeIgniter\Autoloader\Autoloader->includeFile('C:\\xampp\\htdocs\\e-arsip_ci4\\app\\Models\\Model_arsip.php')
 3 SYSTEMPATH\Autoloader\Autoloader.php(271): CodeIgniter\Autoloader\Autoloader->loadInNamespace('App\\Models\\Model_arsip')
 4 APPPATH\Controllers\Arsip.php(26): CodeIgniter\Autoloader\Autoloader->loadClass('App\\Models\\Model_arsip')
 5 SYSTEMPATH\CodeIgniter.php(903): App\Controllers\Arsip->__construct()
 6 SYSTEMPATH\CodeIgniter.php(498): CodeIgniter\CodeIgniter->createController()
 7 SYSTEMPATH\CodeIgniter.php(354): CodeIgniter\CodeIgniter->handleRequest(null, Object(Config\Cache), false)
 8 SYSTEMPATH\Boot.php(363): CodeIgniter\CodeIgniter->run()
 9 SYSTEMPATH\Boot.php(68): CodeIgniter\Boot::runCodeIgniter(Object(CodeIgniter\CodeIgniter))
10 FCPATH\index.php(59): CodeIgniter\Boot::bootWeb(Object(Config\Paths))
DEBUG - 2025-10-31 04:00:26 --> Session: Class initialized using 'CodeIgniter\Session\Handlers\FileHandler' driver.
WARNING - 2025-10-31 04:00:26 --> [DEPRECATED] Optional parameter $filters declared before required parameter $id_dep is implicitly treated as a required parameter in APPPATH\Models\Model_arsip.php on line 303.
 1 SYSTEMPATH\Autoloader\Autoloader.php(315): include_once('C:\\xampp\\htdocs\\e-arsip_ci4\\system\\Debug\\Exceptions.php')
 2 SYSTEMPATH\Autoloader\Autoloader.php(295): CodeIgniter\Autoloader\Autoloader->includeFile('C:\\xampp\\htdocs\\e-arsip_ci4\\app\\Models\\Model_arsip.php')
 3 SYSTEMPATH\Autoloader\Autoloader.php(271): CodeIgniter\Autoloader\Autoloader->loadInNamespace('App\\Models\\Model_arsip')
 4 APPPATH\Controllers\Cari.php(20): CodeIgniter\Autoloader\Autoloader->loadClass('App\\Models\\Model_arsip')
 5 SYSTEMPATH\CodeIgniter.php(903): App\Controllers\Cari->__construct()
 6 SYSTEMPATH\CodeIgniter.php(498): CodeIgniter\CodeIgniter->createController()
 7 SYSTEMPATH\CodeIgniter.php(354): CodeIgniter\CodeIgniter->handleRequest(null, Object(Config\Cache), false)
 8 SYSTEMPATH\Boot.php(363): CodeIgniter\CodeIgniter->run()
 9 SYSTEMPATH\Boot.php(68): CodeIgniter\Boot::runCodeIgniter(Object(CodeIgniter\CodeIgniter))
10 FCPATH\index.php(59): CodeIgniter\Boot::bootWeb(Object(Config\Paths))
DEBUG - 2025-10-31 04:00:30 --> Session: Class initialized using 'CodeIgniter\Session\Handlers\FileHandler' driver.
WARNING - 2025-10-31 04:00:30 --> [DEPRECATED] Optional parameter $filters declared before required parameter $id_dep is implicitly treated as a required parameter in APPPATH\Models\Model_arsip.php on line 303.
 1 SYSTEMPATH\Autoloader\Autoloader.php(315): include_once('C:\\xampp\\htdocs\\e-arsip_ci4\\system\\Debug\\Exceptions.php')
 2 SYSTEMPATH\Autoloader\Autoloader.php(295): CodeIgniter\Autoloader\Autoloader->includeFile('C:\\xampp\\htdocs\\e-arsip_ci4\\app\\Models\\Model_arsip.php')
 3 SYSTEMPATH\Autoloader\Autoloader.php(271): CodeIgniter\Autoloader\Autoloader->loadInNamespace('App\\Models\\Model_arsip')
 4 APPPATH\Controllers\Arsip.php(26): CodeIgniter\Autoloader\Autoloader->loadClass('App\\Models\\Model_arsip')
 5 SYSTEMPATH\CodeIgniter.php(903): App\Controllers\Arsip->__construct()
 6 SYSTEMPATH\CodeIgniter.php(498): CodeIgniter\CodeIgniter->createController()
 7 SYSTEMPATH\CodeIgniter.php(354): CodeIgniter\CodeIgniter->handleRequest(null, Object(Config\Cache), false)
 8 SYSTEMPATH\Boot.php(363): CodeIgniter\CodeIgniter->run()
 9 SYSTEMPATH\Boot.php(68): CodeIgniter\Boot::runCodeIgniter(Object(CodeIgniter\CodeIgniter))
10 FCPATH\index.php(59): CodeIgniter\Boot::bootWeb(Object(Config\Paths))
DEBUG - 2025-10-31 04:00:39 --> Session: Class initialized using 'CodeIgniter\Session\Handlers\FileHandler' driver.
WARNING - 2025-10-31 04:00:39 --> [DEPRECATED] Optional parameter $filters declared before required parameter $id_dep is implicitly treated as a required parameter in APPPATH\Models\Model_arsip.php on line 303.
 1 SYSTEMPATH\Autoloader\Autoloader.php(315): include_once('C:\\xampp\\htdocs\\e-arsip_ci4\\system\\Debug\\Exceptions.php')
 2 SYSTEMPATH\Autoloader\Autoloader.php(295): CodeIgniter\Autoloader\Autoloader->includeFile('C:\\xampp\\htdocs\\e-arsip_ci4\\app\\Models\\Model_arsip.php')
 3 SYSTEMPATH\Autoloader\Autoloader.php(271): CodeIgniter\Autoloader\Autoloader->loadInNamespace('App\\Models\\Model_arsip')
 4 APPPATH\Controllers\Arsip.php(26): CodeIgniter\Autoloader\Autoloader->loadClass('App\\Models\\Model_arsip')
 5 SYSTEMPATH\CodeIgniter.php(903): App\Controllers\Arsip->__construct()
 6 SYSTEMPATH\CodeIgniter.php(498): CodeIgniter\CodeIgniter->createController()
 7 SYSTEMPATH\CodeIgniter.php(354): CodeIgniter\CodeIgniter->handleRequest(null, Object(Config\Cache), false)
 8 SYSTEMPATH\Boot.php(363): CodeIgniter\CodeIgniter->run()
 9 SYSTEMPATH\Boot.php(68): CodeIgniter\Boot::runCodeIgniter(Object(CodeIgniter\CodeIgniter))
10 FCPATH\index.php(59): CodeIgniter\Boot::bootWeb(Object(Config\Paths))
CRITICAL - 2025-10-31 04:00:39 --> ErrorException: rename(C:\xampp\htdocs\e-arsip_ci4\uploads/keu/surat_keluar/,C:\xampp\htdocs\e-arsip_ci4\uploads/keu/surat_keluar/suhen.pdf): The parameter is incorrect (code: 87)
[Method: POST, Route: arsip/updateArsip/169]
in APPPATH\Controllers\Arsip.php on line 310.
 1 [internal function]: CodeIgniter\Debug\Exceptions->errorHandler(2, 'rename(C:\\xampp\\htdocs\\e-arsip_ci4\\uploads/keu/surat_keluar/,C:\\xampp\\htdocs\\e-arsip_ci4\\uploads/keu/surat_keluar/suhen.pdf): The parameter is incorrect (code: 87)', 'C:\\xampp\\htdocs\\e-arsip_ci4\\app\\Controllers\\Arsip.php', 310)
 2 APPPATH\Controllers\Arsip.php(310): rename('C:\\xampp\\htdocs\\e-arsip_ci4\\uploads/keu/surat_keluar/', 'C:\\xampp\\htdocs\\e-arsip_ci4\\uploads/keu/surat_keluar/suhen.pdf')
 3 SYSTEMPATH\CodeIgniter.php(933): App\Controllers\Arsip->updateArsip('169')
 4 SYSTEMPATH\CodeIgniter.php(507): CodeIgniter\CodeIgniter->runController(Object(App\Controllers\Arsip))
 5 SYSTEMPATH\CodeIgniter.php(354): CodeIgniter\CodeIgniter->handleRequest(null, Object(Config\Cache), false)
 6 SYSTEMPATH\Boot.php(363): CodeIgniter\CodeIgniter->run()
 7 SYSTEMPATH\Boot.php(68): CodeIgniter\Boot::runCodeIgniter(Object(CodeIgniter\CodeIgniter))
 8 FCPATH\index.php(59): CodeIgniter\Boot::bootWeb(Object(Config\Paths))
DEBUG - 2025-10-31 04:09:08 --> Session: Class initialized using 'CodeIgniter\Session\Handlers\FileHandler' driver.
WARNING - 2025-10-31 04:09:08 --> [DEPRECATED] Optional parameter $filters declared before required parameter $id_dep is implicitly treated as a required parameter in APPPATH\Models\Model_arsip.php on line 303.
 1 SYSTEMPATH\Autoloader\Autoloader.php(315): include_once('C:\\xampp\\htdocs\\e-arsip_ci4\\system\\Debug\\Exceptions.php')
 2 SYSTEMPATH\Autoloader\Autoloader.php(295): CodeIgniter\Autoloader\Autoloader->includeFile('C:\\xampp\\htdocs\\e-arsip_ci4\\app\\Models\\Model_arsip.php')
 3 SYSTEMPATH\Autoloader\Autoloader.php(271): CodeIgniter\Autoloader\Autoloader->loadInNamespace('App\\Models\\Model_arsip')
 4 APPPATH\Controllers\Cari.php(20): CodeIgniter\Autoloader\Autoloader->loadClass('App\\Models\\Model_arsip')
 5 SYSTEMPATH\CodeIgniter.php(903): App\Controllers\Cari->__construct()
 6 SYSTEMPATH\CodeIgniter.php(498): CodeIgniter\CodeIgniter->createController()
 7 SYSTEMPATH\CodeIgniter.php(354): CodeIgniter\CodeIgniter->handleRequest(null, Object(Config\Cache), false)
 8 SYSTEMPATH\Boot.php(363): CodeIgniter\CodeIgniter->run()
 9 SYSTEMPATH\Boot.php(68): CodeIgniter\Boot::runCodeIgniter(Object(CodeIgniter\CodeIgniter))
10 FCPATH\index.php(59): CodeIgniter\Boot::bootWeb(Object(Config\Paths))
DEBUG - 2025-10-31 04:13:44 --> Session: Class initialized using 'CodeIgniter\Session\Handlers\FileHandler' driver.
WARNING - 2025-10-31 04:13:44 --> [DEPRECATED] Optional parameter $filters declared before required parameter $id_dep is implicitly treated as a required parameter in APPPATH\Models\Model_arsip.php on line 303.
 1 SYSTEMPATH\Autoloader\Autoloader.php(315): include_once('C:\\xampp\\htdocs\\e-arsip_ci4\\system\\Debug\\Exceptions.php')
 2 SYSTEMPATH\Autoloader\Autoloader.php(295): CodeIgniter\Autoloader\Autoloader->includeFile('C:\\xampp\\htdocs\\e-arsip_ci4\\app\\Models\\Model_arsip.php')
 3 SYSTEMPATH\Autoloader\Autoloader.php(271): CodeIgniter\Autoloader\Autoloader->loadInNamespace('App\\Models\\Model_arsip')
 4 APPPATH\Controllers\Arsip.php(26): CodeIgniter\Autoloader\Autoloader->loadClass('App\\Models\\Model_arsip')
 5 SYSTEMPATH\CodeIgniter.php(903): App\Controllers\Arsip->__construct()
 6 SYSTEMPATH\CodeIgniter.php(498): CodeIgniter\CodeIgniter->createController()
 7 SYSTEMPATH\CodeIgniter.php(354): CodeIgniter\CodeIgniter->handleRequest(null, Object(Config\Cache), false)
 8 SYSTEMPATH\Boot.php(363): CodeIgniter\CodeIgniter->run()
 9 SYSTEMPATH\Boot.php(68): CodeIgniter\Boot::runCodeIgniter(Object(CodeIgniter\CodeIgniter))
10 FCPATH\index.php(59): CodeIgniter\Boot::bootWeb(Object(Config\Paths))
DEBUG - 2025-10-31 04:13:45 --> Session: Class initialized using 'CodeIgniter\Session\Handlers\FileHandler' driver.
WARNING - 2025-10-31 04:13:45 --> [DEPRECATED] Optional parameter $filters declared before required parameter $id_dep is implicitly treated as a required parameter in APPPATH\Models\Model_arsip.php on line 303.
 1 SYSTEMPATH\Autoloader\Autoloader.php(315): include_once('C:\\xampp\\htdocs\\e-arsip_ci4\\system\\Debug\\Exceptions.php')
 2 SYSTEMPATH\Autoloader\Autoloader.php(295): CodeIgniter\Autoloader\Autoloader->includeFile('C:\\xampp\\htdocs\\e-arsip_ci4\\app\\Models\\Model_arsip.php')
 3 SYSTEMPATH\Autoloader\Autoloader.php(271): CodeIgniter\Autoloader\Autoloader->loadInNamespace('App\\Models\\Model_arsip')
 4 APPPATH\Controllers\Arsip.php(26): CodeIgniter\Autoloader\Autoloader->loadClass('App\\Models\\Model_arsip')
 5 SYSTEMPATH\CodeIgniter.php(903): App\Controllers\Arsip->__construct()
 6 SYSTEMPATH\CodeIgniter.php(498): CodeIgniter\CodeIgniter->createController()
 7 SYSTEMPATH\CodeIgniter.php(354): CodeIgniter\CodeIgniter->handleRequest(null, Object(Config\Cache), false)
 8 SYSTEMPATH\Boot.php(363): CodeIgniter\CodeIgniter->run()
 9 SYSTEMPATH\Boot.php(68): CodeIgniter\Boot::runCodeIgniter(Object(CodeIgniter\CodeIgniter))
10 FCPATH\index.php(59): CodeIgniter\Boot::bootWeb(Object(Config\Paths))
DEBUG - 2025-10-31 04:13:46 --> Session: Class initialized using 'CodeIgniter\Session\Handlers\FileHandler' driver.
WARNING - 2025-10-31 04:13:46 --> [DEPRECATED] Optional parameter $filters declared before required parameter $id_dep is implicitly treated as a required parameter in APPPATH\Models\Model_arsip.php on line 303.
 1 SYSTEMPATH\Autoloader\Autoloader.php(315): include_once('C:\\xampp\\htdocs\\e-arsip_ci4\\system\\Debug\\Exceptions.php')
 2 SYSTEMPATH\Autoloader\Autoloader.php(295): CodeIgniter\Autoloader\Autoloader->includeFile('C:\\xampp\\htdocs\\e-arsip_ci4\\app\\Models\\Model_arsip.php')
 3 SYSTEMPATH\Autoloader\Autoloader.php(271): CodeIgniter\Autoloader\Autoloader->loadInNamespace('App\\Models\\Model_arsip')
 4 APPPATH\Controllers\Arsip.php(26): CodeIgniter\Autoloader\Autoloader->loadClass('App\\Models\\Model_arsip')
 5 SYSTEMPATH\CodeIgniter.php(903): App\Controllers\Arsip->__construct()
 6 SYSTEMPATH\CodeIgniter.php(498): CodeIgniter\CodeIgniter->createController()
 7 SYSTEMPATH\CodeIgniter.php(354): CodeIgniter\CodeIgniter->handleRequest(null, Object(Config\Cache), false)
 8 SYSTEMPATH\Boot.php(363): CodeIgniter\CodeIgniter->run()
 9 SYSTEMPATH\Boot.php(68): CodeIgniter\Boot::runCodeIgniter(Object(CodeIgniter\CodeIgniter))
10 FCPATH\index.php(59): CodeIgniter\Boot::bootWeb(Object(Config\Paths))
DEBUG - 2025-10-31 04:15:49 --> Session: Class initialized using 'CodeIgniter\Session\Handlers\FileHandler' driver.
WARNING - 2025-10-31 04:15:49 --> [DEPRECATED] Optional parameter $filters declared before required parameter $id_dep is implicitly treated as a required parameter in APPPATH\Models\Model_arsip.php on line 303.
 1 SYSTEMPATH\Autoloader\Autoloader.php(315): include_once('C:\\xampp\\htdocs\\e-arsip_ci4\\system\\Debug\\Exceptions.php')
 2 SYSTEMPATH\Autoloader\Autoloader.php(295): CodeIgniter\Autoloader\Autoloader->includeFile('C:\\xampp\\htdocs\\e-arsip_ci4\\app\\Models\\Model_arsip.php')
 3 SYSTEMPATH\Autoloader\Autoloader.php(271): CodeIgniter\Autoloader\Autoloader->loadInNamespace('App\\Models\\Model_arsip')
 4 APPPATH\Controllers\Arsip.php(26): CodeIgniter\Autoloader\Autoloader->loadClass('App\\Models\\Model_arsip')
 5 SYSTEMPATH\CodeIgniter.php(903): App\Controllers\Arsip->__construct()
 6 SYSTEMPATH\CodeIgniter.php(498): CodeIgniter\CodeIgniter->createController()
 7 SYSTEMPATH\CodeIgniter.php(354): CodeIgniter\CodeIgniter->handleRequest(null, Object(Config\Cache), false)
 8 SYSTEMPATH\Boot.php(363): CodeIgniter\CodeIgniter->run()
 9 SYSTEMPATH\Boot.php(68): CodeIgniter\Boot::runCodeIgniter(Object(CodeIgniter\CodeIgniter))
10 FCPATH\index.php(59): CodeIgniter\Boot::bootWeb(Object(Config\Paths))
DEBUG - 2025-10-31 04:18:09 --> Session: Class initialized using 'CodeIgniter\Session\Handlers\FileHandler' driver.
WARNING - 2025-10-31 04:18:09 --> [DEPRECATED] Optional parameter $filters declared before required parameter $id_dep is implicitly treated as a required parameter in APPPATH\Models\Model_arsip.php on line 303.
 1 SYSTEMPATH\Autoloader\Autoloader.php(315): include_once('C:\\xampp\\htdocs\\e-arsip_ci4\\system\\Debug\\Exceptions.php')
 2 SYSTEMPATH\Autoloader\Autoloader.php(295): CodeIgniter\Autoloader\Autoloader->includeFile('C:\\xampp\\htdocs\\e-arsip_ci4\\app\\Models\\Model_arsip.php')
 3 SYSTEMPATH\Autoloader\Autoloader.php(271): CodeIgniter\Autoloader\Autoloader->loadInNamespace('App\\Models\\Model_arsip')
 4 APPPATH\Controllers\Arsip.php(26): CodeIgniter\Autoloader\Autoloader->loadClass('App\\Models\\Model_arsip')
 5 SYSTEMPATH\CodeIgniter.php(903): App\Controllers\Arsip->__construct()
 6 SYSTEMPATH\CodeIgniter.php(498): CodeIgniter\CodeIgniter->createController()
 7 SYSTEMPATH\CodeIgniter.php(354): CodeIgniter\CodeIgniter->handleRequest(null, Object(Config\Cache), false)
 8 SYSTEMPATH\Boot.php(363): CodeIgniter\CodeIgniter->run()
 9 SYSTEMPATH\Boot.php(68): CodeIgniter\Boot::runCodeIgniter(Object(CodeIgniter\CodeIgniter))
10 FCPATH\index.php(59): CodeIgniter\Boot::bootWeb(Object(Config\Paths))
DEBUG - 2025-10-31 04:18:09 --> AUDIT DEBUG -> id_user: 18, username: administrator
DEBUG - 2025-10-31 04:18:10 --> Session: Class initialized using 'CodeIgniter\Session\Handlers\FileHandler' driver.
WARNING - 2025-10-31 04:18:10 --> [DEPRECATED] Optional parameter $filters declared before required parameter $id_dep is implicitly treated as a required parameter in APPPATH\Models\Model_arsip.php on line 303.
 1 SYSTEMPATH\Autoloader\Autoloader.php(315): include_once('C:\\xampp\\htdocs\\e-arsip_ci4\\system\\Debug\\Exceptions.php')
 2 SYSTEMPATH\Autoloader\Autoloader.php(295): CodeIgniter\Autoloader\Autoloader->includeFile('C:\\xampp\\htdocs\\e-arsip_ci4\\app\\Models\\Model_arsip.php')
 3 SYSTEMPATH\Autoloader\Autoloader.php(271): CodeIgniter\Autoloader\Autoloader->loadInNamespace('App\\Models\\Model_arsip')
 4 APPPATH\Controllers\Arsip.php(26): CodeIgniter\Autoloader\Autoloader->loadClass('App\\Models\\Model_arsip')
 5 SYSTEMPATH\CodeIgniter.php(903): App\Controllers\Arsip->__construct()
 6 SYSTEMPATH\CodeIgniter.php(498): CodeIgniter\CodeIgniter->createController()
 7 SYSTEMPATH\CodeIgniter.php(354): CodeIgniter\CodeIgniter->handleRequest(null, Object(Config\Cache), false)
 8 SYSTEMPATH\Boot.php(363): CodeIgniter\CodeIgniter->run()
 9 SYSTEMPATH\Boot.php(68): CodeIgniter\Boot::runCodeIgniter(Object(CodeIgniter\CodeIgniter))
10 FCPATH\index.php(59): CodeIgniter\Boot::bootWeb(Object(Config\Paths))
DEBUG - 2025-10-31 04:18:54 --> Session: Class initialized using 'CodeIgniter\Session\Handlers\FileHandler' driver.
WARNING - 2025-10-31 04:18:54 --> [DEPRECATED] Optional parameter $filters declared before required parameter $id_dep is implicitly treated as a required parameter in APPPATH\Models\Model_arsip.php on line 303.
 1 SYSTEMPATH\Autoloader\Autoloader.php(315): include_once('C:\\xampp\\htdocs\\e-arsip_ci4\\system\\Debug\\Exceptions.php')
 2 SYSTEMPATH\Autoloader\Autoloader.php(295): CodeIgniter\Autoloader\Autoloader->includeFile('C:\\xampp\\htdocs\\e-arsip_ci4\\app\\Models\\Model_arsip.php')
 3 SYSTEMPATH\Autoloader\Autoloader.php(271): CodeIgniter\Autoloader\Autoloader->loadInNamespace('App\\Models\\Model_arsip')
 4 APPPATH\Controllers\Arsip.php(26): CodeIgniter\Autoloader\Autoloader->loadClass('App\\Models\\Model_arsip')
 5 SYSTEMPATH\CodeIgniter.php(903): App\Controllers\Arsip->__construct()
 6 SYSTEMPATH\CodeIgniter.php(498): CodeIgniter\CodeIgniter->createController()
 7 SYSTEMPATH\CodeIgniter.php(354): CodeIgniter\CodeIgniter->handleRequest(null, Object(Config\Cache), false)
 8 SYSTEMPATH\Boot.php(363): CodeIgniter\CodeIgniter->run()
 9 SYSTEMPATH\Boot.php(68): CodeIgniter\Boot::runCodeIgniter(Object(CodeIgniter\CodeIgniter))
10 FCPATH\index.php(59): CodeIgniter\Boot::bootWeb(Object(Config\Paths))
DEBUG - 2025-10-31 04:18:54 --> AUDIT DEBUG -> id_user: 18, username: administrator
DEBUG - 2025-10-31 04:18:54 --> Session: Class initialized using 'CodeIgniter\Session\Handlers\FileHandler' driver.
WARNING - 2025-10-31 04:18:54 --> [DEPRECATED] Optional parameter $filters declared before required parameter $id_dep is implicitly treated as a required parameter in APPPATH\Models\Model_arsip.php on line 303.
 1 SYSTEMPATH\Autoloader\Autoloader.php(315): include_once('C:\\xampp\\htdocs\\e-arsip_ci4\\system\\Debug\\Exceptions.php')
 2 SYSTEMPATH\Autoloader\Autoloader.php(295): CodeIgniter\Autoloader\Autoloader->includeFile('C:\\xampp\\htdocs\\e-arsip_ci4\\app\\Models\\Model_arsip.php')
 3 SYSTEMPATH\Autoloader\Autoloader.php(271): CodeIgniter\Autoloader\Autoloader->loadInNamespace('App\\Models\\Model_arsip')
 4 APPPATH\Controllers\Arsip.php(26): CodeIgniter\Autoloader\Autoloader->loadClass('App\\Models\\Model_arsip')
 5 SYSTEMPATH\CodeIgniter.php(903): App\Controllers\Arsip->__construct()
 6 SYSTEMPATH\CodeIgniter.php(498): CodeIgniter\CodeIgniter->createController()
 7 SYSTEMPATH\CodeIgniter.php(354): CodeIgniter\CodeIgniter->handleRequest(null, Object(Config\Cache), false)
 8 SYSTEMPATH\Boot.php(363): CodeIgniter\CodeIgniter->run()
 9 SYSTEMPATH\Boot.php(68): CodeIgniter\Boot::runCodeIgniter(Object(CodeIgniter\CodeIgniter))
10 FCPATH\index.php(59): CodeIgniter\Boot::bootWeb(Object(Config\Paths))
DEBUG - 2025-10-31 04:18:55 --> Session: Class initialized using 'CodeIgniter\Session\Handlers\FileHandler' driver.
WARNING - 2025-10-31 04:18:55 --> [DEPRECATED] Optional parameter $filters declared before required parameter $id_dep is implicitly treated as a required parameter in APPPATH\Models\Model_arsip.php on line 303.
 1 SYSTEMPATH\Autoloader\Autoloader.php(315): include_once('C:\\xampp\\htdocs\\e-arsip_ci4\\system\\Debug\\Exceptions.php')
 2 SYSTEMPATH\Autoloader\Autoloader.php(295): CodeIgniter\Autoloader\Autoloader->includeFile('C:\\xampp\\htdocs\\e-arsip_ci4\\app\\Models\\Model_arsip.php')
 3 SYSTEMPATH\Autoloader\Autoloader.php(271): CodeIgniter\Autoloader\Autoloader->loadInNamespace('App\\Models\\Model_arsip')
 4 APPPATH\Controllers\Arsip.php(26): CodeIgniter\Autoloader\Autoloader->loadClass('App\\Models\\Model_arsip')
 5 SYSTEMPATH\CodeIgniter.php(903): App\Controllers\Arsip->__construct()
 6 SYSTEMPATH\CodeIgniter.php(498): CodeIgniter\CodeIgniter->createController()
 7 SYSTEMPATH\CodeIgniter.php(354): CodeIgniter\CodeIgniter->handleRequest(null, Object(Config\Cache), false)
 8 SYSTEMPATH\Boot.php(363): CodeIgniter\CodeIgniter->run()
 9 SYSTEMPATH\Boot.php(68): CodeIgniter\Boot::runCodeIgniter(Object(CodeIgniter\CodeIgniter))
10 FCPATH\index.php(59): CodeIgniter\Boot::bootWeb(Object(Config\Paths))
DEBUG - 2025-10-31 04:19:07 --> Session: Class initialized using 'CodeIgniter\Session\Handlers\FileHandler' driver.
WARNING - 2025-10-31 04:19:07 --> [DEPRECATED] Optional parameter $filters declared before required parameter $id_dep is implicitly treated as a required parameter in APPPATH\Models\Model_arsip.php on line 303.
 1 SYSTEMPATH\Autoloader\Autoloader.php(315): include_once('C:\\xampp\\htdocs\\e-arsip_ci4\\system\\Debug\\Exceptions.php')
 2 SYSTEMPATH\Autoloader\Autoloader.php(295): CodeIgniter\Autoloader\Autoloader->includeFile('C:\\xampp\\htdocs\\e-arsip_ci4\\app\\Models\\Model_arsip.php')
 3 SYSTEMPATH\Autoloader\Autoloader.php(271): CodeIgniter\Autoloader\Autoloader->loadInNamespace('App\\Models\\Model_arsip')
 4 APPPATH\Controllers\Arsip.php(26): CodeIgniter\Autoloader\Autoloader->loadClass('App\\Models\\Model_arsip')
 5 SYSTEMPATH\CodeIgniter.php(903): App\Controllers\Arsip->__construct()
 6 SYSTEMPATH\CodeIgniter.php(498): CodeIgniter\CodeIgniter->createController()
 7 SYSTEMPATH\CodeIgniter.php(354): CodeIgniter\CodeIgniter->handleRequest(null, Object(Config\Cache), false)
 8 SYSTEMPATH\Boot.php(363): CodeIgniter\CodeIgniter->run()
 9 SYSTEMPATH\Boot.php(68): CodeIgniter\Boot::runCodeIgniter(Object(CodeIgniter\CodeIgniter))
10 FCPATH\index.php(59): CodeIgniter\Boot::bootWeb(Object(Config\Paths))
DEBUG - 2025-10-31 04:19:07 --> Session: Class initialized using 'CodeIgniter\Session\Handlers\FileHandler' driver.
WARNING - 2025-10-31 04:19:07 --> [DEPRECATED] Optional parameter $filters declared before required parameter $id_dep is implicitly treated as a required parameter in APPPATH\Models\Model_arsip.php on line 303.
 1 SYSTEMPATH\Autoloader\Autoloader.php(315): include_once('C:\\xampp\\htdocs\\e-arsip_ci4\\system\\Debug\\Exceptions.php')
 2 SYSTEMPATH\Autoloader\Autoloader.php(295): CodeIgniter\Autoloader\Autoloader->includeFile('C:\\xampp\\htdocs\\e-arsip_ci4\\app\\Models\\Model_arsip.php')
 3 SYSTEMPATH\Autoloader\Autoloader.php(271): CodeIgniter\Autoloader\Autoloader->loadInNamespace('App\\Models\\Model_arsip')
 4 APPPATH\Controllers\Arsip.php(26): CodeIgniter\Autoloader\Autoloader->loadClass('App\\Models\\Model_arsip')
 5 SYSTEMPATH\CodeIgniter.php(903): App\Controllers\Arsip->__construct()
 6 SYSTEMPATH\CodeIgniter.php(498): CodeIgniter\CodeIgniter->createController()
 7 SYSTEMPATH\CodeIgniter.php(354): CodeIgniter\CodeIgniter->handleRequest(null, Object(Config\Cache), false)
 8 SYSTEMPATH\Boot.php(363): CodeIgniter\CodeIgniter->run()
 9 SYSTEMPATH\Boot.php(68): CodeIgniter\Boot::runCodeIgniter(Object(CodeIgniter\CodeIgniter))
10 FCPATH\index.php(59): CodeIgniter\Boot::bootWeb(Object(Config\Paths))
DEBUG - 2025-10-31 05:49:35 --> Session: Class initialized using 'CodeIgniter\Session\Handlers\FileHandler' driver.
WARNING - 2025-10-31 05:49:35 --> [DEPRECATED] Optional parameter $filters declared before required parameter $id_dep is implicitly treated as a required parameter in APPPATH\Models\Model_arsip.php on line 303.
 1 SYSTEMPATH\Autoloader\Autoloader.php(315): include_once('C:\\xampp\\htdocs\\e-arsip_ci4\\system\\Debug\\Exceptions.php')
 2 SYSTEMPATH\Autoloader\Autoloader.php(295): CodeIgniter\Autoloader\Autoloader->includeFile('C:\\xampp\\htdocs\\e-arsip_ci4\\app\\Models\\Model_arsip.php')
 3 SYSTEMPATH\Autoloader\Autoloader.php(271): CodeIgniter\Autoloader\Autoloader->loadInNamespace('App\\Models\\Model_arsip')
 4 APPPATH\Controllers\Arsip.php(26): CodeIgniter\Autoloader\Autoloader->loadClass('App\\Models\\Model_arsip')
 5 SYSTEMPATH\CodeIgniter.php(903): App\Controllers\Arsip->__construct()
 6 SYSTEMPATH\CodeIgniter.php(498): CodeIgniter\CodeIgniter->createController()
 7 SYSTEMPATH\CodeIgniter.php(354): CodeIgniter\CodeIgniter->handleRequest(null, Object(Config\Cache), false)
 8 SYSTEMPATH\Boot.php(363): CodeIgniter\CodeIgniter->run()
 9 SYSTEMPATH\Boot.php(68): CodeIgniter\Boot::runCodeIgniter(Object(CodeIgniter\CodeIgniter))
10 FCPATH\index.php(59): CodeIgniter\Boot::bootWeb(Object(Config\Paths))
DEBUG - 2025-10-31 05:49:38 --> Session: Class initialized using 'CodeIgniter\Session\Handlers\FileHandler' driver.
WARNING - 2025-10-31 05:49:38 --> [DEPRECATED] Optional parameter $filters declared before required parameter $id_dep is implicitly treated as a required parameter in APPPATH\Models\Model_arsip.php on line 303.
 1 SYSTEMPATH\Autoloader\Autoloader.php(315): include_once('C:\\xampp\\htdocs\\e-arsip_ci4\\system\\Debug\\Exceptions.php')
 2 SYSTEMPATH\Autoloader\Autoloader.php(295): CodeIgniter\Autoloader\Autoloader->includeFile('C:\\xampp\\htdocs\\e-arsip_ci4\\app\\Models\\Model_arsip.php')
 3 SYSTEMPATH\Autoloader\Autoloader.php(271): CodeIgniter\Autoloader\Autoloader->loadInNamespace('App\\Models\\Model_arsip')
 4 APPPATH\Controllers\Cari.php(20): CodeIgniter\Autoloader\Autoloader->loadClass('App\\Models\\Model_arsip')
 5 SYSTEMPATH\CodeIgniter.php(903): App\Controllers\Cari->__construct()
 6 SYSTEMPATH\CodeIgniter.php(498): CodeIgniter\CodeIgniter->createController()
 7 SYSTEMPATH\CodeIgniter.php(354): CodeIgniter\CodeIgniter->handleRequest(null, Object(Config\Cache), false)
 8 SYSTEMPATH\Boot.php(363): CodeIgniter\CodeIgniter->run()
 9 SYSTEMPATH\Boot.php(68): CodeIgniter\Boot::runCodeIgniter(Object(CodeIgniter\CodeIgniter))
10 FCPATH\index.php(59): CodeIgniter\Boot::bootWeb(Object(Config\Paths))
DEBUG - 2025-10-31 05:49:59 --> Session: Class initialized using 'CodeIgniter\Session\Handlers\FileHandler' driver.
DEBUG - 2025-10-31 05:50:10 --> Session: Class initialized using 'CodeIgniter\Session\Handlers\FileHandler' driver.
DEBUG - 2025-10-31 05:50:10 --> Session: Class initialized using 'CodeIgniter\Session\Handlers\FileHandler' driver.
WARNING - 2025-10-31 05:50:10 --> [DEPRECATED] Optional parameter $filters declared before required parameter $id_dep is implicitly treated as a required parameter in APPPATH\Models\Model_arsip.php on line 303.
 1 SYSTEMPATH\Autoloader\Autoloader.php(315): include_once('C:\\xampp\\htdocs\\e-arsip_ci4\\system\\Debug\\Exceptions.php')
 2 SYSTEMPATH\Autoloader\Autoloader.php(295): CodeIgniter\Autoloader\Autoloader->includeFile('C:\\xampp\\htdocs\\e-arsip_ci4\\app\\Models\\Model_arsip.php')
 3 SYSTEMPATH\Autoloader\Autoloader.php(271): CodeIgniter\Autoloader\Autoloader->loadInNamespace('App\\Models\\Model_arsip')
 4 APPPATH\Controllers\Home.php(23): CodeIgniter\Autoloader\Autoloader->loadClass('App\\Models\\Model_arsip')
 5 SYSTEMPATH\CodeIgniter.php(903): App\Controllers\Home->__construct()
 6 SYSTEMPATH\CodeIgniter.php(498): CodeIgniter\CodeIgniter->createController()
 7 SYSTEMPATH\CodeIgniter.php(354): CodeIgniter\CodeIgniter->handleRequest(null, Object(Config\Cache), false)
 8 SYSTEMPATH\Boot.php(363): CodeIgniter\CodeIgniter->run()
 9 SYSTEMPATH\Boot.php(68): CodeIgniter\Boot::runCodeIgniter(Object(CodeIgniter\CodeIgniter))
10 FCPATH\index.php(59): CodeIgniter\Boot::bootWeb(Object(Config\Paths))
DEBUG - 2025-10-31 05:54:44 --> Session: Class initialized using 'CodeIgniter\Session\Handlers\FileHandler' driver.
DEBUG - 2025-10-31 05:54:45 --> Session: Class initialized using 'CodeIgniter\Session\Handlers\FileHandler' driver.
WARNING - 2025-10-31 05:54:45 --> [DEPRECATED] Optional parameter $filters declared before required parameter $id_dep is implicitly treated as a required parameter in APPPATH\Models\Model_arsip.php on line 303.
 1 SYSTEMPATH\Autoloader\Autoloader.php(315): include_once('C:\\xampp\\htdocs\\e-arsip_ci4\\system\\Debug\\Exceptions.php')
 2 SYSTEMPATH\Autoloader\Autoloader.php(295): CodeIgniter\Autoloader\Autoloader->includeFile('C:\\xampp\\htdocs\\e-arsip_ci4\\app\\Models\\Model_arsip.php')
 3 SYSTEMPATH\Autoloader\Autoloader.php(271): CodeIgniter\Autoloader\Autoloader->loadInNamespace('App\\Models\\Model_arsip')
 4 APPPATH\Controllers\Cari.php(20): CodeIgniter\Autoloader\Autoloader->loadClass('App\\Models\\Model_arsip')
 5 SYSTEMPATH\CodeIgniter.php(903): App\Controllers\Cari->__construct()
 6 SYSTEMPATH\CodeIgniter.php(498): CodeIgniter\CodeIgniter->createController()
 7 SYSTEMPATH\CodeIgniter.php(354): CodeIgniter\CodeIgniter->handleRequest(null, Object(Config\Cache), false)
 8 SYSTEMPATH\Boot.php(363): CodeIgniter\CodeIgniter->run()
 9 SYSTEMPATH\Boot.php(68): CodeIgniter\Boot::runCodeIgniter(Object(CodeIgniter\CodeIgniter))
10 FCPATH\index.php(59): CodeIgniter\Boot::bootWeb(Object(Config\Paths))
DEBUG - 2025-10-31 06:01:44 --> Session: Class initialized using 'CodeIgniter\Session\Handlers\FileHandler' driver.
WARNING - 2025-10-31 06:01:44 --> [DEPRECATED] Optional parameter $filters declared before required parameter $id_dep is implicitly treated as a required parameter in APPPATH\Models\Model_arsip.php on line 303.
 1 SYSTEMPATH\Autoloader\Autoloader.php(315): include_once('C:\\xampp\\htdocs\\e-arsip_ci4\\system\\Debug\\Exceptions.php')
 2 SYSTEMPATH\Autoloader\Autoloader.php(295): CodeIgniter\Autoloader\Autoloader->includeFile('C:\\xampp\\htdocs\\e-arsip_ci4\\app\\Models\\Model_arsip.php')
 3 SYSTEMPATH\Autoloader\Autoloader.php(271): CodeIgniter\Autoloader\Autoloader->loadInNamespace('App\\Models\\Model_arsip')
 4 APPPATH\Controllers\Cari.php(20): CodeIgniter\Autoloader\Autoloader->loadClass('App\\Models\\Model_arsip')
 5 SYSTEMPATH\CodeIgniter.php(903): App\Controllers\Cari->__construct()
 6 SYSTEMPATH\CodeIgniter.php(498): CodeIgniter\CodeIgniter->createController()
 7 SYSTEMPATH\CodeIgniter.php(354): CodeIgniter\CodeIgniter->handleRequest(null, Object(Config\Cache), false)
 8 SYSTEMPATH\Boot.php(363): CodeIgniter\CodeIgniter->run()
 9 SYSTEMPATH\Boot.php(68): CodeIgniter\Boot::runCodeIgniter(Object(CodeIgniter\CodeIgniter))
10 FCPATH\index.php(59): CodeIgniter\Boot::bootWeb(Object(Config\Paths))
DEBUG - 2025-10-31 06:24:46 --> Session: Class initialized using 'CodeIgniter\Session\Handlers\FileHandler' driver.
DEBUG - 2025-10-31 06:24:47 --> Session: Class initialized using 'CodeIgniter\Session\Handlers\FileHandler' driver.
WARNING - 2025-10-31 06:24:47 --> [DEPRECATED] Optional parameter $filters declared before required parameter $id_dep is implicitly treated as a required parameter in APPPATH\Models\Model_arsip.php on line 303.
 1 SYSTEMPATH\Autoloader\Autoloader.php(315): include_once('C:\\xampp\\htdocs\\e-arsip_ci4\\system\\Debug\\Exceptions.php')
 2 SYSTEMPATH\Autoloader\Autoloader.php(295): CodeIgniter\Autoloader\Autoloader->includeFile('C:\\xampp\\htdocs\\e-arsip_ci4\\app\\Models\\Model_arsip.php')
 3 SYSTEMPATH\Autoloader\Autoloader.php(271): CodeIgniter\Autoloader\Autoloader->loadInNamespace('App\\Models\\Model_arsip')
 4 APPPATH\Controllers\Kategori.php(21): CodeIgniter\Autoloader\Autoloader->loadClass('App\\Models\\Model_arsip')
 5 SYSTEMPATH\CodeIgniter.php(903): App\Controllers\Kategori->__construct()
 6 SYSTEMPATH\CodeIgniter.php(498): CodeIgniter\CodeIgniter->createController()
 7 SYSTEMPATH\CodeIgniter.php(354): CodeIgniter\CodeIgniter->handleRequest(null, Object(Config\Cache), false)
 8 SYSTEMPATH\Boot.php(363): CodeIgniter\CodeIgniter->run()
 9 SYSTEMPATH\Boot.php(68): CodeIgniter\Boot::runCodeIgniter(Object(CodeIgniter\CodeIgniter))
10 FCPATH\index.php(59): CodeIgniter\Boot::bootWeb(Object(Config\Paths))
DEBUG - 2025-10-31 06:24:47 --> Session: Class initialized using 'CodeIgniter\Session\Handlers\FileHandler' driver.
WARNING - 2025-10-31 06:24:47 --> [DEPRECATED] Optional parameter $filters declared before required parameter $id_dep is implicitly treated as a required parameter in APPPATH\Models\Model_arsip.php on line 303.
 1 SYSTEMPATH\Autoloader\Autoloader.php(315): include_once('C:\\xampp\\htdocs\\e-arsip_ci4\\system\\Debug\\Exceptions.php')
 2 SYSTEMPATH\Autoloader\Autoloader.php(295): CodeIgniter\Autoloader\Autoloader->includeFile('C:\\xampp\\htdocs\\e-arsip_ci4\\app\\Models\\Model_arsip.php')
 3 SYSTEMPATH\Autoloader\Autoloader.php(271): CodeIgniter\Autoloader\Autoloader->loadInNamespace('App\\Models\\Model_arsip')
 4 APPPATH\Controllers\Arsip.php(26): CodeIgniter\Autoloader\Autoloader->loadClass('App\\Models\\Model_arsip')
 5 SYSTEMPATH\CodeIgniter.php(903): App\Controllers\Arsip->__construct()
 6 SYSTEMPATH\CodeIgniter.php(498): CodeIgniter\CodeIgniter->createController()
 7 SYSTEMPATH\CodeIgniter.php(354): CodeIgniter\CodeIgniter->handleRequest(null, Object(Config\Cache), false)
 8 SYSTEMPATH\Boot.php(363): CodeIgniter\CodeIgniter->run()
 9 SYSTEMPATH\Boot.php(68): CodeIgniter\Boot::runCodeIgniter(Object(CodeIgniter\CodeIgniter))
10 FCPATH\index.php(59): CodeIgniter\Boot::bootWeb(Object(Config\Paths))
DEBUG - 2025-10-31 06:25:07 --> Session: Class initialized using 'CodeIgniter\Session\Handlers\FileHandler' driver.
WARNING - 2025-10-31 06:25:07 --> [DEPRECATED] Optional parameter $filters declared before required parameter $id_dep is implicitly treated as a required parameter in APPPATH\Models\Model_arsip.php on line 303.
 1 SYSTEMPATH\Autoloader\Autoloader.php(315): include_once('C:\\xampp\\htdocs\\e-arsip_ci4\\system\\Debug\\Exceptions.php')
 2 SYSTEMPATH\Autoloader\Autoloader.php(295): CodeIgniter\Autoloader\Autoloader->includeFile('C:\\xampp\\htdocs\\e-arsip_ci4\\app\\Models\\Model_arsip.php')
 3 SYSTEMPATH\Autoloader\Autoloader.php(271): CodeIgniter\Autoloader\Autoloader->loadInNamespace('App\\Models\\Model_arsip')
 4 APPPATH\Controllers\Arsip.php(26): CodeIgniter\Autoloader\Autoloader->loadClass('App\\Models\\Model_arsip')
 5 SYSTEMPATH\CodeIgniter.php(903): App\Controllers\Arsip->__construct()
 6 SYSTEMPATH\CodeIgniter.php(498): CodeIgniter\CodeIgniter->createController()
 7 SYSTEMPATH\CodeIgniter.php(354): CodeIgniter\CodeIgniter->handleRequest(null, Object(Config\Cache), false)
 8 SYSTEMPATH\Boot.php(363): CodeIgniter\CodeIgniter->run()
 9 SYSTEMPATH\Boot.php(68): CodeIgniter\Boot::runCodeIgniter(Object(CodeIgniter\CodeIgniter))
10 FCPATH\index.php(59): CodeIgniter\Boot::bootWeb(Object(Config\Paths))
DEBUG - 2025-10-31 06:25:07 --> AUDIT DEBUG -> id_user: 18, username: administrator
DEBUG - 2025-10-31 06:25:07 --> Session: Class initialized using 'CodeIgniter\Session\Handlers\FileHandler' driver.
WARNING - 2025-10-31 06:25:07 --> [DEPRECATED] Optional parameter $filters declared before required parameter $id_dep is implicitly treated as a required parameter in APPPATH\Models\Model_arsip.php on line 303.
 1 SYSTEMPATH\Autoloader\Autoloader.php(315): include_once('C:\\xampp\\htdocs\\e-arsip_ci4\\system\\Debug\\Exceptions.php')
 2 SYSTEMPATH\Autoloader\Autoloader.php(295): CodeIgniter\Autoloader\Autoloader->includeFile('C:\\xampp\\htdocs\\e-arsip_ci4\\app\\Models\\Model_arsip.php')
 3 SYSTEMPATH\Autoloader\Autoloader.php(271): CodeIgniter\Autoloader\Autoloader->loadInNamespace('App\\Models\\Model_arsip')
 4 APPPATH\Controllers\Arsip.php(26): CodeIgniter\Autoloader\Autoloader->loadClass('App\\Models\\Model_arsip')
 5 SYSTEMPATH\CodeIgniter.php(903): App\Controllers\Arsip->__construct()
 6 SYSTEMPATH\CodeIgniter.php(498): CodeIgniter\CodeIgniter->createController()
 7 SYSTEMPATH\CodeIgniter.php(354): CodeIgniter\CodeIgniter->handleRequest(null, Object(Config\Cache), false)
 8 SYSTEMPATH\Boot.php(363): CodeIgniter\CodeIgniter->run()
 9 SYSTEMPATH\Boot.php(68): CodeIgniter\Boot::runCodeIgniter(Object(CodeIgniter\CodeIgniter))
10 FCPATH\index.php(59): CodeIgniter\Boot::bootWeb(Object(Config\Paths))
DEBUG - 2025-10-31 06:25:21 --> Session: Class initialized using 'CodeIgniter\Session\Handlers\FileHandler' driver.
WARNING - 2025-10-31 06:25:21 --> [DEPRECATED] Optional parameter $filters declared before required parameter $id_dep is implicitly treated as a required parameter in APPPATH\Models\Model_arsip.php on line 303.
 1 SYSTEMPATH\Autoloader\Autoloader.php(315): include_once('C:\\xampp\\htdocs\\e-arsip_ci4\\system\\Debug\\Exceptions.php')
 2 SYSTEMPATH\Autoloader\Autoloader.php(295): CodeIgniter\Autoloader\Autoloader->includeFile('C:\\xampp\\htdocs\\e-arsip_ci4\\app\\Models\\Model_arsip.php')
 3 SYSTEMPATH\Autoloader\Autoloader.php(271): CodeIgniter\Autoloader\Autoloader->loadInNamespace('App\\Models\\Model_arsip')
 4 APPPATH\Controllers\Arsip.php(26): CodeIgniter\Autoloader\Autoloader->loadClass('App\\Models\\Model_arsip')
 5 SYSTEMPATH\CodeIgniter.php(903): App\Controllers\Arsip->__construct()
 6 SYSTEMPATH\CodeIgniter.php(498): CodeIgniter\CodeIgniter->createController()
 7 SYSTEMPATH\CodeIgniter.php(354): CodeIgniter\CodeIgniter->handleRequest(null, Object(Config\Cache), false)
 8 SYSTEMPATH\Boot.php(363): CodeIgniter\CodeIgniter->run()
 9 SYSTEMPATH\Boot.php(68): CodeIgniter\Boot::runCodeIgniter(Object(CodeIgniter\CodeIgniter))
10 FCPATH\index.php(59): CodeIgniter\Boot::bootWeb(Object(Config\Paths))
DEBUG - 2025-10-31 06:25:21 --> Session: Class initialized using 'CodeIgniter\Session\Handlers\FileHandler' driver.
WARNING - 2025-10-31 06:25:21 --> [DEPRECATED] Optional parameter $filters declared before required parameter $id_dep is implicitly treated as a required parameter in APPPATH\Models\Model_arsip.php on line 303.
 1 SYSTEMPATH\Autoloader\Autoloader.php(315): include_once('C:\\xampp\\htdocs\\e-arsip_ci4\\system\\Debug\\Exceptions.php')
 2 SYSTEMPATH\Autoloader\Autoloader.php(295): CodeIgniter\Autoloader\Autoloader->includeFile('C:\\xampp\\htdocs\\e-arsip_ci4\\app\\Models\\Model_arsip.php')
 3 SYSTEMPATH\Autoloader\Autoloader.php(271): CodeIgniter\Autoloader\Autoloader->loadInNamespace('App\\Models\\Model_arsip')
 4 APPPATH\Controllers\Arsip.php(26): CodeIgniter\Autoloader\Autoloader->loadClass('App\\Models\\Model_arsip')
 5 SYSTEMPATH\CodeIgniter.php(903): App\Controllers\Arsip->__construct()
 6 SYSTEMPATH\CodeIgniter.php(498): CodeIgniter\CodeIgniter->createController()
 7 SYSTEMPATH\CodeIgniter.php(354): CodeIgniter\CodeIgniter->handleRequest(null, Object(Config\Cache), false)
 8 SYSTEMPATH\Boot.php(363): CodeIgniter\CodeIgniter->run()
 9 SYSTEMPATH\Boot.php(68): CodeIgniter\Boot::runCodeIgniter(Object(CodeIgniter\CodeIgniter))
10 FCPATH\index.php(59): CodeIgniter\Boot::bootWeb(Object(Config\Paths))
DEBUG - 2025-10-31 06:30:57 --> Session: Class initialized using 'CodeIgniter\Session\Handlers\FileHandler' driver.
DEBUG - 2025-10-31 06:31:02 --> Session: Class initialized using 'CodeIgniter\Session\Handlers\FileHandler' driver.
DEBUG - 2025-10-31 06:31:02 --> Session: Class initialized using 'CodeIgniter\Session\Handlers\FileHandler' driver.
DEBUG - 2025-10-31 06:31:12 --> Session: Class initialized using 'CodeIgniter\Session\Handlers\FileHandler' driver.
DEBUG - 2025-10-31 06:31:12 --> Session: Class initialized using 'CodeIgniter\Session\Handlers\FileHandler' driver.
WARNING - 2025-10-31 06:31:12 --> [DEPRECATED] Optional parameter $filters declared before required parameter $id_dep is implicitly treated as a required parameter in APPPATH\Models\Model_arsip.php on line 303.
 1 SYSTEMPATH\Autoloader\Autoloader.php(315): include_once('C:\\xampp\\htdocs\\e-arsip_ci4\\system\\Debug\\Exceptions.php')
 2 SYSTEMPATH\Autoloader\Autoloader.php(295): CodeIgniter\Autoloader\Autoloader->includeFile('C:\\xampp\\htdocs\\e-arsip_ci4\\app\\Models\\Model_arsip.php')
 3 SYSTEMPATH\Autoloader\Autoloader.php(271): CodeIgniter\Autoloader\Autoloader->loadInNamespace('App\\Models\\Model_arsip')
 4 APPPATH\Controllers\Home.php(23): CodeIgniter\Autoloader\Autoloader->loadClass('App\\Models\\Model_arsip')
 5 SYSTEMPATH\CodeIgniter.php(903): App\Controllers\Home->__construct()
 6 SYSTEMPATH\CodeIgniter.php(498): CodeIgniter\CodeIgniter->createController()
 7 SYSTEMPATH\CodeIgniter.php(354): CodeIgniter\CodeIgniter->handleRequest(null, Object(Config\Cache), false)
 8 SYSTEMPATH\Boot.php(363): CodeIgniter\CodeIgniter->run()
 9 SYSTEMPATH\Boot.php(68): CodeIgniter\Boot::runCodeIgniter(Object(CodeIgniter\CodeIgniter))
10 FCPATH\index.php(59): CodeIgniter\Boot::bootWeb(Object(Config\Paths))
DEBUG - 2025-10-31 06:34:26 --> Session: Class initialized using 'CodeIgniter\Session\Handlers\FileHandler' driver.
WARNING - 2025-10-31 06:34:26 --> [DEPRECATED] Optional parameter $filters declared before required parameter $id_dep is implicitly treated as a required parameter in APPPATH\Models\Model_arsip.php on line 303.
 1 SYSTEMPATH\Autoloader\Autoloader.php(315): include_once('C:\\xampp\\htdocs\\e-arsip_ci4\\system\\Debug\\Exceptions.php')
 2 SYSTEMPATH\Autoloader\Autoloader.php(295): CodeIgniter\Autoloader\Autoloader->includeFile('C:\\xampp\\htdocs\\e-arsip_ci4\\app\\Models\\Model_arsip.php')
 3 SYSTEMPATH\Autoloader\Autoloader.php(271): CodeIgniter\Autoloader\Autoloader->loadInNamespace('App\\Models\\Model_arsip')
 4 APPPATH\Controllers\Cari.php(20): CodeIgniter\Autoloader\Autoloader->loadClass('App\\Models\\Model_arsip')
 5 SYSTEMPATH\CodeIgniter.php(903): App\Controllers\Cari->__construct()
 6 SYSTEMPATH\CodeIgniter.php(498): CodeIgniter\CodeIgniter->createController()
 7 SYSTEMPATH\CodeIgniter.php(354): CodeIgniter\CodeIgniter->handleRequest(null, Object(Config\Cache), false)
 8 SYSTEMPATH\Boot.php(363): CodeIgniter\CodeIgniter->run()
 9 SYSTEMPATH\Boot.php(68): CodeIgniter\Boot::runCodeIgniter(Object(CodeIgniter\CodeIgniter))
10 FCPATH\index.php(59): CodeIgniter\Boot::bootWeb(Object(Config\Paths))
DEBUG - 2025-10-31 07:00:23 --> Session: Class initialized using 'CodeIgniter\Session\Handlers\FileHandler' driver.
WARNING - 2025-10-31 07:00:23 --> [DEPRECATED] Optional parameter $filters declared before required parameter $id_dep is implicitly treated as a required parameter in APPPATH\Models\Model_arsip.php on line 303.
 1 SYSTEMPATH\Autoloader\Autoloader.php(315): include_once('C:\\xampp\\htdocs\\e-arsip_ci4\\system\\Debug\\Exceptions.php')
 2 SYSTEMPATH\Autoloader\Autoloader.php(295): CodeIgniter\Autoloader\Autoloader->includeFile('C:\\xampp\\htdocs\\e-arsip_ci4\\app\\Models\\Model_arsip.php')
 3 SYSTEMPATH\Autoloader\Autoloader.php(271): CodeIgniter\Autoloader\Autoloader->loadInNamespace('App\\Models\\Model_arsip')
 4 APPPATH\Controllers\Arsip.php(26): CodeIgniter\Autoloader\Autoloader->loadClass('App\\Models\\Model_arsip')
 5 SYSTEMPATH\CodeIgniter.php(903): App\Controllers\Arsip->__construct()
 6 SYSTEMPATH\CodeIgniter.php(498): CodeIgniter\CodeIgniter->createController()
 7 SYSTEMPATH\CodeIgniter.php(354): CodeIgniter\CodeIgniter->handleRequest(null, Object(Config\Cache), false)
 8 SYSTEMPATH\Boot.php(363): CodeIgniter\CodeIgniter->run()
 9 SYSTEMPATH\Boot.php(68): CodeIgniter\Boot::runCodeIgniter(Object(CodeIgniter\CodeIgniter))
10 FCPATH\index.php(59): CodeIgniter\Boot::bootWeb(Object(Config\Paths))
DEBUG - 2025-10-31 07:00:25 --> Session: Class initialized using 'CodeIgniter\Session\Handlers\FileHandler' driver.
WARNING - 2025-10-31 07:00:25 --> [DEPRECATED] Optional parameter $filters declared before required parameter $id_dep is implicitly treated as a required parameter in APPPATH\Models\Model_arsip.php on line 303.
 1 SYSTEMPATH\Autoloader\Autoloader.php(315): include_once('C:\\xampp\\htdocs\\e-arsip_ci4\\system\\Debug\\Exceptions.php')
 2 SYSTEMPATH\Autoloader\Autoloader.php(295): CodeIgniter\Autoloader\Autoloader->includeFile('C:\\xampp\\htdocs\\e-arsip_ci4\\app\\Models\\Model_arsip.php')
 3 SYSTEMPATH\Autoloader\Autoloader.php(271): CodeIgniter\Autoloader\Autoloader->loadInNamespace('App\\Models\\Model_arsip')
 4 APPPATH\Controllers\Arsip.php(26): CodeIgniter\Autoloader\Autoloader->loadClass('App\\Models\\Model_arsip')
 5 SYSTEMPATH\CodeIgniter.php(903): App\Controllers\Arsip->__construct()
 6 SYSTEMPATH\CodeIgniter.php(498): CodeIgniter\CodeIgniter->createController()
 7 SYSTEMPATH\CodeIgniter.php(354): CodeIgniter\CodeIgniter->handleRequest(null, Object(Config\Cache), false)
 8 SYSTEMPATH\Boot.php(363): CodeIgniter\CodeIgniter->run()
 9 SYSTEMPATH\Boot.php(68): CodeIgniter\Boot::runCodeIgniter(Object(CodeIgniter\CodeIgniter))
10 FCPATH\index.php(59): CodeIgniter\Boot::bootWeb(Object(Config\Paths))
DEBUG - 2025-10-31 07:00:25 --> Session: Class initialized using 'CodeIgniter\Session\Handlers\FileHandler' driver.
WARNING - 2025-10-31 07:00:25 --> [DEPRECATED] Optional parameter $filters declared before required parameter $id_dep is implicitly treated as a required parameter in APPPATH\Models\Model_arsip.php on line 303.
 1 SYSTEMPATH\Autoloader\Autoloader.php(315): include_once('C:\\xampp\\htdocs\\e-arsip_ci4\\system\\Debug\\Exceptions.php')
 2 SYSTEMPATH\Autoloader\Autoloader.php(295): CodeIgniter\Autoloader\Autoloader->includeFile('C:\\xampp\\htdocs\\e-arsip_ci4\\app\\Models\\Model_arsip.php')
 3 SYSTEMPATH\Autoloader\Autoloader.php(271): CodeIgniter\Autoloader\Autoloader->loadInNamespace('App\\Models\\Model_arsip')
 4 APPPATH\Controllers\Arsip.php(26): CodeIgniter\Autoloader\Autoloader->loadClass('App\\Models\\Model_arsip')
 5 SYSTEMPATH\CodeIgniter.php(903): App\Controllers\Arsip->__construct()
 6 SYSTEMPATH\CodeIgniter.php(498): CodeIgniter\CodeIgniter->createController()
 7 SYSTEMPATH\CodeIgniter.php(354): CodeIgniter\CodeIgniter->handleRequest(null, Object(Config\Cache), false)
 8 SYSTEMPATH\Boot.php(363): CodeIgniter\CodeIgniter->run()
 9 SYSTEMPATH\Boot.php(68): CodeIgniter\Boot::runCodeIgniter(Object(CodeIgniter\CodeIgniter))
10 FCPATH\index.php(59): CodeIgniter\Boot::bootWeb(Object(Config\Paths))
DEBUG - 2025-10-31 07:00:33 --> Session: Class initialized using 'CodeIgniter\Session\Handlers\FileHandler' driver.
WARNING - 2025-10-31 07:00:33 --> [DEPRECATED] Optional parameter $filters declared before required parameter $id_dep is implicitly treated as a required parameter in APPPATH\Models\Model_arsip.php on line 303.
 1 SYSTEMPATH\Autoloader\Autoloader.php(315): include_once('C:\\xampp\\htdocs\\e-arsip_ci4\\system\\Debug\\Exceptions.php')
 2 SYSTEMPATH\Autoloader\Autoloader.php(295): CodeIgniter\Autoloader\Autoloader->includeFile('C:\\xampp\\htdocs\\e-arsip_ci4\\app\\Models\\Model_arsip.php')
 3 SYSTEMPATH\Autoloader\Autoloader.php(271): CodeIgniter\Autoloader\Autoloader->loadInNamespace('App\\Models\\Model_arsip')
 4 APPPATH\Controllers\Cari.php(20): CodeIgniter\Autoloader\Autoloader->loadClass('App\\Models\\Model_arsip')
 5 SYSTEMPATH\CodeIgniter.php(903): App\Controllers\Cari->__construct()
 6 SYSTEMPATH\CodeIgniter.php(498): CodeIgniter\CodeIgniter->createController()
 7 SYSTEMPATH\CodeIgniter.php(354): CodeIgniter\CodeIgniter->handleRequest(null, Object(Config\Cache), false)
 8 SYSTEMPATH\Boot.php(363): CodeIgniter\CodeIgniter->run()
 9 SYSTEMPATH\Boot.php(68): CodeIgniter\Boot::runCodeIgniter(Object(CodeIgniter\CodeIgniter))
10 FCPATH\index.php(59): CodeIgniter\Boot::bootWeb(Object(Config\Paths))
DEBUG - 2025-10-31 07:00:33 --> Session: Class initialized using 'CodeIgniter\Session\Handlers\FileHandler' driver.
WARNING - 2025-10-31 07:00:33 --> [DEPRECATED] Optional parameter $filters declared before required parameter $id_dep is implicitly treated as a required parameter in APPPATH\Models\Model_arsip.php on line 303.
 1 SYSTEMPATH\Autoloader\Autoloader.php(315): include_once('C:\\xampp\\htdocs\\e-arsip_ci4\\system\\Debug\\Exceptions.php')
 2 SYSTEMPATH\Autoloader\Autoloader.php(295): CodeIgniter\Autoloader\Autoloader->includeFile('C:\\xampp\\htdocs\\e-arsip_ci4\\app\\Models\\Model_arsip.php')
 3 SYSTEMPATH\Autoloader\Autoloader.php(271): CodeIgniter\Autoloader\Autoloader->loadInNamespace('App\\Models\\Model_arsip')
 4 APPPATH\Controllers\Cari.php(20): CodeIgniter\Autoloader\Autoloader->loadClass('App\\Models\\Model_arsip')
 5 SYSTEMPATH\CodeIgniter.php(903): App\Controllers\Cari->__construct()
 6 SYSTEMPATH\CodeIgniter.php(498): CodeIgniter\CodeIgniter->createController()
 7 SYSTEMPATH\CodeIgniter.php(354): CodeIgniter\CodeIgniter->handleRequest(null, Object(Config\Cache), false)
 8 SYSTEMPATH\Boot.php(363): CodeIgniter\CodeIgniter->run()
 9 SYSTEMPATH\Boot.php(68): CodeIgniter\Boot::runCodeIgniter(Object(CodeIgniter\CodeIgniter))
10 FCPATH\index.php(59): CodeIgniter\Boot::bootWeb(Object(Config\Paths))
DEBUG - 2025-10-31 07:00:33 --> Session: Class initialized using 'CodeIgniter\Session\Handlers\FileHandler' driver.
WARNING - 2025-10-31 07:00:33 --> [DEPRECATED] Optional parameter $filters declared before required parameter $id_dep is implicitly treated as a required parameter in APPPATH\Models\Model_arsip.php on line 303.
 1 SYSTEMPATH\Autoloader\Autoloader.php(315): include_once('C:\\xampp\\htdocs\\e-arsip_ci4\\system\\Debug\\Exceptions.php')
 2 SYSTEMPATH\Autoloader\Autoloader.php(295): CodeIgniter\Autoloader\Autoloader->includeFile('C:\\xampp\\htdocs\\e-arsip_ci4\\app\\Models\\Model_arsip.php')
 3 SYSTEMPATH\Autoloader\Autoloader.php(271): CodeIgniter\Autoloader\Autoloader->loadInNamespace('App\\Models\\Model_arsip')
 4 APPPATH\Controllers\Cari.php(20): CodeIgniter\Autoloader\Autoloader->loadClass('App\\Models\\Model_arsip')
 5 SYSTEMPATH\CodeIgniter.php(903): App\Controllers\Cari->__construct()
 6 SYSTEMPATH\CodeIgniter.php(498): CodeIgniter\CodeIgniter->createController()
 7 SYSTEMPATH\CodeIgniter.php(354): CodeIgniter\CodeIgniter->handleRequest(null, Object(Config\Cache), false)
 8 SYSTEMPATH\Boot.php(363): CodeIgniter\CodeIgniter->run()
 9 SYSTEMPATH\Boot.php(68): CodeIgniter\Boot::runCodeIgniter(Object(CodeIgniter\CodeIgniter))
10 FCPATH\index.php(59): CodeIgniter\Boot::bootWeb(Object(Config\Paths))
DEBUG - 2025-10-31 07:00:33 --> Session: Class initialized using 'CodeIgniter\Session\Handlers\FileHandler' driver.
WARNING - 2025-10-31 07:00:33 --> [DEPRECATED] Optional parameter $filters declared before required parameter $id_dep is implicitly treated as a required parameter in APPPATH\Models\Model_arsip.php on line 303.
 1 SYSTEMPATH\Autoloader\Autoloader.php(315): include_once('C:\\xampp\\htdocs\\e-arsip_ci4\\system\\Debug\\Exceptions.php')
 2 SYSTEMPATH\Autoloader\Autoloader.php(295): CodeIgniter\Autoloader\Autoloader->includeFile('C:\\xampp\\htdocs\\e-arsip_ci4\\app\\Models\\Model_arsip.php')
 3 SYSTEMPATH\Autoloader\Autoloader.php(271): CodeIgniter\Autoloader\Autoloader->loadInNamespace('App\\Models\\Model_arsip')
 4 APPPATH\Controllers\Cari.php(20): CodeIgniter\Autoloader\Autoloader->loadClass('App\\Models\\Model_arsip')
 5 SYSTEMPATH\CodeIgniter.php(903): App\Controllers\Cari->__construct()
 6 SYSTEMPATH\CodeIgniter.php(498): CodeIgniter\CodeIgniter->createController()
 7 SYSTEMPATH\CodeIgniter.php(354): CodeIgniter\CodeIgniter->handleRequest(null, Object(Config\Cache), false)
 8 SYSTEMPATH\Boot.php(363): CodeIgniter\CodeIgniter->run()
 9 SYSTEMPATH\Boot.php(68): CodeIgniter\Boot::runCodeIgniter(Object(CodeIgniter\CodeIgniter))
10 FCPATH\index.php(59): CodeIgniter\Boot::bootWeb(Object(Config\Paths))
DEBUG - 2025-10-31 07:00:33 --> Session: Class initialized using 'CodeIgniter\Session\Handlers\FileHandler' driver.
WARNING - 2025-10-31 07:00:33 --> [DEPRECATED] Optional parameter $filters declared before required parameter $id_dep is implicitly treated as a required parameter in APPPATH\Models\Model_arsip.php on line 303.
 1 SYSTEMPATH\Autoloader\Autoloader.php(315): include_once('C:\\xampp\\htdocs\\e-arsip_ci4\\system\\Debug\\Exceptions.php')
 2 SYSTEMPATH\Autoloader\Autoloader.php(295): CodeIgniter\Autoloader\Autoloader->includeFile('C:\\xampp\\htdocs\\e-arsip_ci4\\app\\Models\\Model_arsip.php')
 3 SYSTEMPATH\Autoloader\Autoloader.php(271): CodeIgniter\Autoloader\Autoloader->loadInNamespace('App\\Models\\Model_arsip')
 4 APPPATH\Controllers\Cari.php(20): CodeIgniter\Autoloader\Autoloader->loadClass('App\\Models\\Model_arsip')
 5 SYSTEMPATH\CodeIgniter.php(903): App\Controllers\Cari->__construct()
 6 SYSTEMPATH\CodeIgniter.php(498): CodeIgniter\CodeIgniter->createController()
 7 SYSTEMPATH\CodeIgniter.php(354): CodeIgniter\CodeIgniter->handleRequest(null, Object(Config\Cache), false)
 8 SYSTEMPATH\Boot.php(363): CodeIgniter\CodeIgniter->run()
 9 SYSTEMPATH\Boot.php(68): CodeIgniter\Boot::runCodeIgniter(Object(CodeIgniter\CodeIgniter))
10 FCPATH\index.php(59): CodeIgniter\Boot::bootWeb(Object(Config\Paths))
DEBUG - 2025-10-31 07:00:34 --> Session: Class initialized using 'CodeIgniter\Session\Handlers\FileHandler' driver.
WARNING - 2025-10-31 07:00:34 --> [DEPRECATED] Optional parameter $filters declared before required parameter $id_dep is implicitly treated as a required parameter in APPPATH\Models\Model_arsip.php on line 303.
 1 SYSTEMPATH\Autoloader\Autoloader.php(315): include_once('C:\\xampp\\htdocs\\e-arsip_ci4\\system\\Debug\\Exceptions.php')
 2 SYSTEMPATH\Autoloader\Autoloader.php(295): CodeIgniter\Autoloader\Autoloader->includeFile('C:\\xampp\\htdocs\\e-arsip_ci4\\app\\Models\\Model_arsip.php')
 3 SYSTEMPATH\Autoloader\Autoloader.php(271): CodeIgniter\Autoloader\Autoloader->loadInNamespace('App\\Models\\Model_arsip')
 4 APPPATH\Controllers\Cari.php(20): CodeIgniter\Autoloader\Autoloader->loadClass('App\\Models\\Model_arsip')
 5 SYSTEMPATH\CodeIgniter.php(903): App\Controllers\Cari->__construct()
 6 SYSTEMPATH\CodeIgniter.php(498): CodeIgniter\CodeIgniter->createController()
 7 SYSTEMPATH\CodeIgniter.php(354): CodeIgniter\CodeIgniter->handleRequest(null, Object(Config\Cache), false)
 8 SYSTEMPATH\Boot.php(363): CodeIgniter\CodeIgniter->run()
 9 SYSTEMPATH\Boot.php(68): CodeIgniter\Boot::runCodeIgniter(Object(CodeIgniter\CodeIgniter))
10 FCPATH\index.php(59): CodeIgniter\Boot::bootWeb(Object(Config\Paths))
DEBUG - 2025-10-31 07:02:09 --> Session: Class initialized using 'CodeIgniter\Session\Handlers\FileHandler' driver.
WARNING - 2025-10-31 07:02:09 --> [DEPRECATED] Optional parameter $filters declared before required parameter $id_dep is implicitly treated as a required parameter in APPPATH\Models\Model_arsip.php on line 303.
 1 SYSTEMPATH\Autoloader\Autoloader.php(315): include_once('C:\\xampp\\htdocs\\e-arsip_ci4\\system\\Debug\\Exceptions.php')
 2 SYSTEMPATH\Autoloader\Autoloader.php(295): CodeIgniter\Autoloader\Autoloader->includeFile('C:\\xampp\\htdocs\\e-arsip_ci4\\app\\Models\\Model_arsip.php')
 3 SYSTEMPATH\Autoloader\Autoloader.php(271): CodeIgniter\Autoloader\Autoloader->loadInNamespace('App\\Models\\Model_arsip')
 4 APPPATH\Controllers\Cari.php(20): CodeIgniter\Autoloader\Autoloader->loadClass('App\\Models\\Model_arsip')
 5 SYSTEMPATH\CodeIgniter.php(903): App\Controllers\Cari->__construct()
 6 SYSTEMPATH\CodeIgniter.php(498): CodeIgniter\CodeIgniter->createController()
 7 SYSTEMPATH\CodeIgniter.php(354): CodeIgniter\CodeIgniter->handleRequest(null, Object(Config\Cache), false)
 8 SYSTEMPATH\Boot.php(363): CodeIgniter\CodeIgniter->run()
 9 SYSTEMPATH\Boot.php(68): CodeIgniter\Boot::runCodeIgniter(Object(CodeIgniter\CodeIgniter))
10 FCPATH\index.php(59): CodeIgniter\Boot::bootWeb(Object(Config\Paths))
DEBUG - 2025-10-31 07:02:10 --> Session: Class initialized using 'CodeIgniter\Session\Handlers\FileHandler' driver.
WARNING - 2025-10-31 07:02:10 --> [DEPRECATED] Optional parameter $filters declared before required parameter $id_dep is implicitly treated as a required parameter in APPPATH\Models\Model_arsip.php on line 303.
 1 SYSTEMPATH\Autoloader\Autoloader.php(315): include_once('C:\\xampp\\htdocs\\e-arsip_ci4\\system\\Debug\\Exceptions.php')
 2 SYSTEMPATH\Autoloader\Autoloader.php(295): CodeIgniter\Autoloader\Autoloader->includeFile('C:\\xampp\\htdocs\\e-arsip_ci4\\app\\Models\\Model_arsip.php')
 3 SYSTEMPATH\Autoloader\Autoloader.php(271): CodeIgniter\Autoloader\Autoloader->loadInNamespace('App\\Models\\Model_arsip')
 4 APPPATH\Controllers\Cari.php(20): CodeIgniter\Autoloader\Autoloader->loadClass('App\\Models\\Model_arsip')
 5 SYSTEMPATH\CodeIgniter.php(903): App\Controllers\Cari->__construct()
 6 SYSTEMPATH\CodeIgniter.php(498): CodeIgniter\CodeIgniter->createController()
 7 SYSTEMPATH\CodeIgniter.php(354): CodeIgniter\CodeIgniter->handleRequest(null, Object(Config\Cache), false)
 8 SYSTEMPATH\Boot.php(363): CodeIgniter\CodeIgniter->run()
 9 SYSTEMPATH\Boot.php(68): CodeIgniter\Boot::runCodeIgniter(Object(CodeIgniter\CodeIgniter))
10 FCPATH\index.php(59): CodeIgniter\Boot::bootWeb(Object(Config\Paths))
DEBUG - 2025-10-31 07:02:10 --> Session: Class initialized using 'CodeIgniter\Session\Handlers\FileHandler' driver.
WARNING - 2025-10-31 07:02:10 --> [DEPRECATED] Optional parameter $filters declared before required parameter $id_dep is implicitly treated as a required parameter in APPPATH\Models\Model_arsip.php on line 303.
 1 SYSTEMPATH\Autoloader\Autoloader.php(315): include_once('C:\\xampp\\htdocs\\e-arsip_ci4\\system\\Debug\\Exceptions.php')
 2 SYSTEMPATH\Autoloader\Autoloader.php(295): CodeIgniter\Autoloader\Autoloader->includeFile('C:\\xampp\\htdocs\\e-arsip_ci4\\app\\Models\\Model_arsip.php')
 3 SYSTEMPATH\Autoloader\Autoloader.php(271): CodeIgniter\Autoloader\Autoloader->loadInNamespace('App\\Models\\Model_arsip')
 4 APPPATH\Controllers\Cari.php(20): CodeIgniter\Autoloader\Autoloader->loadClass('App\\Models\\Model_arsip')
 5 SYSTEMPATH\CodeIgniter.php(903): App\Controllers\Cari->__construct()
 6 SYSTEMPATH\CodeIgniter.php(498): CodeIgniter\CodeIgniter->createController()
 7 SYSTEMPATH\CodeIgniter.php(354): CodeIgniter\CodeIgniter->handleRequest(null, Object(Config\Cache), false)
 8 SYSTEMPATH\Boot.php(363): CodeIgniter\CodeIgniter->run()
 9 SYSTEMPATH\Boot.php(68): CodeIgniter\Boot::runCodeIgniter(Object(CodeIgniter\CodeIgniter))
10 FCPATH\index.php(59): CodeIgniter\Boot::bootWeb(Object(Config\Paths))
DEBUG - 2025-10-31 07:02:10 --> Session: Class initialized using 'CodeIgniter\Session\Handlers\FileHandler' driver.
WARNING - 2025-10-31 07:02:10 --> [DEPRECATED] Optional parameter $filters declared before required parameter $id_dep is implicitly treated as a required parameter in APPPATH\Models\Model_arsip.php on line 303.
 1 SYSTEMPATH\Autoloader\Autoloader.php(315): include_once('C:\\xampp\\htdocs\\e-arsip_ci4\\system\\Debug\\Exceptions.php')
 2 SYSTEMPATH\Autoloader\Autoloader.php(295): CodeIgniter\Autoloader\Autoloader->includeFile('C:\\xampp\\htdocs\\e-arsip_ci4\\app\\Models\\Model_arsip.php')
 3 SYSTEMPATH\Autoloader\Autoloader.php(271): CodeIgniter\Autoloader\Autoloader->loadInNamespace('App\\Models\\Model_arsip')
 4 APPPATH\Controllers\Cari.php(20): CodeIgniter\Autoloader\Autoloader->loadClass('App\\Models\\Model_arsip')
 5 SYSTEMPATH\CodeIgniter.php(903): App\Controllers\Cari->__construct()
 6 SYSTEMPATH\CodeIgniter.php(498): CodeIgniter\CodeIgniter->createController()
 7 SYSTEMPATH\CodeIgniter.php(354): CodeIgniter\CodeIgniter->handleRequest(null, Object(Config\Cache), false)
 8 SYSTEMPATH\Boot.php(363): CodeIgniter\CodeIgniter->run()
 9 SYSTEMPATH\Boot.php(68): CodeIgniter\Boot::runCodeIgniter(Object(CodeIgniter\CodeIgniter))
10 FCPATH\index.php(59): CodeIgniter\Boot::bootWeb(Object(Config\Paths))
DEBUG - 2025-10-31 07:02:11 --> Session: Class initialized using 'CodeIgniter\Session\Handlers\FileHandler' driver.
WARNING - 2025-10-31 07:02:11 --> [DEPRECATED] Optional parameter $filters declared before required parameter $id_dep is implicitly treated as a required parameter in APPPATH\Models\Model_arsip.php on line 303.
 1 SYSTEMPATH\Autoloader\Autoloader.php(315): include_once('C:\\xampp\\htdocs\\e-arsip_ci4\\system\\Debug\\Exceptions.php')
 2 SYSTEMPATH\Autoloader\Autoloader.php(295): CodeIgniter\Autoloader\Autoloader->includeFile('C:\\xampp\\htdocs\\e-arsip_ci4\\app\\Models\\Model_arsip.php')
 3 SYSTEMPATH\Autoloader\Autoloader.php(271): CodeIgniter\Autoloader\Autoloader->loadInNamespace('App\\Models\\Model_arsip')
 4 APPPATH\Controllers\Cari.php(20): CodeIgniter\Autoloader\Autoloader->loadClass('App\\Models\\Model_arsip')
 5 SYSTEMPATH\CodeIgniter.php(903): App\Controllers\Cari->__construct()
 6 SYSTEMPATH\CodeIgniter.php(498): CodeIgniter\CodeIgniter->createController()
 7 SYSTEMPATH\CodeIgniter.php(354): CodeIgniter\CodeIgniter->handleRequest(null, Object(Config\Cache), false)
 8 SYSTEMPATH\Boot.php(363): CodeIgniter\CodeIgniter->run()
 9 SYSTEMPATH\Boot.php(68): CodeIgniter\Boot::runCodeIgniter(Object(CodeIgniter\CodeIgniter))
10 FCPATH\index.php(59): CodeIgniter\Boot::bootWeb(Object(Config\Paths))
DEBUG - 2025-10-31 07:02:19 --> Session: Class initialized using 'CodeIgniter\Session\Handlers\FileHandler' driver.
DEBUG - 2025-10-31 07:02:28 --> Session: Class initialized using 'CodeIgniter\Session\Handlers\FileHandler' driver.
DEBUG - 2025-10-31 07:02:28 --> Session: Class initialized using 'CodeIgniter\Session\Handlers\FileHandler' driver.
WARNING - 2025-10-31 07:02:28 --> [DEPRECATED] Optional parameter $filters declared before required parameter $id_dep is implicitly treated as a required parameter in APPPATH\Models\Model_arsip.php on line 303.
 1 SYSTEMPATH\Autoloader\Autoloader.php(315): include_once('C:\\xampp\\htdocs\\e-arsip_ci4\\system\\Debug\\Exceptions.php')
 2 SYSTEMPATH\Autoloader\Autoloader.php(295): CodeIgniter\Autoloader\Autoloader->includeFile('C:\\xampp\\htdocs\\e-arsip_ci4\\app\\Models\\Model_arsip.php')
 3 SYSTEMPATH\Autoloader\Autoloader.php(271): CodeIgniter\Autoloader\Autoloader->loadInNamespace('App\\Models\\Model_arsip')
 4 APPPATH\Controllers\Home.php(23): CodeIgniter\Autoloader\Autoloader->loadClass('App\\Models\\Model_arsip')
 5 SYSTEMPATH\CodeIgniter.php(903): App\Controllers\Home->__construct()
 6 SYSTEMPATH\CodeIgniter.php(498): CodeIgniter\CodeIgniter->createController()
 7 SYSTEMPATH\CodeIgniter.php(354): CodeIgniter\CodeIgniter->handleRequest(null, Object(Config\Cache), false)
 8 SYSTEMPATH\Boot.php(363): CodeIgniter\CodeIgniter->run()
 9 SYSTEMPATH\Boot.php(68): CodeIgniter\Boot::runCodeIgniter(Object(CodeIgniter\CodeIgniter))
10 FCPATH\index.php(59): CodeIgniter\Boot::bootWeb(Object(Config\Paths))
DEBUG - 2025-10-31 07:02:29 --> Session: Class initialized using 'CodeIgniter\Session\Handlers\FileHandler' driver.
WARNING - 2025-10-31 07:02:29 --> [DEPRECATED] Optional parameter $filters declared before required parameter $id_dep is implicitly treated as a required parameter in APPPATH\Models\Model_arsip.php on line 303.
 1 SYSTEMPATH\Autoloader\Autoloader.php(315): include_once('C:\\xampp\\htdocs\\e-arsip_ci4\\system\\Debug\\Exceptions.php')
 2 SYSTEMPATH\Autoloader\Autoloader.php(295): CodeIgniter\Autoloader\Autoloader->includeFile('C:\\xampp\\htdocs\\e-arsip_ci4\\app\\Models\\Model_arsip.php')
 3 SYSTEMPATH\Autoloader\Autoloader.php(271): CodeIgniter\Autoloader\Autoloader->loadInNamespace('App\\Models\\Model_arsip')
 4 APPPATH\Controllers\Cari.php(20): CodeIgniter\Autoloader\Autoloader->loadClass('App\\Models\\Model_arsip')
 5 SYSTEMPATH\CodeIgniter.php(903): App\Controllers\Cari->__construct()
 6 SYSTEMPATH\CodeIgniter.php(498): CodeIgniter\CodeIgniter->createController()
 7 SYSTEMPATH\CodeIgniter.php(354): CodeIgniter\CodeIgniter->handleRequest(null, Object(Config\Cache), false)
 8 SYSTEMPATH\Boot.php(363): CodeIgniter\CodeIgniter->run()
 9 SYSTEMPATH\Boot.php(68): CodeIgniter\Boot::runCodeIgniter(Object(CodeIgniter\CodeIgniter))
10 FCPATH\index.php(59): CodeIgniter\Boot::bootWeb(Object(Config\Paths))
DEBUG - 2025-10-31 07:13:09 --> Session: Class initialized using 'CodeIgniter\Session\Handlers\FileHandler' driver.
WARNING - 2025-10-31 07:13:09 --> [DEPRECATED] Optional parameter $filters declared before required parameter $id_dep is implicitly treated as a required parameter in APPPATH\Models\Model_arsip.php on line 303.
 1 SYSTEMPATH\Autoloader\Autoloader.php(315): include_once('C:\\xampp\\htdocs\\e-arsip_ci4\\system\\Debug\\Exceptions.php')
 2 SYSTEMPATH\Autoloader\Autoloader.php(295): CodeIgniter\Autoloader\Autoloader->includeFile('C:\\xampp\\htdocs\\e-arsip_ci4\\app\\Models\\Model_arsip.php')
 3 SYSTEMPATH\Autoloader\Autoloader.php(271): CodeIgniter\Autoloader\Autoloader->loadInNamespace('App\\Models\\Model_arsip')
 4 APPPATH\Controllers\Arsip.php(26): CodeIgniter\Autoloader\Autoloader->loadClass('App\\Models\\Model_arsip')
 5 SYSTEMPATH\CodeIgniter.php(903): App\Controllers\Arsip->__construct()
 6 SYSTEMPATH\CodeIgniter.php(498): CodeIgniter\CodeIgniter->createController()
 7 SYSTEMPATH\CodeIgniter.php(354): CodeIgniter\CodeIgniter->handleRequest(null, Object(Config\Cache), false)
 8 SYSTEMPATH\Boot.php(363): CodeIgniter\CodeIgniter->run()
 9 SYSTEMPATH\Boot.php(68): CodeIgniter\Boot::runCodeIgniter(Object(CodeIgniter\CodeIgniter))
10 FCPATH\index.php(59): CodeIgniter\Boot::bootWeb(Object(Config\Paths))
DEBUG - 2025-10-31 07:16:22 --> Session: Class initialized using 'CodeIgniter\Session\Handlers\FileHandler' driver.
WARNING - 2025-10-31 07:16:22 --> [DEPRECATED] Optional parameter $filters declared before required parameter $id_dep is implicitly treated as a required parameter in APPPATH\Models\Model_arsip.php on line 303.
 1 SYSTEMPATH\Autoloader\Autoloader.php(315): include_once('C:\\xampp\\htdocs\\e-arsip_ci4\\system\\Debug\\Exceptions.php')
 2 SYSTEMPATH\Autoloader\Autoloader.php(295): CodeIgniter\Autoloader\Autoloader->includeFile('C:\\xampp\\htdocs\\e-arsip_ci4\\app\\Models\\Model_arsip.php')
 3 SYSTEMPATH\Autoloader\Autoloader.php(271): CodeIgniter\Autoloader\Autoloader->loadInNamespace('App\\Models\\Model_arsip')
 4 APPPATH\Controllers\Cari.php(20): CodeIgniter\Autoloader\Autoloader->loadClass('App\\Models\\Model_arsip')
 5 SYSTEMPATH\CodeIgniter.php(903): App\Controllers\Cari->__construct()
 6 SYSTEMPATH\CodeIgniter.php(498): CodeIgniter\CodeIgniter->createController()
 7 SYSTEMPATH\CodeIgniter.php(354): CodeIgniter\CodeIgniter->handleRequest(null, Object(Config\Cache), false)
 8 SYSTEMPATH\Boot.php(363): CodeIgniter\CodeIgniter->run()
 9 SYSTEMPATH\Boot.php(68): CodeIgniter\Boot::runCodeIgniter(Object(CodeIgniter\CodeIgniter))
10 FCPATH\index.php(59): CodeIgniter\Boot::bootWeb(Object(Config\Paths))
DEBUG - 2025-10-31 07:16:35 --> Session: Class initialized using 'CodeIgniter\Session\Handlers\FileHandler' driver.
DEBUG - 2025-10-31 07:16:39 --> Session: Class initialized using 'CodeIgniter\Session\Handlers\FileHandler' driver.
DEBUG - 2025-10-31 07:16:39 --> Session: Class initialized using 'CodeIgniter\Session\Handlers\FileHandler' driver.
DEBUG - 2025-10-31 07:16:46 --> Session: Class initialized using 'CodeIgniter\Session\Handlers\FileHandler' driver.
DEBUG - 2025-10-31 07:16:46 --> Session: Class initialized using 'CodeIgniter\Session\Handlers\FileHandler' driver.
WARNING - 2025-10-31 07:16:46 --> [DEPRECATED] Optional parameter $filters declared before required parameter $id_dep is implicitly treated as a required parameter in APPPATH\Models\Model_arsip.php on line 303.
 1 SYSTEMPATH\Autoloader\Autoloader.php(315): include_once('C:\\xampp\\htdocs\\e-arsip_ci4\\system\\Debug\\Exceptions.php')
 2 SYSTEMPATH\Autoloader\Autoloader.php(295): CodeIgniter\Autoloader\Autoloader->includeFile('C:\\xampp\\htdocs\\e-arsip_ci4\\app\\Models\\Model_arsip.php')
 3 SYSTEMPATH\Autoloader\Autoloader.php(271): CodeIgniter\Autoloader\Autoloader->loadInNamespace('App\\Models\\Model_arsip')
 4 APPPATH\Controllers\Home.php(23): CodeIgniter\Autoloader\Autoloader->loadClass('App\\Models\\Model_arsip')
 5 SYSTEMPATH\CodeIgniter.php(903): App\Controllers\Home->__construct()
 6 SYSTEMPATH\CodeIgniter.php(498): CodeIgniter\CodeIgniter->createController()
 7 SYSTEMPATH\CodeIgniter.php(354): CodeIgniter\CodeIgniter->handleRequest(null, Object(Config\Cache), false)
 8 SYSTEMPATH\Boot.php(363): CodeIgniter\CodeIgniter->run()
 9 SYSTEMPATH\Boot.php(68): CodeIgniter\Boot::runCodeIgniter(Object(CodeIgniter\CodeIgniter))
10 FCPATH\index.php(59): CodeIgniter\Boot::bootWeb(Object(Config\Paths))
DEBUG - 2025-10-31 07:16:48 --> Session: Class initialized using 'CodeIgniter\Session\Handlers\FileHandler' driver.
DEBUG - 2025-10-31 07:16:49 --> Session: Class initialized using 'CodeIgniter\Session\Handlers\FileHandler' driver.
DEBUG - 2025-10-31 07:16:49 --> Session: Class initialized using 'CodeIgniter\Session\Handlers\FileHandler' driver.
WARNING - 2025-10-31 07:16:49 --> [DEPRECATED] Optional parameter $filters declared before required parameter $id_dep is implicitly treated as a required parameter in APPPATH\Models\Model_arsip.php on line 303.
 1 SYSTEMPATH\Autoloader\Autoloader.php(315): include_once('C:\\xampp\\htdocs\\e-arsip_ci4\\system\\Debug\\Exceptions.php')
 2 SYSTEMPATH\Autoloader\Autoloader.php(295): CodeIgniter\Autoloader\Autoloader->includeFile('C:\\xampp\\htdocs\\e-arsip_ci4\\app\\Models\\Model_arsip.php')
 3 SYSTEMPATH\Autoloader\Autoloader.php(271): CodeIgniter\Autoloader\Autoloader->loadInNamespace('App\\Models\\Model_arsip')
 4 APPPATH\Controllers\Cari.php(20): CodeIgniter\Autoloader\Autoloader->loadClass('App\\Models\\Model_arsip')
 5 SYSTEMPATH\CodeIgniter.php(903): App\Controllers\Cari->__construct()
 6 SYSTEMPATH\CodeIgniter.php(498): CodeIgniter\CodeIgniter->createController()
 7 SYSTEMPATH\CodeIgniter.php(354): CodeIgniter\CodeIgniter->handleRequest(null, Object(Config\Cache), false)
 8 SYSTEMPATH\Boot.php(363): CodeIgniter\CodeIgniter->run()
 9 SYSTEMPATH\Boot.php(68): CodeIgniter\Boot::runCodeIgniter(Object(CodeIgniter\CodeIgniter))
10 FCPATH\index.php(59): CodeIgniter\Boot::bootWeb(Object(Config\Paths))
DEBUG - 2025-10-31 07:22:55 --> Session: Class initialized using 'CodeIgniter\Session\Handlers\FileHandler' driver.
DEBUG - 2025-10-31 07:23:10 --> Session: Class initialized using 'CodeIgniter\Session\Handlers\FileHandler' driver.
DEBUG - 2025-10-31 07:23:10 --> Session: Class initialized using 'CodeIgniter\Session\Handlers\FileHandler' driver.
WARNING - 2025-10-31 07:23:10 --> [DEPRECATED] Optional parameter $filters declared before required parameter $id_dep is implicitly treated as a required parameter in APPPATH\Models\Model_arsip.php on line 303.
 1 SYSTEMPATH\Autoloader\Autoloader.php(315): include_once('C:\\xampp\\htdocs\\e-arsip_ci4\\system\\Debug\\Exceptions.php')
 2 SYSTEMPATH\Autoloader\Autoloader.php(295): CodeIgniter\Autoloader\Autoloader->includeFile('C:\\xampp\\htdocs\\e-arsip_ci4\\app\\Models\\Model_arsip.php')
 3 SYSTEMPATH\Autoloader\Autoloader.php(271): CodeIgniter\Autoloader\Autoloader->loadInNamespace('App\\Models\\Model_arsip')
 4 APPPATH\Controllers\Home.php(23): CodeIgniter\Autoloader\Autoloader->loadClass('App\\Models\\Model_arsip')
 5 SYSTEMPATH\CodeIgniter.php(903): App\Controllers\Home->__construct()
 6 SYSTEMPATH\CodeIgniter.php(498): CodeIgniter\CodeIgniter->createController()
 7 SYSTEMPATH\CodeIgniter.php(354): CodeIgniter\CodeIgniter->handleRequest(null, Object(Config\Cache), false)
 8 SYSTEMPATH\Boot.php(363): CodeIgniter\CodeIgniter->run()
 9 SYSTEMPATH\Boot.php(68): CodeIgniter\Boot::runCodeIgniter(Object(CodeIgniter\CodeIgniter))
10 FCPATH\index.php(59): CodeIgniter\Boot::bootWeb(Object(Config\Paths))
DEBUG - 2025-10-31 07:23:12 --> Session: Class initialized using 'CodeIgniter\Session\Handlers\FileHandler' driver.
WARNING - 2025-10-31 07:23:12 --> [DEPRECATED] Optional parameter $filters declared before required parameter $id_dep is implicitly treated as a required parameter in APPPATH\Models\Model_arsip.php on line 303.
 1 SYSTEMPATH\Autoloader\Autoloader.php(315): include_once('C:\\xampp\\htdocs\\e-arsip_ci4\\system\\Debug\\Exceptions.php')
 2 SYSTEMPATH\Autoloader\Autoloader.php(295): CodeIgniter\Autoloader\Autoloader->includeFile('C:\\xampp\\htdocs\\e-arsip_ci4\\app\\Models\\Model_arsip.php')
 3 SYSTEMPATH\Autoloader\Autoloader.php(271): CodeIgniter\Autoloader\Autoloader->loadInNamespace('App\\Models\\Model_arsip')
 4 APPPATH\Controllers\Cari.php(20): CodeIgniter\Autoloader\Autoloader->loadClass('App\\Models\\Model_arsip')
 5 SYSTEMPATH\CodeIgniter.php(903): App\Controllers\Cari->__construct()
 6 SYSTEMPATH\CodeIgniter.php(498): CodeIgniter\CodeIgniter->createController()
 7 SYSTEMPATH\CodeIgniter.php(354): CodeIgniter\CodeIgniter->handleRequest(null, Object(Config\Cache), false)
 8 SYSTEMPATH\Boot.php(363): CodeIgniter\CodeIgniter->run()
 9 SYSTEMPATH\Boot.php(68): CodeIgniter\Boot::runCodeIgniter(Object(CodeIgniter\CodeIgniter))
10 FCPATH\index.php(59): CodeIgniter\Boot::bootWeb(Object(Config\Paths))
DEBUG - 2025-10-31 07:45:27 --> Session: Class initialized using 'CodeIgniter\Session\Handlers\FileHandler' driver.
WARNING - 2025-10-31 07:45:27 --> [DEPRECATED] Optional parameter $filters declared before required parameter $id_dep is implicitly treated as a required parameter in APPPATH\Models\Model_arsip.php on line 303.
 1 SYSTEMPATH\Autoloader\Autoloader.php(315): include_once('C:\\xampp\\htdocs\\e-arsip_ci4\\system\\Debug\\Exceptions.php')
 2 SYSTEMPATH\Autoloader\Autoloader.php(295): CodeIgniter\Autoloader\Autoloader->includeFile('C:\\xampp\\htdocs\\e-arsip_ci4\\app\\Models\\Model_arsip.php')
 3 SYSTEMPATH\Autoloader\Autoloader.php(271): CodeIgniter\Autoloader\Autoloader->loadInNamespace('App\\Models\\Model_arsip')
 4 APPPATH\Controllers\Cari.php(20): CodeIgniter\Autoloader\Autoloader->loadClass('App\\Models\\Model_arsip')
 5 SYSTEMPATH\CodeIgniter.php(903): App\Controllers\Cari->__construct()
 6 SYSTEMPATH\CodeIgniter.php(498): CodeIgniter\CodeIgniter->createController()
 7 SYSTEMPATH\CodeIgniter.php(354): CodeIgniter\CodeIgniter->handleRequest(null, Object(Config\Cache), false)
 8 SYSTEMPATH\Boot.php(363): CodeIgniter\CodeIgniter->run()
 9 SYSTEMPATH\Boot.php(68): CodeIgniter\Boot::runCodeIgniter(Object(CodeIgniter\CodeIgniter))
10 FCPATH\index.php(59): CodeIgniter\Boot::bootWeb(Object(Config\Paths))
DEBUG - 2025-10-31 07:45:35 --> Session: Class initialized using 'CodeIgniter\Session\Handlers\FileHandler' driver.
WARNING - 2025-10-31 07:45:35 --> [DEPRECATED] Optional parameter $filters declared before required parameter $id_dep is implicitly treated as a required parameter in APPPATH\Models\Model_arsip.php on line 303.
 1 SYSTEMPATH\Autoloader\Autoloader.php(315): include_once('C:\\xampp\\htdocs\\e-arsip_ci4\\system\\Debug\\Exceptions.php')
 2 SYSTEMPATH\Autoloader\Autoloader.php(295): CodeIgniter\Autoloader\Autoloader->includeFile('C:\\xampp\\htdocs\\e-arsip_ci4\\app\\Models\\Model_arsip.php')
 3 SYSTEMPATH\Autoloader\Autoloader.php(271): CodeIgniter\Autoloader\Autoloader->loadInNamespace('App\\Models\\Model_arsip')
 4 APPPATH\Controllers\Cari.php(20): CodeIgniter\Autoloader\Autoloader->loadClass('App\\Models\\Model_arsip')
 5 SYSTEMPATH\CodeIgniter.php(903): App\Controllers\Cari->__construct()
 6 SYSTEMPATH\CodeIgniter.php(498): CodeIgniter\CodeIgniter->createController()
 7 SYSTEMPATH\CodeIgniter.php(354): CodeIgniter\CodeIgniter->handleRequest(null, Object(Config\Cache), false)
 8 SYSTEMPATH\Boot.php(363): CodeIgniter\CodeIgniter->run()
 9 SYSTEMPATH\Boot.php(68): CodeIgniter\Boot::runCodeIgniter(Object(CodeIgniter\CodeIgniter))
10 FCPATH\index.php(59): CodeIgniter\Boot::bootWeb(Object(Config\Paths))
DEBUG - 2025-10-31 07:48:43 --> Session: Class initialized using 'CodeIgniter\Session\Handlers\FileHandler' driver.
WARNING - 2025-10-31 07:48:43 --> [DEPRECATED] Optional parameter $filters declared before required parameter $id_dep is implicitly treated as a required parameter in APPPATH\Models\Model_arsip.php on line 303.
 1 SYSTEMPATH\Autoloader\Autoloader.php(315): include_once('C:\\xampp\\htdocs\\e-arsip_ci4\\system\\Debug\\Exceptions.php')
 2 SYSTEMPATH\Autoloader\Autoloader.php(295): CodeIgniter\Autoloader\Autoloader->includeFile('C:\\xampp\\htdocs\\e-arsip_ci4\\app\\Models\\Model_arsip.php')
 3 SYSTEMPATH\Autoloader\Autoloader.php(271): CodeIgniter\Autoloader\Autoloader->loadInNamespace('App\\Models\\Model_arsip')
 4 APPPATH\Controllers\Cari.php(20): CodeIgniter\Autoloader\Autoloader->loadClass('App\\Models\\Model_arsip')
 5 SYSTEMPATH\CodeIgniter.php(903): App\Controllers\Cari->__construct()
 6 SYSTEMPATH\CodeIgniter.php(498): CodeIgniter\CodeIgniter->createController()
 7 SYSTEMPATH\CodeIgniter.php(354): CodeIgniter\CodeIgniter->handleRequest(null, Object(Config\Cache), false)
 8 SYSTEMPATH\Boot.php(363): CodeIgniter\CodeIgniter->run()
 9 SYSTEMPATH\Boot.php(68): CodeIgniter\Boot::runCodeIgniter(Object(CodeIgniter\CodeIgniter))
10 FCPATH\index.php(59): CodeIgniter\Boot::bootWeb(Object(Config\Paths))
DEBUG - 2025-10-31 07:49:14 --> Session: Class initialized using 'CodeIgniter\Session\Handlers\FileHandler' driver.
DEBUG - 2025-10-31 07:49:18 --> Session: Class initialized using 'CodeIgniter\Session\Handlers\FileHandler' driver.
DEBUG - 2025-10-31 07:49:18 --> Session: Class initialized using 'CodeIgniter\Session\Handlers\FileHandler' driver.
DEBUG - 2025-10-31 07:49:24 --> Session: Class initialized using 'CodeIgniter\Session\Handlers\FileHandler' driver.
DEBUG - 2025-10-31 07:49:24 --> Session: Class initialized using 'CodeIgniter\Session\Handlers\FileHandler' driver.
WARNING - 2025-10-31 07:49:24 --> [DEPRECATED] Optional parameter $filters declared before required parameter $id_dep is implicitly treated as a required parameter in APPPATH\Models\Model_arsip.php on line 303.
 1 SYSTEMPATH\Autoloader\Autoloader.php(315): include_once('C:\\xampp\\htdocs\\e-arsip_ci4\\system\\Debug\\Exceptions.php')
 2 SYSTEMPATH\Autoloader\Autoloader.php(295): CodeIgniter\Autoloader\Autoloader->includeFile('C:\\xampp\\htdocs\\e-arsip_ci4\\app\\Models\\Model_arsip.php')
 3 SYSTEMPATH\Autoloader\Autoloader.php(271): CodeIgniter\Autoloader\Autoloader->loadInNamespace('App\\Models\\Model_arsip')
 4 APPPATH\Controllers\Home.php(23): CodeIgniter\Autoloader\Autoloader->loadClass('App\\Models\\Model_arsip')
 5 SYSTEMPATH\CodeIgniter.php(903): App\Controllers\Home->__construct()
 6 SYSTEMPATH\CodeIgniter.php(498): CodeIgniter\CodeIgniter->createController()
 7 SYSTEMPATH\CodeIgniter.php(354): CodeIgniter\CodeIgniter->handleRequest(null, Object(Config\Cache), false)
 8 SYSTEMPATH\Boot.php(363): CodeIgniter\CodeIgniter->run()
 9 SYSTEMPATH\Boot.php(68): CodeIgniter\Boot::runCodeIgniter(Object(CodeIgniter\CodeIgniter))
10 FCPATH\index.php(59): CodeIgniter\Boot::bootWeb(Object(Config\Paths))
DEBUG - 2025-10-31 07:49:26 --> Session: Class initialized using 'CodeIgniter\Session\Handlers\FileHandler' driver.
WARNING - 2025-10-31 07:49:26 --> [DEPRECATED] Optional parameter $filters declared before required parameter $id_dep is implicitly treated as a required parameter in APPPATH\Models\Model_arsip.php on line 303.
 1 SYSTEMPATH\Autoloader\Autoloader.php(315): include_once('C:\\xampp\\htdocs\\e-arsip_ci4\\system\\Debug\\Exceptions.php')
 2 SYSTEMPATH\Autoloader\Autoloader.php(295): CodeIgniter\Autoloader\Autoloader->includeFile('C:\\xampp\\htdocs\\e-arsip_ci4\\app\\Models\\Model_arsip.php')
 3 SYSTEMPATH\Autoloader\Autoloader.php(271): CodeIgniter\Autoloader\Autoloader->loadInNamespace('App\\Models\\Model_arsip')
 4 APPPATH\Controllers\Cari.php(20): CodeIgniter\Autoloader\Autoloader->loadClass('App\\Models\\Model_arsip')
 5 SYSTEMPATH\CodeIgniter.php(903): App\Controllers\Cari->__construct()
 6 SYSTEMPATH\CodeIgniter.php(498): CodeIgniter\CodeIgniter->createController()
 7 SYSTEMPATH\CodeIgniter.php(354): CodeIgniter\CodeIgniter->handleRequest(null, Object(Config\Cache), false)
 8 SYSTEMPATH\Boot.php(363): CodeIgniter\CodeIgniter->run()
 9 SYSTEMPATH\Boot.php(68): CodeIgniter\Boot::runCodeIgniter(Object(CodeIgniter\CodeIgniter))
10 FCPATH\index.php(59): CodeIgniter\Boot::bootWeb(Object(Config\Paths))
DEBUG - 2025-10-31 08:00:14 --> Session: Class initialized using 'CodeIgniter\Session\Handlers\FileHandler' driver.
WARNING - 2025-10-31 08:00:14 --> [DEPRECATED] Optional parameter $filters declared before required parameter $id_dep is implicitly treated as a required parameter in APPPATH\Models\Model_arsip.php on line 303.
 1 SYSTEMPATH\Autoloader\Autoloader.php(315): include_once('C:\\xampp\\htdocs\\e-arsip_ci4\\system\\Debug\\Exceptions.php')
 2 SYSTEMPATH\Autoloader\Autoloader.php(295): CodeIgniter\Autoloader\Autoloader->includeFile('C:\\xampp\\htdocs\\e-arsip_ci4\\app\\Models\\Model_arsip.php')
 3 SYSTEMPATH\Autoloader\Autoloader.php(271): CodeIgniter\Autoloader\Autoloader->loadInNamespace('App\\Models\\Model_arsip')
 4 APPPATH\Controllers\Cari.php(20): CodeIgniter\Autoloader\Autoloader->loadClass('App\\Models\\Model_arsip')
 5 SYSTEMPATH\CodeIgniter.php(903): App\Controllers\Cari->__construct()
 6 SYSTEMPATH\CodeIgniter.php(498): CodeIgniter\CodeIgniter->createController()
 7 SYSTEMPATH\CodeIgniter.php(354): CodeIgniter\CodeIgniter->handleRequest(null, Object(Config\Cache), false)
 8 SYSTEMPATH\Boot.php(363): CodeIgniter\CodeIgniter->run()
 9 SYSTEMPATH\Boot.php(68): CodeIgniter\Boot::runCodeIgniter(Object(CodeIgniter\CodeIgniter))
10 FCPATH\index.php(59): CodeIgniter\Boot::bootWeb(Object(Config\Paths))
DEBUG - 2025-10-31 08:00:14 --> Session: Class initialized using 'CodeIgniter\Session\Handlers\FileHandler' driver.
WARNING - 2025-10-31 08:00:14 --> [DEPRECATED] Optional parameter $filters declared before required parameter $id_dep is implicitly treated as a required parameter in APPPATH\Models\Model_arsip.php on line 303.
 1 SYSTEMPATH\Autoloader\Autoloader.php(315): include_once('C:\\xampp\\htdocs\\e-arsip_ci4\\system\\Debug\\Exceptions.php')
 2 SYSTEMPATH\Autoloader\Autoloader.php(295): CodeIgniter\Autoloader\Autoloader->includeFile('C:\\xampp\\htdocs\\e-arsip_ci4\\app\\Models\\Model_arsip.php')
 3 SYSTEMPATH\Autoloader\Autoloader.php(271): CodeIgniter\Autoloader\Autoloader->loadInNamespace('App\\Models\\Model_arsip')
 4 APPPATH\Controllers\Cari.php(20): CodeIgniter\Autoloader\Autoloader->loadClass('App\\Models\\Model_arsip')
 5 SYSTEMPATH\CodeIgniter.php(903): App\Controllers\Cari->__construct()
 6 SYSTEMPATH\CodeIgniter.php(498): CodeIgniter\CodeIgniter->createController()
 7 SYSTEMPATH\CodeIgniter.php(354): CodeIgniter\CodeIgniter->handleRequest(null, Object(Config\Cache), false)
 8 SYSTEMPATH\Boot.php(363): CodeIgniter\CodeIgniter->run()
 9 SYSTEMPATH\Boot.php(68): CodeIgniter\Boot::runCodeIgniter(Object(CodeIgniter\CodeIgniter))
10 FCPATH\index.php(59): CodeIgniter\Boot::bootWeb(Object(Config\Paths))
DEBUG - 2025-10-31 08:00:22 --> Session: Class initialized using 'CodeIgniter\Session\Handlers\FileHandler' driver.
WARNING - 2025-10-31 08:00:22 --> [DEPRECATED] Optional parameter $filters declared before required parameter $id_dep is implicitly treated as a required parameter in APPPATH\Models\Model_arsip.php on line 303.
 1 SYSTEMPATH\Autoloader\Autoloader.php(315): include_once('C:\\xampp\\htdocs\\e-arsip_ci4\\system\\Debug\\Exceptions.php')
 2 SYSTEMPATH\Autoloader\Autoloader.php(295): CodeIgniter\Autoloader\Autoloader->includeFile('C:\\xampp\\htdocs\\e-arsip_ci4\\app\\Models\\Model_arsip.php')
 3 SYSTEMPATH\Autoloader\Autoloader.php(271): CodeIgniter\Autoloader\Autoloader->loadInNamespace('App\\Models\\Model_arsip')
 4 APPPATH\Controllers\Arsip.php(26): CodeIgniter\Autoloader\Autoloader->loadClass('App\\Models\\Model_arsip')
 5 SYSTEMPATH\CodeIgniter.php(903): App\Controllers\Arsip->__construct()
 6 SYSTEMPATH\CodeIgniter.php(498): CodeIgniter\CodeIgniter->createController()
 7 SYSTEMPATH\CodeIgniter.php(354): CodeIgniter\CodeIgniter->handleRequest(null, Object(Config\Cache), false)
 8 SYSTEMPATH\Boot.php(363): CodeIgniter\CodeIgniter->run()
 9 SYSTEMPATH\Boot.php(68): CodeIgniter\Boot::runCodeIgniter(Object(CodeIgniter\CodeIgniter))
10 FCPATH\index.php(59): CodeIgniter\Boot::bootWeb(Object(Config\Paths))
DEBUG - 2025-10-31 08:00:43 --> Session: Class initialized using 'CodeIgniter\Session\Handlers\FileHandler' driver.
WARNING - 2025-10-31 08:00:43 --> [DEPRECATED] Optional parameter $filters declared before required parameter $id_dep is implicitly treated as a required parameter in APPPATH\Models\Model_arsip.php on line 303.
 1 SYSTEMPATH\Autoloader\Autoloader.php(315): include_once('C:\\xampp\\htdocs\\e-arsip_ci4\\system\\Debug\\Exceptions.php')
 2 SYSTEMPATH\Autoloader\Autoloader.php(295): CodeIgniter\Autoloader\Autoloader->includeFile('C:\\xampp\\htdocs\\e-arsip_ci4\\app\\Models\\Model_arsip.php')
 3 SYSTEMPATH\Autoloader\Autoloader.php(271): CodeIgniter\Autoloader\Autoloader->loadInNamespace('App\\Models\\Model_arsip')
 4 APPPATH\Controllers\Cari.php(20): CodeIgniter\Autoloader\Autoloader->loadClass('App\\Models\\Model_arsip')
 5 SYSTEMPATH\CodeIgniter.php(903): App\Controllers\Cari->__construct()
 6 SYSTEMPATH\CodeIgniter.php(498): CodeIgniter\CodeIgniter->createController()
 7 SYSTEMPATH\CodeIgniter.php(354): CodeIgniter\CodeIgniter->handleRequest(null, Object(Config\Cache), false)
 8 SYSTEMPATH\Boot.php(363): CodeIgniter\CodeIgniter->run()
 9 SYSTEMPATH\Boot.php(68): CodeIgniter\Boot::runCodeIgniter(Object(CodeIgniter\CodeIgniter))
10 FCPATH\index.php(59): CodeIgniter\Boot::bootWeb(Object(Config\Paths))
DEBUG - 2025-10-31 08:00:45 --> Session: Class initialized using 'CodeIgniter\Session\Handlers\FileHandler' driver.
WARNING - 2025-10-31 08:00:45 --> [DEPRECATED] Optional parameter $filters declared before required parameter $id_dep is implicitly treated as a required parameter in APPPATH\Models\Model_arsip.php on line 303.
 1 SYSTEMPATH\Autoloader\Autoloader.php(315): include_once('C:\\xampp\\htdocs\\e-arsip_ci4\\system\\Debug\\Exceptions.php')
 2 SYSTEMPATH\Autoloader\Autoloader.php(295): CodeIgniter\Autoloader\Autoloader->includeFile('C:\\xampp\\htdocs\\e-arsip_ci4\\app\\Models\\Model_arsip.php')
 3 SYSTEMPATH\Autoloader\Autoloader.php(271): CodeIgniter\Autoloader\Autoloader->loadInNamespace('App\\Models\\Model_arsip')
 4 APPPATH\Controllers\Arsip.php(26): CodeIgniter\Autoloader\Autoloader->loadClass('App\\Models\\Model_arsip')
 5 SYSTEMPATH\CodeIgniter.php(903): App\Controllers\Arsip->__construct()
 6 SYSTEMPATH\CodeIgniter.php(498): CodeIgniter\CodeIgniter->createController()
 7 SYSTEMPATH\CodeIgniter.php(354): CodeIgniter\CodeIgniter->handleRequest(null, Object(Config\Cache), false)
 8 SYSTEMPATH\Boot.php(363): CodeIgniter\CodeIgniter->run()
 9 SYSTEMPATH\Boot.php(68): CodeIgniter\Boot::runCodeIgniter(Object(CodeIgniter\CodeIgniter))
10 FCPATH\index.php(59): CodeIgniter\Boot::bootWeb(Object(Config\Paths))
DEBUG - 2025-10-31 08:00:48 --> Session: Class initialized using 'CodeIgniter\Session\Handlers\FileHandler' driver.
WARNING - 2025-10-31 08:00:48 --> [DEPRECATED] Optional parameter $filters declared before required parameter $id_dep is implicitly treated as a required parameter in APPPATH\Models\Model_arsip.php on line 303.
 1 SYSTEMPATH\Autoloader\Autoloader.php(315): include_once('C:\\xampp\\htdocs\\e-arsip_ci4\\system\\Debug\\Exceptions.php')
 2 SYSTEMPATH\Autoloader\Autoloader.php(295): CodeIgniter\Autoloader\Autoloader->includeFile('C:\\xampp\\htdocs\\e-arsip_ci4\\app\\Models\\Model_arsip.php')
 3 SYSTEMPATH\Autoloader\Autoloader.php(271): CodeIgniter\Autoloader\Autoloader->loadInNamespace('App\\Models\\Model_arsip')
 4 APPPATH\Controllers\Cari.php(20): CodeIgniter\Autoloader\Autoloader->loadClass('App\\Models\\Model_arsip')
 5 SYSTEMPATH\CodeIgniter.php(903): App\Controllers\Cari->__construct()
 6 SYSTEMPATH\CodeIgniter.php(498): CodeIgniter\CodeIgniter->createController()
 7 SYSTEMPATH\CodeIgniter.php(354): CodeIgniter\CodeIgniter->handleRequest(null, Object(Config\Cache), false)
 8 SYSTEMPATH\Boot.php(363): CodeIgniter\CodeIgniter->run()
 9 SYSTEMPATH\Boot.php(68): CodeIgniter\Boot::runCodeIgniter(Object(CodeIgniter\CodeIgniter))
10 FCPATH\index.php(59): CodeIgniter\Boot::bootWeb(Object(Config\Paths))
DEBUG - 2025-10-31 08:00:50 --> Session: Class initialized using 'CodeIgniter\Session\Handlers\FileHandler' driver.
WARNING - 2025-10-31 08:00:50 --> [DEPRECATED] Optional parameter $filters declared before required parameter $id_dep is implicitly treated as a required parameter in APPPATH\Models\Model_arsip.php on line 303.
 1 SYSTEMPATH\Autoloader\Autoloader.php(315): include_once('C:\\xampp\\htdocs\\e-arsip_ci4\\system\\Debug\\Exceptions.php')
 2 SYSTEMPATH\Autoloader\Autoloader.php(295): CodeIgniter\Autoloader\Autoloader->includeFile('C:\\xampp\\htdocs\\e-arsip_ci4\\app\\Models\\Model_arsip.php')
 3 SYSTEMPATH\Autoloader\Autoloader.php(271): CodeIgniter\Autoloader\Autoloader->loadInNamespace('App\\Models\\Model_arsip')
 4 APPPATH\Controllers\Cari.php(20): CodeIgniter\Autoloader\Autoloader->loadClass('App\\Models\\Model_arsip')
 5 SYSTEMPATH\CodeIgniter.php(903): App\Controllers\Cari->__construct()
 6 SYSTEMPATH\CodeIgniter.php(498): CodeIgniter\CodeIgniter->createController()
 7 SYSTEMPATH\CodeIgniter.php(354): CodeIgniter\CodeIgniter->handleRequest(null, Object(Config\Cache), false)
 8 SYSTEMPATH\Boot.php(363): CodeIgniter\CodeIgniter->run()
 9 SYSTEMPATH\Boot.php(68): CodeIgniter\Boot::runCodeIgniter(Object(CodeIgniter\CodeIgniter))
10 FCPATH\index.php(59): CodeIgniter\Boot::bootWeb(Object(Config\Paths))
DEBUG - 2025-10-31 08:00:51 --> Session: Class initialized using 'CodeIgniter\Session\Handlers\FileHandler' driver.
WARNING - 2025-10-31 08:00:51 --> [DEPRECATED] Optional parameter $filters declared before required parameter $id_dep is implicitly treated as a required parameter in APPPATH\Models\Model_arsip.php on line 303.
 1 SYSTEMPATH\Autoloader\Autoloader.php(315): include_once('C:\\xampp\\htdocs\\e-arsip_ci4\\system\\Debug\\Exceptions.php')
 2 SYSTEMPATH\Autoloader\Autoloader.php(295): CodeIgniter\Autoloader\Autoloader->includeFile('C:\\xampp\\htdocs\\e-arsip_ci4\\app\\Models\\Model_arsip.php')
 3 SYSTEMPATH\Autoloader\Autoloader.php(271): CodeIgniter\Autoloader\Autoloader->loadInNamespace('App\\Models\\Model_arsip')
 4 APPPATH\Controllers\Cari.php(20): CodeIgniter\Autoloader\Autoloader->loadClass('App\\Models\\Model_arsip')
 5 SYSTEMPATH\CodeIgniter.php(903): App\Controllers\Cari->__construct()
 6 SYSTEMPATH\CodeIgniter.php(498): CodeIgniter\CodeIgniter->createController()
 7 SYSTEMPATH\CodeIgniter.php(354): CodeIgniter\CodeIgniter->handleRequest(null, Object(Config\Cache), false)
 8 SYSTEMPATH\Boot.php(363): CodeIgniter\CodeIgniter->run()
 9 SYSTEMPATH\Boot.php(68): CodeIgniter\Boot::runCodeIgniter(Object(CodeIgniter\CodeIgniter))
10 FCPATH\index.php(59): CodeIgniter\Boot::bootWeb(Object(Config\Paths))
DEBUG - 2025-10-31 08:00:51 --> Session: Class initialized using 'CodeIgniter\Session\Handlers\FileHandler' driver.
WARNING - 2025-10-31 08:00:51 --> [DEPRECATED] Optional parameter $filters declared before required parameter $id_dep is implicitly treated as a required parameter in APPPATH\Models\Model_arsip.php on line 303.
 1 SYSTEMPATH\Autoloader\Autoloader.php(315): include_once('C:\\xampp\\htdocs\\e-arsip_ci4\\system\\Debug\\Exceptions.php')
 2 SYSTEMPATH\Autoloader\Autoloader.php(295): CodeIgniter\Autoloader\Autoloader->includeFile('C:\\xampp\\htdocs\\e-arsip_ci4\\app\\Models\\Model_arsip.php')
 3 SYSTEMPATH\Autoloader\Autoloader.php(271): CodeIgniter\Autoloader\Autoloader->loadInNamespace('App\\Models\\Model_arsip')
 4 APPPATH\Controllers\Cari.php(20): CodeIgniter\Autoloader\Autoloader->loadClass('App\\Models\\Model_arsip')
 5 SYSTEMPATH\CodeIgniter.php(903): App\Controllers\Cari->__construct()
 6 SYSTEMPATH\CodeIgniter.php(498): CodeIgniter\CodeIgniter->createController()
 7 SYSTEMPATH\CodeIgniter.php(354): CodeIgniter\CodeIgniter->handleRequest(null, Object(Config\Cache), false)
 8 SYSTEMPATH\Boot.php(363): CodeIgniter\CodeIgniter->run()
 9 SYSTEMPATH\Boot.php(68): CodeIgniter\Boot::runCodeIgniter(Object(CodeIgniter\CodeIgniter))
10 FCPATH\index.php(59): CodeIgniter\Boot::bootWeb(Object(Config\Paths))
DEBUG - 2025-10-31 08:00:51 --> Session: Class initialized using 'CodeIgniter\Session\Handlers\FileHandler' driver.
WARNING - 2025-10-31 08:00:51 --> [DEPRECATED] Optional parameter $filters declared before required parameter $id_dep is implicitly treated as a required parameter in APPPATH\Models\Model_arsip.php on line 303.
 1 SYSTEMPATH\Autoloader\Autoloader.php(315): include_once('C:\\xampp\\htdocs\\e-arsip_ci4\\system\\Debug\\Exceptions.php')
 2 SYSTEMPATH\Autoloader\Autoloader.php(295): CodeIgniter\Autoloader\Autoloader->includeFile('C:\\xampp\\htdocs\\e-arsip_ci4\\app\\Models\\Model_arsip.php')
 3 SYSTEMPATH\Autoloader\Autoloader.php(271): CodeIgniter\Autoloader\Autoloader->loadInNamespace('App\\Models\\Model_arsip')
 4 APPPATH\Controllers\Cari.php(20): CodeIgniter\Autoloader\Autoloader->loadClass('App\\Models\\Model_arsip')
 5 SYSTEMPATH\CodeIgniter.php(903): App\Controllers\Cari->__construct()
 6 SYSTEMPATH\CodeIgniter.php(498): CodeIgniter\CodeIgniter->createController()
 7 SYSTEMPATH\CodeIgniter.php(354): CodeIgniter\CodeIgniter->handleRequest(null, Object(Config\Cache), false)
 8 SYSTEMPATH\Boot.php(363): CodeIgniter\CodeIgniter->run()
 9 SYSTEMPATH\Boot.php(68): CodeIgniter\Boot::runCodeIgniter(Object(CodeIgniter\CodeIgniter))
10 FCPATH\index.php(59): CodeIgniter\Boot::bootWeb(Object(Config\Paths))
DEBUG - 2025-10-31 08:00:56 --> Session: Class initialized using 'CodeIgniter\Session\Handlers\FileHandler' driver.
WARNING - 2025-10-31 08:00:56 --> [DEPRECATED] Optional parameter $filters declared before required parameter $id_dep is implicitly treated as a required parameter in APPPATH\Models\Model_arsip.php on line 303.
 1 SYSTEMPATH\Autoloader\Autoloader.php(315): include_once('C:\\xampp\\htdocs\\e-arsip_ci4\\system\\Debug\\Exceptions.php')
 2 SYSTEMPATH\Autoloader\Autoloader.php(295): CodeIgniter\Autoloader\Autoloader->includeFile('C:\\xampp\\htdocs\\e-arsip_ci4\\app\\Models\\Model_arsip.php')
 3 SYSTEMPATH\Autoloader\Autoloader.php(271): CodeIgniter\Autoloader\Autoloader->loadInNamespace('App\\Models\\Model_arsip')
 4 APPPATH\Controllers\Arsip.php(26): CodeIgniter\Autoloader\Autoloader->loadClass('App\\Models\\Model_arsip')
 5 SYSTEMPATH\CodeIgniter.php(903): App\Controllers\Arsip->__construct()
 6 SYSTEMPATH\CodeIgniter.php(498): CodeIgniter\CodeIgniter->createController()
 7 SYSTEMPATH\CodeIgniter.php(354): CodeIgniter\CodeIgniter->handleRequest(null, Object(Config\Cache), false)
 8 SYSTEMPATH\Boot.php(363): CodeIgniter\CodeIgniter->run()
 9 SYSTEMPATH\Boot.php(68): CodeIgniter\Boot::runCodeIgniter(Object(CodeIgniter\CodeIgniter))
10 FCPATH\index.php(59): CodeIgniter\Boot::bootWeb(Object(Config\Paths))
DEBUG - 2025-10-31 08:03:40 --> Session: Class initialized using 'CodeIgniter\Session\Handlers\FileHandler' driver.
WARNING - 2025-10-31 08:03:40 --> [DEPRECATED] Optional parameter $filters declared before required parameter $id_dep is implicitly treated as a required parameter in APPPATH\Models\Model_arsip.php on line 303.
 1 SYSTEMPATH\Autoloader\Autoloader.php(315): include_once('C:\\xampp\\htdocs\\e-arsip_ci4\\system\\Debug\\Exceptions.php')
 2 SYSTEMPATH\Autoloader\Autoloader.php(295): CodeIgniter\Autoloader\Autoloader->includeFile('C:\\xampp\\htdocs\\e-arsip_ci4\\app\\Models\\Model_arsip.php')
 3 SYSTEMPATH\Autoloader\Autoloader.php(271): CodeIgniter\Autoloader\Autoloader->loadInNamespace('App\\Models\\Model_arsip')
 4 APPPATH\Controllers\Arsip.php(26): CodeIgniter\Autoloader\Autoloader->loadClass('App\\Models\\Model_arsip')
 5 SYSTEMPATH\CodeIgniter.php(903): App\Controllers\Arsip->__construct()
 6 SYSTEMPATH\CodeIgniter.php(498): CodeIgniter\CodeIgniter->createController()
 7 SYSTEMPATH\CodeIgniter.php(354): CodeIgniter\CodeIgniter->handleRequest(null, Object(Config\Cache), false)
 8 SYSTEMPATH\Boot.php(363): CodeIgniter\CodeIgniter->run()
 9 SYSTEMPATH\Boot.php(68): CodeIgniter\Boot::runCodeIgniter(Object(CodeIgniter\CodeIgniter))
10 FCPATH\index.php(59): CodeIgniter\Boot::bootWeb(Object(Config\Paths))
DEBUG - 2025-10-31 08:05:31 --> Session: Class initialized using 'CodeIgniter\Session\Handlers\FileHandler' driver.
DEBUG - 2025-10-31 08:05:31 --> Session: Class initialized using 'CodeIgniter\Session\Handlers\FileHandler' driver.
DEBUG - 2025-10-31 08:05:39 --> Session: Class initialized using 'CodeIgniter\Session\Handlers\FileHandler' driver.
DEBUG - 2025-10-31 08:05:39 --> Session: Class initialized using 'CodeIgniter\Session\Handlers\FileHandler' driver.
WARNING - 2025-10-31 08:05:39 --> [DEPRECATED] Optional parameter $filters declared before required parameter $id_dep is implicitly treated as a required parameter in APPPATH\Models\Model_arsip.php on line 303.
 1 SYSTEMPATH\Autoloader\Autoloader.php(315): include_once('C:\\xampp\\htdocs\\e-arsip_ci4\\system\\Debug\\Exceptions.php')
 2 SYSTEMPATH\Autoloader\Autoloader.php(295): CodeIgniter\Autoloader\Autoloader->includeFile('C:\\xampp\\htdocs\\e-arsip_ci4\\app\\Models\\Model_arsip.php')
 3 SYSTEMPATH\Autoloader\Autoloader.php(271): CodeIgniter\Autoloader\Autoloader->loadInNamespace('App\\Models\\Model_arsip')
 4 APPPATH\Controllers\Home.php(23): CodeIgniter\Autoloader\Autoloader->loadClass('App\\Models\\Model_arsip')
 5 SYSTEMPATH\CodeIgniter.php(903): App\Controllers\Home->__construct()
 6 SYSTEMPATH\CodeIgniter.php(498): CodeIgniter\CodeIgniter->createController()
 7 SYSTEMPATH\CodeIgniter.php(354): CodeIgniter\CodeIgniter->handleRequest(null, Object(Config\Cache), false)
 8 SYSTEMPATH\Boot.php(363): CodeIgniter\CodeIgniter->run()
 9 SYSTEMPATH\Boot.php(68): CodeIgniter\Boot::runCodeIgniter(Object(CodeIgniter\CodeIgniter))
10 FCPATH\index.php(59): CodeIgniter\Boot::bootWeb(Object(Config\Paths))
DEBUG - 2025-10-31 08:05:41 --> Session: Class initialized using 'CodeIgniter\Session\Handlers\FileHandler' driver.
WARNING - 2025-10-31 08:05:41 --> [DEPRECATED] Optional parameter $filters declared before required parameter $id_dep is implicitly treated as a required parameter in APPPATH\Models\Model_arsip.php on line 303.
 1 SYSTEMPATH\Autoloader\Autoloader.php(315): include_once('C:\\xampp\\htdocs\\e-arsip_ci4\\system\\Debug\\Exceptions.php')
 2 SYSTEMPATH\Autoloader\Autoloader.php(295): CodeIgniter\Autoloader\Autoloader->includeFile('C:\\xampp\\htdocs\\e-arsip_ci4\\app\\Models\\Model_arsip.php')
 3 SYSTEMPATH\Autoloader\Autoloader.php(271): CodeIgniter\Autoloader\Autoloader->loadInNamespace('App\\Models\\Model_arsip')
 4 APPPATH\Controllers\Cari.php(20): CodeIgniter\Autoloader\Autoloader->loadClass('App\\Models\\Model_arsip')
 5 SYSTEMPATH\CodeIgniter.php(903): App\Controllers\Cari->__construct()
 6 SYSTEMPATH\CodeIgniter.php(498): CodeIgniter\CodeIgniter->createController()
 7 SYSTEMPATH\CodeIgniter.php(354): CodeIgniter\CodeIgniter->handleRequest(null, Object(Config\Cache), false)
 8 SYSTEMPATH\Boot.php(363): CodeIgniter\CodeIgniter->run()
 9 SYSTEMPATH\Boot.php(68): CodeIgniter\Boot::runCodeIgniter(Object(CodeIgniter\CodeIgniter))
10 FCPATH\index.php(59): CodeIgniter\Boot::bootWeb(Object(Config\Paths))
DEBUG - 2025-10-31 08:05:42 --> Session: Class initialized using 'CodeIgniter\Session\Handlers\FileHandler' driver.
WARNING - 2025-10-31 08:05:42 --> [DEPRECATED] Optional parameter $filters declared before required parameter $id_dep is implicitly treated as a required parameter in APPPATH\Models\Model_arsip.php on line 303.
 1 SYSTEMPATH\Autoloader\Autoloader.php(315): include_once('C:\\xampp\\htdocs\\e-arsip_ci4\\system\\Debug\\Exceptions.php')
 2 SYSTEMPATH\Autoloader\Autoloader.php(295): CodeIgniter\Autoloader\Autoloader->includeFile('C:\\xampp\\htdocs\\e-arsip_ci4\\app\\Models\\Model_arsip.php')
 3 SYSTEMPATH\Autoloader\Autoloader.php(271): CodeIgniter\Autoloader\Autoloader->loadInNamespace('App\\Models\\Model_arsip')
 4 APPPATH\Controllers\Arsip.php(26): CodeIgniter\Autoloader\Autoloader->loadClass('App\\Models\\Model_arsip')
 5 SYSTEMPATH\CodeIgniter.php(903): App\Controllers\Arsip->__construct()
 6 SYSTEMPATH\CodeIgniter.php(498): CodeIgniter\CodeIgniter->createController()
 7 SYSTEMPATH\CodeIgniter.php(354): CodeIgniter\CodeIgniter->handleRequest(null, Object(Config\Cache), false)
 8 SYSTEMPATH\Boot.php(363): CodeIgniter\CodeIgniter->run()
 9 SYSTEMPATH\Boot.php(68): CodeIgniter\Boot::runCodeIgniter(Object(CodeIgniter\CodeIgniter))
10 FCPATH\index.php(59): CodeIgniter\Boot::bootWeb(Object(Config\Paths))
DEBUG - 2025-10-31 08:05:55 --> Session: Class initialized using 'CodeIgniter\Session\Handlers\FileHandler' driver.
WARNING - 2025-10-31 08:05:55 --> [DEPRECATED] Optional parameter $filters declared before required parameter $id_dep is implicitly treated as a required parameter in APPPATH\Models\Model_arsip.php on line 303.
 1 SYSTEMPATH\Autoloader\Autoloader.php(315): include_once('C:\\xampp\\htdocs\\e-arsip_ci4\\system\\Debug\\Exceptions.php')
 2 SYSTEMPATH\Autoloader\Autoloader.php(295): CodeIgniter\Autoloader\Autoloader->includeFile('C:\\xampp\\htdocs\\e-arsip_ci4\\app\\Models\\Model_arsip.php')
 3 SYSTEMPATH\Autoloader\Autoloader.php(271): CodeIgniter\Autoloader\Autoloader->loadInNamespace('App\\Models\\Model_arsip')
 4 APPPATH\Controllers\Arsip.php(26): CodeIgniter\Autoloader\Autoloader->loadClass('App\\Models\\Model_arsip')
 5 SYSTEMPATH\CodeIgniter.php(903): App\Controllers\Arsip->__construct()
 6 SYSTEMPATH\CodeIgniter.php(498): CodeIgniter\CodeIgniter->createController()
 7 SYSTEMPATH\CodeIgniter.php(354): CodeIgniter\CodeIgniter->handleRequest(null, Object(Config\Cache), false)
 8 SYSTEMPATH\Boot.php(363): CodeIgniter\CodeIgniter->run()
 9 SYSTEMPATH\Boot.php(68): CodeIgniter\Boot::runCodeIgniter(Object(CodeIgniter\CodeIgniter))
10 FCPATH\index.php(59): CodeIgniter\Boot::bootWeb(Object(Config\Paths))
DEBUG - 2025-10-31 08:05:55 --> AUDIT DEBUG -> id_user: 42, username: dwiky_keu
DEBUG - 2025-10-31 08:05:55 --> Session: Class initialized using 'CodeIgniter\Session\Handlers\FileHandler' driver.
WARNING - 2025-10-31 08:05:55 --> [DEPRECATED] Optional parameter $filters declared before required parameter $id_dep is implicitly treated as a required parameter in APPPATH\Models\Model_arsip.php on line 303.
 1 SYSTEMPATH\Autoloader\Autoloader.php(315): include_once('C:\\xampp\\htdocs\\e-arsip_ci4\\system\\Debug\\Exceptions.php')
 2 SYSTEMPATH\Autoloader\Autoloader.php(295): CodeIgniter\Autoloader\Autoloader->includeFile('C:\\xampp\\htdocs\\e-arsip_ci4\\app\\Models\\Model_arsip.php')
 3 SYSTEMPATH\Autoloader\Autoloader.php(271): CodeIgniter\Autoloader\Autoloader->loadInNamespace('App\\Models\\Model_arsip')
 4 APPPATH\Controllers\Arsip.php(26): CodeIgniter\Autoloader\Autoloader->loadClass('App\\Models\\Model_arsip')
 5 SYSTEMPATH\CodeIgniter.php(903): App\Controllers\Arsip->__construct()
 6 SYSTEMPATH\CodeIgniter.php(498): CodeIgniter\CodeIgniter->createController()
 7 SYSTEMPATH\CodeIgniter.php(354): CodeIgniter\CodeIgniter->handleRequest(null, Object(Config\Cache), false)
 8 SYSTEMPATH\Boot.php(363): CodeIgniter\CodeIgniter->run()
 9 SYSTEMPATH\Boot.php(68): CodeIgniter\Boot::runCodeIgniter(Object(CodeIgniter\CodeIgniter))
10 FCPATH\index.php(59): CodeIgniter\Boot::bootWeb(Object(Config\Paths))
DEBUG - 2025-10-31 08:06:17 --> Session: Class initialized using 'CodeIgniter\Session\Handlers\FileHandler' driver.
WARNING - 2025-10-31 08:06:17 --> [DEPRECATED] Optional parameter $filters declared before required parameter $id_dep is implicitly treated as a required parameter in APPPATH\Models\Model_arsip.php on line 303.
 1 SYSTEMPATH\Autoloader\Autoloader.php(315): include_once('C:\\xampp\\htdocs\\e-arsip_ci4\\system\\Debug\\Exceptions.php')
 2 SYSTEMPATH\Autoloader\Autoloader.php(295): CodeIgniter\Autoloader\Autoloader->includeFile('C:\\xampp\\htdocs\\e-arsip_ci4\\app\\Models\\Model_arsip.php')
 3 SYSTEMPATH\Autoloader\Autoloader.php(271): CodeIgniter\Autoloader\Autoloader->loadInNamespace('App\\Models\\Model_arsip')
 4 APPPATH\Controllers\Cari.php(20): CodeIgniter\Autoloader\Autoloader->loadClass('App\\Models\\Model_arsip')
 5 SYSTEMPATH\CodeIgniter.php(903): App\Controllers\Cari->__construct()
 6 SYSTEMPATH\CodeIgniter.php(498): CodeIgniter\CodeIgniter->createController()
 7 SYSTEMPATH\CodeIgniter.php(354): CodeIgniter\CodeIgniter->handleRequest(null, Object(Config\Cache), false)
 8 SYSTEMPATH\Boot.php(363): CodeIgniter\CodeIgniter->run()
 9 SYSTEMPATH\Boot.php(68): CodeIgniter\Boot::runCodeIgniter(Object(CodeIgniter\CodeIgniter))
10 FCPATH\index.php(59): CodeIgniter\Boot::bootWeb(Object(Config\Paths))
DEBUG - 2025-10-31 08:06:30 --> Session: Class initialized using 'CodeIgniter\Session\Handlers\FileHandler' driver.
DEBUG - 2025-10-31 08:06:37 --> Session: Class initialized using 'CodeIgniter\Session\Handlers\FileHandler' driver.
DEBUG - 2025-10-31 08:06:37 --> Session: Class initialized using 'CodeIgniter\Session\Handlers\FileHandler' driver.
WARNING - 2025-10-31 08:06:37 --> [DEPRECATED] Optional parameter $filters declared before required parameter $id_dep is implicitly treated as a required parameter in APPPATH\Models\Model_arsip.php on line 303.
 1 SYSTEMPATH\Autoloader\Autoloader.php(315): include_once('C:\\xampp\\htdocs\\e-arsip_ci4\\system\\Debug\\Exceptions.php')
 2 SYSTEMPATH\Autoloader\Autoloader.php(295): CodeIgniter\Autoloader\Autoloader->includeFile('C:\\xampp\\htdocs\\e-arsip_ci4\\app\\Models\\Model_arsip.php')
 3 SYSTEMPATH\Autoloader\Autoloader.php(271): CodeIgniter\Autoloader\Autoloader->loadInNamespace('App\\Models\\Model_arsip')
 4 APPPATH\Controllers\Home.php(23): CodeIgniter\Autoloader\Autoloader->loadClass('App\\Models\\Model_arsip')
 5 SYSTEMPATH\CodeIgniter.php(903): App\Controllers\Home->__construct()
 6 SYSTEMPATH\CodeIgniter.php(498): CodeIgniter\CodeIgniter->createController()
 7 SYSTEMPATH\CodeIgniter.php(354): CodeIgniter\CodeIgniter->handleRequest(null, Object(Config\Cache), false)
 8 SYSTEMPATH\Boot.php(363): CodeIgniter\CodeIgniter->run()
 9 SYSTEMPATH\Boot.php(68): CodeIgniter\Boot::runCodeIgniter(Object(CodeIgniter\CodeIgniter))
10 FCPATH\index.php(59): CodeIgniter\Boot::bootWeb(Object(Config\Paths))
DEBUG - 2025-10-31 08:06:38 --> Session: Class initialized using 'CodeIgniter\Session\Handlers\FileHandler' driver.
WARNING - 2025-10-31 08:06:38 --> [DEPRECATED] Optional parameter $filters declared before required parameter $id_dep is implicitly treated as a required parameter in APPPATH\Models\Model_arsip.php on line 303.
 1 SYSTEMPATH\Autoloader\Autoloader.php(315): include_once('C:\\xampp\\htdocs\\e-arsip_ci4\\system\\Debug\\Exceptions.php')
 2 SYSTEMPATH\Autoloader\Autoloader.php(295): CodeIgniter\Autoloader\Autoloader->includeFile('C:\\xampp\\htdocs\\e-arsip_ci4\\app\\Models\\Model_arsip.php')
 3 SYSTEMPATH\Autoloader\Autoloader.php(271): CodeIgniter\Autoloader\Autoloader->loadInNamespace('App\\Models\\Model_arsip')
 4 APPPATH\Controllers\Cari.php(20): CodeIgniter\Autoloader\Autoloader->loadClass('App\\Models\\Model_arsip')
 5 SYSTEMPATH\CodeIgniter.php(903): App\Controllers\Cari->__construct()
 6 SYSTEMPATH\CodeIgniter.php(498): CodeIgniter\CodeIgniter->createController()
 7 SYSTEMPATH\CodeIgniter.php(354): CodeIgniter\CodeIgniter->handleRequest(null, Object(Config\Cache), false)
 8 SYSTEMPATH\Boot.php(363): CodeIgniter\CodeIgniter->run()
 9 SYSTEMPATH\Boot.php(68): CodeIgniter\Boot::runCodeIgniter(Object(CodeIgniter\CodeIgniter))
10 FCPATH\index.php(59): CodeIgniter\Boot::bootWeb(Object(Config\Paths))
DEBUG - 2025-10-31 08:08:07 --> Session: Class initialized using 'CodeIgniter\Session\Handlers\FileHandler' driver.
DEBUG - 2025-10-31 08:08:07 --> Session: Class initialized using 'CodeIgniter\Session\Handlers\FileHandler' driver.
DEBUG - 2025-10-31 08:08:21 --> Session: Class initialized using 'CodeIgniter\Session\Handlers\FileHandler' driver.
WARNING - 2025-10-31 08:08:21 --> [DEPRECATED] Optional parameter $filters declared before required parameter $id_dep is implicitly treated as a required parameter in APPPATH\Models\Model_arsip.php on line 303.
 1 SYSTEMPATH\Autoloader\Autoloader.php(315): include_once('C:\\xampp\\htdocs\\e-arsip_ci4\\system\\Debug\\Exceptions.php')
 2 SYSTEMPATH\Autoloader\Autoloader.php(295): CodeIgniter\Autoloader\Autoloader->includeFile('C:\\xampp\\htdocs\\e-arsip_ci4\\app\\Models\\Model_arsip.php')
 3 SYSTEMPATH\Autoloader\Autoloader.php(271): CodeIgniter\Autoloader\Autoloader->loadInNamespace('App\\Models\\Model_arsip')
 4 APPPATH\Controllers\Cari.php(20): CodeIgniter\Autoloader\Autoloader->loadClass('App\\Models\\Model_arsip')
 5 SYSTEMPATH\CodeIgniter.php(903): App\Controllers\Cari->__construct()
 6 SYSTEMPATH\CodeIgniter.php(498): CodeIgniter\CodeIgniter->createController()
 7 SYSTEMPATH\CodeIgniter.php(354): CodeIgniter\CodeIgniter->handleRequest(null, Object(Config\Cache), false)
 8 SYSTEMPATH\Boot.php(363): CodeIgniter\CodeIgniter->run()
 9 SYSTEMPATH\Boot.php(68): CodeIgniter\Boot::runCodeIgniter(Object(CodeIgniter\CodeIgniter))
10 FCPATH\index.php(59): CodeIgniter\Boot::bootWeb(Object(Config\Paths))
DEBUG - 2025-10-31 08:08:22 --> Session: Class initialized using 'CodeIgniter\Session\Handlers\FileHandler' driver.
DEBUG - 2025-10-31 08:08:22 --> Session: Class initialized using 'CodeIgniter\Session\Handlers\FileHandler' driver.
WARNING - 2025-10-31 08:08:22 --> [DEPRECATED] Optional parameter $filters declared before required parameter $id_dep is implicitly treated as a required parameter in APPPATH\Models\Model_arsip.php on line 303.
 1 SYSTEMPATH\Autoloader\Autoloader.php(315): include_once('C:\\xampp\\htdocs\\e-arsip_ci4\\system\\Debug\\Exceptions.php')
 2 SYSTEMPATH\Autoloader\Autoloader.php(295): CodeIgniter\Autoloader\Autoloader->includeFile('C:\\xampp\\htdocs\\e-arsip_ci4\\app\\Models\\Model_arsip.php')
 3 SYSTEMPATH\Autoloader\Autoloader.php(271): CodeIgniter\Autoloader\Autoloader->loadInNamespace('App\\Models\\Model_arsip')
 4 APPPATH\Controllers\Home.php(23): CodeIgniter\Autoloader\Autoloader->loadClass('App\\Models\\Model_arsip')
 5 SYSTEMPATH\CodeIgniter.php(903): App\Controllers\Home->__construct()
 6 SYSTEMPATH\CodeIgniter.php(498): CodeIgniter\CodeIgniter->createController()
 7 SYSTEMPATH\CodeIgniter.php(354): CodeIgniter\CodeIgniter->handleRequest(null, Object(Config\Cache), false)
 8 SYSTEMPATH\Boot.php(363): CodeIgniter\CodeIgniter->run()
 9 SYSTEMPATH\Boot.php(68): CodeIgniter\Boot::runCodeIgniter(Object(CodeIgniter\CodeIgniter))
10 FCPATH\index.php(59): CodeIgniter\Boot::bootWeb(Object(Config\Paths))
DEBUG - 2025-10-31 08:08:55 --> Session: Class initialized using 'CodeIgniter\Session\Handlers\FileHandler' driver.
WARNING - 2025-10-31 08:08:55 --> [DEPRECATED] Optional parameter $filters declared before required parameter $id_dep is implicitly treated as a required parameter in APPPATH\Models\Model_arsip.php on line 303.
 1 SYSTEMPATH\Autoloader\Autoloader.php(315): include_once('C:\\xampp\\htdocs\\e-arsip_ci4\\system\\Debug\\Exceptions.php')
 2 SYSTEMPATH\Autoloader\Autoloader.php(295): CodeIgniter\Autoloader\Autoloader->includeFile('C:\\xampp\\htdocs\\e-arsip_ci4\\app\\Models\\Model_arsip.php')
 3 SYSTEMPATH\Autoloader\Autoloader.php(271): CodeIgniter\Autoloader\Autoloader->loadInNamespace('App\\Models\\Model_arsip')
 4 APPPATH\Controllers\Cari.php(20): CodeIgniter\Autoloader\Autoloader->loadClass('App\\Models\\Model_arsip')
 5 SYSTEMPATH\CodeIgniter.php(903): App\Controllers\Cari->__construct()
 6 SYSTEMPATH\CodeIgniter.php(498): CodeIgniter\CodeIgniter->createController()
 7 SYSTEMPATH\CodeIgniter.php(354): CodeIgniter\CodeIgniter->handleRequest(null, Object(Config\Cache), false)
 8 SYSTEMPATH\Boot.php(363): CodeIgniter\CodeIgniter->run()
 9 SYSTEMPATH\Boot.php(68): CodeIgniter\Boot::runCodeIgniter(Object(CodeIgniter\CodeIgniter))
10 FCPATH\index.php(59): CodeIgniter\Boot::bootWeb(Object(Config\Paths))
DEBUG - 2025-10-31 08:09:45 --> Session: Class initialized using 'CodeIgniter\Session\Handlers\FileHandler' driver.
WARNING - 2025-10-31 08:09:45 --> [DEPRECATED] Optional parameter $filters declared before required parameter $id_dep is implicitly treated as a required parameter in APPPATH\Models\Model_arsip.php on line 303.
 1 SYSTEMPATH\Autoloader\Autoloader.php(315): include_once('C:\\xampp\\htdocs\\e-arsip_ci4\\system\\Debug\\Exceptions.php')
 2 SYSTEMPATH\Autoloader\Autoloader.php(295): CodeIgniter\Autoloader\Autoloader->includeFile('C:\\xampp\\htdocs\\e-arsip_ci4\\app\\Models\\Model_arsip.php')
 3 SYSTEMPATH\Autoloader\Autoloader.php(271): CodeIgniter\Autoloader\Autoloader->loadInNamespace('App\\Models\\Model_arsip')
 4 APPPATH\Controllers\Cari.php(20): CodeIgniter\Autoloader\Autoloader->loadClass('App\\Models\\Model_arsip')
 5 SYSTEMPATH\CodeIgniter.php(903): App\Controllers\Cari->__construct()
 6 SYSTEMPATH\CodeIgniter.php(498): CodeIgniter\CodeIgniter->createController()
 7 SYSTEMPATH\CodeIgniter.php(354): CodeIgniter\CodeIgniter->handleRequest(null, Object(Config\Cache), false)
 8 SYSTEMPATH\Boot.php(363): CodeIgniter\CodeIgniter->run()
 9 SYSTEMPATH\Boot.php(68): CodeIgniter\Boot::runCodeIgniter(Object(CodeIgniter\CodeIgniter))
10 FCPATH\index.php(59): CodeIgniter\Boot::bootWeb(Object(Config\Paths))
DEBUG - 2025-10-31 08:16:33 --> Session: Class initialized using 'CodeIgniter\Session\Handlers\FileHandler' driver.
WARNING - 2025-10-31 08:16:33 --> [DEPRECATED] Optional parameter $filters declared before required parameter $id_dep is implicitly treated as a required parameter in APPPATH\Models\Model_arsip.php on line 303.
 1 SYSTEMPATH\Autoloader\Autoloader.php(315): include_once('C:\\xampp\\htdocs\\e-arsip_ci4\\system\\Debug\\Exceptions.php')
 2 SYSTEMPATH\Autoloader\Autoloader.php(295): CodeIgniter\Autoloader\Autoloader->includeFile('C:\\xampp\\htdocs\\e-arsip_ci4\\app\\Models\\Model_arsip.php')
 3 SYSTEMPATH\Autoloader\Autoloader.php(271): CodeIgniter\Autoloader\Autoloader->loadInNamespace('App\\Models\\Model_arsip')
 4 APPPATH\Controllers\Cari.php(20): CodeIgniter\Autoloader\Autoloader->loadClass('App\\Models\\Model_arsip')
 5 SYSTEMPATH\CodeIgniter.php(903): App\Controllers\Cari->__construct()
 6 SYSTEMPATH\CodeIgniter.php(498): CodeIgniter\CodeIgniter->createController()
 7 SYSTEMPATH\CodeIgniter.php(354): CodeIgniter\CodeIgniter->handleRequest(null, Object(Config\Cache), false)
 8 SYSTEMPATH\Boot.php(363): CodeIgniter\CodeIgniter->run()
 9 SYSTEMPATH\Boot.php(68): CodeIgniter\Boot::runCodeIgniter(Object(CodeIgniter\CodeIgniter))
10 FCPATH\index.php(59): CodeIgniter\Boot::bootWeb(Object(Config\Paths))
DEBUG - 2025-10-31 08:16:57 --> Session: Class initialized using 'CodeIgniter\Session\Handlers\FileHandler' driver.
WARNING - 2025-10-31 08:16:57 --> [DEPRECATED] Optional parameter $filters declared before required parameter $id_dep is implicitly treated as a required parameter in APPPATH\Models\Model_arsip.php on line 303.
 1 SYSTEMPATH\Autoloader\Autoloader.php(315): include_once('C:\\xampp\\htdocs\\e-arsip_ci4\\system\\Debug\\Exceptions.php')
 2 SYSTEMPATH\Autoloader\Autoloader.php(295): CodeIgniter\Autoloader\Autoloader->includeFile('C:\\xampp\\htdocs\\e-arsip_ci4\\app\\Models\\Model_arsip.php')
 3 SYSTEMPATH\Autoloader\Autoloader.php(271): CodeIgniter\Autoloader\Autoloader->loadInNamespace('App\\Models\\Model_arsip')
 4 APPPATH\Controllers\Cari.php(20): CodeIgniter\Autoloader\Autoloader->loadClass('App\\Models\\Model_arsip')
 5 SYSTEMPATH\CodeIgniter.php(903): App\Controllers\Cari->__construct()
 6 SYSTEMPATH\CodeIgniter.php(498): CodeIgniter\CodeIgniter->createController()
 7 SYSTEMPATH\CodeIgniter.php(354): CodeIgniter\CodeIgniter->handleRequest(null, Object(Config\Cache), false)
 8 SYSTEMPATH\Boot.php(363): CodeIgniter\CodeIgniter->run()
 9 SYSTEMPATH\Boot.php(68): CodeIgniter\Boot::runCodeIgniter(Object(CodeIgniter\CodeIgniter))
10 FCPATH\index.php(59): CodeIgniter\Boot::bootWeb(Object(Config\Paths))
DEBUG - 2025-10-31 08:17:05 --> Session: Class initialized using 'CodeIgniter\Session\Handlers\FileHandler' driver.
WARNING - 2025-10-31 08:17:05 --> [DEPRECATED] Optional parameter $filters declared before required parameter $id_dep is implicitly treated as a required parameter in APPPATH\Models\Model_arsip.php on line 303.
 1 SYSTEMPATH\Autoloader\Autoloader.php(315): include_once('C:\\xampp\\htdocs\\e-arsip_ci4\\system\\Debug\\Exceptions.php')
 2 SYSTEMPATH\Autoloader\Autoloader.php(295): CodeIgniter\Autoloader\Autoloader->includeFile('C:\\xampp\\htdocs\\e-arsip_ci4\\app\\Models\\Model_arsip.php')
 3 SYSTEMPATH\Autoloader\Autoloader.php(271): CodeIgniter\Autoloader\Autoloader->loadInNamespace('App\\Models\\Model_arsip')
 4 APPPATH\Controllers\Cari.php(20): CodeIgniter\Autoloader\Autoloader->loadClass('App\\Models\\Model_arsip')
 5 SYSTEMPATH\CodeIgniter.php(903): App\Controllers\Cari->__construct()
 6 SYSTEMPATH\CodeIgniter.php(498): CodeIgniter\CodeIgniter->createController()
 7 SYSTEMPATH\CodeIgniter.php(354): CodeIgniter\CodeIgniter->handleRequest(null, Object(Config\Cache), false)
 8 SYSTEMPATH\Boot.php(363): CodeIgniter\CodeIgniter->run()
 9 SYSTEMPATH\Boot.php(68): CodeIgniter\Boot::runCodeIgniter(Object(CodeIgniter\CodeIgniter))
10 FCPATH\index.php(59): CodeIgniter\Boot::bootWeb(Object(Config\Paths))
DEBUG - 2025-10-31 08:18:29 --> Session: Class initialized using 'CodeIgniter\Session\Handlers\FileHandler' driver.
WARNING - 2025-10-31 08:18:29 --> [DEPRECATED] Optional parameter $filters declared before required parameter $id_dep is implicitly treated as a required parameter in APPPATH\Models\Model_arsip.php on line 303.
 1 SYSTEMPATH\Autoloader\Autoloader.php(315): include_once('C:\\xampp\\htdocs\\e-arsip_ci4\\system\\Debug\\Exceptions.php')
 2 SYSTEMPATH\Autoloader\Autoloader.php(295): CodeIgniter\Autoloader\Autoloader->includeFile('C:\\xampp\\htdocs\\e-arsip_ci4\\app\\Models\\Model_arsip.php')
 3 SYSTEMPATH\Autoloader\Autoloader.php(271): CodeIgniter\Autoloader\Autoloader->loadInNamespace('App\\Models\\Model_arsip')
 4 APPPATH\Controllers\Cari.php(20): CodeIgniter\Autoloader\Autoloader->loadClass('App\\Models\\Model_arsip')
 5 SYSTEMPATH\CodeIgniter.php(903): App\Controllers\Cari->__construct()
 6 SYSTEMPATH\CodeIgniter.php(498): CodeIgniter\CodeIgniter->createController()
 7 SYSTEMPATH\CodeIgniter.php(354): CodeIgniter\CodeIgniter->handleRequest(null, Object(Config\Cache), false)
 8 SYSTEMPATH\Boot.php(363): CodeIgniter\CodeIgniter->run()
 9 SYSTEMPATH\Boot.php(68): CodeIgniter\Boot::runCodeIgniter(Object(CodeIgniter\CodeIgniter))
10 FCPATH\index.php(59): CodeIgniter\Boot::bootWeb(Object(Config\Paths))
DEBUG - 2025-10-31 08:18:31 --> Session: Class initialized using 'CodeIgniter\Session\Handlers\FileHandler' driver.
WARNING - 2025-10-31 08:18:31 --> [DEPRECATED] Optional parameter $filters declared before required parameter $id_dep is implicitly treated as a required parameter in APPPATH\Models\Model_arsip.php on line 303.
 1 SYSTEMPATH\Autoloader\Autoloader.php(315): include_once('C:\\xampp\\htdocs\\e-arsip_ci4\\system\\Debug\\Exceptions.php')
 2 SYSTEMPATH\Autoloader\Autoloader.php(295): CodeIgniter\Autoloader\Autoloader->includeFile('C:\\xampp\\htdocs\\e-arsip_ci4\\app\\Models\\Model_arsip.php')
 3 SYSTEMPATH\Autoloader\Autoloader.php(271): CodeIgniter\Autoloader\Autoloader->loadInNamespace('App\\Models\\Model_arsip')
 4 APPPATH\Controllers\Cari.php(20): CodeIgniter\Autoloader\Autoloader->loadClass('App\\Models\\Model_arsip')
 5 SYSTEMPATH\CodeIgniter.php(903): App\Controllers\Cari->__construct()
 6 SYSTEMPATH\CodeIgniter.php(498): CodeIgniter\CodeIgniter->createController()
 7 SYSTEMPATH\CodeIgniter.php(354): CodeIgniter\CodeIgniter->handleRequest(null, Object(Config\Cache), false)
 8 SYSTEMPATH\Boot.php(363): CodeIgniter\CodeIgniter->run()
 9 SYSTEMPATH\Boot.php(68): CodeIgniter\Boot::runCodeIgniter(Object(CodeIgniter\CodeIgniter))
10 FCPATH\index.php(59): CodeIgniter\Boot::bootWeb(Object(Config\Paths))
DEBUG - 2025-10-31 08:18:46 --> Session: Class initialized using 'CodeIgniter\Session\Handlers\FileHandler' driver.
WARNING - 2025-10-31 08:18:46 --> [DEPRECATED] Optional parameter $filters declared before required parameter $id_dep is implicitly treated as a required parameter in APPPATH\Models\Model_arsip.php on line 303.
 1 SYSTEMPATH\Autoloader\Autoloader.php(315): include_once('C:\\xampp\\htdocs\\e-arsip_ci4\\system\\Debug\\Exceptions.php')
 2 SYSTEMPATH\Autoloader\Autoloader.php(295): CodeIgniter\Autoloader\Autoloader->includeFile('C:\\xampp\\htdocs\\e-arsip_ci4\\app\\Models\\Model_arsip.php')
 3 SYSTEMPATH\Autoloader\Autoloader.php(271): CodeIgniter\Autoloader\Autoloader->loadInNamespace('App\\Models\\Model_arsip')
 4 APPPATH\Controllers\Cari.php(20): CodeIgniter\Autoloader\Autoloader->loadClass('App\\Models\\Model_arsip')
 5 SYSTEMPATH\CodeIgniter.php(903): App\Controllers\Cari->__construct()
 6 SYSTEMPATH\CodeIgniter.php(498): CodeIgniter\CodeIgniter->createController()
 7 SYSTEMPATH\CodeIgniter.php(354): CodeIgniter\CodeIgniter->handleRequest(null, Object(Config\Cache), false)
 8 SYSTEMPATH\Boot.php(363): CodeIgniter\CodeIgniter->run()
 9 SYSTEMPATH\Boot.php(68): CodeIgniter\Boot::runCodeIgniter(Object(CodeIgniter\CodeIgniter))
10 FCPATH\index.php(59): CodeIgniter\Boot::bootWeb(Object(Config\Paths))
DEBUG - 2025-10-31 08:18:48 --> Session: Class initialized using 'CodeIgniter\Session\Handlers\FileHandler' driver.
WARNING - 2025-10-31 08:18:48 --> [DEPRECATED] Optional parameter $filters declared before required parameter $id_dep is implicitly treated as a required parameter in APPPATH\Models\Model_arsip.php on line 303.
 1 SYSTEMPATH\Autoloader\Autoloader.php(315): include_once('C:\\xampp\\htdocs\\e-arsip_ci4\\system\\Debug\\Exceptions.php')
 2 SYSTEMPATH\Autoloader\Autoloader.php(295): CodeIgniter\Autoloader\Autoloader->includeFile('C:\\xampp\\htdocs\\e-arsip_ci4\\app\\Models\\Model_arsip.php')
 3 SYSTEMPATH\Autoloader\Autoloader.php(271): CodeIgniter\Autoloader\Autoloader->loadInNamespace('App\\Models\\Model_arsip')
 4 APPPATH\Controllers\Cari.php(20): CodeIgniter\Autoloader\Autoloader->loadClass('App\\Models\\Model_arsip')
 5 SYSTEMPATH\CodeIgniter.php(903): App\Controllers\Cari->__construct()
 6 SYSTEMPATH\CodeIgniter.php(498): CodeIgniter\CodeIgniter->createController()
 7 SYSTEMPATH\CodeIgniter.php(354): CodeIgniter\CodeIgniter->handleRequest(null, Object(Config\Cache), false)
 8 SYSTEMPATH\Boot.php(363): CodeIgniter\CodeIgniter->run()
 9 SYSTEMPATH\Boot.php(68): CodeIgniter\Boot::runCodeIgniter(Object(CodeIgniter\CodeIgniter))
10 FCPATH\index.php(59): CodeIgniter\Boot::bootWeb(Object(Config\Paths))
DEBUG - 2025-10-31 08:19:06 --> Session: Class initialized using 'CodeIgniter\Session\Handlers\FileHandler' driver.
WARNING - 2025-10-31 08:19:06 --> [DEPRECATED] Optional parameter $filters declared before required parameter $id_dep is implicitly treated as a required parameter in APPPATH\Models\Model_arsip.php on line 303.
 1 SYSTEMPATH\Autoloader\Autoloader.php(315): include_once('C:\\xampp\\htdocs\\e-arsip_ci4\\system\\Debug\\Exceptions.php')
 2 SYSTEMPATH\Autoloader\Autoloader.php(295): CodeIgniter\Autoloader\Autoloader->includeFile('C:\\xampp\\htdocs\\e-arsip_ci4\\app\\Models\\Model_arsip.php')
 3 SYSTEMPATH\Autoloader\Autoloader.php(271): CodeIgniter\Autoloader\Autoloader->loadInNamespace('App\\Models\\Model_arsip')
 4 APPPATH\Controllers\Cari.php(20): CodeIgniter\Autoloader\Autoloader->loadClass('App\\Models\\Model_arsip')
 5 SYSTEMPATH\CodeIgniter.php(903): App\Controllers\Cari->__construct()
 6 SYSTEMPATH\CodeIgniter.php(498): CodeIgniter\CodeIgniter->createController()
 7 SYSTEMPATH\CodeIgniter.php(354): CodeIgniter\CodeIgniter->handleRequest(null, Object(Config\Cache), false)
 8 SYSTEMPATH\Boot.php(363): CodeIgniter\CodeIgniter->run()
 9 SYSTEMPATH\Boot.php(68): CodeIgniter\Boot::runCodeIgniter(Object(CodeIgniter\CodeIgniter))
10 FCPATH\index.php(59): CodeIgniter\Boot::bootWeb(Object(Config\Paths))
DEBUG - 2025-10-31 08:19:08 --> Session: Class initialized using 'CodeIgniter\Session\Handlers\FileHandler' driver.
WARNING - 2025-10-31 08:19:08 --> [DEPRECATED] Optional parameter $filters declared before required parameter $id_dep is implicitly treated as a required parameter in APPPATH\Models\Model_arsip.php on line 303.
 1 SYSTEMPATH\Autoloader\Autoloader.php(315): include_once('C:\\xampp\\htdocs\\e-arsip_ci4\\system\\Debug\\Exceptions.php')
 2 SYSTEMPATH\Autoloader\Autoloader.php(295): CodeIgniter\Autoloader\Autoloader->includeFile('C:\\xampp\\htdocs\\e-arsip_ci4\\app\\Models\\Model_arsip.php')
 3 SYSTEMPATH\Autoloader\Autoloader.php(271): CodeIgniter\Autoloader\Autoloader->loadInNamespace('App\\Models\\Model_arsip')
 4 APPPATH\Controllers\Cari.php(20): CodeIgniter\Autoloader\Autoloader->loadClass('App\\Models\\Model_arsip')
 5 SYSTEMPATH\CodeIgniter.php(903): App\Controllers\Cari->__construct()
 6 SYSTEMPATH\CodeIgniter.php(498): CodeIgniter\CodeIgniter->createController()
 7 SYSTEMPATH\CodeIgniter.php(354): CodeIgniter\CodeIgniter->handleRequest(null, Object(Config\Cache), false)
 8 SYSTEMPATH\Boot.php(363): CodeIgniter\CodeIgniter->run()
 9 SYSTEMPATH\Boot.php(68): CodeIgniter\Boot::runCodeIgniter(Object(CodeIgniter\CodeIgniter))
10 FCPATH\index.php(59): CodeIgniter\Boot::bootWeb(Object(Config\Paths))
DEBUG - 2025-10-31 08:19:25 --> Session: Class initialized using 'CodeIgniter\Session\Handlers\FileHandler' driver.
WARNING - 2025-10-31 08:19:25 --> [DEPRECATED] Optional parameter $filters declared before required parameter $id_dep is implicitly treated as a required parameter in APPPATH\Models\Model_arsip.php on line 303.
 1 SYSTEMPATH\Autoloader\Autoloader.php(315): include_once('C:\\xampp\\htdocs\\e-arsip_ci4\\system\\Debug\\Exceptions.php')
 2 SYSTEMPATH\Autoloader\Autoloader.php(295): CodeIgniter\Autoloader\Autoloader->includeFile('C:\\xampp\\htdocs\\e-arsip_ci4\\app\\Models\\Model_arsip.php')
 3 SYSTEMPATH\Autoloader\Autoloader.php(271): CodeIgniter\Autoloader\Autoloader->loadInNamespace('App\\Models\\Model_arsip')
 4 APPPATH\Controllers\Cari.php(20): CodeIgniter\Autoloader\Autoloader->loadClass('App\\Models\\Model_arsip')
 5 SYSTEMPATH\CodeIgniter.php(903): App\Controllers\Cari->__construct()
 6 SYSTEMPATH\CodeIgniter.php(498): CodeIgniter\CodeIgniter->createController()
 7 SYSTEMPATH\CodeIgniter.php(354): CodeIgniter\CodeIgniter->handleRequest(null, Object(Config\Cache), false)
 8 SYSTEMPATH\Boot.php(363): CodeIgniter\CodeIgniter->run()
 9 SYSTEMPATH\Boot.php(68): CodeIgniter\Boot::runCodeIgniter(Object(CodeIgniter\CodeIgniter))
10 FCPATH\index.php(59): CodeIgniter\Boot::bootWeb(Object(Config\Paths))
DEBUG - 2025-10-31 08:19:50 --> Session: Class initialized using 'CodeIgniter\Session\Handlers\FileHandler' driver.
DEBUG - 2025-10-31 08:19:58 --> Session: Class initialized using 'CodeIgniter\Session\Handlers\FileHandler' driver.
DEBUG - 2025-10-31 08:19:58 --> Session: Class initialized using 'CodeIgniter\Session\Handlers\FileHandler' driver.
WARNING - 2025-10-31 08:19:58 --> [DEPRECATED] Optional parameter $filters declared before required parameter $id_dep is implicitly treated as a required parameter in APPPATH\Models\Model_arsip.php on line 303.
 1 SYSTEMPATH\Autoloader\Autoloader.php(315): include_once('C:\\xampp\\htdocs\\e-arsip_ci4\\system\\Debug\\Exceptions.php')
 2 SYSTEMPATH\Autoloader\Autoloader.php(295): CodeIgniter\Autoloader\Autoloader->includeFile('C:\\xampp\\htdocs\\e-arsip_ci4\\app\\Models\\Model_arsip.php')
 3 SYSTEMPATH\Autoloader\Autoloader.php(271): CodeIgniter\Autoloader\Autoloader->loadInNamespace('App\\Models\\Model_arsip')
 4 APPPATH\Controllers\Home.php(23): CodeIgniter\Autoloader\Autoloader->loadClass('App\\Models\\Model_arsip')
 5 SYSTEMPATH\CodeIgniter.php(903): App\Controllers\Home->__construct()
 6 SYSTEMPATH\CodeIgniter.php(498): CodeIgniter\CodeIgniter->createController()
 7 SYSTEMPATH\CodeIgniter.php(354): CodeIgniter\CodeIgniter->handleRequest(null, Object(Config\Cache), false)
 8 SYSTEMPATH\Boot.php(363): CodeIgniter\CodeIgniter->run()
 9 SYSTEMPATH\Boot.php(68): CodeIgniter\Boot::runCodeIgniter(Object(CodeIgniter\CodeIgniter))
10 FCPATH\index.php(59): CodeIgniter\Boot::bootWeb(Object(Config\Paths))
DEBUG - 2025-10-31 08:20:00 --> Session: Class initialized using 'CodeIgniter\Session\Handlers\FileHandler' driver.
WARNING - 2025-10-31 08:20:00 --> [DEPRECATED] Optional parameter $filters declared before required parameter $id_dep is implicitly treated as a required parameter in APPPATH\Models\Model_arsip.php on line 303.
 1 SYSTEMPATH\Autoloader\Autoloader.php(315): include_once('C:\\xampp\\htdocs\\e-arsip_ci4\\system\\Debug\\Exceptions.php')
 2 SYSTEMPATH\Autoloader\Autoloader.php(295): CodeIgniter\Autoloader\Autoloader->includeFile('C:\\xampp\\htdocs\\e-arsip_ci4\\app\\Models\\Model_arsip.php')
 3 SYSTEMPATH\Autoloader\Autoloader.php(271): CodeIgniter\Autoloader\Autoloader->loadInNamespace('App\\Models\\Model_arsip')
 4 APPPATH\Controllers\Cari.php(20): CodeIgniter\Autoloader\Autoloader->loadClass('App\\Models\\Model_arsip')
 5 SYSTEMPATH\CodeIgniter.php(903): App\Controllers\Cari->__construct()
 6 SYSTEMPATH\CodeIgniter.php(498): CodeIgniter\CodeIgniter->createController()
 7 SYSTEMPATH\CodeIgniter.php(354): CodeIgniter\CodeIgniter->handleRequest(null, Object(Config\Cache), false)
 8 SYSTEMPATH\Boot.php(363): CodeIgniter\CodeIgniter->run()
 9 SYSTEMPATH\Boot.php(68): CodeIgniter\Boot::runCodeIgniter(Object(CodeIgniter\CodeIgniter))
10 FCPATH\index.php(59): CodeIgniter\Boot::bootWeb(Object(Config\Paths))
DEBUG - 2025-10-31 08:22:23 --> Session: Class initialized using 'CodeIgniter\Session\Handlers\FileHandler' driver.
WARNING - 2025-10-31 08:22:23 --> [DEPRECATED] Optional parameter $filters declared before required parameter $id_dep is implicitly treated as a required parameter in APPPATH\Models\Model_arsip.php on line 303.
 1 SYSTEMPATH\Autoloader\Autoloader.php(315): include_once('C:\\xampp\\htdocs\\e-arsip_ci4\\system\\Debug\\Exceptions.php')
 2 SYSTEMPATH\Autoloader\Autoloader.php(295): CodeIgniter\Autoloader\Autoloader->includeFile('C:\\xampp\\htdocs\\e-arsip_ci4\\app\\Models\\Model_arsip.php')
 3 SYSTEMPATH\Autoloader\Autoloader.php(271): CodeIgniter\Autoloader\Autoloader->loadInNamespace('App\\Models\\Model_arsip')
 4 APPPATH\Controllers\Cari.php(20): CodeIgniter\Autoloader\Autoloader->loadClass('App\\Models\\Model_arsip')
 5 SYSTEMPATH\CodeIgniter.php(903): App\Controllers\Cari->__construct()
 6 SYSTEMPATH\CodeIgniter.php(498): CodeIgniter\CodeIgniter->createController()
 7 SYSTEMPATH\CodeIgniter.php(354): CodeIgniter\CodeIgniter->handleRequest(null, Object(Config\Cache), false)
 8 SYSTEMPATH\Boot.php(363): CodeIgniter\CodeIgniter->run()
 9 SYSTEMPATH\Boot.php(68): CodeIgniter\Boot::runCodeIgniter(Object(CodeIgniter\CodeIgniter))
10 FCPATH\index.php(59): CodeIgniter\Boot::bootWeb(Object(Config\Paths))
DEBUG - 2025-10-31 08:22:43 --> Session: Class initialized using 'CodeIgniter\Session\Handlers\FileHandler' driver.
WARNING - 2025-10-31 08:22:43 --> [DEPRECATED] Optional parameter $filters declared before required parameter $id_dep is implicitly treated as a required parameter in APPPATH\Models\Model_arsip.php on line 303.
 1 SYSTEMPATH\Autoloader\Autoloader.php(315): include_once('C:\\xampp\\htdocs\\e-arsip_ci4\\system\\Debug\\Exceptions.php')
 2 SYSTEMPATH\Autoloader\Autoloader.php(295): CodeIgniter\Autoloader\Autoloader->includeFile('C:\\xampp\\htdocs\\e-arsip_ci4\\app\\Models\\Model_arsip.php')
 3 SYSTEMPATH\Autoloader\Autoloader.php(271): CodeIgniter\Autoloader\Autoloader->loadInNamespace('App\\Models\\Model_arsip')
 4 APPPATH\Controllers\Cari.php(20): CodeIgniter\Autoloader\Autoloader->loadClass('App\\Models\\Model_arsip')
 5 SYSTEMPATH\CodeIgniter.php(903): App\Controllers\Cari->__construct()
 6 SYSTEMPATH\CodeIgniter.php(498): CodeIgniter\CodeIgniter->createController()
 7 SYSTEMPATH\CodeIgniter.php(354): CodeIgniter\CodeIgniter->handleRequest(null, Object(Config\Cache), false)
 8 SYSTEMPATH\Boot.php(363): CodeIgniter\CodeIgniter->run()
 9 SYSTEMPATH\Boot.php(68): CodeIgniter\Boot::runCodeIgniter(Object(CodeIgniter\CodeIgniter))
10 FCPATH\index.php(59): CodeIgniter\Boot::bootWeb(Object(Config\Paths))
DEBUG - 2025-10-31 08:22:56 --> Session: Class initialized using 'CodeIgniter\Session\Handlers\FileHandler' driver.
WARNING - 2025-10-31 08:22:56 --> [DEPRECATED] Optional parameter $filters declared before required parameter $id_dep is implicitly treated as a required parameter in APPPATH\Models\Model_arsip.php on line 303.
 1 SYSTEMPATH\Autoloader\Autoloader.php(315): include_once('C:\\xampp\\htdocs\\e-arsip_ci4\\system\\Debug\\Exceptions.php')
 2 SYSTEMPATH\Autoloader\Autoloader.php(295): CodeIgniter\Autoloader\Autoloader->includeFile('C:\\xampp\\htdocs\\e-arsip_ci4\\app\\Models\\Model_arsip.php')
 3 SYSTEMPATH\Autoloader\Autoloader.php(271): CodeIgniter\Autoloader\Autoloader->loadInNamespace('App\\Models\\Model_arsip')
 4 APPPATH\Controllers\Cari.php(20): CodeIgniter\Autoloader\Autoloader->loadClass('App\\Models\\Model_arsip')
 5 SYSTEMPATH\CodeIgniter.php(903): App\Controllers\Cari->__construct()
 6 SYSTEMPATH\CodeIgniter.php(498): CodeIgniter\CodeIgniter->createController()
 7 SYSTEMPATH\CodeIgniter.php(354): CodeIgniter\CodeIgniter->handleRequest(null, Object(Config\Cache), false)
 8 SYSTEMPATH\Boot.php(363): CodeIgniter\CodeIgniter->run()
 9 SYSTEMPATH\Boot.php(68): CodeIgniter\Boot::runCodeIgniter(Object(CodeIgniter\CodeIgniter))
10 FCPATH\index.php(59): CodeIgniter\Boot::bootWeb(Object(Config\Paths))
DEBUG - 2025-10-31 08:22:56 --> Session: Class initialized using 'CodeIgniter\Session\Handlers\FileHandler' driver.
WARNING - 2025-10-31 08:22:56 --> [DEPRECATED] Optional parameter $filters declared before required parameter $id_dep is implicitly treated as a required parameter in APPPATH\Models\Model_arsip.php on line 303.
 1 SYSTEMPATH\Autoloader\Autoloader.php(315): include_once('C:\\xampp\\htdocs\\e-arsip_ci4\\system\\Debug\\Exceptions.php')
 2 SYSTEMPATH\Autoloader\Autoloader.php(295): CodeIgniter\Autoloader\Autoloader->includeFile('C:\\xampp\\htdocs\\e-arsip_ci4\\app\\Models\\Model_arsip.php')
 3 SYSTEMPATH\Autoloader\Autoloader.php(271): CodeIgniter\Autoloader\Autoloader->loadInNamespace('App\\Models\\Model_arsip')
 4 APPPATH\Controllers\Cari.php(20): CodeIgniter\Autoloader\Autoloader->loadClass('App\\Models\\Model_arsip')
 5 SYSTEMPATH\CodeIgniter.php(903): App\Controllers\Cari->__construct()
 6 SYSTEMPATH\CodeIgniter.php(498): CodeIgniter\CodeIgniter->createController()
 7 SYSTEMPATH\CodeIgniter.php(354): CodeIgniter\CodeIgniter->handleRequest(null, Object(Config\Cache), false)
 8 SYSTEMPATH\Boot.php(363): CodeIgniter\CodeIgniter->run()
 9 SYSTEMPATH\Boot.php(68): CodeIgniter\Boot::runCodeIgniter(Object(CodeIgniter\CodeIgniter))
10 FCPATH\index.php(59): CodeIgniter\Boot::bootWeb(Object(Config\Paths))
DEBUG - 2025-10-31 08:22:56 --> Session: Class initialized using 'CodeIgniter\Session\Handlers\FileHandler' driver.
WARNING - 2025-10-31 08:22:56 --> [DEPRECATED] Optional parameter $filters declared before required parameter $id_dep is implicitly treated as a required parameter in APPPATH\Models\Model_arsip.php on line 303.
 1 SYSTEMPATH\Autoloader\Autoloader.php(315): include_once('C:\\xampp\\htdocs\\e-arsip_ci4\\system\\Debug\\Exceptions.php')
 2 SYSTEMPATH\Autoloader\Autoloader.php(295): CodeIgniter\Autoloader\Autoloader->includeFile('C:\\xampp\\htdocs\\e-arsip_ci4\\app\\Models\\Model_arsip.php')
 3 SYSTEMPATH\Autoloader\Autoloader.php(271): CodeIgniter\Autoloader\Autoloader->loadInNamespace('App\\Models\\Model_arsip')
 4 APPPATH\Controllers\Cari.php(20): CodeIgniter\Autoloader\Autoloader->loadClass('App\\Models\\Model_arsip')
 5 SYSTEMPATH\CodeIgniter.php(903): App\Controllers\Cari->__construct()
 6 SYSTEMPATH\CodeIgniter.php(498): CodeIgniter\CodeIgniter->createController()
 7 SYSTEMPATH\CodeIgniter.php(354): CodeIgniter\CodeIgniter->handleRequest(null, Object(Config\Cache), false)
 8 SYSTEMPATH\Boot.php(363): CodeIgniter\CodeIgniter->run()
 9 SYSTEMPATH\Boot.php(68): CodeIgniter\Boot::runCodeIgniter(Object(CodeIgniter\CodeIgniter))
10 FCPATH\index.php(59): CodeIgniter\Boot::bootWeb(Object(Config\Paths))
DEBUG - 2025-10-31 08:25:47 --> Session: Class initialized using 'CodeIgniter\Session\Handlers\FileHandler' driver.
WARNING - 2025-10-31 08:25:47 --> [DEPRECATED] Optional parameter $filters declared before required parameter $id_dep is implicitly treated as a required parameter in APPPATH\Models\Model_arsip.php on line 303.
 1 SYSTEMPATH\Autoloader\Autoloader.php(315): include_once('C:\\xampp\\htdocs\\e-arsip_ci4\\system\\Debug\\Exceptions.php')
 2 SYSTEMPATH\Autoloader\Autoloader.php(295): CodeIgniter\Autoloader\Autoloader->includeFile('C:\\xampp\\htdocs\\e-arsip_ci4\\app\\Models\\Model_arsip.php')
 3 SYSTEMPATH\Autoloader\Autoloader.php(271): CodeIgniter\Autoloader\Autoloader->loadInNamespace('App\\Models\\Model_arsip')
 4 APPPATH\Controllers\Cari.php(20): CodeIgniter\Autoloader\Autoloader->loadClass('App\\Models\\Model_arsip')
 5 SYSTEMPATH\CodeIgniter.php(903): App\Controllers\Cari->__construct()
 6 SYSTEMPATH\CodeIgniter.php(498): CodeIgniter\CodeIgniter->createController()
 7 SYSTEMPATH\CodeIgniter.php(354): CodeIgniter\CodeIgniter->handleRequest(null, Object(Config\Cache), false)
 8 SYSTEMPATH\Boot.php(363): CodeIgniter\CodeIgniter->run()
 9 SYSTEMPATH\Boot.php(68): CodeIgniter\Boot::runCodeIgniter(Object(CodeIgniter\CodeIgniter))
10 FCPATH\index.php(59): CodeIgniter\Boot::bootWeb(Object(Config\Paths))
DEBUG - 2025-10-31 08:26:02 --> Session: Class initialized using 'CodeIgniter\Session\Handlers\FileHandler' driver.
WARNING - 2025-10-31 08:26:02 --> [DEPRECATED] Optional parameter $filters declared before required parameter $id_dep is implicitly treated as a required parameter in APPPATH\Models\Model_arsip.php on line 303.
 1 SYSTEMPATH\Autoloader\Autoloader.php(315): include_once('C:\\xampp\\htdocs\\e-arsip_ci4\\system\\Debug\\Exceptions.php')
 2 SYSTEMPATH\Autoloader\Autoloader.php(295): CodeIgniter\Autoloader\Autoloader->includeFile('C:\\xampp\\htdocs\\e-arsip_ci4\\app\\Models\\Model_arsip.php')
 3 SYSTEMPATH\Autoloader\Autoloader.php(271): CodeIgniter\Autoloader\Autoloader->loadInNamespace('App\\Models\\Model_arsip')
 4 APPPATH\Controllers\Cari.php(20): CodeIgniter\Autoloader\Autoloader->loadClass('App\\Models\\Model_arsip')
 5 SYSTEMPATH\CodeIgniter.php(903): App\Controllers\Cari->__construct()
 6 SYSTEMPATH\CodeIgniter.php(498): CodeIgniter\CodeIgniter->createController()
 7 SYSTEMPATH\CodeIgniter.php(354): CodeIgniter\CodeIgniter->handleRequest(null, Object(Config\Cache), false)
 8 SYSTEMPATH\Boot.php(363): CodeIgniter\CodeIgniter->run()
 9 SYSTEMPATH\Boot.php(68): CodeIgniter\Boot::runCodeIgniter(Object(CodeIgniter\CodeIgniter))
10 FCPATH\index.php(59): CodeIgniter\Boot::bootWeb(Object(Config\Paths))
DEBUG - 2025-10-31 08:26:47 --> Session: Class initialized using 'CodeIgniter\Session\Handlers\FileHandler' driver.
WARNING - 2025-10-31 08:26:47 --> [DEPRECATED] Optional parameter $filters declared before required parameter $id_dep is implicitly treated as a required parameter in APPPATH\Models\Model_arsip.php on line 303.
 1 SYSTEMPATH\Autoloader\Autoloader.php(315): include_once('C:\\xampp\\htdocs\\e-arsip_ci4\\system\\Debug\\Exceptions.php')
 2 SYSTEMPATH\Autoloader\Autoloader.php(295): CodeIgniter\Autoloader\Autoloader->includeFile('C:\\xampp\\htdocs\\e-arsip_ci4\\app\\Models\\Model_arsip.php')
 3 SYSTEMPATH\Autoloader\Autoloader.php(271): CodeIgniter\Autoloader\Autoloader->loadInNamespace('App\\Models\\Model_arsip')
 4 APPPATH\Controllers\Cari.php(20): CodeIgniter\Autoloader\Autoloader->loadClass('App\\Models\\Model_arsip')
 5 SYSTEMPATH\CodeIgniter.php(903): App\Controllers\Cari->__construct()
 6 SYSTEMPATH\CodeIgniter.php(498): CodeIgniter\CodeIgniter->createController()
 7 SYSTEMPATH\CodeIgniter.php(354): CodeIgniter\CodeIgniter->handleRequest(null, Object(Config\Cache), false)
 8 SYSTEMPATH\Boot.php(363): CodeIgniter\CodeIgniter->run()
 9 SYSTEMPATH\Boot.php(68): CodeIgniter\Boot::runCodeIgniter(Object(CodeIgniter\CodeIgniter))
10 FCPATH\index.php(59): CodeIgniter\Boot::bootWeb(Object(Config\Paths))
DEBUG - 2025-10-31 08:26:54 --> Session: Class initialized using 'CodeIgniter\Session\Handlers\FileHandler' driver.
DEBUG - 2025-10-31 08:26:59 --> Session: Class initialized using 'CodeIgniter\Session\Handlers\FileHandler' driver.
DEBUG - 2025-10-31 08:26:59 --> Session: Class initialized using 'CodeIgniter\Session\Handlers\FileHandler' driver.
WARNING - 2025-10-31 08:26:59 --> [DEPRECATED] Optional parameter $filters declared before required parameter $id_dep is implicitly treated as a required parameter in APPPATH\Models\Model_arsip.php on line 303.
 1 SYSTEMPATH\Autoloader\Autoloader.php(315): include_once('C:\\xampp\\htdocs\\e-arsip_ci4\\system\\Debug\\Exceptions.php')
 2 SYSTEMPATH\Autoloader\Autoloader.php(295): CodeIgniter\Autoloader\Autoloader->includeFile('C:\\xampp\\htdocs\\e-arsip_ci4\\app\\Models\\Model_arsip.php')
 3 SYSTEMPATH\Autoloader\Autoloader.php(271): CodeIgniter\Autoloader\Autoloader->loadInNamespace('App\\Models\\Model_arsip')
 4 APPPATH\Controllers\Home.php(23): CodeIgniter\Autoloader\Autoloader->loadClass('App\\Models\\Model_arsip')
 5 SYSTEMPATH\CodeIgniter.php(903): App\Controllers\Home->__construct()
 6 SYSTEMPATH\CodeIgniter.php(498): CodeIgniter\CodeIgniter->createController()
 7 SYSTEMPATH\CodeIgniter.php(354): CodeIgniter\CodeIgniter->handleRequest(null, Object(Config\Cache), false)
 8 SYSTEMPATH\Boot.php(363): CodeIgniter\CodeIgniter->run()
 9 SYSTEMPATH\Boot.php(68): CodeIgniter\Boot::runCodeIgniter(Object(CodeIgniter\CodeIgniter))
10 FCPATH\index.php(59): CodeIgniter\Boot::bootWeb(Object(Config\Paths))
DEBUG - 2025-10-31 08:27:01 --> Session: Class initialized using 'CodeIgniter\Session\Handlers\FileHandler' driver.
WARNING - 2025-10-31 08:27:01 --> [DEPRECATED] Optional parameter $filters declared before required parameter $id_dep is implicitly treated as a required parameter in APPPATH\Models\Model_arsip.php on line 303.
 1 SYSTEMPATH\Autoloader\Autoloader.php(315): include_once('C:\\xampp\\htdocs\\e-arsip_ci4\\system\\Debug\\Exceptions.php')
 2 SYSTEMPATH\Autoloader\Autoloader.php(295): CodeIgniter\Autoloader\Autoloader->includeFile('C:\\xampp\\htdocs\\e-arsip_ci4\\app\\Models\\Model_arsip.php')
 3 SYSTEMPATH\Autoloader\Autoloader.php(271): CodeIgniter\Autoloader\Autoloader->loadInNamespace('App\\Models\\Model_arsip')
 4 APPPATH\Controllers\Cari.php(20): CodeIgniter\Autoloader\Autoloader->loadClass('App\\Models\\Model_arsip')
 5 SYSTEMPATH\CodeIgniter.php(903): App\Controllers\Cari->__construct()
 6 SYSTEMPATH\CodeIgniter.php(498): CodeIgniter\CodeIgniter->createController()
 7 SYSTEMPATH\CodeIgniter.php(354): CodeIgniter\CodeIgniter->handleRequest(null, Object(Config\Cache), false)
 8 SYSTEMPATH\Boot.php(363): CodeIgniter\CodeIgniter->run()
 9 SYSTEMPATH\Boot.php(68): CodeIgniter\Boot::runCodeIgniter(Object(CodeIgniter\CodeIgniter))
10 FCPATH\index.php(59): CodeIgniter\Boot::bootWeb(Object(Config\Paths))
DEBUG - 2025-10-31 08:27:11 --> Session: Class initialized using 'CodeIgniter\Session\Handlers\FileHandler' driver.
WARNING - 2025-10-31 08:27:11 --> [DEPRECATED] Optional parameter $filters declared before required parameter $id_dep is implicitly treated as a required parameter in APPPATH\Models\Model_arsip.php on line 303.
 1 SYSTEMPATH\Autoloader\Autoloader.php(315): include_once('C:\\xampp\\htdocs\\e-arsip_ci4\\system\\Debug\\Exceptions.php')
 2 SYSTEMPATH\Autoloader\Autoloader.php(295): CodeIgniter\Autoloader\Autoloader->includeFile('C:\\xampp\\htdocs\\e-arsip_ci4\\app\\Models\\Model_arsip.php')
 3 SYSTEMPATH\Autoloader\Autoloader.php(271): CodeIgniter\Autoloader\Autoloader->loadInNamespace('App\\Models\\Model_arsip')
 4 APPPATH\Controllers\Cari.php(20): CodeIgniter\Autoloader\Autoloader->loadClass('App\\Models\\Model_arsip')
 5 SYSTEMPATH\CodeIgniter.php(903): App\Controllers\Cari->__construct()
 6 SYSTEMPATH\CodeIgniter.php(498): CodeIgniter\CodeIgniter->createController()
 7 SYSTEMPATH\CodeIgniter.php(354): CodeIgniter\CodeIgniter->handleRequest(null, Object(Config\Cache), false)
 8 SYSTEMPATH\Boot.php(363): CodeIgniter\CodeIgniter->run()
 9 SYSTEMPATH\Boot.php(68): CodeIgniter\Boot::runCodeIgniter(Object(CodeIgniter\CodeIgniter))
10 FCPATH\index.php(59): CodeIgniter\Boot::bootWeb(Object(Config\Paths))
DEBUG - 2025-10-31 08:38:39 --> Session: Class initialized using 'CodeIgniter\Session\Handlers\FileHandler' driver.
WARNING - 2025-10-31 08:38:39 --> [DEPRECATED] Optional parameter $filters declared before required parameter $id_dep is implicitly treated as a required parameter in APPPATH\Models\Model_arsip.php on line 303.
 1 SYSTEMPATH\Autoloader\Autoloader.php(315): include_once('C:\\xampp\\htdocs\\e-arsip_ci4\\system\\Debug\\Exceptions.php')
 2 SYSTEMPATH\Autoloader\Autoloader.php(295): CodeIgniter\Autoloader\Autoloader->includeFile('C:\\xampp\\htdocs\\e-arsip_ci4\\app\\Models\\Model_arsip.php')
 3 SYSTEMPATH\Autoloader\Autoloader.php(271): CodeIgniter\Autoloader\Autoloader->loadInNamespace('App\\Models\\Model_arsip')
 4 APPPATH\Controllers\Cari.php(20): CodeIgniter\Autoloader\Autoloader->loadClass('App\\Models\\Model_arsip')
 5 SYSTEMPATH\CodeIgniter.php(903): App\Controllers\Cari->__construct()
 6 SYSTEMPATH\CodeIgniter.php(498): CodeIgniter\CodeIgniter->createController()
 7 SYSTEMPATH\CodeIgniter.php(354): CodeIgniter\CodeIgniter->handleRequest(null, Object(Config\Cache), false)
 8 SYSTEMPATH\Boot.php(363): CodeIgniter\CodeIgniter->run()
 9 SYSTEMPATH\Boot.php(68): CodeIgniter\Boot::runCodeIgniter(Object(CodeIgniter\CodeIgniter))
10 FCPATH\index.php(59): CodeIgniter\Boot::bootWeb(Object(Config\Paths))
DEBUG - 2025-10-31 08:38:40 --> Session: Class initialized using 'CodeIgniter\Session\Handlers\FileHandler' driver.
WARNING - 2025-10-31 08:38:40 --> [DEPRECATED] Optional parameter $filters declared before required parameter $id_dep is implicitly treated as a required parameter in APPPATH\Models\Model_arsip.php on line 303.
 1 SYSTEMPATH\Autoloader\Autoloader.php(315): include_once('C:\\xampp\\htdocs\\e-arsip_ci4\\system\\Debug\\Exceptions.php')
 2 SYSTEMPATH\Autoloader\Autoloader.php(295): CodeIgniter\Autoloader\Autoloader->includeFile('C:\\xampp\\htdocs\\e-arsip_ci4\\app\\Models\\Model_arsip.php')
 3 SYSTEMPATH\Autoloader\Autoloader.php(271): CodeIgniter\Autoloader\Autoloader->loadInNamespace('App\\Models\\Model_arsip')
 4 APPPATH\Controllers\Cari.php(20): CodeIgniter\Autoloader\Autoloader->loadClass('App\\Models\\Model_arsip')
 5 SYSTEMPATH\CodeIgniter.php(903): App\Controllers\Cari->__construct()
 6 SYSTEMPATH\CodeIgniter.php(498): CodeIgniter\CodeIgniter->createController()
 7 SYSTEMPATH\CodeIgniter.php(354): CodeIgniter\CodeIgniter->handleRequest(null, Object(Config\Cache), false)
 8 SYSTEMPATH\Boot.php(363): CodeIgniter\CodeIgniter->run()
 9 SYSTEMPATH\Boot.php(68): CodeIgniter\Boot::runCodeIgniter(Object(CodeIgniter\CodeIgniter))
10 FCPATH\index.php(59): CodeIgniter\Boot::bootWeb(Object(Config\Paths))
DEBUG - 2025-10-31 08:38:55 --> Session: Class initialized using 'CodeIgniter\Session\Handlers\FileHandler' driver.
WARNING - 2025-10-31 08:38:55 --> [DEPRECATED] Optional parameter $filters declared before required parameter $id_dep is implicitly treated as a required parameter in APPPATH\Models\Model_arsip.php on line 303.
 1 SYSTEMPATH\Autoloader\Autoloader.php(315): include_once('C:\\xampp\\htdocs\\e-arsip_ci4\\system\\Debug\\Exceptions.php')
 2 SYSTEMPATH\Autoloader\Autoloader.php(295): CodeIgniter\Autoloader\Autoloader->includeFile('C:\\xampp\\htdocs\\e-arsip_ci4\\app\\Models\\Model_arsip.php')
 3 SYSTEMPATH\Autoloader\Autoloader.php(271): CodeIgniter\Autoloader\Autoloader->loadInNamespace('App\\Models\\Model_arsip')
 4 APPPATH\Controllers\Cari.php(20): CodeIgniter\Autoloader\Autoloader->loadClass('App\\Models\\Model_arsip')
 5 SYSTEMPATH\CodeIgniter.php(903): App\Controllers\Cari->__construct()
 6 SYSTEMPATH\CodeIgniter.php(498): CodeIgniter\CodeIgniter->createController()
 7 SYSTEMPATH\CodeIgniter.php(354): CodeIgniter\CodeIgniter->handleRequest(null, Object(Config\Cache), false)
 8 SYSTEMPATH\Boot.php(363): CodeIgniter\CodeIgniter->run()
 9 SYSTEMPATH\Boot.php(68): CodeIgniter\Boot::runCodeIgniter(Object(CodeIgniter\CodeIgniter))
10 FCPATH\index.php(59): CodeIgniter\Boot::bootWeb(Object(Config\Paths))
DEBUG - 2025-10-31 08:38:56 --> Session: Class initialized using 'CodeIgniter\Session\Handlers\FileHandler' driver.
WARNING - 2025-10-31 08:38:56 --> [DEPRECATED] Optional parameter $filters declared before required parameter $id_dep is implicitly treated as a required parameter in APPPATH\Models\Model_arsip.php on line 303.
 1 SYSTEMPATH\Autoloader\Autoloader.php(315): include_once('C:\\xampp\\htdocs\\e-arsip_ci4\\system\\Debug\\Exceptions.php')
 2 SYSTEMPATH\Autoloader\Autoloader.php(295): CodeIgniter\Autoloader\Autoloader->includeFile('C:\\xampp\\htdocs\\e-arsip_ci4\\app\\Models\\Model_arsip.php')
 3 SYSTEMPATH\Autoloader\Autoloader.php(271): CodeIgniter\Autoloader\Autoloader->loadInNamespace('App\\Models\\Model_arsip')
 4 APPPATH\Controllers\Cari.php(20): CodeIgniter\Autoloader\Autoloader->loadClass('App\\Models\\Model_arsip')
 5 SYSTEMPATH\CodeIgniter.php(903): App\Controllers\Cari->__construct()
 6 SYSTEMPATH\CodeIgniter.php(498): CodeIgniter\CodeIgniter->createController()
 7 SYSTEMPATH\CodeIgniter.php(354): CodeIgniter\CodeIgniter->handleRequest(null, Object(Config\Cache), false)
 8 SYSTEMPATH\Boot.php(363): CodeIgniter\CodeIgniter->run()
 9 SYSTEMPATH\Boot.php(68): CodeIgniter\Boot::runCodeIgniter(Object(CodeIgniter\CodeIgniter))
10 FCPATH\index.php(59): CodeIgniter\Boot::bootWeb(Object(Config\Paths))
DEBUG - 2025-10-31 08:39:14 --> Session: Class initialized using 'CodeIgniter\Session\Handlers\FileHandler' driver.
WARNING - 2025-10-31 08:39:14 --> [DEPRECATED] Optional parameter $filters declared before required parameter $id_dep is implicitly treated as a required parameter in APPPATH\Models\Model_arsip.php on line 303.
 1 SYSTEMPATH\Autoloader\Autoloader.php(315): include_once('C:\\xampp\\htdocs\\e-arsip_ci4\\system\\Debug\\Exceptions.php')
 2 SYSTEMPATH\Autoloader\Autoloader.php(295): CodeIgniter\Autoloader\Autoloader->includeFile('C:\\xampp\\htdocs\\e-arsip_ci4\\app\\Models\\Model_arsip.php')
 3 SYSTEMPATH\Autoloader\Autoloader.php(271): CodeIgniter\Autoloader\Autoloader->loadInNamespace('App\\Models\\Model_arsip')
 4 APPPATH\Controllers\Cari.php(20): CodeIgniter\Autoloader\Autoloader->loadClass('App\\Models\\Model_arsip')
 5 SYSTEMPATH\CodeIgniter.php(903): App\Controllers\Cari->__construct()
 6 SYSTEMPATH\CodeIgniter.php(498): CodeIgniter\CodeIgniter->createController()
 7 SYSTEMPATH\CodeIgniter.php(354): CodeIgniter\CodeIgniter->handleRequest(null, Object(Config\Cache), false)
 8 SYSTEMPATH\Boot.php(363): CodeIgniter\CodeIgniter->run()
 9 SYSTEMPATH\Boot.php(68): CodeIgniter\Boot::runCodeIgniter(Object(CodeIgniter\CodeIgniter))
10 FCPATH\index.php(59): CodeIgniter\Boot::bootWeb(Object(Config\Paths))
DEBUG - 2025-10-31 08:39:15 --> Session: Class initialized using 'CodeIgniter\Session\Handlers\FileHandler' driver.
WARNING - 2025-10-31 08:39:15 --> [DEPRECATED] Optional parameter $filters declared before required parameter $id_dep is implicitly treated as a required parameter in APPPATH\Models\Model_arsip.php on line 303.
 1 SYSTEMPATH\Autoloader\Autoloader.php(315): include_once('C:\\xampp\\htdocs\\e-arsip_ci4\\system\\Debug\\Exceptions.php')
 2 SYSTEMPATH\Autoloader\Autoloader.php(295): CodeIgniter\Autoloader\Autoloader->includeFile('C:\\xampp\\htdocs\\e-arsip_ci4\\app\\Models\\Model_arsip.php')
 3 SYSTEMPATH\Autoloader\Autoloader.php(271): CodeIgniter\Autoloader\Autoloader->loadInNamespace('App\\Models\\Model_arsip')
 4 APPPATH\Controllers\Cari.php(20): CodeIgniter\Autoloader\Autoloader->loadClass('App\\Models\\Model_arsip')
 5 SYSTEMPATH\CodeIgniter.php(903): App\Controllers\Cari->__construct()
 6 SYSTEMPATH\CodeIgniter.php(498): CodeIgniter\CodeIgniter->createController()
 7 SYSTEMPATH\CodeIgniter.php(354): CodeIgniter\CodeIgniter->handleRequest(null, Object(Config\Cache), false)
 8 SYSTEMPATH\Boot.php(363): CodeIgniter\CodeIgniter->run()
 9 SYSTEMPATH\Boot.php(68): CodeIgniter\Boot::runCodeIgniter(Object(CodeIgniter\CodeIgniter))
10 FCPATH\index.php(59): CodeIgniter\Boot::bootWeb(Object(Config\Paths))
DEBUG - 2025-10-31 08:39:17 --> Session: Class initialized using 'CodeIgniter\Session\Handlers\FileHandler' driver.
WARNING - 2025-10-31 08:39:17 --> [DEPRECATED] Optional parameter $filters declared before required parameter $id_dep is implicitly treated as a required parameter in APPPATH\Models\Model_arsip.php on line 303.
 1 SYSTEMPATH\Autoloader\Autoloader.php(315): include_once('C:\\xampp\\htdocs\\e-arsip_ci4\\system\\Debug\\Exceptions.php')
 2 SYSTEMPATH\Autoloader\Autoloader.php(295): CodeIgniter\Autoloader\Autoloader->includeFile('C:\\xampp\\htdocs\\e-arsip_ci4\\app\\Models\\Model_arsip.php')
 3 SYSTEMPATH\Autoloader\Autoloader.php(271): CodeIgniter\Autoloader\Autoloader->loadInNamespace('App\\Models\\Model_arsip')
 4 APPPATH\Controllers\Cari.php(20): CodeIgniter\Autoloader\Autoloader->loadClass('App\\Models\\Model_arsip')
 5 SYSTEMPATH\CodeIgniter.php(903): App\Controllers\Cari->__construct()
 6 SYSTEMPATH\CodeIgniter.php(498): CodeIgniter\CodeIgniter->createController()
 7 SYSTEMPATH\CodeIgniter.php(354): CodeIgniter\CodeIgniter->handleRequest(null, Object(Config\Cache), false)
 8 SYSTEMPATH\Boot.php(363): CodeIgniter\CodeIgniter->run()
 9 SYSTEMPATH\Boot.php(68): CodeIgniter\Boot::runCodeIgniter(Object(CodeIgniter\CodeIgniter))
10 FCPATH\index.php(59): CodeIgniter\Boot::bootWeb(Object(Config\Paths))
DEBUG - 2025-10-31 08:39:17 --> Session: Class initialized using 'CodeIgniter\Session\Handlers\FileHandler' driver.
WARNING - 2025-10-31 08:39:17 --> [DEPRECATED] Optional parameter $filters declared before required parameter $id_dep is implicitly treated as a required parameter in APPPATH\Models\Model_arsip.php on line 303.
 1 SYSTEMPATH\Autoloader\Autoloader.php(315): include_once('C:\\xampp\\htdocs\\e-arsip_ci4\\system\\Debug\\Exceptions.php')
 2 SYSTEMPATH\Autoloader\Autoloader.php(295): CodeIgniter\Autoloader\Autoloader->includeFile('C:\\xampp\\htdocs\\e-arsip_ci4\\app\\Models\\Model_arsip.php')
 3 SYSTEMPATH\Autoloader\Autoloader.php(271): CodeIgniter\Autoloader\Autoloader->loadInNamespace('App\\Models\\Model_arsip')
 4 APPPATH\Controllers\Cari.php(20): CodeIgniter\Autoloader\Autoloader->loadClass('App\\Models\\Model_arsip')
 5 SYSTEMPATH\CodeIgniter.php(903): App\Controllers\Cari->__construct()
 6 SYSTEMPATH\CodeIgniter.php(498): CodeIgniter\CodeIgniter->createController()
 7 SYSTEMPATH\CodeIgniter.php(354): CodeIgniter\CodeIgniter->handleRequest(null, Object(Config\Cache), false)
 8 SYSTEMPATH\Boot.php(363): CodeIgniter\CodeIgniter->run()
 9 SYSTEMPATH\Boot.php(68): CodeIgniter\Boot::runCodeIgniter(Object(CodeIgniter\CodeIgniter))
10 FCPATH\index.php(59): CodeIgniter\Boot::bootWeb(Object(Config\Paths))
DEBUG - 2025-10-31 08:39:47 --> Session: Class initialized using 'CodeIgniter\Session\Handlers\FileHandler' driver.
WARNING - 2025-10-31 08:39:47 --> [DEPRECATED] Optional parameter $filters declared before required parameter $id_dep is implicitly treated as a required parameter in APPPATH\Models\Model_arsip.php on line 303.
 1 SYSTEMPATH\Autoloader\Autoloader.php(315): include_once('C:\\xampp\\htdocs\\e-arsip_ci4\\system\\Debug\\Exceptions.php')
 2 SYSTEMPATH\Autoloader\Autoloader.php(295): CodeIgniter\Autoloader\Autoloader->includeFile('C:\\xampp\\htdocs\\e-arsip_ci4\\app\\Models\\Model_arsip.php')
 3 SYSTEMPATH\Autoloader\Autoloader.php(271): CodeIgniter\Autoloader\Autoloader->loadInNamespace('App\\Models\\Model_arsip')
 4 APPPATH\Controllers\Cari.php(20): CodeIgniter\Autoloader\Autoloader->loadClass('App\\Models\\Model_arsip')
 5 SYSTEMPATH\CodeIgniter.php(903): App\Controllers\Cari->__construct()
 6 SYSTEMPATH\CodeIgniter.php(498): CodeIgniter\CodeIgniter->createController()
 7 SYSTEMPATH\CodeIgniter.php(354): CodeIgniter\CodeIgniter->handleRequest(null, Object(Config\Cache), false)
 8 SYSTEMPATH\Boot.php(363): CodeIgniter\CodeIgniter->run()
 9 SYSTEMPATH\Boot.php(68): CodeIgniter\Boot::runCodeIgniter(Object(CodeIgniter\CodeIgniter))
10 FCPATH\index.php(59): CodeIgniter\Boot::bootWeb(Object(Config\Paths))
DEBUG - 2025-10-31 08:39:48 --> Session: Class initialized using 'CodeIgniter\Session\Handlers\FileHandler' driver.
WARNING - 2025-10-31 08:39:48 --> [DEPRECATED] Optional parameter $filters declared before required parameter $id_dep is implicitly treated as a required parameter in APPPATH\Models\Model_arsip.php on line 303.
 1 SYSTEMPATH\Autoloader\Autoloader.php(315): include_once('C:\\xampp\\htdocs\\e-arsip_ci4\\system\\Debug\\Exceptions.php')
 2 SYSTEMPATH\Autoloader\Autoloader.php(295): CodeIgniter\Autoloader\Autoloader->includeFile('C:\\xampp\\htdocs\\e-arsip_ci4\\app\\Models\\Model_arsip.php')
 3 SYSTEMPATH\Autoloader\Autoloader.php(271): CodeIgniter\Autoloader\Autoloader->loadInNamespace('App\\Models\\Model_arsip')
 4 APPPATH\Controllers\Cari.php(20): CodeIgniter\Autoloader\Autoloader->loadClass('App\\Models\\Model_arsip')
 5 SYSTEMPATH\CodeIgniter.php(903): App\Controllers\Cari->__construct()
 6 SYSTEMPATH\CodeIgniter.php(498): CodeIgniter\CodeIgniter->createController()
 7 SYSTEMPATH\CodeIgniter.php(354): CodeIgniter\CodeIgniter->handleRequest(null, Object(Config\Cache), false)
 8 SYSTEMPATH\Boot.php(363): CodeIgniter\CodeIgniter->run()
 9 SYSTEMPATH\Boot.php(68): CodeIgniter\Boot::runCodeIgniter(Object(CodeIgniter\CodeIgniter))
10 FCPATH\index.php(59): CodeIgniter\Boot::bootWeb(Object(Config\Paths))
DEBUG - 2025-10-31 08:39:49 --> Session: Class initialized using 'CodeIgniter\Session\Handlers\FileHandler' driver.
WARNING - 2025-10-31 08:39:49 --> [DEPRECATED] Optional parameter $filters declared before required parameter $id_dep is implicitly treated as a required parameter in APPPATH\Models\Model_arsip.php on line 303.
 1 SYSTEMPATH\Autoloader\Autoloader.php(315): include_once('C:\\xampp\\htdocs\\e-arsip_ci4\\system\\Debug\\Exceptions.php')
 2 SYSTEMPATH\Autoloader\Autoloader.php(295): CodeIgniter\Autoloader\Autoloader->includeFile('C:\\xampp\\htdocs\\e-arsip_ci4\\app\\Models\\Model_arsip.php')
 3 SYSTEMPATH\Autoloader\Autoloader.php(271): CodeIgniter\Autoloader\Autoloader->loadInNamespace('App\\Models\\Model_arsip')
 4 APPPATH\Controllers\Cari.php(20): CodeIgniter\Autoloader\Autoloader->loadClass('App\\Models\\Model_arsip')
 5 SYSTEMPATH\CodeIgniter.php(903): App\Controllers\Cari->__construct()
 6 SYSTEMPATH\CodeIgniter.php(498): CodeIgniter\CodeIgniter->createController()
 7 SYSTEMPATH\CodeIgniter.php(354): CodeIgniter\CodeIgniter->handleRequest(null, Object(Config\Cache), false)
 8 SYSTEMPATH\Boot.php(363): CodeIgniter\CodeIgniter->run()
 9 SYSTEMPATH\Boot.php(68): CodeIgniter\Boot::runCodeIgniter(Object(CodeIgniter\CodeIgniter))
10 FCPATH\index.php(59): CodeIgniter\Boot::bootWeb(Object(Config\Paths))
DEBUG - 2025-10-31 08:39:49 --> Session: Class initialized using 'CodeIgniter\Session\Handlers\FileHandler' driver.
WARNING - 2025-10-31 08:39:49 --> [DEPRECATED] Optional parameter $filters declared before required parameter $id_dep is implicitly treated as a required parameter in APPPATH\Models\Model_arsip.php on line 303.
 1 SYSTEMPATH\Autoloader\Autoloader.php(315): include_once('C:\\xampp\\htdocs\\e-arsip_ci4\\system\\Debug\\Exceptions.php')
 2 SYSTEMPATH\Autoloader\Autoloader.php(295): CodeIgniter\Autoloader\Autoloader->includeFile('C:\\xampp\\htdocs\\e-arsip_ci4\\app\\Models\\Model_arsip.php')
 3 SYSTEMPATH\Autoloader\Autoloader.php(271): CodeIgniter\Autoloader\Autoloader->loadInNamespace('App\\Models\\Model_arsip')
 4 APPPATH\Controllers\Cari.php(20): CodeIgniter\Autoloader\Autoloader->loadClass('App\\Models\\Model_arsip')
 5 SYSTEMPATH\CodeIgniter.php(903): App\Controllers\Cari->__construct()
 6 SYSTEMPATH\CodeIgniter.php(498): CodeIgniter\CodeIgniter->createController()
 7 SYSTEMPATH\CodeIgniter.php(354): CodeIgniter\CodeIgniter->handleRequest(null, Object(Config\Cache), false)
 8 SYSTEMPATH\Boot.php(363): CodeIgniter\CodeIgniter->run()
 9 SYSTEMPATH\Boot.php(68): CodeIgniter\Boot::runCodeIgniter(Object(CodeIgniter\CodeIgniter))
10 FCPATH\index.php(59): CodeIgniter\Boot::bootWeb(Object(Config\Paths))
DEBUG - 2025-10-31 08:40:43 --> Session: Class initialized using 'CodeIgniter\Session\Handlers\FileHandler' driver.
WARNING - 2025-10-31 08:40:43 --> [DEPRECATED] Optional parameter $filters declared before required parameter $id_dep is implicitly treated as a required parameter in APPPATH\Models\Model_arsip.php on line 303.
 1 SYSTEMPATH\Autoloader\Autoloader.php(315): include_once('C:\\xampp\\htdocs\\e-arsip_ci4\\system\\Debug\\Exceptions.php')
 2 SYSTEMPATH\Autoloader\Autoloader.php(295): CodeIgniter\Autoloader\Autoloader->includeFile('C:\\xampp\\htdocs\\e-arsip_ci4\\app\\Models\\Model_arsip.php')
 3 SYSTEMPATH\Autoloader\Autoloader.php(271): CodeIgniter\Autoloader\Autoloader->loadInNamespace('App\\Models\\Model_arsip')
 4 APPPATH\Controllers\Cari.php(20): CodeIgniter\Autoloader\Autoloader->loadClass('App\\Models\\Model_arsip')
 5 SYSTEMPATH\CodeIgniter.php(903): App\Controllers\Cari->__construct()
 6 SYSTEMPATH\CodeIgniter.php(498): CodeIgniter\CodeIgniter->createController()
 7 SYSTEMPATH\CodeIgniter.php(354): CodeIgniter\CodeIgniter->handleRequest(null, Object(Config\Cache), false)
 8 SYSTEMPATH\Boot.php(363): CodeIgniter\CodeIgniter->run()
 9 SYSTEMPATH\Boot.php(68): CodeIgniter\Boot::runCodeIgniter(Object(CodeIgniter\CodeIgniter))
10 FCPATH\index.php(59): CodeIgniter\Boot::bootWeb(Object(Config\Paths))
DEBUG - 2025-10-31 08:40:43 --> Session: Class initialized using 'CodeIgniter\Session\Handlers\FileHandler' driver.
WARNING - 2025-10-31 08:40:43 --> [DEPRECATED] Optional parameter $filters declared before required parameter $id_dep is implicitly treated as a required parameter in APPPATH\Models\Model_arsip.php on line 303.
 1 SYSTEMPATH\Autoloader\Autoloader.php(315): include_once('C:\\xampp\\htdocs\\e-arsip_ci4\\system\\Debug\\Exceptions.php')
 2 SYSTEMPATH\Autoloader\Autoloader.php(295): CodeIgniter\Autoloader\Autoloader->includeFile('C:\\xampp\\htdocs\\e-arsip_ci4\\app\\Models\\Model_arsip.php')
 3 SYSTEMPATH\Autoloader\Autoloader.php(271): CodeIgniter\Autoloader\Autoloader->loadInNamespace('App\\Models\\Model_arsip')
 4 APPPATH\Controllers\Cari.php(20): CodeIgniter\Autoloader\Autoloader->loadClass('App\\Models\\Model_arsip')
 5 SYSTEMPATH\CodeIgniter.php(903): App\Controllers\Cari->__construct()
 6 SYSTEMPATH\CodeIgniter.php(498): CodeIgniter\CodeIgniter->createController()
 7 SYSTEMPATH\CodeIgniter.php(354): CodeIgniter\CodeIgniter->handleRequest(null, Object(Config\Cache), false)
 8 SYSTEMPATH\Boot.php(363): CodeIgniter\CodeIgniter->run()
 9 SYSTEMPATH\Boot.php(68): CodeIgniter\Boot::runCodeIgniter(Object(CodeIgniter\CodeIgniter))
10 FCPATH\index.php(59): CodeIgniter\Boot::bootWeb(Object(Config\Paths))
DEBUG - 2025-10-31 08:42:09 --> Session: Class initialized using 'CodeIgniter\Session\Handlers\FileHandler' driver.
WARNING - 2025-10-31 08:42:09 --> [DEPRECATED] Optional parameter $filters declared before required parameter $id_dep is implicitly treated as a required parameter in APPPATH\Models\Model_arsip.php on line 303.
 1 SYSTEMPATH\Autoloader\Autoloader.php(315): include_once('C:\\xampp\\htdocs\\e-arsip_ci4\\system\\Debug\\Exceptions.php')
 2 SYSTEMPATH\Autoloader\Autoloader.php(295): CodeIgniter\Autoloader\Autoloader->includeFile('C:\\xampp\\htdocs\\e-arsip_ci4\\app\\Models\\Model_arsip.php')
 3 SYSTEMPATH\Autoloader\Autoloader.php(271): CodeIgniter\Autoloader\Autoloader->loadInNamespace('App\\Models\\Model_arsip')
 4 APPPATH\Controllers\Cari.php(20): CodeIgniter\Autoloader\Autoloader->loadClass('App\\Models\\Model_arsip')
 5 SYSTEMPATH\CodeIgniter.php(903): App\Controllers\Cari->__construct()
 6 SYSTEMPATH\CodeIgniter.php(498): CodeIgniter\CodeIgniter->createController()
 7 SYSTEMPATH\CodeIgniter.php(354): CodeIgniter\CodeIgniter->handleRequest(null, Object(Config\Cache), false)
 8 SYSTEMPATH\Boot.php(363): CodeIgniter\CodeIgniter->run()
 9 SYSTEMPATH\Boot.php(68): CodeIgniter\Boot::runCodeIgniter(Object(CodeIgniter\CodeIgniter))
10 FCPATH\index.php(59): CodeIgniter\Boot::bootWeb(Object(Config\Paths))
DEBUG - 2025-10-31 08:42:11 --> Session: Class initialized using 'CodeIgniter\Session\Handlers\FileHandler' driver.
WARNING - 2025-10-31 08:42:11 --> [DEPRECATED] Optional parameter $filters declared before required parameter $id_dep is implicitly treated as a required parameter in APPPATH\Models\Model_arsip.php on line 303.
 1 SYSTEMPATH\Autoloader\Autoloader.php(315): include_once('C:\\xampp\\htdocs\\e-arsip_ci4\\system\\Debug\\Exceptions.php')
 2 SYSTEMPATH\Autoloader\Autoloader.php(295): CodeIgniter\Autoloader\Autoloader->includeFile('C:\\xampp\\htdocs\\e-arsip_ci4\\app\\Models\\Model_arsip.php')
 3 SYSTEMPATH\Autoloader\Autoloader.php(271): CodeIgniter\Autoloader\Autoloader->loadInNamespace('App\\Models\\Model_arsip')
 4 APPPATH\Controllers\Cari.php(20): CodeIgniter\Autoloader\Autoloader->loadClass('App\\Models\\Model_arsip')
 5 SYSTEMPATH\CodeIgniter.php(903): App\Controllers\Cari->__construct()
 6 SYSTEMPATH\CodeIgniter.php(498): CodeIgniter\CodeIgniter->createController()
 7 SYSTEMPATH\CodeIgniter.php(354): CodeIgniter\CodeIgniter->handleRequest(null, Object(Config\Cache), false)
 8 SYSTEMPATH\Boot.php(363): CodeIgniter\CodeIgniter->run()
 9 SYSTEMPATH\Boot.php(68): CodeIgniter\Boot::runCodeIgniter(Object(CodeIgniter\CodeIgniter))
10 FCPATH\index.php(59): CodeIgniter\Boot::bootWeb(Object(Config\Paths))
DEBUG - 2025-10-31 08:42:14 --> Session: Class initialized using 'CodeIgniter\Session\Handlers\FileHandler' driver.
WARNING - 2025-10-31 08:42:14 --> [DEPRECATED] Optional parameter $filters declared before required parameter $id_dep is implicitly treated as a required parameter in APPPATH\Models\Model_arsip.php on line 303.
 1 SYSTEMPATH\Autoloader\Autoloader.php(315): include_once('C:\\xampp\\htdocs\\e-arsip_ci4\\system\\Debug\\Exceptions.php')
 2 SYSTEMPATH\Autoloader\Autoloader.php(295): CodeIgniter\Autoloader\Autoloader->includeFile('C:\\xampp\\htdocs\\e-arsip_ci4\\app\\Models\\Model_arsip.php')
 3 SYSTEMPATH\Autoloader\Autoloader.php(271): CodeIgniter\Autoloader\Autoloader->loadInNamespace('App\\Models\\Model_arsip')
 4 APPPATH\Controllers\Cari.php(20): CodeIgniter\Autoloader\Autoloader->loadClass('App\\Models\\Model_arsip')
 5 SYSTEMPATH\CodeIgniter.php(903): App\Controllers\Cari->__construct()
 6 SYSTEMPATH\CodeIgniter.php(498): CodeIgniter\CodeIgniter->createController()
 7 SYSTEMPATH\CodeIgniter.php(354): CodeIgniter\CodeIgniter->handleRequest(null, Object(Config\Cache), false)
 8 SYSTEMPATH\Boot.php(363): CodeIgniter\CodeIgniter->run()
 9 SYSTEMPATH\Boot.php(68): CodeIgniter\Boot::runCodeIgniter(Object(CodeIgniter\CodeIgniter))
10 FCPATH\index.php(59): CodeIgniter\Boot::bootWeb(Object(Config\Paths))
DEBUG - 2025-10-31 08:42:33 --> Session: Class initialized using 'CodeIgniter\Session\Handlers\FileHandler' driver.
WARNING - 2025-10-31 08:42:33 --> [DEPRECATED] Optional parameter $filters declared before required parameter $id_dep is implicitly treated as a required parameter in APPPATH\Models\Model_arsip.php on line 303.
 1 SYSTEMPATH\Autoloader\Autoloader.php(315): include_once('C:\\xampp\\htdocs\\e-arsip_ci4\\system\\Debug\\Exceptions.php')
 2 SYSTEMPATH\Autoloader\Autoloader.php(295): CodeIgniter\Autoloader\Autoloader->includeFile('C:\\xampp\\htdocs\\e-arsip_ci4\\app\\Models\\Model_arsip.php')
 3 SYSTEMPATH\Autoloader\Autoloader.php(271): CodeIgniter\Autoloader\Autoloader->loadInNamespace('App\\Models\\Model_arsip')
 4 APPPATH\Controllers\Cari.php(20): CodeIgniter\Autoloader\Autoloader->loadClass('App\\Models\\Model_arsip')
 5 SYSTEMPATH\CodeIgniter.php(903): App\Controllers\Cari->__construct()
 6 SYSTEMPATH\CodeIgniter.php(498): CodeIgniter\CodeIgniter->createController()
 7 SYSTEMPATH\CodeIgniter.php(354): CodeIgniter\CodeIgniter->handleRequest(null, Object(Config\Cache), false)
 8 SYSTEMPATH\Boot.php(363): CodeIgniter\CodeIgniter->run()
 9 SYSTEMPATH\Boot.php(68): CodeIgniter\Boot::runCodeIgniter(Object(CodeIgniter\CodeIgniter))
10 FCPATH\index.php(59): CodeIgniter\Boot::bootWeb(Object(Config\Paths))
DEBUG - 2025-10-31 08:42:35 --> Session: Class initialized using 'CodeIgniter\Session\Handlers\FileHandler' driver.
WARNING - 2025-10-31 08:42:35 --> [DEPRECATED] Optional parameter $filters declared before required parameter $id_dep is implicitly treated as a required parameter in APPPATH\Models\Model_arsip.php on line 303.
 1 SYSTEMPATH\Autoloader\Autoloader.php(315): include_once('C:\\xampp\\htdocs\\e-arsip_ci4\\system\\Debug\\Exceptions.php')
 2 SYSTEMPATH\Autoloader\Autoloader.php(295): CodeIgniter\Autoloader\Autoloader->includeFile('C:\\xampp\\htdocs\\e-arsip_ci4\\app\\Models\\Model_arsip.php')
 3 SYSTEMPATH\Autoloader\Autoloader.php(271): CodeIgniter\Autoloader\Autoloader->loadInNamespace('App\\Models\\Model_arsip')
 4 APPPATH\Controllers\Cari.php(20): CodeIgniter\Autoloader\Autoloader->loadClass('App\\Models\\Model_arsip')
 5 SYSTEMPATH\CodeIgniter.php(903): App\Controllers\Cari->__construct()
 6 SYSTEMPATH\CodeIgniter.php(498): CodeIgniter\CodeIgniter->createController()
 7 SYSTEMPATH\CodeIgniter.php(354): CodeIgniter\CodeIgniter->handleRequest(null, Object(Config\Cache), false)
 8 SYSTEMPATH\Boot.php(363): CodeIgniter\CodeIgniter->run()
 9 SYSTEMPATH\Boot.php(68): CodeIgniter\Boot::runCodeIgniter(Object(CodeIgniter\CodeIgniter))
10 FCPATH\index.php(59): CodeIgniter\Boot::bootWeb(Object(Config\Paths))
DEBUG - 2025-10-31 08:42:53 --> Session: Class initialized using 'CodeIgniter\Session\Handlers\FileHandler' driver.
WARNING - 2025-10-31 08:42:53 --> [DEPRECATED] Optional parameter $filters declared before required parameter $id_dep is implicitly treated as a required parameter in APPPATH\Models\Model_arsip.php on line 303.
 1 SYSTEMPATH\Autoloader\Autoloader.php(315): include_once('C:\\xampp\\htdocs\\e-arsip_ci4\\system\\Debug\\Exceptions.php')
 2 SYSTEMPATH\Autoloader\Autoloader.php(295): CodeIgniter\Autoloader\Autoloader->includeFile('C:\\xampp\\htdocs\\e-arsip_ci4\\app\\Models\\Model_arsip.php')
 3 SYSTEMPATH\Autoloader\Autoloader.php(271): CodeIgniter\Autoloader\Autoloader->loadInNamespace('App\\Models\\Model_arsip')
 4 APPPATH\Controllers\Arsip.php(26): CodeIgniter\Autoloader\Autoloader->loadClass('App\\Models\\Model_arsip')
 5 SYSTEMPATH\CodeIgniter.php(903): App\Controllers\Arsip->__construct()
 6 SYSTEMPATH\CodeIgniter.php(498): CodeIgniter\CodeIgniter->createController()
 7 SYSTEMPATH\CodeIgniter.php(354): CodeIgniter\CodeIgniter->handleRequest(null, Object(Config\Cache), false)
 8 SYSTEMPATH\Boot.php(363): CodeIgniter\CodeIgniter->run()
 9 SYSTEMPATH\Boot.php(68): CodeIgniter\Boot::runCodeIgniter(Object(CodeIgniter\CodeIgniter))
10 FCPATH\index.php(59): CodeIgniter\Boot::bootWeb(Object(Config\Paths))
DEBUG - 2025-10-31 08:42:59 --> Session: Class initialized using 'CodeIgniter\Session\Handlers\FileHandler' driver.
DEBUG - 2025-10-31 08:43:01 --> Session: Class initialized using 'CodeIgniter\Session\Handlers\FileHandler' driver.
DEBUG - 2025-10-31 08:45:13 --> Session: Class initialized using 'CodeIgniter\Session\Handlers\FileHandler' driver.
WARNING - 2025-10-31 08:45:13 --> [DEPRECATED] Optional parameter $filters declared before required parameter $id_dep is implicitly treated as a required parameter in APPPATH\Models\Model_arsip.php on line 303.
 1 SYSTEMPATH\Autoloader\Autoloader.php(315): include_once('C:\\xampp\\htdocs\\e-arsip_ci4\\system\\Debug\\Exceptions.php')
 2 SYSTEMPATH\Autoloader\Autoloader.php(295): CodeIgniter\Autoloader\Autoloader->includeFile('C:\\xampp\\htdocs\\e-arsip_ci4\\app\\Models\\Model_arsip.php')
 3 SYSTEMPATH\Autoloader\Autoloader.php(271): CodeIgniter\Autoloader\Autoloader->loadInNamespace('App\\Models\\Model_arsip')
 4 APPPATH\Controllers\Home.php(23): CodeIgniter\Autoloader\Autoloader->loadClass('App\\Models\\Model_arsip')
 5 SYSTEMPATH\CodeIgniter.php(903): App\Controllers\Home->__construct()
 6 SYSTEMPATH\CodeIgniter.php(498): CodeIgniter\CodeIgniter->createController()
 7 SYSTEMPATH\CodeIgniter.php(354): CodeIgniter\CodeIgniter->handleRequest(null, Object(Config\Cache), false)
 8 SYSTEMPATH\Boot.php(363): CodeIgniter\CodeIgniter->run()
 9 SYSTEMPATH\Boot.php(68): CodeIgniter\Boot::runCodeIgniter(Object(CodeIgniter\CodeIgniter))
10 FCPATH\index.php(59): CodeIgniter\Boot::bootWeb(Object(Config\Paths))
DEBUG - 2025-10-31 08:45:20 --> Session: Class initialized using 'CodeIgniter\Session\Handlers\FileHandler' driver.
DEBUG - 2025-10-31 08:45:29 --> Session: Class initialized using 'CodeIgniter\Session\Handlers\FileHandler' driver.
WARNING - 2025-10-31 08:45:29 --> [DEPRECATED] Optional parameter $filters declared before required parameter $id_dep is implicitly treated as a required parameter in APPPATH\Models\Model_arsip.php on line 303.
 1 SYSTEMPATH\Autoloader\Autoloader.php(315): include_once('C:\\xampp\\htdocs\\e-arsip_ci4\\system\\Debug\\Exceptions.php')
 2 SYSTEMPATH\Autoloader\Autoloader.php(295): CodeIgniter\Autoloader\Autoloader->includeFile('C:\\xampp\\htdocs\\e-arsip_ci4\\app\\Models\\Model_arsip.php')
 3 SYSTEMPATH\Autoloader\Autoloader.php(271): CodeIgniter\Autoloader\Autoloader->loadInNamespace('App\\Models\\Model_arsip')
 4 APPPATH\Controllers\Arsip.php(26): CodeIgniter\Autoloader\Autoloader->loadClass('App\\Models\\Model_arsip')
 5 SYSTEMPATH\CodeIgniter.php(903): App\Controllers\Arsip->__construct()
 6 SYSTEMPATH\CodeIgniter.php(498): CodeIgniter\CodeIgniter->createController()
 7 SYSTEMPATH\CodeIgniter.php(354): CodeIgniter\CodeIgniter->handleRequest(null, Object(Config\Cache), false)
 8 SYSTEMPATH\Boot.php(363): CodeIgniter\CodeIgniter->run()
 9 SYSTEMPATH\Boot.php(68): CodeIgniter\Boot::runCodeIgniter(Object(CodeIgniter\CodeIgniter))
10 FCPATH\index.php(59): CodeIgniter\Boot::bootWeb(Object(Config\Paths))
DEBUG - 2025-10-31 08:45:32 --> Session: Class initialized using 'CodeIgniter\Session\Handlers\FileHandler' driver.
WARNING - 2025-10-31 08:45:32 --> [DEPRECATED] Optional parameter $filters declared before required parameter $id_dep is implicitly treated as a required parameter in APPPATH\Models\Model_arsip.php on line 303.
 1 SYSTEMPATH\Autoloader\Autoloader.php(315): include_once('C:\\xampp\\htdocs\\e-arsip_ci4\\system\\Debug\\Exceptions.php')
 2 SYSTEMPATH\Autoloader\Autoloader.php(295): CodeIgniter\Autoloader\Autoloader->includeFile('C:\\xampp\\htdocs\\e-arsip_ci4\\app\\Models\\Model_arsip.php')
 3 SYSTEMPATH\Autoloader\Autoloader.php(271): CodeIgniter\Autoloader\Autoloader->loadInNamespace('App\\Models\\Model_arsip')
 4 APPPATH\Controllers\Kategori.php(21): CodeIgniter\Autoloader\Autoloader->loadClass('App\\Models\\Model_arsip')
 5 SYSTEMPATH\CodeIgniter.php(903): App\Controllers\Kategori->__construct()
 6 SYSTEMPATH\CodeIgniter.php(498): CodeIgniter\CodeIgniter->createController()
 7 SYSTEMPATH\CodeIgniter.php(354): CodeIgniter\CodeIgniter->handleRequest(null, Object(Config\Cache), false)
 8 SYSTEMPATH\Boot.php(363): CodeIgniter\CodeIgniter->run()
 9 SYSTEMPATH\Boot.php(68): CodeIgniter\Boot::runCodeIgniter(Object(CodeIgniter\CodeIgniter))
10 FCPATH\index.php(59): CodeIgniter\Boot::bootWeb(Object(Config\Paths))
DEBUG - 2025-10-31 08:45:34 --> Session: Class initialized using 'CodeIgniter\Session\Handlers\FileHandler' driver.
WARNING - 2025-10-31 08:45:34 --> [DEPRECATED] Optional parameter $filters declared before required parameter $id_dep is implicitly treated as a required parameter in APPPATH\Models\Model_arsip.php on line 303.
 1 SYSTEMPATH\Autoloader\Autoloader.php(315): include_once('C:\\xampp\\htdocs\\e-arsip_ci4\\system\\Debug\\Exceptions.php')
 2 SYSTEMPATH\Autoloader\Autoloader.php(295): CodeIgniter\Autoloader\Autoloader->includeFile('C:\\xampp\\htdocs\\e-arsip_ci4\\app\\Models\\Model_arsip.php')
 3 SYSTEMPATH\Autoloader\Autoloader.php(271): CodeIgniter\Autoloader\Autoloader->loadInNamespace('App\\Models\\Model_arsip')
 4 APPPATH\Controllers\Arsip.php(26): CodeIgniter\Autoloader\Autoloader->loadClass('App\\Models\\Model_arsip')
 5 SYSTEMPATH\CodeIgniter.php(903): App\Controllers\Arsip->__construct()
 6 SYSTEMPATH\CodeIgniter.php(498): CodeIgniter\CodeIgniter->createController()
 7 SYSTEMPATH\CodeIgniter.php(354): CodeIgniter\CodeIgniter->handleRequest(null, Object(Config\Cache), false)
 8 SYSTEMPATH\Boot.php(363): CodeIgniter\CodeIgniter->run()
 9 SYSTEMPATH\Boot.php(68): CodeIgniter\Boot::runCodeIgniter(Object(CodeIgniter\CodeIgniter))
10 FCPATH\index.php(59): CodeIgniter\Boot::bootWeb(Object(Config\Paths))
DEBUG - 2025-10-31 08:45:35 --> Session: Class initialized using 'CodeIgniter\Session\Handlers\FileHandler' driver.
WARNING - 2025-10-31 08:45:35 --> [DEPRECATED] Optional parameter $filters declared before required parameter $id_dep is implicitly treated as a required parameter in APPPATH\Models\Model_arsip.php on line 303.
 1 SYSTEMPATH\Autoloader\Autoloader.php(315): include_once('C:\\xampp\\htdocs\\e-arsip_ci4\\system\\Debug\\Exceptions.php')
 2 SYSTEMPATH\Autoloader\Autoloader.php(295): CodeIgniter\Autoloader\Autoloader->includeFile('C:\\xampp\\htdocs\\e-arsip_ci4\\app\\Models\\Model_arsip.php')
 3 SYSTEMPATH\Autoloader\Autoloader.php(271): CodeIgniter\Autoloader\Autoloader->loadInNamespace('App\\Models\\Model_arsip')
 4 APPPATH\Controllers\Kategori.php(21): CodeIgniter\Autoloader\Autoloader->loadClass('App\\Models\\Model_arsip')
 5 SYSTEMPATH\CodeIgniter.php(903): App\Controllers\Kategori->__construct()
 6 SYSTEMPATH\CodeIgniter.php(498): CodeIgniter\CodeIgniter->createController()
 7 SYSTEMPATH\CodeIgniter.php(354): CodeIgniter\CodeIgniter->handleRequest(null, Object(Config\Cache), false)
 8 SYSTEMPATH\Boot.php(363): CodeIgniter\CodeIgniter->run()
 9 SYSTEMPATH\Boot.php(68): CodeIgniter\Boot::runCodeIgniter(Object(CodeIgniter\CodeIgniter))
10 FCPATH\index.php(59): CodeIgniter\Boot::bootWeb(Object(Config\Paths))
DEBUG - 2025-10-31 08:47:33 --> Session: Class initialized using 'CodeIgniter\Session\Handlers\FileHandler' driver.
WARNING - 2025-10-31 08:47:33 --> [DEPRECATED] Optional parameter $filters declared before required parameter $id_dep is implicitly treated as a required parameter in APPPATH\Models\Model_arsip.php on line 303.
 1 SYSTEMPATH\Autoloader\Autoloader.php(315): include_once('C:\\xampp\\htdocs\\e-arsip_ci4\\system\\Debug\\Exceptions.php')
 2 SYSTEMPATH\Autoloader\Autoloader.php(295): CodeIgniter\Autoloader\Autoloader->includeFile('C:\\xampp\\htdocs\\e-arsip_ci4\\app\\Models\\Model_arsip.php')
 3 SYSTEMPATH\Autoloader\Autoloader.php(271): CodeIgniter\Autoloader\Autoloader->loadInNamespace('App\\Models\\Model_arsip')
 4 APPPATH\Controllers\Cari.php(20): CodeIgniter\Autoloader\Autoloader->loadClass('App\\Models\\Model_arsip')
 5 SYSTEMPATH\CodeIgniter.php(903): App\Controllers\Cari->__construct()
 6 SYSTEMPATH\CodeIgniter.php(498): CodeIgniter\CodeIgniter->createController()
 7 SYSTEMPATH\CodeIgniter.php(354): CodeIgniter\CodeIgniter->handleRequest(null, Object(Config\Cache), false)
 8 SYSTEMPATH\Boot.php(363): CodeIgniter\CodeIgniter->run()
 9 SYSTEMPATH\Boot.php(68): CodeIgniter\Boot::runCodeIgniter(Object(CodeIgniter\CodeIgniter))
10 FCPATH\index.php(59): CodeIgniter\Boot::bootWeb(Object(Config\Paths))
DEBUG - 2025-10-31 08:47:37 --> Session: Class initialized using 'CodeIgniter\Session\Handlers\FileHandler' driver.
WARNING - 2025-10-31 08:47:37 --> [DEPRECATED] Optional parameter $filters declared before required parameter $id_dep is implicitly treated as a required parameter in APPPATH\Models\Model_arsip.php on line 303.
 1 SYSTEMPATH\Autoloader\Autoloader.php(315): include_once('C:\\xampp\\htdocs\\e-arsip_ci4\\system\\Debug\\Exceptions.php')
 2 SYSTEMPATH\Autoloader\Autoloader.php(295): CodeIgniter\Autoloader\Autoloader->includeFile('C:\\xampp\\htdocs\\e-arsip_ci4\\app\\Models\\Model_arsip.php')
 3 SYSTEMPATH\Autoloader\Autoloader.php(271): CodeIgniter\Autoloader\Autoloader->loadInNamespace('App\\Models\\Model_arsip')
 4 APPPATH\Controllers\Cari.php(20): CodeIgniter\Autoloader\Autoloader->loadClass('App\\Models\\Model_arsip')
 5 SYSTEMPATH\CodeIgniter.php(903): App\Controllers\Cari->__construct()
 6 SYSTEMPATH\CodeIgniter.php(498): CodeIgniter\CodeIgniter->createController()
 7 SYSTEMPATH\CodeIgniter.php(354): CodeIgniter\CodeIgniter->handleRequest(null, Object(Config\Cache), false)
 8 SYSTEMPATH\Boot.php(363): CodeIgniter\CodeIgniter->run()
 9 SYSTEMPATH\Boot.php(68): CodeIgniter\Boot::runCodeIgniter(Object(CodeIgniter\CodeIgniter))
10 FCPATH\index.php(59): CodeIgniter\Boot::bootWeb(Object(Config\Paths))
DEBUG - 2025-10-31 08:47:49 --> Session: Class initialized using 'CodeIgniter\Session\Handlers\FileHandler' driver.
WARNING - 2025-10-31 08:47:49 --> [DEPRECATED] Optional parameter $filters declared before required parameter $id_dep is implicitly treated as a required parameter in APPPATH\Models\Model_arsip.php on line 303.
 1 SYSTEMPATH\Autoloader\Autoloader.php(315): include_once('C:\\xampp\\htdocs\\e-arsip_ci4\\system\\Debug\\Exceptions.php')
 2 SYSTEMPATH\Autoloader\Autoloader.php(295): CodeIgniter\Autoloader\Autoloader->includeFile('C:\\xampp\\htdocs\\e-arsip_ci4\\app\\Models\\Model_arsip.php')
 3 SYSTEMPATH\Autoloader\Autoloader.php(271): CodeIgniter\Autoloader\Autoloader->loadInNamespace('App\\Models\\Model_arsip')
 4 APPPATH\Controllers\Cari.php(20): CodeIgniter\Autoloader\Autoloader->loadClass('App\\Models\\Model_arsip')
 5 SYSTEMPATH\CodeIgniter.php(903): App\Controllers\Cari->__construct()
 6 SYSTEMPATH\CodeIgniter.php(498): CodeIgniter\CodeIgniter->createController()
 7 SYSTEMPATH\CodeIgniter.php(354): CodeIgniter\CodeIgniter->handleRequest(null, Object(Config\Cache), false)
 8 SYSTEMPATH\Boot.php(363): CodeIgniter\CodeIgniter->run()
 9 SYSTEMPATH\Boot.php(68): CodeIgniter\Boot::runCodeIgniter(Object(CodeIgniter\CodeIgniter))
10 FCPATH\index.php(59): CodeIgniter\Boot::bootWeb(Object(Config\Paths))
DEBUG - 2025-10-31 09:09:47 --> Session: Class initialized using 'CodeIgniter\Session\Handlers\FileHandler' driver.
WARNING - 2025-10-31 09:09:47 --> [DEPRECATED] Optional parameter $filters declared before required parameter $id_dep is implicitly treated as a required parameter in APPPATH\Models\Model_arsip.php on line 303.
 1 SYSTEMPATH\Autoloader\Autoloader.php(315): include_once('C:\\xampp\\htdocs\\e-arsip_ci4\\system\\Debug\\Exceptions.php')
 2 SYSTEMPATH\Autoloader\Autoloader.php(295): CodeIgniter\Autoloader\Autoloader->includeFile('C:\\xampp\\htdocs\\e-arsip_ci4\\app\\Models\\Model_arsip.php')
 3 SYSTEMPATH\Autoloader\Autoloader.php(271): CodeIgniter\Autoloader\Autoloader->loadInNamespace('App\\Models\\Model_arsip')
 4 APPPATH\Controllers\Cari.php(20): CodeIgniter\Autoloader\Autoloader->loadClass('App\\Models\\Model_arsip')
 5 SYSTEMPATH\CodeIgniter.php(903): App\Controllers\Cari->__construct()
 6 SYSTEMPATH\CodeIgniter.php(498): CodeIgniter\CodeIgniter->createController()
 7 SYSTEMPATH\CodeIgniter.php(354): CodeIgniter\CodeIgniter->handleRequest(null, Object(Config\Cache), false)
 8 SYSTEMPATH\Boot.php(363): CodeIgniter\CodeIgniter->run()
 9 SYSTEMPATH\Boot.php(68): CodeIgniter\Boot::runCodeIgniter(Object(CodeIgniter\CodeIgniter))
10 FCPATH\index.php(59): CodeIgniter\Boot::bootWeb(Object(Config\Paths))
DEBUG - 2025-10-31 09:09:48 --> Session: Class initialized using 'CodeIgniter\Session\Handlers\FileHandler' driver.
WARNING - 2025-10-31 09:09:48 --> [DEPRECATED] Optional parameter $filters declared before required parameter $id_dep is implicitly treated as a required parameter in APPPATH\Models\Model_arsip.php on line 303.
 1 SYSTEMPATH\Autoloader\Autoloader.php(315): include_once('C:\\xampp\\htdocs\\e-arsip_ci4\\system\\Debug\\Exceptions.php')
 2 SYSTEMPATH\Autoloader\Autoloader.php(295): CodeIgniter\Autoloader\Autoloader->includeFile('C:\\xampp\\htdocs\\e-arsip_ci4\\app\\Models\\Model_arsip.php')
 3 SYSTEMPATH\Autoloader\Autoloader.php(271): CodeIgniter\Autoloader\Autoloader->loadInNamespace('App\\Models\\Model_arsip')
 4 APPPATH\Controllers\Cari.php(20): CodeIgniter\Autoloader\Autoloader->loadClass('App\\Models\\Model_arsip')
 5 SYSTEMPATH\CodeIgniter.php(903): App\Controllers\Cari->__construct()
 6 SYSTEMPATH\CodeIgniter.php(498): CodeIgniter\CodeIgniter->createController()
 7 SYSTEMPATH\CodeIgniter.php(354): CodeIgniter\CodeIgniter->handleRequest(null, Object(Config\Cache), false)
 8 SYSTEMPATH\Boot.php(363): CodeIgniter\CodeIgniter->run()
 9 SYSTEMPATH\Boot.php(68): CodeIgniter\Boot::runCodeIgniter(Object(CodeIgniter\CodeIgniter))
10 FCPATH\index.php(59): CodeIgniter\Boot::bootWeb(Object(Config\Paths))
DEBUG - 2025-10-31 09:09:48 --> Session: Class initialized using 'CodeIgniter\Session\Handlers\FileHandler' driver.
WARNING - 2025-10-31 09:09:48 --> [DEPRECATED] Optional parameter $filters declared before required parameter $id_dep is implicitly treated as a required parameter in APPPATH\Models\Model_arsip.php on line 303.
 1 SYSTEMPATH\Autoloader\Autoloader.php(315): include_once('C:\\xampp\\htdocs\\e-arsip_ci4\\system\\Debug\\Exceptions.php')
 2 SYSTEMPATH\Autoloader\Autoloader.php(295): CodeIgniter\Autoloader\Autoloader->includeFile('C:\\xampp\\htdocs\\e-arsip_ci4\\app\\Models\\Model_arsip.php')
 3 SYSTEMPATH\Autoloader\Autoloader.php(271): CodeIgniter\Autoloader\Autoloader->loadInNamespace('App\\Models\\Model_arsip')
 4 APPPATH\Controllers\Cari.php(20): CodeIgniter\Autoloader\Autoloader->loadClass('App\\Models\\Model_arsip')
 5 SYSTEMPATH\CodeIgniter.php(903): App\Controllers\Cari->__construct()
 6 SYSTEMPATH\CodeIgniter.php(498): CodeIgniter\CodeIgniter->createController()
 7 SYSTEMPATH\CodeIgniter.php(354): CodeIgniter\CodeIgniter->handleRequest(null, Object(Config\Cache), false)
 8 SYSTEMPATH\Boot.php(363): CodeIgniter\CodeIgniter->run()
 9 SYSTEMPATH\Boot.php(68): CodeIgniter\Boot::runCodeIgniter(Object(CodeIgniter\CodeIgniter))
10 FCPATH\index.php(59): CodeIgniter\Boot::bootWeb(Object(Config\Paths))
DEBUG - 2025-10-31 09:09:49 --> Session: Class initialized using 'CodeIgniter\Session\Handlers\FileHandler' driver.
WARNING - 2025-10-31 09:09:49 --> [DEPRECATED] Optional parameter $filters declared before required parameter $id_dep is implicitly treated as a required parameter in APPPATH\Models\Model_arsip.php on line 303.
 1 SYSTEMPATH\Autoloader\Autoloader.php(315): include_once('C:\\xampp\\htdocs\\e-arsip_ci4\\system\\Debug\\Exceptions.php')
 2 SYSTEMPATH\Autoloader\Autoloader.php(295): CodeIgniter\Autoloader\Autoloader->includeFile('C:\\xampp\\htdocs\\e-arsip_ci4\\app\\Models\\Model_arsip.php')
 3 SYSTEMPATH\Autoloader\Autoloader.php(271): CodeIgniter\Autoloader\Autoloader->loadInNamespace('App\\Models\\Model_arsip')
 4 APPPATH\Controllers\Cari.php(20): CodeIgniter\Autoloader\Autoloader->loadClass('App\\Models\\Model_arsip')
 5 SYSTEMPATH\CodeIgniter.php(903): App\Controllers\Cari->__construct()
 6 SYSTEMPATH\CodeIgniter.php(498): CodeIgniter\CodeIgniter->createController()
 7 SYSTEMPATH\CodeIgniter.php(354): CodeIgniter\CodeIgniter->handleRequest(null, Object(Config\Cache), false)
 8 SYSTEMPATH\Boot.php(363): CodeIgniter\CodeIgniter->run()
 9 SYSTEMPATH\Boot.php(68): CodeIgniter\Boot::runCodeIgniter(Object(CodeIgniter\CodeIgniter))
10 FCPATH\index.php(59): CodeIgniter\Boot::bootWeb(Object(Config\Paths))
DEBUG - 2025-10-31 09:09:54 --> Session: Class initialized using 'CodeIgniter\Session\Handlers\FileHandler' driver.
WARNING - 2025-10-31 09:09:54 --> [DEPRECATED] Optional parameter $filters declared before required parameter $id_dep is implicitly treated as a required parameter in APPPATH\Models\Model_arsip.php on line 303.
 1 SYSTEMPATH\Autoloader\Autoloader.php(315): include_once('C:\\xampp\\htdocs\\e-arsip_ci4\\system\\Debug\\Exceptions.php')
 2 SYSTEMPATH\Autoloader\Autoloader.php(295): CodeIgniter\Autoloader\Autoloader->includeFile('C:\\xampp\\htdocs\\e-arsip_ci4\\app\\Models\\Model_arsip.php')
 3 SYSTEMPATH\Autoloader\Autoloader.php(271): CodeIgniter\Autoloader\Autoloader->loadInNamespace('App\\Models\\Model_arsip')
 4 APPPATH\Controllers\Cari.php(20): CodeIgniter\Autoloader\Autoloader->loadClass('App\\Models\\Model_arsip')
 5 SYSTEMPATH\CodeIgniter.php(903): App\Controllers\Cari->__construct()
 6 SYSTEMPATH\CodeIgniter.php(498): CodeIgniter\CodeIgniter->createController()
 7 SYSTEMPATH\CodeIgniter.php(354): CodeIgniter\CodeIgniter->handleRequest(null, Object(Config\Cache), false)
 8 SYSTEMPATH\Boot.php(363): CodeIgniter\CodeIgniter->run()
 9 SYSTEMPATH\Boot.php(68): CodeIgniter\Boot::runCodeIgniter(Object(CodeIgniter\CodeIgniter))
10 FCPATH\index.php(59): CodeIgniter\Boot::bootWeb(Object(Config\Paths))
DEBUG - 2025-10-31 09:09:55 --> Session: Class initialized using 'CodeIgniter\Session\Handlers\FileHandler' driver.
WARNING - 2025-10-31 09:09:55 --> [DEPRECATED] Optional parameter $filters declared before required parameter $id_dep is implicitly treated as a required parameter in APPPATH\Models\Model_arsip.php on line 303.
 1 SYSTEMPATH\Autoloader\Autoloader.php(315): include_once('C:\\xampp\\htdocs\\e-arsip_ci4\\system\\Debug\\Exceptions.php')
 2 SYSTEMPATH\Autoloader\Autoloader.php(295): CodeIgniter\Autoloader\Autoloader->includeFile('C:\\xampp\\htdocs\\e-arsip_ci4\\app\\Models\\Model_arsip.php')
 3 SYSTEMPATH\Autoloader\Autoloader.php(271): CodeIgniter\Autoloader\Autoloader->loadInNamespace('App\\Models\\Model_arsip')
 4 APPPATH\Controllers\Cari.php(20): CodeIgniter\Autoloader\Autoloader->loadClass('App\\Models\\Model_arsip')
 5 SYSTEMPATH\CodeIgniter.php(903): App\Controllers\Cari->__construct()
 6 SYSTEMPATH\CodeIgniter.php(498): CodeIgniter\CodeIgniter->createController()
 7 SYSTEMPATH\CodeIgniter.php(354): CodeIgniter\CodeIgniter->handleRequest(null, Object(Config\Cache), false)
 8 SYSTEMPATH\Boot.php(363): CodeIgniter\CodeIgniter->run()
 9 SYSTEMPATH\Boot.php(68): CodeIgniter\Boot::runCodeIgniter(Object(CodeIgniter\CodeIgniter))
10 FCPATH\index.php(59): CodeIgniter\Boot::bootWeb(Object(Config\Paths))
DEBUG - 2025-10-31 09:09:55 --> Session: Class initialized using 'CodeIgniter\Session\Handlers\FileHandler' driver.
WARNING - 2025-10-31 09:09:55 --> [DEPRECATED] Optional parameter $filters declared before required parameter $id_dep is implicitly treated as a required parameter in APPPATH\Models\Model_arsip.php on line 303.
 1 SYSTEMPATH\Autoloader\Autoloader.php(315): include_once('C:\\xampp\\htdocs\\e-arsip_ci4\\system\\Debug\\Exceptions.php')
 2 SYSTEMPATH\Autoloader\Autoloader.php(295): CodeIgniter\Autoloader\Autoloader->includeFile('C:\\xampp\\htdocs\\e-arsip_ci4\\app\\Models\\Model_arsip.php')
 3 SYSTEMPATH\Autoloader\Autoloader.php(271): CodeIgniter\Autoloader\Autoloader->loadInNamespace('App\\Models\\Model_arsip')
 4 APPPATH\Controllers\Cari.php(20): CodeIgniter\Autoloader\Autoloader->loadClass('App\\Models\\Model_arsip')
 5 SYSTEMPATH\CodeIgniter.php(903): App\Controllers\Cari->__construct()
 6 SYSTEMPATH\CodeIgniter.php(498): CodeIgniter\CodeIgniter->createController()
 7 SYSTEMPATH\CodeIgniter.php(354): CodeIgniter\CodeIgniter->handleRequest(null, Object(Config\Cache), false)
 8 SYSTEMPATH\Boot.php(363): CodeIgniter\CodeIgniter->run()
 9 SYSTEMPATH\Boot.php(68): CodeIgniter\Boot::runCodeIgniter(Object(CodeIgniter\CodeIgniter))
10 FCPATH\index.php(59): CodeIgniter\Boot::bootWeb(Object(Config\Paths))
DEBUG - 2025-10-31 09:09:55 --> Session: Class initialized using 'CodeIgniter\Session\Handlers\FileHandler' driver.
WARNING - 2025-10-31 09:09:55 --> [DEPRECATED] Optional parameter $filters declared before required parameter $id_dep is implicitly treated as a required parameter in APPPATH\Models\Model_arsip.php on line 303.
 1 SYSTEMPATH\Autoloader\Autoloader.php(315): include_once('C:\\xampp\\htdocs\\e-arsip_ci4\\system\\Debug\\Exceptions.php')
 2 SYSTEMPATH\Autoloader\Autoloader.php(295): CodeIgniter\Autoloader\Autoloader->includeFile('C:\\xampp\\htdocs\\e-arsip_ci4\\app\\Models\\Model_arsip.php')
 3 SYSTEMPATH\Autoloader\Autoloader.php(271): CodeIgniter\Autoloader\Autoloader->loadInNamespace('App\\Models\\Model_arsip')
 4 APPPATH\Controllers\Cari.php(20): CodeIgniter\Autoloader\Autoloader->loadClass('App\\Models\\Model_arsip')
 5 SYSTEMPATH\CodeIgniter.php(903): App\Controllers\Cari->__construct()
 6 SYSTEMPATH\CodeIgniter.php(498): CodeIgniter\CodeIgniter->createController()
 7 SYSTEMPATH\CodeIgniter.php(354): CodeIgniter\CodeIgniter->handleRequest(null, Object(Config\Cache), false)
 8 SYSTEMPATH\Boot.php(363): CodeIgniter\CodeIgniter->run()
 9 SYSTEMPATH\Boot.php(68): CodeIgniter\Boot::runCodeIgniter(Object(CodeIgniter\CodeIgniter))
10 FCPATH\index.php(59): CodeIgniter\Boot::bootWeb(Object(Config\Paths))
