DEBUG - 2025-11-11 01:23:30 --> Session: Class initialized using 'CodeIgniter\Session\Handlers\FileHandler' driver.
DEBUG - 2025-11-11 01:23:32 --> Session: Class initialized using 'CodeIgniter\Session\Handlers\FileHandler' driver.
DEBUG - 2025-11-11 01:23:42 --> Session: Class initialized using 'CodeIgniter\Session\Handlers\FileHandler' driver.
DEBUG - 2025-11-11 01:23:42 --> Session: Class initialized using 'CodeIgniter\Session\Handlers\FileHandler' driver.
WARNING - 2025-11-11 01:23:42 --> [DEPRECATED] Optional parameter $filters declared before required parameter $id_dep is implicitly treated as a required parameter in APPPATH\Models\Model_arsip.php on line 303.
 1 SYSTEMPATH\Autoloader\Autoloader.php(315): include_once('C:\\xampp\\htdocs\\e-arsip_ci4\\system\\Debug\\Exceptions.php')
 2 SYSTEMPATH\Autoloader\Autoloader.php(295): CodeIgniter\Autoloader\Autoloader->includeFile('C:\\xampp\\htdocs\\e-arsip_ci4\\app\\Models\\Model_arsip.php')
 3 SYSTEMPATH\Autoloader\Autoloader.php(271): CodeIgniter\Autoloader\Autoloader->loadInNamespace('App\\Models\\Model_arsip')
 4 APPPATH\Controllers\Home.php(23): CodeIgniter\Autoloader\Autoloader->loadClass('App\\Models\\Model_arsip')
 5 SYSTEMPATH\CodeIgniter.php(903): App\Controllers\Home->__construct()
 6 SYSTEMPATH\CodeIgniter.php(498): CodeIgniter\CodeIgniter->createController()
 7 SYSTEMPATH\CodeIgniter.php(354): CodeIgniter\CodeIgniter->handleRequest(null, Object(Config\Cache), false)
 8 SYSTEMPATH\Boot.php(363): CodeIgniter\CodeIgniter->run()
 9 SYSTEMPATH\Boot.php(68): CodeIgniter\Boot::runCodeIgniter(Object(CodeIgniter\CodeIgniter))
10 FCPATH\index.php(59): CodeIgniter\Boot::bootWeb(Object(Config\Paths))
DEBUG - 2025-11-11 01:53:48 --> Session: Class initialized using 'CodeIgniter\Session\Handlers\FileHandler' driver.
DEBUG - 2025-11-11 01:53:49 --> Session: Class initialized using 'CodeIgniter\Session\Handlers\FileHandler' driver.
DEBUG - 2025-11-11 01:55:17 --> Session: Class initialized using 'CodeIgniter\Session\Handlers\FileHandler' driver.
DEBUG - 2025-11-11 01:55:20 --> Session: Class initialized using 'CodeIgniter\Session\Handlers\FileHandler' driver.
DEBUG - 2025-11-11 01:55:20 --> Session: Class initialized using 'CodeIgniter\Session\Handlers\FileHandler' driver.
WARNING - 2025-11-11 01:55:20 --> [DEPRECATED] Optional parameter $filters declared before required parameter $id_dep is implicitly treated as a required parameter in APPPATH\Models\Model_arsip.php on line 303.
 1 SYSTEMPATH\Autoloader\Autoloader.php(315): include_once('C:\\xampp\\htdocs\\e-arsip_ci4\\system\\Debug\\Exceptions.php')
 2 SYSTEMPATH\Autoloader\Autoloader.php(295): CodeIgniter\Autoloader\Autoloader->includeFile('C:\\xampp\\htdocs\\e-arsip_ci4\\app\\Models\\Model_arsip.php')
 3 SYSTEMPATH\Autoloader\Autoloader.php(271): CodeIgniter\Autoloader\Autoloader->loadInNamespace('App\\Models\\Model_arsip')
 4 APPPATH\Controllers\Home.php(23): CodeIgniter\Autoloader\Autoloader->loadClass('App\\Models\\Model_arsip')
 5 SYSTEMPATH\CodeIgniter.php(903): App\Controllers\Home->__construct()
 6 SYSTEMPATH\CodeIgniter.php(498): CodeIgniter\CodeIgniter->createController()
 7 SYSTEMPATH\CodeIgniter.php(354): CodeIgniter\CodeIgniter->handleRequest(null, Object(Config\Cache), false)
 8 SYSTEMPATH\Boot.php(363): CodeIgniter\CodeIgniter->run()
 9 SYSTEMPATH\Boot.php(68): CodeIgniter\Boot::runCodeIgniter(Object(CodeIgniter\CodeIgniter))
10 FCPATH\index.php(59): CodeIgniter\Boot::bootWeb(Object(Config\Paths))
DEBUG - 2025-11-11 01:55:23 --> Session: Class initialized using 'CodeIgniter\Session\Handlers\FileHandler' driver.
WARNING - 2025-11-11 01:55:23 --> [DEPRECATED] Optional parameter $filters declared before required parameter $id_dep is implicitly treated as a required parameter in APPPATH\Models\Model_arsip.php on line 303.
 1 SYSTEMPATH\Autoloader\Autoloader.php(315): include_once('C:\\xampp\\htdocs\\e-arsip_ci4\\system\\Debug\\Exceptions.php')
 2 SYSTEMPATH\Autoloader\Autoloader.php(295): CodeIgniter\Autoloader\Autoloader->includeFile('C:\\xampp\\htdocs\\e-arsip_ci4\\app\\Models\\Model_arsip.php')
 3 SYSTEMPATH\Autoloader\Autoloader.php(271): CodeIgniter\Autoloader\Autoloader->loadInNamespace('App\\Models\\Model_arsip')
 4 APPPATH\Controllers\Kategori.php(21): CodeIgniter\Autoloader\Autoloader->loadClass('App\\Models\\Model_arsip')
 5 SYSTEMPATH\CodeIgniter.php(903): App\Controllers\Kategori->__construct()
 6 SYSTEMPATH\CodeIgniter.php(498): CodeIgniter\CodeIgniter->createController()
 7 SYSTEMPATH\CodeIgniter.php(354): CodeIgniter\CodeIgniter->handleRequest(null, Object(Config\Cache), false)
 8 SYSTEMPATH\Boot.php(363): CodeIgniter\CodeIgniter->run()
 9 SYSTEMPATH\Boot.php(68): CodeIgniter\Boot::runCodeIgniter(Object(CodeIgniter\CodeIgniter))
10 FCPATH\index.php(59): CodeIgniter\Boot::bootWeb(Object(Config\Paths))
DEBUG - 2025-11-11 02:00:02 --> Session: Class initialized using 'CodeIgniter\Session\Handlers\FileHandler' driver.
WARNING - 2025-11-11 02:00:02 --> [DEPRECATED] Optional parameter $filters declared before required parameter $id_dep is implicitly treated as a required parameter in APPPATH\Models\Model_arsip.php on line 303.
 1 SYSTEMPATH\Autoloader\Autoloader.php(315): include_once('C:\\xampp\\htdocs\\e-arsip_ci4\\system\\Debug\\Exceptions.php')
 2 SYSTEMPATH\Autoloader\Autoloader.php(295): CodeIgniter\Autoloader\Autoloader->includeFile('C:\\xampp\\htdocs\\e-arsip_ci4\\app\\Models\\Model_arsip.php')
 3 SYSTEMPATH\Autoloader\Autoloader.php(271): CodeIgniter\Autoloader\Autoloader->loadInNamespace('App\\Models\\Model_arsip')
 4 APPPATH\Controllers\Arsip.php(26): CodeIgniter\Autoloader\Autoloader->loadClass('App\\Models\\Model_arsip')
 5 SYSTEMPATH\CodeIgniter.php(903): App\Controllers\Arsip->__construct()
 6 SYSTEMPATH\CodeIgniter.php(498): CodeIgniter\CodeIgniter->createController()
 7 SYSTEMPATH\CodeIgniter.php(354): CodeIgniter\CodeIgniter->handleRequest(null, Object(Config\Cache), false)
 8 SYSTEMPATH\Boot.php(363): CodeIgniter\CodeIgniter->run()
 9 SYSTEMPATH\Boot.php(68): CodeIgniter\Boot::runCodeIgniter(Object(CodeIgniter\CodeIgniter))
10 FCPATH\index.php(59): CodeIgniter\Boot::bootWeb(Object(Config\Paths))
DEBUG - 2025-11-11 02:00:04 --> Session: Class initialized using 'CodeIgniter\Session\Handlers\FileHandler' driver.
WARNING - 2025-11-11 02:00:04 --> [DEPRECATED] Optional parameter $filters declared before required parameter $id_dep is implicitly treated as a required parameter in APPPATH\Models\Model_arsip.php on line 303.
 1 SYSTEMPATH\Autoloader\Autoloader.php(315): include_once('C:\\xampp\\htdocs\\e-arsip_ci4\\system\\Debug\\Exceptions.php')
 2 SYSTEMPATH\Autoloader\Autoloader.php(295): CodeIgniter\Autoloader\Autoloader->includeFile('C:\\xampp\\htdocs\\e-arsip_ci4\\app\\Models\\Model_arsip.php')
 3 SYSTEMPATH\Autoloader\Autoloader.php(271): CodeIgniter\Autoloader\Autoloader->loadInNamespace('App\\Models\\Model_arsip')
 4 APPPATH\Controllers\Kategori.php(21): CodeIgniter\Autoloader\Autoloader->loadClass('App\\Models\\Model_arsip')
 5 SYSTEMPATH\CodeIgniter.php(903): App\Controllers\Kategori->__construct()
 6 SYSTEMPATH\CodeIgniter.php(498): CodeIgniter\CodeIgniter->createController()
 7 SYSTEMPATH\CodeIgniter.php(354): CodeIgniter\CodeIgniter->handleRequest(null, Object(Config\Cache), false)
 8 SYSTEMPATH\Boot.php(363): CodeIgniter\CodeIgniter->run()
 9 SYSTEMPATH\Boot.php(68): CodeIgniter\Boot::runCodeIgniter(Object(CodeIgniter\CodeIgniter))
10 FCPATH\index.php(59): CodeIgniter\Boot::bootWeb(Object(Config\Paths))
DEBUG - 2025-11-11 02:05:08 --> Session: Class initialized using 'CodeIgniter\Session\Handlers\FileHandler' driver.
WARNING - 2025-11-11 02:05:08 --> [DEPRECATED] Optional parameter $filters declared before required parameter $id_dep is implicitly treated as a required parameter in APPPATH\Models\Model_arsip.php on line 303.
 1 SYSTEMPATH\Autoloader\Autoloader.php(315): include_once('C:\\xampp\\htdocs\\e-arsip_ci4\\system\\Debug\\Exceptions.php')
 2 SYSTEMPATH\Autoloader\Autoloader.php(295): CodeIgniter\Autoloader\Autoloader->includeFile('C:\\xampp\\htdocs\\e-arsip_ci4\\app\\Models\\Model_arsip.php')
 3 SYSTEMPATH\Autoloader\Autoloader.php(271): CodeIgniter\Autoloader\Autoloader->loadInNamespace('App\\Models\\Model_arsip')
 4 APPPATH\Controllers\Kategori.php(21): CodeIgniter\Autoloader\Autoloader->loadClass('App\\Models\\Model_arsip')
 5 SYSTEMPATH\CodeIgniter.php(903): App\Controllers\Kategori->__construct()
 6 SYSTEMPATH\CodeIgniter.php(498): CodeIgniter\CodeIgniter->createController()
 7 SYSTEMPATH\CodeIgniter.php(354): CodeIgniter\CodeIgniter->handleRequest(null, Object(Config\Cache), false)
 8 SYSTEMPATH\Boot.php(363): CodeIgniter\CodeIgniter->run()
 9 SYSTEMPATH\Boot.php(68): CodeIgniter\Boot::runCodeIgniter(Object(CodeIgniter\CodeIgniter))
10 FCPATH\index.php(59): CodeIgniter\Boot::bootWeb(Object(Config\Paths))
DEBUG - 2025-11-11 02:05:37 --> Session: Class initialized using 'CodeIgniter\Session\Handlers\FileHandler' driver.
DEBUG - 2025-11-11 02:05:37 --> Session: Class initialized using 'CodeIgniter\Session\Handlers\FileHandler' driver.
DEBUG - 2025-11-11 02:05:47 --> Session: Class initialized using 'CodeIgniter\Session\Handlers\FileHandler' driver.
DEBUG - 2025-11-11 02:05:47 --> Session: Class initialized using 'CodeIgniter\Session\Handlers\FileHandler' driver.
WARNING - 2025-11-11 02:05:47 --> [DEPRECATED] Optional parameter $filters declared before required parameter $id_dep is implicitly treated as a required parameter in APPPATH\Models\Model_arsip.php on line 303.
 1 SYSTEMPATH\Autoloader\Autoloader.php(315): include_once('C:\\xampp\\htdocs\\e-arsip_ci4\\system\\Debug\\Exceptions.php')
 2 SYSTEMPATH\Autoloader\Autoloader.php(295): CodeIgniter\Autoloader\Autoloader->includeFile('C:\\xampp\\htdocs\\e-arsip_ci4\\app\\Models\\Model_arsip.php')
 3 SYSTEMPATH\Autoloader\Autoloader.php(271): CodeIgniter\Autoloader\Autoloader->loadInNamespace('App\\Models\\Model_arsip')
 4 APPPATH\Controllers\Home.php(23): CodeIgniter\Autoloader\Autoloader->loadClass('App\\Models\\Model_arsip')
 5 SYSTEMPATH\CodeIgniter.php(903): App\Controllers\Home->__construct()
 6 SYSTEMPATH\CodeIgniter.php(498): CodeIgniter\CodeIgniter->createController()
 7 SYSTEMPATH\CodeIgniter.php(354): CodeIgniter\CodeIgniter->handleRequest(null, Object(Config\Cache), false)
 8 SYSTEMPATH\Boot.php(363): CodeIgniter\CodeIgniter->run()
 9 SYSTEMPATH\Boot.php(68): CodeIgniter\Boot::runCodeIgniter(Object(CodeIgniter\CodeIgniter))
10 FCPATH\index.php(59): CodeIgniter\Boot::bootWeb(Object(Config\Paths))
DEBUG - 2025-11-11 02:05:49 --> Session: Class initialized using 'CodeIgniter\Session\Handlers\FileHandler' driver.
DEBUG - 2025-11-11 02:05:50 --> Session: Class initialized using 'CodeIgniter\Session\Handlers\FileHandler' driver.
WARNING - 2025-11-11 02:05:50 --> [DEPRECATED] Optional parameter $filters declared before required parameter $id_dep is implicitly treated as a required parameter in APPPATH\Models\Model_arsip.php on line 303.
 1 SYSTEMPATH\Autoloader\Autoloader.php(315): include_once('C:\\xampp\\htdocs\\e-arsip_ci4\\system\\Debug\\Exceptions.php')
 2 SYSTEMPATH\Autoloader\Autoloader.php(295): CodeIgniter\Autoloader\Autoloader->includeFile('C:\\xampp\\htdocs\\e-arsip_ci4\\app\\Models\\Model_arsip.php')
 3 SYSTEMPATH\Autoloader\Autoloader.php(271): CodeIgniter\Autoloader\Autoloader->loadInNamespace('App\\Models\\Model_arsip')
 4 APPPATH\Controllers\Arsip.php(26): CodeIgniter\Autoloader\Autoloader->loadClass('App\\Models\\Model_arsip')
 5 SYSTEMPATH\CodeIgniter.php(903): App\Controllers\Arsip->__construct()
 6 SYSTEMPATH\CodeIgniter.php(498): CodeIgniter\CodeIgniter->createController()
 7 SYSTEMPATH\CodeIgniter.php(354): CodeIgniter\CodeIgniter->handleRequest(null, Object(Config\Cache), false)
 8 SYSTEMPATH\Boot.php(363): CodeIgniter\CodeIgniter->run()
 9 SYSTEMPATH\Boot.php(68): CodeIgniter\Boot::runCodeIgniter(Object(CodeIgniter\CodeIgniter))
10 FCPATH\index.php(59): CodeIgniter\Boot::bootWeb(Object(Config\Paths))
DEBUG - 2025-11-11 02:05:51 --> Session: Class initialized using 'CodeIgniter\Session\Handlers\FileHandler' driver.
WARNING - 2025-11-11 02:05:51 --> [DEPRECATED] Optional parameter $filters declared before required parameter $id_dep is implicitly treated as a required parameter in APPPATH\Models\Model_arsip.php on line 303.
 1 SYSTEMPATH\Autoloader\Autoloader.php(315): include_once('C:\\xampp\\htdocs\\e-arsip_ci4\\system\\Debug\\Exceptions.php')
 2 SYSTEMPATH\Autoloader\Autoloader.php(295): CodeIgniter\Autoloader\Autoloader->includeFile('C:\\xampp\\htdocs\\e-arsip_ci4\\app\\Models\\Model_arsip.php')
 3 SYSTEMPATH\Autoloader\Autoloader.php(271): CodeIgniter\Autoloader\Autoloader->loadInNamespace('App\\Models\\Model_arsip')
 4 APPPATH\Controllers\Kategori.php(21): CodeIgniter\Autoloader\Autoloader->loadClass('App\\Models\\Model_arsip')
 5 SYSTEMPATH\CodeIgniter.php(903): App\Controllers\Kategori->__construct()
 6 SYSTEMPATH\CodeIgniter.php(498): CodeIgniter\CodeIgniter->createController()
 7 SYSTEMPATH\CodeIgniter.php(354): CodeIgniter\CodeIgniter->handleRequest(null, Object(Config\Cache), false)
 8 SYSTEMPATH\Boot.php(363): CodeIgniter\CodeIgniter->run()
 9 SYSTEMPATH\Boot.php(68): CodeIgniter\Boot::runCodeIgniter(Object(CodeIgniter\CodeIgniter))
10 FCPATH\index.php(59): CodeIgniter\Boot::bootWeb(Object(Config\Paths))
DEBUG - 2025-11-11 02:08:56 --> Session: Class initialized using 'CodeIgniter\Session\Handlers\FileHandler' driver.
WARNING - 2025-11-11 02:08:56 --> [DEPRECATED] Optional parameter $filters declared before required parameter $id_dep is implicitly treated as a required parameter in APPPATH\Models\Model_arsip.php on line 303.
 1 SYSTEMPATH\Autoloader\Autoloader.php(315): include_once('C:\\xampp\\htdocs\\e-arsip_ci4\\system\\Debug\\Exceptions.php')
 2 SYSTEMPATH\Autoloader\Autoloader.php(295): CodeIgniter\Autoloader\Autoloader->includeFile('C:\\xampp\\htdocs\\e-arsip_ci4\\app\\Models\\Model_arsip.php')
 3 SYSTEMPATH\Autoloader\Autoloader.php(271): CodeIgniter\Autoloader\Autoloader->loadInNamespace('App\\Models\\Model_arsip')
 4 APPPATH\Controllers\Kategori.php(21): CodeIgniter\Autoloader\Autoloader->loadClass('App\\Models\\Model_arsip')
 5 SYSTEMPATH\CodeIgniter.php(903): App\Controllers\Kategori->__construct()
 6 SYSTEMPATH\CodeIgniter.php(498): CodeIgniter\CodeIgniter->createController()
 7 SYSTEMPATH\CodeIgniter.php(354): CodeIgniter\CodeIgniter->handleRequest(null, Object(Config\Cache), false)
 8 SYSTEMPATH\Boot.php(363): CodeIgniter\CodeIgniter->run()
 9 SYSTEMPATH\Boot.php(68): CodeIgniter\Boot::runCodeIgniter(Object(CodeIgniter\CodeIgniter))
10 FCPATH\index.php(59): CodeIgniter\Boot::bootWeb(Object(Config\Paths))
DEBUG - 2025-11-11 02:08:57 --> Session: Class initialized using 'CodeIgniter\Session\Handlers\FileHandler' driver.
WARNING - 2025-11-11 02:08:57 --> [DEPRECATED] Optional parameter $filters declared before required parameter $id_dep is implicitly treated as a required parameter in APPPATH\Models\Model_arsip.php on line 303.
 1 SYSTEMPATH\Autoloader\Autoloader.php(315): include_once('C:\\xampp\\htdocs\\e-arsip_ci4\\system\\Debug\\Exceptions.php')
 2 SYSTEMPATH\Autoloader\Autoloader.php(295): CodeIgniter\Autoloader\Autoloader->includeFile('C:\\xampp\\htdocs\\e-arsip_ci4\\app\\Models\\Model_arsip.php')
 3 SYSTEMPATH\Autoloader\Autoloader.php(271): CodeIgniter\Autoloader\Autoloader->loadInNamespace('App\\Models\\Model_arsip')
 4 APPPATH\Controllers\Kategori.php(21): CodeIgniter\Autoloader\Autoloader->loadClass('App\\Models\\Model_arsip')
 5 SYSTEMPATH\CodeIgniter.php(903): App\Controllers\Kategori->__construct()
 6 SYSTEMPATH\CodeIgniter.php(498): CodeIgniter\CodeIgniter->createController()
 7 SYSTEMPATH\CodeIgniter.php(354): CodeIgniter\CodeIgniter->handleRequest(null, Object(Config\Cache), false)
 8 SYSTEMPATH\Boot.php(363): CodeIgniter\CodeIgniter->run()
 9 SYSTEMPATH\Boot.php(68): CodeIgniter\Boot::runCodeIgniter(Object(CodeIgniter\CodeIgniter))
10 FCPATH\index.php(59): CodeIgniter\Boot::bootWeb(Object(Config\Paths))
CRITICAL - 2025-11-11 02:08:57 --> ErrorException: unlink(C:\xampp\htdocs\e-arsip_ci4\writable\debugbar/debugbar_1762824213.140810.json): Permission denied
[Method: GET, Route: /]
in SYSTEMPATH\Debug\Toolbar\Collectors\History.php on line 82.
 1 [internal function]: CodeIgniter\Debug\Exceptions->errorHandler(2, 'unlink(C:\\xampp\\htdocs\\e-arsip_ci4\\writable\\debugbar/debugbar_1762824213.140810.json): Permission denied', 'C:\\xampp\\htdocs\\e-arsip_ci4\\system\\Debug\\Toolbar\\Collectors\\History.php', 82)
 2 SYSTEMPATH\Debug\Toolbar\Collectors\History.php(82): unlink('C:\\xampp\\htdocs\\e-arsip_ci4\\writable\\debugbar/debugbar_1762824213.140810.json')
 3 SYSTEMPATH\Debug\Toolbar.php(517): CodeIgniter\Debug\Toolbar\Collectors\History->setFiles('1762826937.481746', 20)
 4 SYSTEMPATH\Debug\Toolbar.php(496): CodeIgniter\Debug\Toolbar->format([...], 'html')
 5 APPPATH\Config\Events.php(47): CodeIgniter\Debug\Toolbar->respond()
 6 SYSTEMPATH\Events\Events.php(152): CodeIgniter\Events\Events::Config\{closure}()
 7 SYSTEMPATH\CodeIgniter.php(339): CodeIgniter\Events\Events::trigger('pre_system')
 8 SYSTEMPATH\Boot.php(363): CodeIgniter\CodeIgniter->run()
 9 SYSTEMPATH\Boot.php(68): CodeIgniter\Boot::runCodeIgniter(Object(CodeIgniter\CodeIgniter))
10 FCPATH\index.php(59): CodeIgniter\Boot::bootWeb(Object(Config\Paths))
DEBUG - 2025-11-11 02:09:40 --> Session: Class initialized using 'CodeIgniter\Session\Handlers\FileHandler' driver.
WARNING - 2025-11-11 02:09:40 --> [DEPRECATED] Optional parameter $filters declared before required parameter $id_dep is implicitly treated as a required parameter in APPPATH\Models\Model_arsip.php on line 303.
 1 SYSTEMPATH\Autoloader\Autoloader.php(315): include_once('C:\\xampp\\htdocs\\e-arsip_ci4\\system\\Debug\\Exceptions.php')
 2 SYSTEMPATH\Autoloader\Autoloader.php(295): CodeIgniter\Autoloader\Autoloader->includeFile('C:\\xampp\\htdocs\\e-arsip_ci4\\app\\Models\\Model_arsip.php')
 3 SYSTEMPATH\Autoloader\Autoloader.php(271): CodeIgniter\Autoloader\Autoloader->loadInNamespace('App\\Models\\Model_arsip')
 4 APPPATH\Controllers\Kategori.php(21): CodeIgniter\Autoloader\Autoloader->loadClass('App\\Models\\Model_arsip')
 5 SYSTEMPATH\CodeIgniter.php(903): App\Controllers\Kategori->__construct()
 6 SYSTEMPATH\CodeIgniter.php(498): CodeIgniter\CodeIgniter->createController()
 7 SYSTEMPATH\CodeIgniter.php(354): CodeIgniter\CodeIgniter->handleRequest(null, Object(Config\Cache), false)
 8 SYSTEMPATH\Boot.php(363): CodeIgniter\CodeIgniter->run()
 9 SYSTEMPATH\Boot.php(68): CodeIgniter\Boot::runCodeIgniter(Object(CodeIgniter\CodeIgniter))
10 FCPATH\index.php(59): CodeIgniter\Boot::bootWeb(Object(Config\Paths))
DEBUG - 2025-11-11 02:09:40 --> Session: Class initialized using 'CodeIgniter\Session\Handlers\FileHandler' driver.
WARNING - 2025-11-11 02:09:40 --> [DEPRECATED] Optional parameter $filters declared before required parameter $id_dep is implicitly treated as a required parameter in APPPATH\Models\Model_arsip.php on line 303.
 1 SYSTEMPATH\Autoloader\Autoloader.php(315): include_once('C:\\xampp\\htdocs\\e-arsip_ci4\\system\\Debug\\Exceptions.php')
 2 SYSTEMPATH\Autoloader\Autoloader.php(295): CodeIgniter\Autoloader\Autoloader->includeFile('C:\\xampp\\htdocs\\e-arsip_ci4\\app\\Models\\Model_arsip.php')
 3 SYSTEMPATH\Autoloader\Autoloader.php(271): CodeIgniter\Autoloader\Autoloader->loadInNamespace('App\\Models\\Model_arsip')
 4 APPPATH\Controllers\Kategori.php(21): CodeIgniter\Autoloader\Autoloader->loadClass('App\\Models\\Model_arsip')
 5 SYSTEMPATH\CodeIgniter.php(903): App\Controllers\Kategori->__construct()
 6 SYSTEMPATH\CodeIgniter.php(498): CodeIgniter\CodeIgniter->createController()
 7 SYSTEMPATH\CodeIgniter.php(354): CodeIgniter\CodeIgniter->handleRequest(null, Object(Config\Cache), false)
 8 SYSTEMPATH\Boot.php(363): CodeIgniter\CodeIgniter->run()
 9 SYSTEMPATH\Boot.php(68): CodeIgniter\Boot::runCodeIgniter(Object(CodeIgniter\CodeIgniter))
10 FCPATH\index.php(59): CodeIgniter\Boot::bootWeb(Object(Config\Paths))
DEBUG - 2025-11-11 02:09:40 --> Session: Class initialized using 'CodeIgniter\Session\Handlers\FileHandler' driver.
WARNING - 2025-11-11 02:09:40 --> [DEPRECATED] Optional parameter $filters declared before required parameter $id_dep is implicitly treated as a required parameter in APPPATH\Models\Model_arsip.php on line 303.
 1 SYSTEMPATH\Autoloader\Autoloader.php(315): include_once('C:\\xampp\\htdocs\\e-arsip_ci4\\system\\Debug\\Exceptions.php')
 2 SYSTEMPATH\Autoloader\Autoloader.php(295): CodeIgniter\Autoloader\Autoloader->includeFile('C:\\xampp\\htdocs\\e-arsip_ci4\\app\\Models\\Model_arsip.php')
 3 SYSTEMPATH\Autoloader\Autoloader.php(271): CodeIgniter\Autoloader\Autoloader->loadInNamespace('App\\Models\\Model_arsip')
 4 APPPATH\Controllers\Kategori.php(21): CodeIgniter\Autoloader\Autoloader->loadClass('App\\Models\\Model_arsip')
 5 SYSTEMPATH\CodeIgniter.php(903): App\Controllers\Kategori->__construct()
 6 SYSTEMPATH\CodeIgniter.php(498): CodeIgniter\CodeIgniter->createController()
 7 SYSTEMPATH\CodeIgniter.php(354): CodeIgniter\CodeIgniter->handleRequest(null, Object(Config\Cache), false)
 8 SYSTEMPATH\Boot.php(363): CodeIgniter\CodeIgniter->run()
 9 SYSTEMPATH\Boot.php(68): CodeIgniter\Boot::runCodeIgniter(Object(CodeIgniter\CodeIgniter))
10 FCPATH\index.php(59): CodeIgniter\Boot::bootWeb(Object(Config\Paths))
DEBUG - 2025-11-11 02:09:40 --> Session: Class initialized using 'CodeIgniter\Session\Handlers\FileHandler' driver.
WARNING - 2025-11-11 02:09:40 --> [DEPRECATED] Optional parameter $filters declared before required parameter $id_dep is implicitly treated as a required parameter in APPPATH\Models\Model_arsip.php on line 303.
 1 SYSTEMPATH\Autoloader\Autoloader.php(315): include_once('C:\\xampp\\htdocs\\e-arsip_ci4\\system\\Debug\\Exceptions.php')
 2 SYSTEMPATH\Autoloader\Autoloader.php(295): CodeIgniter\Autoloader\Autoloader->includeFile('C:\\xampp\\htdocs\\e-arsip_ci4\\app\\Models\\Model_arsip.php')
 3 SYSTEMPATH\Autoloader\Autoloader.php(271): CodeIgniter\Autoloader\Autoloader->loadInNamespace('App\\Models\\Model_arsip')
 4 APPPATH\Controllers\Kategori.php(21): CodeIgniter\Autoloader\Autoloader->loadClass('App\\Models\\Model_arsip')
 5 SYSTEMPATH\CodeIgniter.php(903): App\Controllers\Kategori->__construct()
 6 SYSTEMPATH\CodeIgniter.php(498): CodeIgniter\CodeIgniter->createController()
 7 SYSTEMPATH\CodeIgniter.php(354): CodeIgniter\CodeIgniter->handleRequest(null, Object(Config\Cache), false)
 8 SYSTEMPATH\Boot.php(363): CodeIgniter\CodeIgniter->run()
 9 SYSTEMPATH\Boot.php(68): CodeIgniter\Boot::runCodeIgniter(Object(CodeIgniter\CodeIgniter))
10 FCPATH\index.php(59): CodeIgniter\Boot::bootWeb(Object(Config\Paths))
DEBUG - 2025-11-11 02:09:40 --> Session: Class initialized using 'CodeIgniter\Session\Handlers\FileHandler' driver.
WARNING - 2025-11-11 02:09:40 --> [DEPRECATED] Optional parameter $filters declared before required parameter $id_dep is implicitly treated as a required parameter in APPPATH\Models\Model_arsip.php on line 303.
 1 SYSTEMPATH\Autoloader\Autoloader.php(315): include_once('C:\\xampp\\htdocs\\e-arsip_ci4\\system\\Debug\\Exceptions.php')
 2 SYSTEMPATH\Autoloader\Autoloader.php(295): CodeIgniter\Autoloader\Autoloader->includeFile('C:\\xampp\\htdocs\\e-arsip_ci4\\app\\Models\\Model_arsip.php')
 3 SYSTEMPATH\Autoloader\Autoloader.php(271): CodeIgniter\Autoloader\Autoloader->loadInNamespace('App\\Models\\Model_arsip')
 4 APPPATH\Controllers\Kategori.php(21): CodeIgniter\Autoloader\Autoloader->loadClass('App\\Models\\Model_arsip')
 5 SYSTEMPATH\CodeIgniter.php(903): App\Controllers\Kategori->__construct()
 6 SYSTEMPATH\CodeIgniter.php(498): CodeIgniter\CodeIgniter->createController()
 7 SYSTEMPATH\CodeIgniter.php(354): CodeIgniter\CodeIgniter->handleRequest(null, Object(Config\Cache), false)
 8 SYSTEMPATH\Boot.php(363): CodeIgniter\CodeIgniter->run()
 9 SYSTEMPATH\Boot.php(68): CodeIgniter\Boot::runCodeIgniter(Object(CodeIgniter\CodeIgniter))
10 FCPATH\index.php(59): CodeIgniter\Boot::bootWeb(Object(Config\Paths))
DEBUG - 2025-11-11 02:13:10 --> Session: Class initialized using 'CodeIgniter\Session\Handlers\FileHandler' driver.
WARNING - 2025-11-11 02:13:10 --> [DEPRECATED] Optional parameter $filters declared before required parameter $id_dep is implicitly treated as a required parameter in APPPATH\Models\Model_arsip.php on line 303.
 1 SYSTEMPATH\Autoloader\Autoloader.php(315): include_once('C:\\xampp\\htdocs\\e-arsip_ci4\\system\\Debug\\Exceptions.php')
 2 SYSTEMPATH\Autoloader\Autoloader.php(295): CodeIgniter\Autoloader\Autoloader->includeFile('C:\\xampp\\htdocs\\e-arsip_ci4\\app\\Models\\Model_arsip.php')
 3 SYSTEMPATH\Autoloader\Autoloader.php(271): CodeIgniter\Autoloader\Autoloader->loadInNamespace('App\\Models\\Model_arsip')
 4 APPPATH\Controllers\Kategori.php(21): CodeIgniter\Autoloader\Autoloader->loadClass('App\\Models\\Model_arsip')
 5 SYSTEMPATH\CodeIgniter.php(903): App\Controllers\Kategori->__construct()
 6 SYSTEMPATH\CodeIgniter.php(498): CodeIgniter\CodeIgniter->createController()
 7 SYSTEMPATH\CodeIgniter.php(354): CodeIgniter\CodeIgniter->handleRequest(null, Object(Config\Cache), false)
 8 SYSTEMPATH\Boot.php(363): CodeIgniter\CodeIgniter->run()
 9 SYSTEMPATH\Boot.php(68): CodeIgniter\Boot::runCodeIgniter(Object(CodeIgniter\CodeIgniter))
10 FCPATH\index.php(59): CodeIgniter\Boot::bootWeb(Object(Config\Paths))
DEBUG - 2025-11-11 02:19:00 --> Session: Class initialized using 'CodeIgniter\Session\Handlers\FileHandler' driver.
WARNING - 2025-11-11 02:19:00 --> [DEPRECATED] Optional parameter $filters declared before required parameter $id_dep is implicitly treated as a required parameter in APPPATH\Models\Model_arsip.php on line 303.
 1 SYSTEMPATH\Autoloader\Autoloader.php(315): include_once('C:\\xampp\\htdocs\\e-arsip_ci4\\system\\Debug\\Exceptions.php')
 2 SYSTEMPATH\Autoloader\Autoloader.php(295): CodeIgniter\Autoloader\Autoloader->includeFile('C:\\xampp\\htdocs\\e-arsip_ci4\\app\\Models\\Model_arsip.php')
 3 SYSTEMPATH\Autoloader\Autoloader.php(271): CodeIgniter\Autoloader\Autoloader->loadInNamespace('App\\Models\\Model_arsip')
 4 APPPATH\Controllers\Kategori.php(21): CodeIgniter\Autoloader\Autoloader->loadClass('App\\Models\\Model_arsip')
 5 SYSTEMPATH\CodeIgniter.php(903): App\Controllers\Kategori->__construct()
 6 SYSTEMPATH\CodeIgniter.php(498): CodeIgniter\CodeIgniter->createController()
 7 SYSTEMPATH\CodeIgniter.php(354): CodeIgniter\CodeIgniter->handleRequest(null, Object(Config\Cache), false)
 8 SYSTEMPATH\Boot.php(363): CodeIgniter\CodeIgniter->run()
 9 SYSTEMPATH\Boot.php(68): CodeIgniter\Boot::runCodeIgniter(Object(CodeIgniter\CodeIgniter))
10 FCPATH\index.php(59): CodeIgniter\Boot::bootWeb(Object(Config\Paths))
DEBUG - 2025-11-11 02:19:39 --> Session: Class initialized using 'CodeIgniter\Session\Handlers\FileHandler' driver.
WARNING - 2025-11-11 02:19:39 --> [DEPRECATED] Optional parameter $filters declared before required parameter $id_dep is implicitly treated as a required parameter in APPPATH\Models\Model_arsip.php on line 303.
 1 SYSTEMPATH\Autoloader\Autoloader.php(315): include_once('C:\\xampp\\htdocs\\e-arsip_ci4\\system\\Debug\\Exceptions.php')
 2 SYSTEMPATH\Autoloader\Autoloader.php(295): CodeIgniter\Autoloader\Autoloader->includeFile('C:\\xampp\\htdocs\\e-arsip_ci4\\app\\Models\\Model_arsip.php')
 3 SYSTEMPATH\Autoloader\Autoloader.php(271): CodeIgniter\Autoloader\Autoloader->loadInNamespace('App\\Models\\Model_arsip')
 4 APPPATH\Controllers\Kategori.php(21): CodeIgniter\Autoloader\Autoloader->loadClass('App\\Models\\Model_arsip')
 5 SYSTEMPATH\CodeIgniter.php(903): App\Controllers\Kategori->__construct()
 6 SYSTEMPATH\CodeIgniter.php(498): CodeIgniter\CodeIgniter->createController()
 7 SYSTEMPATH\CodeIgniter.php(354): CodeIgniter\CodeIgniter->handleRequest(null, Object(Config\Cache), false)
 8 SYSTEMPATH\Boot.php(363): CodeIgniter\CodeIgniter->run()
 9 SYSTEMPATH\Boot.php(68): CodeIgniter\Boot::runCodeIgniter(Object(CodeIgniter\CodeIgniter))
10 FCPATH\index.php(59): CodeIgniter\Boot::bootWeb(Object(Config\Paths))
DEBUG - 2025-11-11 02:19:39 --> AUDIT DEBUG -> id_user: 49, username: dwiky_keu
DEBUG - 2025-11-11 02:19:39 --> Session: Class initialized using 'CodeIgniter\Session\Handlers\FileHandler' driver.
WARNING - 2025-11-11 02:19:39 --> [DEPRECATED] Optional parameter $filters declared before required parameter $id_dep is implicitly treated as a required parameter in APPPATH\Models\Model_arsip.php on line 303.
 1 SYSTEMPATH\Autoloader\Autoloader.php(315): include_once('C:\\xampp\\htdocs\\e-arsip_ci4\\system\\Debug\\Exceptions.php')
 2 SYSTEMPATH\Autoloader\Autoloader.php(295): CodeIgniter\Autoloader\Autoloader->includeFile('C:\\xampp\\htdocs\\e-arsip_ci4\\app\\Models\\Model_arsip.php')
 3 SYSTEMPATH\Autoloader\Autoloader.php(271): CodeIgniter\Autoloader\Autoloader->loadInNamespace('App\\Models\\Model_arsip')
 4 APPPATH\Controllers\Kategori.php(21): CodeIgniter\Autoloader\Autoloader->loadClass('App\\Models\\Model_arsip')
 5 SYSTEMPATH\CodeIgniter.php(903): App\Controllers\Kategori->__construct()
 6 SYSTEMPATH\CodeIgniter.php(498): CodeIgniter\CodeIgniter->createController()
 7 SYSTEMPATH\CodeIgniter.php(354): CodeIgniter\CodeIgniter->handleRequest(null, Object(Config\Cache), false)
 8 SYSTEMPATH\Boot.php(363): CodeIgniter\CodeIgniter->run()
 9 SYSTEMPATH\Boot.php(68): CodeIgniter\Boot::runCodeIgniter(Object(CodeIgniter\CodeIgniter))
10 FCPATH\index.php(59): CodeIgniter\Boot::bootWeb(Object(Config\Paths))
DEBUG - 2025-11-11 02:21:33 --> Session: Class initialized using 'CodeIgniter\Session\Handlers\FileHandler' driver.
WARNING - 2025-11-11 02:21:33 --> [DEPRECATED] Optional parameter $filters declared before required parameter $id_dep is implicitly treated as a required parameter in APPPATH\Models\Model_arsip.php on line 303.
 1 SYSTEMPATH\Autoloader\Autoloader.php(315): include_once('C:\\xampp\\htdocs\\e-arsip_ci4\\system\\Debug\\Exceptions.php')
 2 SYSTEMPATH\Autoloader\Autoloader.php(295): CodeIgniter\Autoloader\Autoloader->includeFile('C:\\xampp\\htdocs\\e-arsip_ci4\\app\\Models\\Model_arsip.php')
 3 SYSTEMPATH\Autoloader\Autoloader.php(271): CodeIgniter\Autoloader\Autoloader->loadInNamespace('App\\Models\\Model_arsip')
 4 APPPATH\Controllers\Kategori.php(21): CodeIgniter\Autoloader\Autoloader->loadClass('App\\Models\\Model_arsip')
 5 SYSTEMPATH\CodeIgniter.php(903): App\Controllers\Kategori->__construct()
 6 SYSTEMPATH\CodeIgniter.php(498): CodeIgniter\CodeIgniter->createController()
 7 SYSTEMPATH\CodeIgniter.php(354): CodeIgniter\CodeIgniter->handleRequest(null, Object(Config\Cache), false)
 8 SYSTEMPATH\Boot.php(363): CodeIgniter\CodeIgniter->run()
 9 SYSTEMPATH\Boot.php(68): CodeIgniter\Boot::runCodeIgniter(Object(CodeIgniter\CodeIgniter))
10 FCPATH\index.php(59): CodeIgniter\Boot::bootWeb(Object(Config\Paths))
DEBUG - 2025-11-11 02:25:19 --> Session: Class initialized using 'CodeIgniter\Session\Handlers\FileHandler' driver.
WARNING - 2025-11-11 02:25:19 --> [DEPRECATED] Optional parameter $filters declared before required parameter $id_dep is implicitly treated as a required parameter in APPPATH\Models\Model_arsip.php on line 303.
 1 SYSTEMPATH\Autoloader\Autoloader.php(315): include_once('C:\\xampp\\htdocs\\e-arsip_ci4\\system\\Debug\\Exceptions.php')
 2 SYSTEMPATH\Autoloader\Autoloader.php(295): CodeIgniter\Autoloader\Autoloader->includeFile('C:\\xampp\\htdocs\\e-arsip_ci4\\app\\Models\\Model_arsip.php')
 3 SYSTEMPATH\Autoloader\Autoloader.php(271): CodeIgniter\Autoloader\Autoloader->loadInNamespace('App\\Models\\Model_arsip')
 4 APPPATH\Controllers\Kategori.php(21): CodeIgniter\Autoloader\Autoloader->loadClass('App\\Models\\Model_arsip')
 5 SYSTEMPATH\CodeIgniter.php(903): App\Controllers\Kategori->__construct()
 6 SYSTEMPATH\CodeIgniter.php(498): CodeIgniter\CodeIgniter->createController()
 7 SYSTEMPATH\CodeIgniter.php(354): CodeIgniter\CodeIgniter->handleRequest(null, Object(Config\Cache), false)
 8 SYSTEMPATH\Boot.php(363): CodeIgniter\CodeIgniter->run()
 9 SYSTEMPATH\Boot.php(68): CodeIgniter\Boot::runCodeIgniter(Object(CodeIgniter\CodeIgniter))
10 FCPATH\index.php(59): CodeIgniter\Boot::bootWeb(Object(Config\Paths))
DEBUG - 2025-11-11 08:14:37 --> Session: Class initialized using 'CodeIgniter\Session\Handlers\FileHandler' driver.
DEBUG - 2025-11-11 08:14:42 --> Session: Class initialized using 'CodeIgniter\Session\Handlers\FileHandler' driver.
DEBUG - 2025-11-11 08:14:42 --> Session: Class initialized using 'CodeIgniter\Session\Handlers\FileHandler' driver.
WARNING - 2025-11-11 08:14:42 --> [DEPRECATED] Optional parameter $filters declared before required parameter $id_dep is implicitly treated as a required parameter in APPPATH\Models\Model_arsip.php on line 303.
 1 SYSTEMPATH\Autoloader\Autoloader.php(315): include_once('C:\\xampp\\htdocs\\e-arsip_ci4\\system\\Debug\\Exceptions.php')
 2 SYSTEMPATH\Autoloader\Autoloader.php(295): CodeIgniter\Autoloader\Autoloader->includeFile('C:\\xampp\\htdocs\\e-arsip_ci4\\app\\Models\\Model_arsip.php')
 3 SYSTEMPATH\Autoloader\Autoloader.php(271): CodeIgniter\Autoloader\Autoloader->loadInNamespace('App\\Models\\Model_arsip')
 4 APPPATH\Controllers\Home.php(23): CodeIgniter\Autoloader\Autoloader->loadClass('App\\Models\\Model_arsip')
 5 SYSTEMPATH\CodeIgniter.php(903): App\Controllers\Home->__construct()
 6 SYSTEMPATH\CodeIgniter.php(498): CodeIgniter\CodeIgniter->createController()
 7 SYSTEMPATH\CodeIgniter.php(354): CodeIgniter\CodeIgniter->handleRequest(null, Object(Config\Cache), false)
 8 SYSTEMPATH\Boot.php(363): CodeIgniter\CodeIgniter->run()
 9 SYSTEMPATH\Boot.php(68): CodeIgniter\Boot::runCodeIgniter(Object(CodeIgniter\CodeIgniter))
10 FCPATH\index.php(59): CodeIgniter\Boot::bootWeb(Object(Config\Paths))
DEBUG - 2025-11-11 08:14:46 --> Session: Class initialized using 'CodeIgniter\Session\Handlers\FileHandler' driver.
DEBUG - 2025-11-11 08:14:46 --> Session: Class initialized using 'CodeIgniter\Session\Handlers\FileHandler' driver.
DEBUG - 2025-11-11 08:14:53 --> Session: Class initialized using 'CodeIgniter\Session\Handlers\FileHandler' driver.
DEBUG - 2025-11-11 08:14:53 --> Session: Class initialized using 'CodeIgniter\Session\Handlers\FileHandler' driver.
WARNING - 2025-11-11 08:14:53 --> [DEPRECATED] Optional parameter $filters declared before required parameter $id_dep is implicitly treated as a required parameter in APPPATH\Models\Model_arsip.php on line 303.
 1 SYSTEMPATH\Autoloader\Autoloader.php(315): include_once('C:\\xampp\\htdocs\\e-arsip_ci4\\system\\Debug\\Exceptions.php')
 2 SYSTEMPATH\Autoloader\Autoloader.php(295): CodeIgniter\Autoloader\Autoloader->includeFile('C:\\xampp\\htdocs\\e-arsip_ci4\\app\\Models\\Model_arsip.php')
 3 SYSTEMPATH\Autoloader\Autoloader.php(271): CodeIgniter\Autoloader\Autoloader->loadInNamespace('App\\Models\\Model_arsip')
 4 APPPATH\Controllers\Home.php(23): CodeIgniter\Autoloader\Autoloader->loadClass('App\\Models\\Model_arsip')
 5 SYSTEMPATH\CodeIgniter.php(903): App\Controllers\Home->__construct()
 6 SYSTEMPATH\CodeIgniter.php(498): CodeIgniter\CodeIgniter->createController()
 7 SYSTEMPATH\CodeIgniter.php(354): CodeIgniter\CodeIgniter->handleRequest(null, Object(Config\Cache), false)
 8 SYSTEMPATH\Boot.php(363): CodeIgniter\CodeIgniter->run()
 9 SYSTEMPATH\Boot.php(68): CodeIgniter\Boot::runCodeIgniter(Object(CodeIgniter\CodeIgniter))
10 FCPATH\index.php(59): CodeIgniter\Boot::bootWeb(Object(Config\Paths))
DEBUG - 2025-11-11 08:14:56 --> Session: Class initialized using 'CodeIgniter\Session\Handlers\FileHandler' driver.
WARNING - 2025-11-11 08:14:56 --> [DEPRECATED] Optional parameter $filters declared before required parameter $id_dep is implicitly treated as a required parameter in APPPATH\Models\Model_arsip.php on line 303.
 1 SYSTEMPATH\Autoloader\Autoloader.php(315): include_once('C:\\xampp\\htdocs\\e-arsip_ci4\\system\\Debug\\Exceptions.php')
 2 SYSTEMPATH\Autoloader\Autoloader.php(295): CodeIgniter\Autoloader\Autoloader->includeFile('C:\\xampp\\htdocs\\e-arsip_ci4\\app\\Models\\Model_arsip.php')
 3 SYSTEMPATH\Autoloader\Autoloader.php(271): CodeIgniter\Autoloader\Autoloader->loadInNamespace('App\\Models\\Model_arsip')
 4 APPPATH\Controllers\Arsip.php(26): CodeIgniter\Autoloader\Autoloader->loadClass('App\\Models\\Model_arsip')
 5 SYSTEMPATH\CodeIgniter.php(903): App\Controllers\Arsip->__construct()
 6 SYSTEMPATH\CodeIgniter.php(498): CodeIgniter\CodeIgniter->createController()
 7 SYSTEMPATH\CodeIgniter.php(354): CodeIgniter\CodeIgniter->handleRequest(null, Object(Config\Cache), false)
 8 SYSTEMPATH\Boot.php(363): CodeIgniter\CodeIgniter->run()
 9 SYSTEMPATH\Boot.php(68): CodeIgniter\Boot::runCodeIgniter(Object(CodeIgniter\CodeIgniter))
10 FCPATH\index.php(59): CodeIgniter\Boot::bootWeb(Object(Config\Paths))
DEBUG - 2025-11-11 08:14:57 --> Session: Class initialized using 'CodeIgniter\Session\Handlers\FileHandler' driver.
WARNING - 2025-11-11 08:14:57 --> [DEPRECATED] Optional parameter $filters declared before required parameter $id_dep is implicitly treated as a required parameter in APPPATH\Models\Model_arsip.php on line 303.
 1 SYSTEMPATH\Autoloader\Autoloader.php(315): include_once('C:\\xampp\\htdocs\\e-arsip_ci4\\system\\Debug\\Exceptions.php')
 2 SYSTEMPATH\Autoloader\Autoloader.php(295): CodeIgniter\Autoloader\Autoloader->includeFile('C:\\xampp\\htdocs\\e-arsip_ci4\\app\\Models\\Model_arsip.php')
 3 SYSTEMPATH\Autoloader\Autoloader.php(271): CodeIgniter\Autoloader\Autoloader->loadInNamespace('App\\Models\\Model_arsip')
 4 APPPATH\Controllers\Kategori.php(21): CodeIgniter\Autoloader\Autoloader->loadClass('App\\Models\\Model_arsip')
 5 SYSTEMPATH\CodeIgniter.php(903): App\Controllers\Kategori->__construct()
 6 SYSTEMPATH\CodeIgniter.php(498): CodeIgniter\CodeIgniter->createController()
 7 SYSTEMPATH\CodeIgniter.php(354): CodeIgniter\CodeIgniter->handleRequest(null, Object(Config\Cache), false)
 8 SYSTEMPATH\Boot.php(363): CodeIgniter\CodeIgniter->run()
 9 SYSTEMPATH\Boot.php(68): CodeIgniter\Boot::runCodeIgniter(Object(CodeIgniter\CodeIgniter))
10 FCPATH\index.php(59): CodeIgniter\Boot::bootWeb(Object(Config\Paths))
DEBUG - 2025-11-11 08:19:03 --> Session: Class initialized using 'CodeIgniter\Session\Handlers\FileHandler' driver.
DEBUG - 2025-11-11 08:19:17 --> Session: Class initialized using 'CodeIgniter\Session\Handlers\FileHandler' driver.
DEBUG - 2025-11-11 08:19:17 --> Session: Class initialized using 'CodeIgniter\Session\Handlers\FileHandler' driver.
WARNING - 2025-11-11 08:19:17 --> [DEPRECATED] Optional parameter $filters declared before required parameter $id_dep is implicitly treated as a required parameter in APPPATH\Models\Model_arsip.php on line 303.
 1 SYSTEMPATH\Autoloader\Autoloader.php(315): include_once('C:\\xampp\\htdocs\\e-arsip_ci4\\system\\Debug\\Exceptions.php')
 2 SYSTEMPATH\Autoloader\Autoloader.php(295): CodeIgniter\Autoloader\Autoloader->includeFile('C:\\xampp\\htdocs\\e-arsip_ci4\\app\\Models\\Model_arsip.php')
 3 SYSTEMPATH\Autoloader\Autoloader.php(271): CodeIgniter\Autoloader\Autoloader->loadInNamespace('App\\Models\\Model_arsip')
 4 APPPATH\Controllers\Home.php(23): CodeIgniter\Autoloader\Autoloader->loadClass('App\\Models\\Model_arsip')
 5 SYSTEMPATH\CodeIgniter.php(903): App\Controllers\Home->__construct()
 6 SYSTEMPATH\CodeIgniter.php(498): CodeIgniter\CodeIgniter->createController()
 7 SYSTEMPATH\CodeIgniter.php(354): CodeIgniter\CodeIgniter->handleRequest(null, Object(Config\Cache), false)
 8 SYSTEMPATH\Boot.php(363): CodeIgniter\CodeIgniter->run()
 9 SYSTEMPATH\Boot.php(68): CodeIgniter\Boot::runCodeIgniter(Object(CodeIgniter\CodeIgniter))
10 FCPATH\index.php(59): CodeIgniter\Boot::bootWeb(Object(Config\Paths))
DEBUG - 2025-11-11 08:19:19 --> Session: Class initialized using 'CodeIgniter\Session\Handlers\FileHandler' driver.
WARNING - 2025-11-11 08:19:19 --> [DEPRECATED] Optional parameter $filters declared before required parameter $id_dep is implicitly treated as a required parameter in APPPATH\Models\Model_arsip.php on line 303.
 1 SYSTEMPATH\Autoloader\Autoloader.php(315): include_once('C:\\xampp\\htdocs\\e-arsip_ci4\\system\\Debug\\Exceptions.php')
 2 SYSTEMPATH\Autoloader\Autoloader.php(295): CodeIgniter\Autoloader\Autoloader->includeFile('C:\\xampp\\htdocs\\e-arsip_ci4\\app\\Models\\Model_arsip.php')
 3 SYSTEMPATH\Autoloader\Autoloader.php(271): CodeIgniter\Autoloader\Autoloader->loadInNamespace('App\\Models\\Model_arsip')
 4 APPPATH\Controllers\Cari.php(20): CodeIgniter\Autoloader\Autoloader->loadClass('App\\Models\\Model_arsip')
 5 SYSTEMPATH\CodeIgniter.php(903): App\Controllers\Cari->__construct()
 6 SYSTEMPATH\CodeIgniter.php(498): CodeIgniter\CodeIgniter->createController()
 7 SYSTEMPATH\CodeIgniter.php(354): CodeIgniter\CodeIgniter->handleRequest(null, Object(Config\Cache), false)
 8 SYSTEMPATH\Boot.php(363): CodeIgniter\CodeIgniter->run()
 9 SYSTEMPATH\Boot.php(68): CodeIgniter\Boot::runCodeIgniter(Object(CodeIgniter\CodeIgniter))
10 FCPATH\index.php(59): CodeIgniter\Boot::bootWeb(Object(Config\Paths))
DEBUG - 2025-11-11 08:19:20 --> Session: Class initialized using 'CodeIgniter\Session\Handlers\FileHandler' driver.
WARNING - 2025-11-11 08:19:20 --> [DEPRECATED] Optional parameter $filters declared before required parameter $id_dep is implicitly treated as a required parameter in APPPATH\Models\Model_arsip.php on line 303.
 1 SYSTEMPATH\Autoloader\Autoloader.php(315): include_once('C:\\xampp\\htdocs\\e-arsip_ci4\\system\\Debug\\Exceptions.php')
 2 SYSTEMPATH\Autoloader\Autoloader.php(295): CodeIgniter\Autoloader\Autoloader->includeFile('C:\\xampp\\htdocs\\e-arsip_ci4\\app\\Models\\Model_arsip.php')
 3 SYSTEMPATH\Autoloader\Autoloader.php(271): CodeIgniter\Autoloader\Autoloader->loadInNamespace('App\\Models\\Model_arsip')
 4 APPPATH\Controllers\Cari.php(20): CodeIgniter\Autoloader\Autoloader->loadClass('App\\Models\\Model_arsip')
 5 SYSTEMPATH\CodeIgniter.php(903): App\Controllers\Cari->__construct()
 6 SYSTEMPATH\CodeIgniter.php(498): CodeIgniter\CodeIgniter->createController()
 7 SYSTEMPATH\CodeIgniter.php(354): CodeIgniter\CodeIgniter->handleRequest(null, Object(Config\Cache), false)
 8 SYSTEMPATH\Boot.php(363): CodeIgniter\CodeIgniter->run()
 9 SYSTEMPATH\Boot.php(68): CodeIgniter\Boot::runCodeIgniter(Object(CodeIgniter\CodeIgniter))
10 FCPATH\index.php(59): CodeIgniter\Boot::bootWeb(Object(Config\Paths))
DEBUG - 2025-11-11 08:19:21 --> Session: Class initialized using 'CodeIgniter\Session\Handlers\FileHandler' driver.
WARNING - 2025-11-11 08:19:21 --> [DEPRECATED] Optional parameter $filters declared before required parameter $id_dep is implicitly treated as a required parameter in APPPATH\Models\Model_arsip.php on line 303.
 1 SYSTEMPATH\Autoloader\Autoloader.php(315): include_once('C:\\xampp\\htdocs\\e-arsip_ci4\\system\\Debug\\Exceptions.php')
 2 SYSTEMPATH\Autoloader\Autoloader.php(295): CodeIgniter\Autoloader\Autoloader->includeFile('C:\\xampp\\htdocs\\e-arsip_ci4\\app\\Models\\Model_arsip.php')
 3 SYSTEMPATH\Autoloader\Autoloader.php(271): CodeIgniter\Autoloader\Autoloader->loadInNamespace('App\\Models\\Model_arsip')
 4 APPPATH\Controllers\Arsip.php(26): CodeIgniter\Autoloader\Autoloader->loadClass('App\\Models\\Model_arsip')
 5 SYSTEMPATH\CodeIgniter.php(903): App\Controllers\Arsip->__construct()
 6 SYSTEMPATH\CodeIgniter.php(498): CodeIgniter\CodeIgniter->createController()
 7 SYSTEMPATH\CodeIgniter.php(354): CodeIgniter\CodeIgniter->handleRequest(null, Object(Config\Cache), false)
 8 SYSTEMPATH\Boot.php(363): CodeIgniter\CodeIgniter->run()
 9 SYSTEMPATH\Boot.php(68): CodeIgniter\Boot::runCodeIgniter(Object(CodeIgniter\CodeIgniter))
10 FCPATH\index.php(59): CodeIgniter\Boot::bootWeb(Object(Config\Paths))
DEBUG - 2025-11-11 08:19:24 --> Session: Class initialized using 'CodeIgniter\Session\Handlers\FileHandler' driver.
WARNING - 2025-11-11 08:19:24 --> [DEPRECATED] Optional parameter $filters declared before required parameter $id_dep is implicitly treated as a required parameter in APPPATH\Models\Model_arsip.php on line 303.
 1 SYSTEMPATH\Autoloader\Autoloader.php(315): include_once('C:\\xampp\\htdocs\\e-arsip_ci4\\system\\Debug\\Exceptions.php')
 2 SYSTEMPATH\Autoloader\Autoloader.php(295): CodeIgniter\Autoloader\Autoloader->includeFile('C:\\xampp\\htdocs\\e-arsip_ci4\\app\\Models\\Model_arsip.php')
 3 SYSTEMPATH\Autoloader\Autoloader.php(271): CodeIgniter\Autoloader\Autoloader->loadInNamespace('App\\Models\\Model_arsip')
 4 APPPATH\Controllers\Kategori.php(21): CodeIgniter\Autoloader\Autoloader->loadClass('App\\Models\\Model_arsip')
 5 SYSTEMPATH\CodeIgniter.php(903): App\Controllers\Kategori->__construct()
 6 SYSTEMPATH\CodeIgniter.php(498): CodeIgniter\CodeIgniter->createController()
 7 SYSTEMPATH\CodeIgniter.php(354): CodeIgniter\CodeIgniter->handleRequest(null, Object(Config\Cache), false)
 8 SYSTEMPATH\Boot.php(363): CodeIgniter\CodeIgniter->run()
 9 SYSTEMPATH\Boot.php(68): CodeIgniter\Boot::runCodeIgniter(Object(CodeIgniter\CodeIgniter))
10 FCPATH\index.php(59): CodeIgniter\Boot::bootWeb(Object(Config\Paths))
DEBUG - 2025-11-11 08:26:27 --> Session: Class initialized using 'CodeIgniter\Session\Handlers\FileHandler' driver.
WARNING - 2025-11-11 08:26:27 --> [DEPRECATED] Optional parameter $filters declared before required parameter $id_dep is implicitly treated as a required parameter in APPPATH\Models\Model_arsip.php on line 303.
 1 SYSTEMPATH\Autoloader\Autoloader.php(315): include_once('C:\\xampp\\htdocs\\e-arsip_ci4\\system\\Debug\\Exceptions.php')
 2 SYSTEMPATH\Autoloader\Autoloader.php(295): CodeIgniter\Autoloader\Autoloader->includeFile('C:\\xampp\\htdocs\\e-arsip_ci4\\app\\Models\\Model_arsip.php')
 3 SYSTEMPATH\Autoloader\Autoloader.php(271): CodeIgniter\Autoloader\Autoloader->loadInNamespace('App\\Models\\Model_arsip')
 4 APPPATH\Controllers\Kategori.php(21): CodeIgniter\Autoloader\Autoloader->loadClass('App\\Models\\Model_arsip')
 5 SYSTEMPATH\CodeIgniter.php(903): App\Controllers\Kategori->__construct()
 6 SYSTEMPATH\CodeIgniter.php(498): CodeIgniter\CodeIgniter->createController()
 7 SYSTEMPATH\CodeIgniter.php(354): CodeIgniter\CodeIgniter->handleRequest(null, Object(Config\Cache), false)
 8 SYSTEMPATH\Boot.php(363): CodeIgniter\CodeIgniter->run()
 9 SYSTEMPATH\Boot.php(68): CodeIgniter\Boot::runCodeIgniter(Object(CodeIgniter\CodeIgniter))
10 FCPATH\index.php(59): CodeIgniter\Boot::bootWeb(Object(Config\Paths))
DEBUG - 2025-11-11 08:26:39 --> Session: Class initialized using 'CodeIgniter\Session\Handlers\FileHandler' driver.
WARNING - 2025-11-11 08:26:39 --> [DEPRECATED] Optional parameter $filters declared before required parameter $id_dep is implicitly treated as a required parameter in APPPATH\Models\Model_arsip.php on line 303.
 1 SYSTEMPATH\Autoloader\Autoloader.php(315): include_once('C:\\xampp\\htdocs\\e-arsip_ci4\\system\\Debug\\Exceptions.php')
 2 SYSTEMPATH\Autoloader\Autoloader.php(295): CodeIgniter\Autoloader\Autoloader->includeFile('C:\\xampp\\htdocs\\e-arsip_ci4\\app\\Models\\Model_arsip.php')
 3 SYSTEMPATH\Autoloader\Autoloader.php(271): CodeIgniter\Autoloader\Autoloader->loadInNamespace('App\\Models\\Model_arsip')
 4 APPPATH\Controllers\Kategori.php(21): CodeIgniter\Autoloader\Autoloader->loadClass('App\\Models\\Model_arsip')
 5 SYSTEMPATH\CodeIgniter.php(903): App\Controllers\Kategori->__construct()
 6 SYSTEMPATH\CodeIgniter.php(498): CodeIgniter\CodeIgniter->createController()
 7 SYSTEMPATH\CodeIgniter.php(354): CodeIgniter\CodeIgniter->handleRequest(null, Object(Config\Cache), false)
 8 SYSTEMPATH\Boot.php(363): CodeIgniter\CodeIgniter->run()
 9 SYSTEMPATH\Boot.php(68): CodeIgniter\Boot::runCodeIgniter(Object(CodeIgniter\CodeIgniter))
10 FCPATH\index.php(59): CodeIgniter\Boot::bootWeb(Object(Config\Paths))
DEBUG - 2025-11-11 08:26:39 --> AUDIT DEBUG -> id_user: 49, username: dwiky_keu
DEBUG - 2025-11-11 08:26:39 --> Session: Class initialized using 'CodeIgniter\Session\Handlers\FileHandler' driver.
WARNING - 2025-11-11 08:26:39 --> [DEPRECATED] Optional parameter $filters declared before required parameter $id_dep is implicitly treated as a required parameter in APPPATH\Models\Model_arsip.php on line 303.
 1 SYSTEMPATH\Autoloader\Autoloader.php(315): include_once('C:\\xampp\\htdocs\\e-arsip_ci4\\system\\Debug\\Exceptions.php')
 2 SYSTEMPATH\Autoloader\Autoloader.php(295): CodeIgniter\Autoloader\Autoloader->includeFile('C:\\xampp\\htdocs\\e-arsip_ci4\\app\\Models\\Model_arsip.php')
 3 SYSTEMPATH\Autoloader\Autoloader.php(271): CodeIgniter\Autoloader\Autoloader->loadInNamespace('App\\Models\\Model_arsip')
 4 APPPATH\Controllers\Kategori.php(21): CodeIgniter\Autoloader\Autoloader->loadClass('App\\Models\\Model_arsip')
 5 SYSTEMPATH\CodeIgniter.php(903): App\Controllers\Kategori->__construct()
 6 SYSTEMPATH\CodeIgniter.php(498): CodeIgniter\CodeIgniter->createController()
 7 SYSTEMPATH\CodeIgniter.php(354): CodeIgniter\CodeIgniter->handleRequest(null, Object(Config\Cache), false)
 8 SYSTEMPATH\Boot.php(363): CodeIgniter\CodeIgniter->run()
 9 SYSTEMPATH\Boot.php(68): CodeIgniter\Boot::runCodeIgniter(Object(CodeIgniter\CodeIgniter))
10 FCPATH\index.php(59): CodeIgniter\Boot::bootWeb(Object(Config\Paths))
DEBUG - 2025-11-11 08:26:52 --> Session: Class initialized using 'CodeIgniter\Session\Handlers\FileHandler' driver.
WARNING - 2025-11-11 08:26:52 --> [DEPRECATED] Optional parameter $filters declared before required parameter $id_dep is implicitly treated as a required parameter in APPPATH\Models\Model_arsip.php on line 303.
 1 SYSTEMPATH\Autoloader\Autoloader.php(315): include_once('C:\\xampp\\htdocs\\e-arsip_ci4\\system\\Debug\\Exceptions.php')
 2 SYSTEMPATH\Autoloader\Autoloader.php(295): CodeIgniter\Autoloader\Autoloader->includeFile('C:\\xampp\\htdocs\\e-arsip_ci4\\app\\Models\\Model_arsip.php')
 3 SYSTEMPATH\Autoloader\Autoloader.php(271): CodeIgniter\Autoloader\Autoloader->loadInNamespace('App\\Models\\Model_arsip')
 4 APPPATH\Controllers\Kategori.php(21): CodeIgniter\Autoloader\Autoloader->loadClass('App\\Models\\Model_arsip')
 5 SYSTEMPATH\CodeIgniter.php(903): App\Controllers\Kategori->__construct()
 6 SYSTEMPATH\CodeIgniter.php(498): CodeIgniter\CodeIgniter->createController()
 7 SYSTEMPATH\CodeIgniter.php(354): CodeIgniter\CodeIgniter->handleRequest(null, Object(Config\Cache), false)
 8 SYSTEMPATH\Boot.php(363): CodeIgniter\CodeIgniter->run()
 9 SYSTEMPATH\Boot.php(68): CodeIgniter\Boot::runCodeIgniter(Object(CodeIgniter\CodeIgniter))
10 FCPATH\index.php(59): CodeIgniter\Boot::bootWeb(Object(Config\Paths))
DEBUG - 2025-11-11 08:26:52 --> AUDIT DEBUG -> id_user: 49, username: dwiky_keu
DEBUG - 2025-11-11 08:26:52 --> Session: Class initialized using 'CodeIgniter\Session\Handlers\FileHandler' driver.
WARNING - 2025-11-11 08:26:52 --> [DEPRECATED] Optional parameter $filters declared before required parameter $id_dep is implicitly treated as a required parameter in APPPATH\Models\Model_arsip.php on line 303.
 1 SYSTEMPATH\Autoloader\Autoloader.php(315): include_once('C:\\xampp\\htdocs\\e-arsip_ci4\\system\\Debug\\Exceptions.php')
 2 SYSTEMPATH\Autoloader\Autoloader.php(295): CodeIgniter\Autoloader\Autoloader->includeFile('C:\\xampp\\htdocs\\e-arsip_ci4\\app\\Models\\Model_arsip.php')
 3 SYSTEMPATH\Autoloader\Autoloader.php(271): CodeIgniter\Autoloader\Autoloader->loadInNamespace('App\\Models\\Model_arsip')
 4 APPPATH\Controllers\Kategori.php(21): CodeIgniter\Autoloader\Autoloader->loadClass('App\\Models\\Model_arsip')
 5 SYSTEMPATH\CodeIgniter.php(903): App\Controllers\Kategori->__construct()
 6 SYSTEMPATH\CodeIgniter.php(498): CodeIgniter\CodeIgniter->createController()
 7 SYSTEMPATH\CodeIgniter.php(354): CodeIgniter\CodeIgniter->handleRequest(null, Object(Config\Cache), false)
 8 SYSTEMPATH\Boot.php(363): CodeIgniter\CodeIgniter->run()
 9 SYSTEMPATH\Boot.php(68): CodeIgniter\Boot::runCodeIgniter(Object(CodeIgniter\CodeIgniter))
10 FCPATH\index.php(59): CodeIgniter\Boot::bootWeb(Object(Config\Paths))
DEBUG - 2025-11-11 08:31:24 --> Session: Class initialized using 'CodeIgniter\Session\Handlers\FileHandler' driver.
WARNING - 2025-11-11 08:31:24 --> [DEPRECATED] Optional parameter $filters declared before required parameter $id_dep is implicitly treated as a required parameter in APPPATH\Models\Model_arsip.php on line 303.
 1 SYSTEMPATH\Autoloader\Autoloader.php(315): include_once('C:\\xampp\\htdocs\\e-arsip_ci4\\system\\Debug\\Exceptions.php')
 2 SYSTEMPATH\Autoloader\Autoloader.php(295): CodeIgniter\Autoloader\Autoloader->includeFile('C:\\xampp\\htdocs\\e-arsip_ci4\\app\\Models\\Model_arsip.php')
 3 SYSTEMPATH\Autoloader\Autoloader.php(271): CodeIgniter\Autoloader\Autoloader->loadInNamespace('App\\Models\\Model_arsip')
 4 APPPATH\Controllers\Kategori.php(21): CodeIgniter\Autoloader\Autoloader->loadClass('App\\Models\\Model_arsip')
 5 SYSTEMPATH\CodeIgniter.php(903): App\Controllers\Kategori->__construct()
 6 SYSTEMPATH\CodeIgniter.php(498): CodeIgniter\CodeIgniter->createController()
 7 SYSTEMPATH\CodeIgniter.php(354): CodeIgniter\CodeIgniter->handleRequest(null, Object(Config\Cache), false)
 8 SYSTEMPATH\Boot.php(363): CodeIgniter\CodeIgniter->run()
 9 SYSTEMPATH\Boot.php(68): CodeIgniter\Boot::runCodeIgniter(Object(CodeIgniter\CodeIgniter))
10 FCPATH\index.php(59): CodeIgniter\Boot::bootWeb(Object(Config\Paths))
DEBUG - 2025-11-11 08:31:36 --> Session: Class initialized using 'CodeIgniter\Session\Handlers\FileHandler' driver.
WARNING - 2025-11-11 08:31:36 --> [DEPRECATED] Optional parameter $filters declared before required parameter $id_dep is implicitly treated as a required parameter in APPPATH\Models\Model_arsip.php on line 303.
 1 SYSTEMPATH\Autoloader\Autoloader.php(315): include_once('C:\\xampp\\htdocs\\e-arsip_ci4\\system\\Debug\\Exceptions.php')
 2 SYSTEMPATH\Autoloader\Autoloader.php(295): CodeIgniter\Autoloader\Autoloader->includeFile('C:\\xampp\\htdocs\\e-arsip_ci4\\app\\Models\\Model_arsip.php')
 3 SYSTEMPATH\Autoloader\Autoloader.php(271): CodeIgniter\Autoloader\Autoloader->loadInNamespace('App\\Models\\Model_arsip')
 4 APPPATH\Controllers\Kategori.php(21): CodeIgniter\Autoloader\Autoloader->loadClass('App\\Models\\Model_arsip')
 5 SYSTEMPATH\CodeIgniter.php(903): App\Controllers\Kategori->__construct()
 6 SYSTEMPATH\CodeIgniter.php(498): CodeIgniter\CodeIgniter->createController()
 7 SYSTEMPATH\CodeIgniter.php(354): CodeIgniter\CodeIgniter->handleRequest(null, Object(Config\Cache), false)
 8 SYSTEMPATH\Boot.php(363): CodeIgniter\CodeIgniter->run()
 9 SYSTEMPATH\Boot.php(68): CodeIgniter\Boot::runCodeIgniter(Object(CodeIgniter\CodeIgniter))
10 FCPATH\index.php(59): CodeIgniter\Boot::bootWeb(Object(Config\Paths))
DEBUG - 2025-11-11 08:31:36 --> AUDIT DEBUG -> id_user: 49, username: dwiky_keu
DEBUG - 2025-11-11 08:31:36 --> Session: Class initialized using 'CodeIgniter\Session\Handlers\FileHandler' driver.
WARNING - 2025-11-11 08:31:36 --> [DEPRECATED] Optional parameter $filters declared before required parameter $id_dep is implicitly treated as a required parameter in APPPATH\Models\Model_arsip.php on line 303.
 1 SYSTEMPATH\Autoloader\Autoloader.php(315): include_once('C:\\xampp\\htdocs\\e-arsip_ci4\\system\\Debug\\Exceptions.php')
 2 SYSTEMPATH\Autoloader\Autoloader.php(295): CodeIgniter\Autoloader\Autoloader->includeFile('C:\\xampp\\htdocs\\e-arsip_ci4\\app\\Models\\Model_arsip.php')
 3 SYSTEMPATH\Autoloader\Autoloader.php(271): CodeIgniter\Autoloader\Autoloader->loadInNamespace('App\\Models\\Model_arsip')
 4 APPPATH\Controllers\Kategori.php(21): CodeIgniter\Autoloader\Autoloader->loadClass('App\\Models\\Model_arsip')
 5 SYSTEMPATH\CodeIgniter.php(903): App\Controllers\Kategori->__construct()
 6 SYSTEMPATH\CodeIgniter.php(498): CodeIgniter\CodeIgniter->createController()
 7 SYSTEMPATH\CodeIgniter.php(354): CodeIgniter\CodeIgniter->handleRequest(null, Object(Config\Cache), false)
 8 SYSTEMPATH\Boot.php(363): CodeIgniter\CodeIgniter->run()
 9 SYSTEMPATH\Boot.php(68): CodeIgniter\Boot::runCodeIgniter(Object(CodeIgniter\CodeIgniter))
10 FCPATH\index.php(59): CodeIgniter\Boot::bootWeb(Object(Config\Paths))
DEBUG - 2025-11-11 08:31:47 --> Session: Class initialized using 'CodeIgniter\Session\Handlers\FileHandler' driver.
WARNING - 2025-11-11 08:31:47 --> [DEPRECATED] Optional parameter $filters declared before required parameter $id_dep is implicitly treated as a required parameter in APPPATH\Models\Model_arsip.php on line 303.
 1 SYSTEMPATH\Autoloader\Autoloader.php(315): include_once('C:\\xampp\\htdocs\\e-arsip_ci4\\system\\Debug\\Exceptions.php')
 2 SYSTEMPATH\Autoloader\Autoloader.php(295): CodeIgniter\Autoloader\Autoloader->includeFile('C:\\xampp\\htdocs\\e-arsip_ci4\\app\\Models\\Model_arsip.php')
 3 SYSTEMPATH\Autoloader\Autoloader.php(271): CodeIgniter\Autoloader\Autoloader->loadInNamespace('App\\Models\\Model_arsip')
 4 APPPATH\Controllers\Kategori.php(21): CodeIgniter\Autoloader\Autoloader->loadClass('App\\Models\\Model_arsip')
 5 SYSTEMPATH\CodeIgniter.php(903): App\Controllers\Kategori->__construct()
 6 SYSTEMPATH\CodeIgniter.php(498): CodeIgniter\CodeIgniter->createController()
 7 SYSTEMPATH\CodeIgniter.php(354): CodeIgniter\CodeIgniter->handleRequest(null, Object(Config\Cache), false)
 8 SYSTEMPATH\Boot.php(363): CodeIgniter\CodeIgniter->run()
 9 SYSTEMPATH\Boot.php(68): CodeIgniter\Boot::runCodeIgniter(Object(CodeIgniter\CodeIgniter))
10 FCPATH\index.php(59): CodeIgniter\Boot::bootWeb(Object(Config\Paths))
DEBUG - 2025-11-11 08:31:48 --> AUDIT DEBUG -> id_user: 49, username: dwiky_keu
DEBUG - 2025-11-11 08:31:48 --> Session: Class initialized using 'CodeIgniter\Session\Handlers\FileHandler' driver.
WARNING - 2025-11-11 08:31:48 --> [DEPRECATED] Optional parameter $filters declared before required parameter $id_dep is implicitly treated as a required parameter in APPPATH\Models\Model_arsip.php on line 303.
 1 SYSTEMPATH\Autoloader\Autoloader.php(315): include_once('C:\\xampp\\htdocs\\e-arsip_ci4\\system\\Debug\\Exceptions.php')
 2 SYSTEMPATH\Autoloader\Autoloader.php(295): CodeIgniter\Autoloader\Autoloader->includeFile('C:\\xampp\\htdocs\\e-arsip_ci4\\app\\Models\\Model_arsip.php')
 3 SYSTEMPATH\Autoloader\Autoloader.php(271): CodeIgniter\Autoloader\Autoloader->loadInNamespace('App\\Models\\Model_arsip')
 4 APPPATH\Controllers\Kategori.php(21): CodeIgniter\Autoloader\Autoloader->loadClass('App\\Models\\Model_arsip')
 5 SYSTEMPATH\CodeIgniter.php(903): App\Controllers\Kategori->__construct()
 6 SYSTEMPATH\CodeIgniter.php(498): CodeIgniter\CodeIgniter->createController()
 7 SYSTEMPATH\CodeIgniter.php(354): CodeIgniter\CodeIgniter->handleRequest(null, Object(Config\Cache), false)
 8 SYSTEMPATH\Boot.php(363): CodeIgniter\CodeIgniter->run()
 9 SYSTEMPATH\Boot.php(68): CodeIgniter\Boot::runCodeIgniter(Object(CodeIgniter\CodeIgniter))
10 FCPATH\index.php(59): CodeIgniter\Boot::bootWeb(Object(Config\Paths))
DEBUG - 2025-11-11 08:32:27 --> Session: Class initialized using 'CodeIgniter\Session\Handlers\FileHandler' driver.
WARNING - 2025-11-11 08:32:27 --> [DEPRECATED] Optional parameter $filters declared before required parameter $id_dep is implicitly treated as a required parameter in APPPATH\Models\Model_arsip.php on line 303.
 1 SYSTEMPATH\Autoloader\Autoloader.php(315): include_once('C:\\xampp\\htdocs\\e-arsip_ci4\\system\\Debug\\Exceptions.php')
 2 SYSTEMPATH\Autoloader\Autoloader.php(295): CodeIgniter\Autoloader\Autoloader->includeFile('C:\\xampp\\htdocs\\e-arsip_ci4\\app\\Models\\Model_arsip.php')
 3 SYSTEMPATH\Autoloader\Autoloader.php(271): CodeIgniter\Autoloader\Autoloader->loadInNamespace('App\\Models\\Model_arsip')
 4 APPPATH\Controllers\Kategori.php(21): CodeIgniter\Autoloader\Autoloader->loadClass('App\\Models\\Model_arsip')
 5 SYSTEMPATH\CodeIgniter.php(903): App\Controllers\Kategori->__construct()
 6 SYSTEMPATH\CodeIgniter.php(498): CodeIgniter\CodeIgniter->createController()
 7 SYSTEMPATH\CodeIgniter.php(354): CodeIgniter\CodeIgniter->handleRequest(null, Object(Config\Cache), false)
 8 SYSTEMPATH\Boot.php(363): CodeIgniter\CodeIgniter->run()
 9 SYSTEMPATH\Boot.php(68): CodeIgniter\Boot::runCodeIgniter(Object(CodeIgniter\CodeIgniter))
10 FCPATH\index.php(59): CodeIgniter\Boot::bootWeb(Object(Config\Paths))
DEBUG - 2025-11-11 08:32:27 --> Session: Class initialized using 'CodeIgniter\Session\Handlers\FileHandler' driver.
WARNING - 2025-11-11 08:32:27 --> [DEPRECATED] Optional parameter $filters declared before required parameter $id_dep is implicitly treated as a required parameter in APPPATH\Models\Model_arsip.php on line 303.
 1 SYSTEMPATH\Autoloader\Autoloader.php(315): include_once('C:\\xampp\\htdocs\\e-arsip_ci4\\system\\Debug\\Exceptions.php')
 2 SYSTEMPATH\Autoloader\Autoloader.php(295): CodeIgniter\Autoloader\Autoloader->includeFile('C:\\xampp\\htdocs\\e-arsip_ci4\\app\\Models\\Model_arsip.php')
 3 SYSTEMPATH\Autoloader\Autoloader.php(271): CodeIgniter\Autoloader\Autoloader->loadInNamespace('App\\Models\\Model_arsip')
 4 APPPATH\Controllers\Kategori.php(21): CodeIgniter\Autoloader\Autoloader->loadClass('App\\Models\\Model_arsip')
 5 SYSTEMPATH\CodeIgniter.php(903): App\Controllers\Kategori->__construct()
 6 SYSTEMPATH\CodeIgniter.php(498): CodeIgniter\CodeIgniter->createController()
 7 SYSTEMPATH\CodeIgniter.php(354): CodeIgniter\CodeIgniter->handleRequest(null, Object(Config\Cache), false)
 8 SYSTEMPATH\Boot.php(363): CodeIgniter\CodeIgniter->run()
 9 SYSTEMPATH\Boot.php(68): CodeIgniter\Boot::runCodeIgniter(Object(CodeIgniter\CodeIgniter))
10 FCPATH\index.php(59): CodeIgniter\Boot::bootWeb(Object(Config\Paths))
DEBUG - 2025-11-11 08:32:27 --> Session: Class initialized using 'CodeIgniter\Session\Handlers\FileHandler' driver.
WARNING - 2025-11-11 08:32:27 --> [DEPRECATED] Optional parameter $filters declared before required parameter $id_dep is implicitly treated as a required parameter in APPPATH\Models\Model_arsip.php on line 303.
 1 SYSTEMPATH\Autoloader\Autoloader.php(315): include_once('C:\\xampp\\htdocs\\e-arsip_ci4\\system\\Debug\\Exceptions.php')
 2 SYSTEMPATH\Autoloader\Autoloader.php(295): CodeIgniter\Autoloader\Autoloader->includeFile('C:\\xampp\\htdocs\\e-arsip_ci4\\app\\Models\\Model_arsip.php')
 3 SYSTEMPATH\Autoloader\Autoloader.php(271): CodeIgniter\Autoloader\Autoloader->loadInNamespace('App\\Models\\Model_arsip')
 4 APPPATH\Controllers\Kategori.php(21): CodeIgniter\Autoloader\Autoloader->loadClass('App\\Models\\Model_arsip')
 5 SYSTEMPATH\CodeIgniter.php(903): App\Controllers\Kategori->__construct()
 6 SYSTEMPATH\CodeIgniter.php(498): CodeIgniter\CodeIgniter->createController()
 7 SYSTEMPATH\CodeIgniter.php(354): CodeIgniter\CodeIgniter->handleRequest(null, Object(Config\Cache), false)
 8 SYSTEMPATH\Boot.php(363): CodeIgniter\CodeIgniter->run()
 9 SYSTEMPATH\Boot.php(68): CodeIgniter\Boot::runCodeIgniter(Object(CodeIgniter\CodeIgniter))
10 FCPATH\index.php(59): CodeIgniter\Boot::bootWeb(Object(Config\Paths))
DEBUG - 2025-11-11 08:32:27 --> Session: Class initialized using 'CodeIgniter\Session\Handlers\FileHandler' driver.
WARNING - 2025-11-11 08:32:27 --> [DEPRECATED] Optional parameter $filters declared before required parameter $id_dep is implicitly treated as a required parameter in APPPATH\Models\Model_arsip.php on line 303.
 1 SYSTEMPATH\Autoloader\Autoloader.php(315): include_once('C:\\xampp\\htdocs\\e-arsip_ci4\\system\\Debug\\Exceptions.php')
 2 SYSTEMPATH\Autoloader\Autoloader.php(295): CodeIgniter\Autoloader\Autoloader->includeFile('C:\\xampp\\htdocs\\e-arsip_ci4\\app\\Models\\Model_arsip.php')
 3 SYSTEMPATH\Autoloader\Autoloader.php(271): CodeIgniter\Autoloader\Autoloader->loadInNamespace('App\\Models\\Model_arsip')
 4 APPPATH\Controllers\Kategori.php(21): CodeIgniter\Autoloader\Autoloader->loadClass('App\\Models\\Model_arsip')
 5 SYSTEMPATH\CodeIgniter.php(903): App\Controllers\Kategori->__construct()
 6 SYSTEMPATH\CodeIgniter.php(498): CodeIgniter\CodeIgniter->createController()
 7 SYSTEMPATH\CodeIgniter.php(354): CodeIgniter\CodeIgniter->handleRequest(null, Object(Config\Cache), false)
 8 SYSTEMPATH\Boot.php(363): CodeIgniter\CodeIgniter->run()
 9 SYSTEMPATH\Boot.php(68): CodeIgniter\Boot::runCodeIgniter(Object(CodeIgniter\CodeIgniter))
10 FCPATH\index.php(59): CodeIgniter\Boot::bootWeb(Object(Config\Paths))
DEBUG - 2025-11-11 08:32:28 --> Session: Class initialized using 'CodeIgniter\Session\Handlers\FileHandler' driver.
WARNING - 2025-11-11 08:32:28 --> [DEPRECATED] Optional parameter $filters declared before required parameter $id_dep is implicitly treated as a required parameter in APPPATH\Models\Model_arsip.php on line 303.
 1 SYSTEMPATH\Autoloader\Autoloader.php(315): include_once('C:\\xampp\\htdocs\\e-arsip_ci4\\system\\Debug\\Exceptions.php')
 2 SYSTEMPATH\Autoloader\Autoloader.php(295): CodeIgniter\Autoloader\Autoloader->includeFile('C:\\xampp\\htdocs\\e-arsip_ci4\\app\\Models\\Model_arsip.php')
 3 SYSTEMPATH\Autoloader\Autoloader.php(271): CodeIgniter\Autoloader\Autoloader->loadInNamespace('App\\Models\\Model_arsip')
 4 APPPATH\Controllers\Kategori.php(21): CodeIgniter\Autoloader\Autoloader->loadClass('App\\Models\\Model_arsip')
 5 SYSTEMPATH\CodeIgniter.php(903): App\Controllers\Kategori->__construct()
 6 SYSTEMPATH\CodeIgniter.php(498): CodeIgniter\CodeIgniter->createController()
 7 SYSTEMPATH\CodeIgniter.php(354): CodeIgniter\CodeIgniter->handleRequest(null, Object(Config\Cache), false)
 8 SYSTEMPATH\Boot.php(363): CodeIgniter\CodeIgniter->run()
 9 SYSTEMPATH\Boot.php(68): CodeIgniter\Boot::runCodeIgniter(Object(CodeIgniter\CodeIgniter))
10 FCPATH\index.php(59): CodeIgniter\Boot::bootWeb(Object(Config\Paths))
DEBUG - 2025-11-11 08:32:28 --> Session: Class initialized using 'CodeIgniter\Session\Handlers\FileHandler' driver.
WARNING - 2025-11-11 08:32:28 --> [DEPRECATED] Optional parameter $filters declared before required parameter $id_dep is implicitly treated as a required parameter in APPPATH\Models\Model_arsip.php on line 303.
 1 SYSTEMPATH\Autoloader\Autoloader.php(315): include_once('C:\\xampp\\htdocs\\e-arsip_ci4\\system\\Debug\\Exceptions.php')
 2 SYSTEMPATH\Autoloader\Autoloader.php(295): CodeIgniter\Autoloader\Autoloader->includeFile('C:\\xampp\\htdocs\\e-arsip_ci4\\app\\Models\\Model_arsip.php')
 3 SYSTEMPATH\Autoloader\Autoloader.php(271): CodeIgniter\Autoloader\Autoloader->loadInNamespace('App\\Models\\Model_arsip')
 4 APPPATH\Controllers\Kategori.php(21): CodeIgniter\Autoloader\Autoloader->loadClass('App\\Models\\Model_arsip')
 5 SYSTEMPATH\CodeIgniter.php(903): App\Controllers\Kategori->__construct()
 6 SYSTEMPATH\CodeIgniter.php(498): CodeIgniter\CodeIgniter->createController()
 7 SYSTEMPATH\CodeIgniter.php(354): CodeIgniter\CodeIgniter->handleRequest(null, Object(Config\Cache), false)
 8 SYSTEMPATH\Boot.php(363): CodeIgniter\CodeIgniter->run()
 9 SYSTEMPATH\Boot.php(68): CodeIgniter\Boot::runCodeIgniter(Object(CodeIgniter\CodeIgniter))
10 FCPATH\index.php(59): CodeIgniter\Boot::bootWeb(Object(Config\Paths))
DEBUG - 2025-11-11 08:32:28 --> Session: Class initialized using 'CodeIgniter\Session\Handlers\FileHandler' driver.
WARNING - 2025-11-11 08:32:28 --> [DEPRECATED] Optional parameter $filters declared before required parameter $id_dep is implicitly treated as a required parameter in APPPATH\Models\Model_arsip.php on line 303.
 1 SYSTEMPATH\Autoloader\Autoloader.php(315): include_once('C:\\xampp\\htdocs\\e-arsip_ci4\\system\\Debug\\Exceptions.php')
 2 SYSTEMPATH\Autoloader\Autoloader.php(295): CodeIgniter\Autoloader\Autoloader->includeFile('C:\\xampp\\htdocs\\e-arsip_ci4\\app\\Models\\Model_arsip.php')
 3 SYSTEMPATH\Autoloader\Autoloader.php(271): CodeIgniter\Autoloader\Autoloader->loadInNamespace('App\\Models\\Model_arsip')
 4 APPPATH\Controllers\Kategori.php(21): CodeIgniter\Autoloader\Autoloader->loadClass('App\\Models\\Model_arsip')
 5 SYSTEMPATH\CodeIgniter.php(903): App\Controllers\Kategori->__construct()
 6 SYSTEMPATH\CodeIgniter.php(498): CodeIgniter\CodeIgniter->createController()
 7 SYSTEMPATH\CodeIgniter.php(354): CodeIgniter\CodeIgniter->handleRequest(null, Object(Config\Cache), false)
 8 SYSTEMPATH\Boot.php(363): CodeIgniter\CodeIgniter->run()
 9 SYSTEMPATH\Boot.php(68): CodeIgniter\Boot::runCodeIgniter(Object(CodeIgniter\CodeIgniter))
10 FCPATH\index.php(59): CodeIgniter\Boot::bootWeb(Object(Config\Paths))
DEBUG - 2025-11-11 08:32:33 --> Session: Class initialized using 'CodeIgniter\Session\Handlers\FileHandler' driver.
WARNING - 2025-11-11 08:32:33 --> [DEPRECATED] Optional parameter $filters declared before required parameter $id_dep is implicitly treated as a required parameter in APPPATH\Models\Model_arsip.php on line 303.
 1 SYSTEMPATH\Autoloader\Autoloader.php(315): include_once('C:\\xampp\\htdocs\\e-arsip_ci4\\system\\Debug\\Exceptions.php')
 2 SYSTEMPATH\Autoloader\Autoloader.php(295): CodeIgniter\Autoloader\Autoloader->includeFile('C:\\xampp\\htdocs\\e-arsip_ci4\\app\\Models\\Model_arsip.php')
 3 SYSTEMPATH\Autoloader\Autoloader.php(271): CodeIgniter\Autoloader\Autoloader->loadInNamespace('App\\Models\\Model_arsip')
 4 APPPATH\Controllers\Kategori.php(21): CodeIgniter\Autoloader\Autoloader->loadClass('App\\Models\\Model_arsip')
 5 SYSTEMPATH\CodeIgniter.php(903): App\Controllers\Kategori->__construct()
 6 SYSTEMPATH\CodeIgniter.php(498): CodeIgniter\CodeIgniter->createController()
 7 SYSTEMPATH\CodeIgniter.php(354): CodeIgniter\CodeIgniter->handleRequest(null, Object(Config\Cache), false)
 8 SYSTEMPATH\Boot.php(363): CodeIgniter\CodeIgniter->run()
 9 SYSTEMPATH\Boot.php(68): CodeIgniter\Boot::runCodeIgniter(Object(CodeIgniter\CodeIgniter))
10 FCPATH\index.php(59): CodeIgniter\Boot::bootWeb(Object(Config\Paths))
DEBUG - 2025-11-11 08:32:33 --> Session: Class initialized using 'CodeIgniter\Session\Handlers\FileHandler' driver.
WARNING - 2025-11-11 08:32:33 --> [DEPRECATED] Optional parameter $filters declared before required parameter $id_dep is implicitly treated as a required parameter in APPPATH\Models\Model_arsip.php on line 303.
 1 SYSTEMPATH\Autoloader\Autoloader.php(315): include_once('C:\\xampp\\htdocs\\e-arsip_ci4\\system\\Debug\\Exceptions.php')
 2 SYSTEMPATH\Autoloader\Autoloader.php(295): CodeIgniter\Autoloader\Autoloader->includeFile('C:\\xampp\\htdocs\\e-arsip_ci4\\app\\Models\\Model_arsip.php')
 3 SYSTEMPATH\Autoloader\Autoloader.php(271): CodeIgniter\Autoloader\Autoloader->loadInNamespace('App\\Models\\Model_arsip')
 4 APPPATH\Controllers\Kategori.php(21): CodeIgniter\Autoloader\Autoloader->loadClass('App\\Models\\Model_arsip')
 5 SYSTEMPATH\CodeIgniter.php(903): App\Controllers\Kategori->__construct()
 6 SYSTEMPATH\CodeIgniter.php(498): CodeIgniter\CodeIgniter->createController()
 7 SYSTEMPATH\CodeIgniter.php(354): CodeIgniter\CodeIgniter->handleRequest(null, Object(Config\Cache), false)
 8 SYSTEMPATH\Boot.php(363): CodeIgniter\CodeIgniter->run()
 9 SYSTEMPATH\Boot.php(68): CodeIgniter\Boot::runCodeIgniter(Object(CodeIgniter\CodeIgniter))
10 FCPATH\index.php(59): CodeIgniter\Boot::bootWeb(Object(Config\Paths))
DEBUG - 2025-11-11 08:32:45 --> Session: Class initialized using 'CodeIgniter\Session\Handlers\FileHandler' driver.
WARNING - 2025-11-11 08:32:45 --> [DEPRECATED] Optional parameter $filters declared before required parameter $id_dep is implicitly treated as a required parameter in APPPATH\Models\Model_arsip.php on line 303.
 1 SYSTEMPATH\Autoloader\Autoloader.php(315): include_once('C:\\xampp\\htdocs\\e-arsip_ci4\\system\\Debug\\Exceptions.php')
 2 SYSTEMPATH\Autoloader\Autoloader.php(295): CodeIgniter\Autoloader\Autoloader->includeFile('C:\\xampp\\htdocs\\e-arsip_ci4\\app\\Models\\Model_arsip.php')
 3 SYSTEMPATH\Autoloader\Autoloader.php(271): CodeIgniter\Autoloader\Autoloader->loadInNamespace('App\\Models\\Model_arsip')
 4 APPPATH\Controllers\Kategori.php(21): CodeIgniter\Autoloader\Autoloader->loadClass('App\\Models\\Model_arsip')
 5 SYSTEMPATH\CodeIgniter.php(903): App\Controllers\Kategori->__construct()
 6 SYSTEMPATH\CodeIgniter.php(498): CodeIgniter\CodeIgniter->createController()
 7 SYSTEMPATH\CodeIgniter.php(354): CodeIgniter\CodeIgniter->handleRequest(null, Object(Config\Cache), false)
 8 SYSTEMPATH\Boot.php(363): CodeIgniter\CodeIgniter->run()
 9 SYSTEMPATH\Boot.php(68): CodeIgniter\Boot::runCodeIgniter(Object(CodeIgniter\CodeIgniter))
10 FCPATH\index.php(59): CodeIgniter\Boot::bootWeb(Object(Config\Paths))
DEBUG - 2025-11-11 08:32:45 --> AUDIT DEBUG -> id_user: 49, username: dwiky_keu
DEBUG - 2025-11-11 08:32:45 --> Session: Class initialized using 'CodeIgniter\Session\Handlers\FileHandler' driver.
WARNING - 2025-11-11 08:32:45 --> [DEPRECATED] Optional parameter $filters declared before required parameter $id_dep is implicitly treated as a required parameter in APPPATH\Models\Model_arsip.php on line 303.
 1 SYSTEMPATH\Autoloader\Autoloader.php(315): include_once('C:\\xampp\\htdocs\\e-arsip_ci4\\system\\Debug\\Exceptions.php')
 2 SYSTEMPATH\Autoloader\Autoloader.php(295): CodeIgniter\Autoloader\Autoloader->includeFile('C:\\xampp\\htdocs\\e-arsip_ci4\\app\\Models\\Model_arsip.php')
 3 SYSTEMPATH\Autoloader\Autoloader.php(271): CodeIgniter\Autoloader\Autoloader->loadInNamespace('App\\Models\\Model_arsip')
 4 APPPATH\Controllers\Kategori.php(21): CodeIgniter\Autoloader\Autoloader->loadClass('App\\Models\\Model_arsip')
 5 SYSTEMPATH\CodeIgniter.php(903): App\Controllers\Kategori->__construct()
 6 SYSTEMPATH\CodeIgniter.php(498): CodeIgniter\CodeIgniter->createController()
 7 SYSTEMPATH\CodeIgniter.php(354): CodeIgniter\CodeIgniter->handleRequest(null, Object(Config\Cache), false)
 8 SYSTEMPATH\Boot.php(363): CodeIgniter\CodeIgniter->run()
 9 SYSTEMPATH\Boot.php(68): CodeIgniter\Boot::runCodeIgniter(Object(CodeIgniter\CodeIgniter))
10 FCPATH\index.php(59): CodeIgniter\Boot::bootWeb(Object(Config\Paths))
DEBUG - 2025-11-11 08:32:51 --> Session: Class initialized using 'CodeIgniter\Session\Handlers\FileHandler' driver.
WARNING - 2025-11-11 08:32:51 --> [DEPRECATED] Optional parameter $filters declared before required parameter $id_dep is implicitly treated as a required parameter in APPPATH\Models\Model_arsip.php on line 303.
 1 SYSTEMPATH\Autoloader\Autoloader.php(315): include_once('C:\\xampp\\htdocs\\e-arsip_ci4\\system\\Debug\\Exceptions.php')
 2 SYSTEMPATH\Autoloader\Autoloader.php(295): CodeIgniter\Autoloader\Autoloader->includeFile('C:\\xampp\\htdocs\\e-arsip_ci4\\app\\Models\\Model_arsip.php')
 3 SYSTEMPATH\Autoloader\Autoloader.php(271): CodeIgniter\Autoloader\Autoloader->loadInNamespace('App\\Models\\Model_arsip')
 4 APPPATH\Controllers\Kategori.php(21): CodeIgniter\Autoloader\Autoloader->loadClass('App\\Models\\Model_arsip')
 5 SYSTEMPATH\CodeIgniter.php(903): App\Controllers\Kategori->__construct()
 6 SYSTEMPATH\CodeIgniter.php(498): CodeIgniter\CodeIgniter->createController()
 7 SYSTEMPATH\CodeIgniter.php(354): CodeIgniter\CodeIgniter->handleRequest(null, Object(Config\Cache), false)
 8 SYSTEMPATH\Boot.php(363): CodeIgniter\CodeIgniter->run()
 9 SYSTEMPATH\Boot.php(68): CodeIgniter\Boot::runCodeIgniter(Object(CodeIgniter\CodeIgniter))
10 FCPATH\index.php(59): CodeIgniter\Boot::bootWeb(Object(Config\Paths))
DEBUG - 2025-11-11 08:32:51 --> AUDIT DEBUG -> id_user: 49, username: dwiky_keu
DEBUG - 2025-11-11 08:32:51 --> Session: Class initialized using 'CodeIgniter\Session\Handlers\FileHandler' driver.
WARNING - 2025-11-11 08:32:51 --> [DEPRECATED] Optional parameter $filters declared before required parameter $id_dep is implicitly treated as a required parameter in APPPATH\Models\Model_arsip.php on line 303.
 1 SYSTEMPATH\Autoloader\Autoloader.php(315): include_once('C:\\xampp\\htdocs\\e-arsip_ci4\\system\\Debug\\Exceptions.php')
 2 SYSTEMPATH\Autoloader\Autoloader.php(295): CodeIgniter\Autoloader\Autoloader->includeFile('C:\\xampp\\htdocs\\e-arsip_ci4\\app\\Models\\Model_arsip.php')
 3 SYSTEMPATH\Autoloader\Autoloader.php(271): CodeIgniter\Autoloader\Autoloader->loadInNamespace('App\\Models\\Model_arsip')
 4 APPPATH\Controllers\Kategori.php(21): CodeIgniter\Autoloader\Autoloader->loadClass('App\\Models\\Model_arsip')
 5 SYSTEMPATH\CodeIgniter.php(903): App\Controllers\Kategori->__construct()
 6 SYSTEMPATH\CodeIgniter.php(498): CodeIgniter\CodeIgniter->createController()
 7 SYSTEMPATH\CodeIgniter.php(354): CodeIgniter\CodeIgniter->handleRequest(null, Object(Config\Cache), false)
 8 SYSTEMPATH\Boot.php(363): CodeIgniter\CodeIgniter->run()
 9 SYSTEMPATH\Boot.php(68): CodeIgniter\Boot::runCodeIgniter(Object(CodeIgniter\CodeIgniter))
10 FCPATH\index.php(59): CodeIgniter\Boot::bootWeb(Object(Config\Paths))
DEBUG - 2025-11-11 08:33:32 --> Session: Class initialized using 'CodeIgniter\Session\Handlers\FileHandler' driver.
WARNING - 2025-11-11 08:33:32 --> [DEPRECATED] Optional parameter $filters declared before required parameter $id_dep is implicitly treated as a required parameter in APPPATH\Models\Model_arsip.php on line 303.
 1 SYSTEMPATH\Autoloader\Autoloader.php(315): include_once('C:\\xampp\\htdocs\\e-arsip_ci4\\system\\Debug\\Exceptions.php')
 2 SYSTEMPATH\Autoloader\Autoloader.php(295): CodeIgniter\Autoloader\Autoloader->includeFile('C:\\xampp\\htdocs\\e-arsip_ci4\\app\\Models\\Model_arsip.php')
 3 SYSTEMPATH\Autoloader\Autoloader.php(271): CodeIgniter\Autoloader\Autoloader->loadInNamespace('App\\Models\\Model_arsip')
 4 APPPATH\Controllers\Kategori.php(21): CodeIgniter\Autoloader\Autoloader->loadClass('App\\Models\\Model_arsip')
 5 SYSTEMPATH\CodeIgniter.php(903): App\Controllers\Kategori->__construct()
 6 SYSTEMPATH\CodeIgniter.php(498): CodeIgniter\CodeIgniter->createController()
 7 SYSTEMPATH\CodeIgniter.php(354): CodeIgniter\CodeIgniter->handleRequest(null, Object(Config\Cache), false)
 8 SYSTEMPATH\Boot.php(363): CodeIgniter\CodeIgniter->run()
 9 SYSTEMPATH\Boot.php(68): CodeIgniter\Boot::runCodeIgniter(Object(CodeIgniter\CodeIgniter))
10 FCPATH\index.php(59): CodeIgniter\Boot::bootWeb(Object(Config\Paths))
DEBUG - 2025-11-11 08:33:32 --> AUDIT DEBUG -> id_user: 49, username: dwiky_keu
DEBUG - 2025-11-11 08:33:32 --> Session: Class initialized using 'CodeIgniter\Session\Handlers\FileHandler' driver.
WARNING - 2025-11-11 08:33:32 --> [DEPRECATED] Optional parameter $filters declared before required parameter $id_dep is implicitly treated as a required parameter in APPPATH\Models\Model_arsip.php on line 303.
 1 SYSTEMPATH\Autoloader\Autoloader.php(315): include_once('C:\\xampp\\htdocs\\e-arsip_ci4\\system\\Debug\\Exceptions.php')
 2 SYSTEMPATH\Autoloader\Autoloader.php(295): CodeIgniter\Autoloader\Autoloader->includeFile('C:\\xampp\\htdocs\\e-arsip_ci4\\app\\Models\\Model_arsip.php')
 3 SYSTEMPATH\Autoloader\Autoloader.php(271): CodeIgniter\Autoloader\Autoloader->loadInNamespace('App\\Models\\Model_arsip')
 4 APPPATH\Controllers\Kategori.php(21): CodeIgniter\Autoloader\Autoloader->loadClass('App\\Models\\Model_arsip')
 5 SYSTEMPATH\CodeIgniter.php(903): App\Controllers\Kategori->__construct()
 6 SYSTEMPATH\CodeIgniter.php(498): CodeIgniter\CodeIgniter->createController()
 7 SYSTEMPATH\CodeIgniter.php(354): CodeIgniter\CodeIgniter->handleRequest(null, Object(Config\Cache), false)
 8 SYSTEMPATH\Boot.php(363): CodeIgniter\CodeIgniter->run()
 9 SYSTEMPATH\Boot.php(68): CodeIgniter\Boot::runCodeIgniter(Object(CodeIgniter\CodeIgniter))
10 FCPATH\index.php(59): CodeIgniter\Boot::bootWeb(Object(Config\Paths))
DEBUG - 2025-11-11 08:36:33 --> Session: Class initialized using 'CodeIgniter\Session\Handlers\FileHandler' driver.
CRITICAL - 2025-11-11 08:36:33 --> ErrorException: Cannot redeclare App\Controllers\Kategori::add()
[Method: GET, Route: kategori]
in APPPATH\Controllers\Kategori.php on line 297.
 1 [internal function]: CodeIgniter\Debug\Exceptions->shutdownHandler()
DEBUG - 2025-11-11 08:38:08 --> Session: Class initialized using 'CodeIgniter\Session\Handlers\FileHandler' driver.
WARNING - 2025-11-11 08:38:08 --> [DEPRECATED] Optional parameter $filters declared before required parameter $id_dep is implicitly treated as a required parameter in APPPATH\Models\Model_arsip.php on line 303.
 1 SYSTEMPATH\Autoloader\Autoloader.php(315): include_once('C:\\xampp\\htdocs\\e-arsip_ci4\\system\\Debug\\Exceptions.php')
 2 SYSTEMPATH\Autoloader\Autoloader.php(295): CodeIgniter\Autoloader\Autoloader->includeFile('C:\\xampp\\htdocs\\e-arsip_ci4\\app\\Models\\Model_arsip.php')
 3 SYSTEMPATH\Autoloader\Autoloader.php(271): CodeIgniter\Autoloader\Autoloader->loadInNamespace('App\\Models\\Model_arsip')
 4 APPPATH\Controllers\Kategori.php(21): CodeIgniter\Autoloader\Autoloader->loadClass('App\\Models\\Model_arsip')
 5 SYSTEMPATH\CodeIgniter.php(903): App\Controllers\Kategori->__construct()
 6 SYSTEMPATH\CodeIgniter.php(498): CodeIgniter\CodeIgniter->createController()
 7 SYSTEMPATH\CodeIgniter.php(354): CodeIgniter\CodeIgniter->handleRequest(null, Object(Config\Cache), false)
 8 SYSTEMPATH\Boot.php(363): CodeIgniter\CodeIgniter->run()
 9 SYSTEMPATH\Boot.php(68): CodeIgniter\Boot::runCodeIgniter(Object(CodeIgniter\CodeIgniter))
10 FCPATH\index.php(59): CodeIgniter\Boot::bootWeb(Object(Config\Paths))
DEBUG - 2025-11-11 08:38:18 --> Session: Class initialized using 'CodeIgniter\Session\Handlers\FileHandler' driver.
WARNING - 2025-11-11 08:38:18 --> [DEPRECATED] Optional parameter $filters declared before required parameter $id_dep is implicitly treated as a required parameter in APPPATH\Models\Model_arsip.php on line 303.
 1 SYSTEMPATH\Autoloader\Autoloader.php(315): include_once('C:\\xampp\\htdocs\\e-arsip_ci4\\system\\Debug\\Exceptions.php')
 2 SYSTEMPATH\Autoloader\Autoloader.php(295): CodeIgniter\Autoloader\Autoloader->includeFile('C:\\xampp\\htdocs\\e-arsip_ci4\\app\\Models\\Model_arsip.php')
 3 SYSTEMPATH\Autoloader\Autoloader.php(271): CodeIgniter\Autoloader\Autoloader->loadInNamespace('App\\Models\\Model_arsip')
 4 APPPATH\Controllers\Kategori.php(21): CodeIgniter\Autoloader\Autoloader->loadClass('App\\Models\\Model_arsip')
 5 SYSTEMPATH\CodeIgniter.php(903): App\Controllers\Kategori->__construct()
 6 SYSTEMPATH\CodeIgniter.php(498): CodeIgniter\CodeIgniter->createController()
 7 SYSTEMPATH\CodeIgniter.php(354): CodeIgniter\CodeIgniter->handleRequest(null, Object(Config\Cache), false)
 8 SYSTEMPATH\Boot.php(363): CodeIgniter\CodeIgniter->run()
 9 SYSTEMPATH\Boot.php(68): CodeIgniter\Boot::runCodeIgniter(Object(CodeIgniter\CodeIgniter))
10 FCPATH\index.php(59): CodeIgniter\Boot::bootWeb(Object(Config\Paths))
DEBUG - 2025-11-11 08:38:23 --> Session: Class initialized using 'CodeIgniter\Session\Handlers\FileHandler' driver.
WARNING - 2025-11-11 08:38:23 --> [DEPRECATED] Optional parameter $filters declared before required parameter $id_dep is implicitly treated as a required parameter in APPPATH\Models\Model_arsip.php on line 303.
 1 SYSTEMPATH\Autoloader\Autoloader.php(315): include_once('C:\\xampp\\htdocs\\e-arsip_ci4\\system\\Debug\\Exceptions.php')
 2 SYSTEMPATH\Autoloader\Autoloader.php(295): CodeIgniter\Autoloader\Autoloader->includeFile('C:\\xampp\\htdocs\\e-arsip_ci4\\app\\Models\\Model_arsip.php')
 3 SYSTEMPATH\Autoloader\Autoloader.php(271): CodeIgniter\Autoloader\Autoloader->loadInNamespace('App\\Models\\Model_arsip')
 4 APPPATH\Controllers\Kategori.php(21): CodeIgniter\Autoloader\Autoloader->loadClass('App\\Models\\Model_arsip')
 5 SYSTEMPATH\CodeIgniter.php(903): App\Controllers\Kategori->__construct()
 6 SYSTEMPATH\CodeIgniter.php(498): CodeIgniter\CodeIgniter->createController()
 7 SYSTEMPATH\CodeIgniter.php(354): CodeIgniter\CodeIgniter->handleRequest(null, Object(Config\Cache), false)
 8 SYSTEMPATH\Boot.php(363): CodeIgniter\CodeIgniter->run()
 9 SYSTEMPATH\Boot.php(68): CodeIgniter\Boot::runCodeIgniter(Object(CodeIgniter\CodeIgniter))
10 FCPATH\index.php(59): CodeIgniter\Boot::bootWeb(Object(Config\Paths))
DEBUG - 2025-11-11 08:38:31 --> Session: Class initialized using 'CodeIgniter\Session\Handlers\FileHandler' driver.
WARNING - 2025-11-11 08:38:31 --> [DEPRECATED] Optional parameter $filters declared before required parameter $id_dep is implicitly treated as a required parameter in APPPATH\Models\Model_arsip.php on line 303.
 1 SYSTEMPATH\Autoloader\Autoloader.php(315): include_once('C:\\xampp\\htdocs\\e-arsip_ci4\\system\\Debug\\Exceptions.php')
 2 SYSTEMPATH\Autoloader\Autoloader.php(295): CodeIgniter\Autoloader\Autoloader->includeFile('C:\\xampp\\htdocs\\e-arsip_ci4\\app\\Models\\Model_arsip.php')
 3 SYSTEMPATH\Autoloader\Autoloader.php(271): CodeIgniter\Autoloader\Autoloader->loadInNamespace('App\\Models\\Model_arsip')
 4 APPPATH\Controllers\Kategori.php(21): CodeIgniter\Autoloader\Autoloader->loadClass('App\\Models\\Model_arsip')
 5 SYSTEMPATH\CodeIgniter.php(903): App\Controllers\Kategori->__construct()
 6 SYSTEMPATH\CodeIgniter.php(498): CodeIgniter\CodeIgniter->createController()
 7 SYSTEMPATH\CodeIgniter.php(354): CodeIgniter\CodeIgniter->handleRequest(null, Object(Config\Cache), false)
 8 SYSTEMPATH\Boot.php(363): CodeIgniter\CodeIgniter->run()
 9 SYSTEMPATH\Boot.php(68): CodeIgniter\Boot::runCodeIgniter(Object(CodeIgniter\CodeIgniter))
10 FCPATH\index.php(59): CodeIgniter\Boot::bootWeb(Object(Config\Paths))
DEBUG - 2025-11-11 08:42:31 --> Session: Class initialized using 'CodeIgniter\Session\Handlers\FileHandler' driver.
WARNING - 2025-11-11 08:42:31 --> [DEPRECATED] Optional parameter $filters declared before required parameter $id_dep is implicitly treated as a required parameter in APPPATH\Models\Model_arsip.php on line 303.
 1 SYSTEMPATH\Autoloader\Autoloader.php(315): include_once('C:\\xampp\\htdocs\\e-arsip_ci4\\system\\Debug\\Exceptions.php')
 2 SYSTEMPATH\Autoloader\Autoloader.php(295): CodeIgniter\Autoloader\Autoloader->includeFile('C:\\xampp\\htdocs\\e-arsip_ci4\\app\\Models\\Model_arsip.php')
 3 SYSTEMPATH\Autoloader\Autoloader.php(271): CodeIgniter\Autoloader\Autoloader->loadInNamespace('App\\Models\\Model_arsip')
 4 APPPATH\Controllers\Kategori.php(21): CodeIgniter\Autoloader\Autoloader->loadClass('App\\Models\\Model_arsip')
 5 SYSTEMPATH\CodeIgniter.php(903): App\Controllers\Kategori->__construct()
 6 SYSTEMPATH\CodeIgniter.php(498): CodeIgniter\CodeIgniter->createController()
 7 SYSTEMPATH\CodeIgniter.php(354): CodeIgniter\CodeIgniter->handleRequest(null, Object(Config\Cache), false)
 8 SYSTEMPATH\Boot.php(363): CodeIgniter\CodeIgniter->run()
 9 SYSTEMPATH\Boot.php(68): CodeIgniter\Boot::runCodeIgniter(Object(CodeIgniter\CodeIgniter))
10 FCPATH\index.php(59): CodeIgniter\Boot::bootWeb(Object(Config\Paths))
DEBUG - 2025-11-11 08:42:38 --> Session: Class initialized using 'CodeIgniter\Session\Handlers\FileHandler' driver.
WARNING - 2025-11-11 08:42:38 --> [DEPRECATED] Optional parameter $filters declared before required parameter $id_dep is implicitly treated as a required parameter in APPPATH\Models\Model_arsip.php on line 303.
 1 SYSTEMPATH\Autoloader\Autoloader.php(315): include_once('C:\\xampp\\htdocs\\e-arsip_ci4\\system\\Debug\\Exceptions.php')
 2 SYSTEMPATH\Autoloader\Autoloader.php(295): CodeIgniter\Autoloader\Autoloader->includeFile('C:\\xampp\\htdocs\\e-arsip_ci4\\app\\Models\\Model_arsip.php')
 3 SYSTEMPATH\Autoloader\Autoloader.php(271): CodeIgniter\Autoloader\Autoloader->loadInNamespace('App\\Models\\Model_arsip')
 4 APPPATH\Controllers\Kategori.php(21): CodeIgniter\Autoloader\Autoloader->loadClass('App\\Models\\Model_arsip')
 5 SYSTEMPATH\CodeIgniter.php(903): App\Controllers\Kategori->__construct()
 6 SYSTEMPATH\CodeIgniter.php(498): CodeIgniter\CodeIgniter->createController()
 7 SYSTEMPATH\CodeIgniter.php(354): CodeIgniter\CodeIgniter->handleRequest(null, Object(Config\Cache), false)
 8 SYSTEMPATH\Boot.php(363): CodeIgniter\CodeIgniter->run()
 9 SYSTEMPATH\Boot.php(68): CodeIgniter\Boot::runCodeIgniter(Object(CodeIgniter\CodeIgniter))
10 FCPATH\index.php(59): CodeIgniter\Boot::bootWeb(Object(Config\Paths))
DEBUG - 2025-11-11 08:42:38 --> AUDIT DEBUG -> id_user: 49, username: dwiky_keu
DEBUG - 2025-11-11 08:42:38 --> Session: Class initialized using 'CodeIgniter\Session\Handlers\FileHandler' driver.
WARNING - 2025-11-11 08:42:38 --> [DEPRECATED] Optional parameter $filters declared before required parameter $id_dep is implicitly treated as a required parameter in APPPATH\Models\Model_arsip.php on line 303.
 1 SYSTEMPATH\Autoloader\Autoloader.php(315): include_once('C:\\xampp\\htdocs\\e-arsip_ci4\\system\\Debug\\Exceptions.php')
 2 SYSTEMPATH\Autoloader\Autoloader.php(295): CodeIgniter\Autoloader\Autoloader->includeFile('C:\\xampp\\htdocs\\e-arsip_ci4\\app\\Models\\Model_arsip.php')
 3 SYSTEMPATH\Autoloader\Autoloader.php(271): CodeIgniter\Autoloader\Autoloader->loadInNamespace('App\\Models\\Model_arsip')
 4 APPPATH\Controllers\Kategori.php(21): CodeIgniter\Autoloader\Autoloader->loadClass('App\\Models\\Model_arsip')
 5 SYSTEMPATH\CodeIgniter.php(903): App\Controllers\Kategori->__construct()
 6 SYSTEMPATH\CodeIgniter.php(498): CodeIgniter\CodeIgniter->createController()
 7 SYSTEMPATH\CodeIgniter.php(354): CodeIgniter\CodeIgniter->handleRequest(null, Object(Config\Cache), false)
 8 SYSTEMPATH\Boot.php(363): CodeIgniter\CodeIgniter->run()
 9 SYSTEMPATH\Boot.php(68): CodeIgniter\Boot::runCodeIgniter(Object(CodeIgniter\CodeIgniter))
10 FCPATH\index.php(59): CodeIgniter\Boot::bootWeb(Object(Config\Paths))
DEBUG - 2025-11-11 08:42:46 --> Session: Class initialized using 'CodeIgniter\Session\Handlers\FileHandler' driver.
WARNING - 2025-11-11 08:42:46 --> [DEPRECATED] Optional parameter $filters declared before required parameter $id_dep is implicitly treated as a required parameter in APPPATH\Models\Model_arsip.php on line 303.
 1 SYSTEMPATH\Autoloader\Autoloader.php(315): include_once('C:\\xampp\\htdocs\\e-arsip_ci4\\system\\Debug\\Exceptions.php')
 2 SYSTEMPATH\Autoloader\Autoloader.php(295): CodeIgniter\Autoloader\Autoloader->includeFile('C:\\xampp\\htdocs\\e-arsip_ci4\\app\\Models\\Model_arsip.php')
 3 SYSTEMPATH\Autoloader\Autoloader.php(271): CodeIgniter\Autoloader\Autoloader->loadInNamespace('App\\Models\\Model_arsip')
 4 APPPATH\Controllers\Kategori.php(21): CodeIgniter\Autoloader\Autoloader->loadClass('App\\Models\\Model_arsip')
 5 SYSTEMPATH\CodeIgniter.php(903): App\Controllers\Kategori->__construct()
 6 SYSTEMPATH\CodeIgniter.php(498): CodeIgniter\CodeIgniter->createController()
 7 SYSTEMPATH\CodeIgniter.php(354): CodeIgniter\CodeIgniter->handleRequest(null, Object(Config\Cache), false)
 8 SYSTEMPATH\Boot.php(363): CodeIgniter\CodeIgniter->run()
 9 SYSTEMPATH\Boot.php(68): CodeIgniter\Boot::runCodeIgniter(Object(CodeIgniter\CodeIgniter))
10 FCPATH\index.php(59): CodeIgniter\Boot::bootWeb(Object(Config\Paths))
DEBUG - 2025-11-11 08:42:46 --> AUDIT DEBUG -> id_user: 49, username: dwiky_keu
DEBUG - 2025-11-11 08:42:46 --> Session: Class initialized using 'CodeIgniter\Session\Handlers\FileHandler' driver.
WARNING - 2025-11-11 08:42:46 --> [DEPRECATED] Optional parameter $filters declared before required parameter $id_dep is implicitly treated as a required parameter in APPPATH\Models\Model_arsip.php on line 303.
 1 SYSTEMPATH\Autoloader\Autoloader.php(315): include_once('C:\\xampp\\htdocs\\e-arsip_ci4\\system\\Debug\\Exceptions.php')
 2 SYSTEMPATH\Autoloader\Autoloader.php(295): CodeIgniter\Autoloader\Autoloader->includeFile('C:\\xampp\\htdocs\\e-arsip_ci4\\app\\Models\\Model_arsip.php')
 3 SYSTEMPATH\Autoloader\Autoloader.php(271): CodeIgniter\Autoloader\Autoloader->loadInNamespace('App\\Models\\Model_arsip')
 4 APPPATH\Controllers\Kategori.php(21): CodeIgniter\Autoloader\Autoloader->loadClass('App\\Models\\Model_arsip')
 5 SYSTEMPATH\CodeIgniter.php(903): App\Controllers\Kategori->__construct()
 6 SYSTEMPATH\CodeIgniter.php(498): CodeIgniter\CodeIgniter->createController()
 7 SYSTEMPATH\CodeIgniter.php(354): CodeIgniter\CodeIgniter->handleRequest(null, Object(Config\Cache), false)
 8 SYSTEMPATH\Boot.php(363): CodeIgniter\CodeIgniter->run()
 9 SYSTEMPATH\Boot.php(68): CodeIgniter\Boot::runCodeIgniter(Object(CodeIgniter\CodeIgniter))
10 FCPATH\index.php(59): CodeIgniter\Boot::bootWeb(Object(Config\Paths))
DEBUG - 2025-11-11 08:42:56 --> Session: Class initialized using 'CodeIgniter\Session\Handlers\FileHandler' driver.
WARNING - 2025-11-11 08:42:56 --> [DEPRECATED] Optional parameter $filters declared before required parameter $id_dep is implicitly treated as a required parameter in APPPATH\Models\Model_arsip.php on line 303.
 1 SYSTEMPATH\Autoloader\Autoloader.php(315): include_once('C:\\xampp\\htdocs\\e-arsip_ci4\\system\\Debug\\Exceptions.php')
 2 SYSTEMPATH\Autoloader\Autoloader.php(295): CodeIgniter\Autoloader\Autoloader->includeFile('C:\\xampp\\htdocs\\e-arsip_ci4\\app\\Models\\Model_arsip.php')
 3 SYSTEMPATH\Autoloader\Autoloader.php(271): CodeIgniter\Autoloader\Autoloader->loadInNamespace('App\\Models\\Model_arsip')
 4 APPPATH\Controllers\Kategori.php(21): CodeIgniter\Autoloader\Autoloader->loadClass('App\\Models\\Model_arsip')
 5 SYSTEMPATH\CodeIgniter.php(903): App\Controllers\Kategori->__construct()
 6 SYSTEMPATH\CodeIgniter.php(498): CodeIgniter\CodeIgniter->createController()
 7 SYSTEMPATH\CodeIgniter.php(354): CodeIgniter\CodeIgniter->handleRequest(null, Object(Config\Cache), false)
 8 SYSTEMPATH\Boot.php(363): CodeIgniter\CodeIgniter->run()
 9 SYSTEMPATH\Boot.php(68): CodeIgniter\Boot::runCodeIgniter(Object(CodeIgniter\CodeIgniter))
10 FCPATH\index.php(59): CodeIgniter\Boot::bootWeb(Object(Config\Paths))
DEBUG - 2025-11-11 08:42:56 --> AUDIT DEBUG -> id_user: 49, username: dwiky_keu
DEBUG - 2025-11-11 08:42:56 --> Session: Class initialized using 'CodeIgniter\Session\Handlers\FileHandler' driver.
WARNING - 2025-11-11 08:42:56 --> [DEPRECATED] Optional parameter $filters declared before required parameter $id_dep is implicitly treated as a required parameter in APPPATH\Models\Model_arsip.php on line 303.
 1 SYSTEMPATH\Autoloader\Autoloader.php(315): include_once('C:\\xampp\\htdocs\\e-arsip_ci4\\system\\Debug\\Exceptions.php')
 2 SYSTEMPATH\Autoloader\Autoloader.php(295): CodeIgniter\Autoloader\Autoloader->includeFile('C:\\xampp\\htdocs\\e-arsip_ci4\\app\\Models\\Model_arsip.php')
 3 SYSTEMPATH\Autoloader\Autoloader.php(271): CodeIgniter\Autoloader\Autoloader->loadInNamespace('App\\Models\\Model_arsip')
 4 APPPATH\Controllers\Kategori.php(21): CodeIgniter\Autoloader\Autoloader->loadClass('App\\Models\\Model_arsip')
 5 SYSTEMPATH\CodeIgniter.php(903): App\Controllers\Kategori->__construct()
 6 SYSTEMPATH\CodeIgniter.php(498): CodeIgniter\CodeIgniter->createController()
 7 SYSTEMPATH\CodeIgniter.php(354): CodeIgniter\CodeIgniter->handleRequest(null, Object(Config\Cache), false)
 8 SYSTEMPATH\Boot.php(363): CodeIgniter\CodeIgniter->run()
 9 SYSTEMPATH\Boot.php(68): CodeIgniter\Boot::runCodeIgniter(Object(CodeIgniter\CodeIgniter))
10 FCPATH\index.php(59): CodeIgniter\Boot::bootWeb(Object(Config\Paths))
DEBUG - 2025-11-11 08:43:26 --> Session: Class initialized using 'CodeIgniter\Session\Handlers\FileHandler' driver.
WARNING - 2025-11-11 08:43:26 --> [DEPRECATED] Optional parameter $filters declared before required parameter $id_dep is implicitly treated as a required parameter in APPPATH\Models\Model_arsip.php on line 303.
 1 SYSTEMPATH\Autoloader\Autoloader.php(315): include_once('C:\\xampp\\htdocs\\e-arsip_ci4\\system\\Debug\\Exceptions.php')
 2 SYSTEMPATH\Autoloader\Autoloader.php(295): CodeIgniter\Autoloader\Autoloader->includeFile('C:\\xampp\\htdocs\\e-arsip_ci4\\app\\Models\\Model_arsip.php')
 3 SYSTEMPATH\Autoloader\Autoloader.php(271): CodeIgniter\Autoloader\Autoloader->loadInNamespace('App\\Models\\Model_arsip')
 4 APPPATH\Controllers\Kategori.php(21): CodeIgniter\Autoloader\Autoloader->loadClass('App\\Models\\Model_arsip')
 5 SYSTEMPATH\CodeIgniter.php(903): App\Controllers\Kategori->__construct()
 6 SYSTEMPATH\CodeIgniter.php(498): CodeIgniter\CodeIgniter->createController()
 7 SYSTEMPATH\CodeIgniter.php(354): CodeIgniter\CodeIgniter->handleRequest(null, Object(Config\Cache), false)
 8 SYSTEMPATH\Boot.php(363): CodeIgniter\CodeIgniter->run()
 9 SYSTEMPATH\Boot.php(68): CodeIgniter\Boot::runCodeIgniter(Object(CodeIgniter\CodeIgniter))
10 FCPATH\index.php(59): CodeIgniter\Boot::bootWeb(Object(Config\Paths))
DEBUG - 2025-11-11 08:43:31 --> Session: Class initialized using 'CodeIgniter\Session\Handlers\FileHandler' driver.
WARNING - 2025-11-11 08:43:31 --> [DEPRECATED] Optional parameter $filters declared before required parameter $id_dep is implicitly treated as a required parameter in APPPATH\Models\Model_arsip.php on line 303.
 1 SYSTEMPATH\Autoloader\Autoloader.php(315): include_once('C:\\xampp\\htdocs\\e-arsip_ci4\\system\\Debug\\Exceptions.php')
 2 SYSTEMPATH\Autoloader\Autoloader.php(295): CodeIgniter\Autoloader\Autoloader->includeFile('C:\\xampp\\htdocs\\e-arsip_ci4\\app\\Models\\Model_arsip.php')
 3 SYSTEMPATH\Autoloader\Autoloader.php(271): CodeIgniter\Autoloader\Autoloader->loadInNamespace('App\\Models\\Model_arsip')
 4 APPPATH\Controllers\Kategori.php(21): CodeIgniter\Autoloader\Autoloader->loadClass('App\\Models\\Model_arsip')
 5 SYSTEMPATH\CodeIgniter.php(903): App\Controllers\Kategori->__construct()
 6 SYSTEMPATH\CodeIgniter.php(498): CodeIgniter\CodeIgniter->createController()
 7 SYSTEMPATH\CodeIgniter.php(354): CodeIgniter\CodeIgniter->handleRequest(null, Object(Config\Cache), false)
 8 SYSTEMPATH\Boot.php(363): CodeIgniter\CodeIgniter->run()
 9 SYSTEMPATH\Boot.php(68): CodeIgniter\Boot::runCodeIgniter(Object(CodeIgniter\CodeIgniter))
10 FCPATH\index.php(59): CodeIgniter\Boot::bootWeb(Object(Config\Paths))
DEBUG - 2025-11-11 08:43:31 --> AUDIT DEBUG -> id_user: 49, username: dwiky_keu
DEBUG - 2025-11-11 08:43:31 --> Session: Class initialized using 'CodeIgniter\Session\Handlers\FileHandler' driver.
WARNING - 2025-11-11 08:43:31 --> [DEPRECATED] Optional parameter $filters declared before required parameter $id_dep is implicitly treated as a required parameter in APPPATH\Models\Model_arsip.php on line 303.
 1 SYSTEMPATH\Autoloader\Autoloader.php(315): include_once('C:\\xampp\\htdocs\\e-arsip_ci4\\system\\Debug\\Exceptions.php')
 2 SYSTEMPATH\Autoloader\Autoloader.php(295): CodeIgniter\Autoloader\Autoloader->includeFile('C:\\xampp\\htdocs\\e-arsip_ci4\\app\\Models\\Model_arsip.php')
 3 SYSTEMPATH\Autoloader\Autoloader.php(271): CodeIgniter\Autoloader\Autoloader->loadInNamespace('App\\Models\\Model_arsip')
 4 APPPATH\Controllers\Kategori.php(21): CodeIgniter\Autoloader\Autoloader->loadClass('App\\Models\\Model_arsip')
 5 SYSTEMPATH\CodeIgniter.php(903): App\Controllers\Kategori->__construct()
 6 SYSTEMPATH\CodeIgniter.php(498): CodeIgniter\CodeIgniter->createController()
 7 SYSTEMPATH\CodeIgniter.php(354): CodeIgniter\CodeIgniter->handleRequest(null, Object(Config\Cache), false)
 8 SYSTEMPATH\Boot.php(363): CodeIgniter\CodeIgniter->run()
 9 SYSTEMPATH\Boot.php(68): CodeIgniter\Boot::runCodeIgniter(Object(CodeIgniter\CodeIgniter))
10 FCPATH\index.php(59): CodeIgniter\Boot::bootWeb(Object(Config\Paths))
DEBUG - 2025-11-11 08:43:38 --> Session: Class initialized using 'CodeIgniter\Session\Handlers\FileHandler' driver.
WARNING - 2025-11-11 08:43:38 --> [DEPRECATED] Optional parameter $filters declared before required parameter $id_dep is implicitly treated as a required parameter in APPPATH\Models\Model_arsip.php on line 303.
 1 SYSTEMPATH\Autoloader\Autoloader.php(315): include_once('C:\\xampp\\htdocs\\e-arsip_ci4\\system\\Debug\\Exceptions.php')
 2 SYSTEMPATH\Autoloader\Autoloader.php(295): CodeIgniter\Autoloader\Autoloader->includeFile('C:\\xampp\\htdocs\\e-arsip_ci4\\app\\Models\\Model_arsip.php')
 3 SYSTEMPATH\Autoloader\Autoloader.php(271): CodeIgniter\Autoloader\Autoloader->loadInNamespace('App\\Models\\Model_arsip')
 4 APPPATH\Controllers\Kategori.php(21): CodeIgniter\Autoloader\Autoloader->loadClass('App\\Models\\Model_arsip')
 5 SYSTEMPATH\CodeIgniter.php(903): App\Controllers\Kategori->__construct()
 6 SYSTEMPATH\CodeIgniter.php(498): CodeIgniter\CodeIgniter->createController()
 7 SYSTEMPATH\CodeIgniter.php(354): CodeIgniter\CodeIgniter->handleRequest(null, Object(Config\Cache), false)
 8 SYSTEMPATH\Boot.php(363): CodeIgniter\CodeIgniter->run()
 9 SYSTEMPATH\Boot.php(68): CodeIgniter\Boot::runCodeIgniter(Object(CodeIgniter\CodeIgniter))
10 FCPATH\index.php(59): CodeIgniter\Boot::bootWeb(Object(Config\Paths))
DEBUG - 2025-11-11 08:43:38 --> AUDIT DEBUG -> id_user: 49, username: dwiky_keu
DEBUG - 2025-11-11 08:43:38 --> Session: Class initialized using 'CodeIgniter\Session\Handlers\FileHandler' driver.
WARNING - 2025-11-11 08:43:38 --> [DEPRECATED] Optional parameter $filters declared before required parameter $id_dep is implicitly treated as a required parameter in APPPATH\Models\Model_arsip.php on line 303.
 1 SYSTEMPATH\Autoloader\Autoloader.php(315): include_once('C:\\xampp\\htdocs\\e-arsip_ci4\\system\\Debug\\Exceptions.php')
 2 SYSTEMPATH\Autoloader\Autoloader.php(295): CodeIgniter\Autoloader\Autoloader->includeFile('C:\\xampp\\htdocs\\e-arsip_ci4\\app\\Models\\Model_arsip.php')
 3 SYSTEMPATH\Autoloader\Autoloader.php(271): CodeIgniter\Autoloader\Autoloader->loadInNamespace('App\\Models\\Model_arsip')
 4 APPPATH\Controllers\Kategori.php(21): CodeIgniter\Autoloader\Autoloader->loadClass('App\\Models\\Model_arsip')
 5 SYSTEMPATH\CodeIgniter.php(903): App\Controllers\Kategori->__construct()
 6 SYSTEMPATH\CodeIgniter.php(498): CodeIgniter\CodeIgniter->createController()
 7 SYSTEMPATH\CodeIgniter.php(354): CodeIgniter\CodeIgniter->handleRequest(null, Object(Config\Cache), false)
 8 SYSTEMPATH\Boot.php(363): CodeIgniter\CodeIgniter->run()
 9 SYSTEMPATH\Boot.php(68): CodeIgniter\Boot::runCodeIgniter(Object(CodeIgniter\CodeIgniter))
10 FCPATH\index.php(59): CodeIgniter\Boot::bootWeb(Object(Config\Paths))
DEBUG - 2025-11-11 08:44:24 --> Session: Class initialized using 'CodeIgniter\Session\Handlers\FileHandler' driver.
WARNING - 2025-11-11 08:44:24 --> [DEPRECATED] Optional parameter $filters declared before required parameter $id_dep is implicitly treated as a required parameter in APPPATH\Models\Model_arsip.php on line 303.
 1 SYSTEMPATH\Autoloader\Autoloader.php(315): include_once('C:\\xampp\\htdocs\\e-arsip_ci4\\system\\Debug\\Exceptions.php')
 2 SYSTEMPATH\Autoloader\Autoloader.php(295): CodeIgniter\Autoloader\Autoloader->includeFile('C:\\xampp\\htdocs\\e-arsip_ci4\\app\\Models\\Model_arsip.php')
 3 SYSTEMPATH\Autoloader\Autoloader.php(271): CodeIgniter\Autoloader\Autoloader->loadInNamespace('App\\Models\\Model_arsip')
 4 APPPATH\Controllers\Kategori.php(21): CodeIgniter\Autoloader\Autoloader->loadClass('App\\Models\\Model_arsip')
 5 SYSTEMPATH\CodeIgniter.php(903): App\Controllers\Kategori->__construct()
 6 SYSTEMPATH\CodeIgniter.php(498): CodeIgniter\CodeIgniter->createController()
 7 SYSTEMPATH\CodeIgniter.php(354): CodeIgniter\CodeIgniter->handleRequest(null, Object(Config\Cache), false)
 8 SYSTEMPATH\Boot.php(363): CodeIgniter\CodeIgniter->run()
 9 SYSTEMPATH\Boot.php(68): CodeIgniter\Boot::runCodeIgniter(Object(CodeIgniter\CodeIgniter))
10 FCPATH\index.php(59): CodeIgniter\Boot::bootWeb(Object(Config\Paths))
DEBUG - 2025-11-11 08:44:24 --> AUDIT DEBUG -> id_user: 49, username: dwiky_keu
DEBUG - 2025-11-11 08:44:24 --> Session: Class initialized using 'CodeIgniter\Session\Handlers\FileHandler' driver.
WARNING - 2025-11-11 08:44:24 --> [DEPRECATED] Optional parameter $filters declared before required parameter $id_dep is implicitly treated as a required parameter in APPPATH\Models\Model_arsip.php on line 303.
 1 SYSTEMPATH\Autoloader\Autoloader.php(315): include_once('C:\\xampp\\htdocs\\e-arsip_ci4\\system\\Debug\\Exceptions.php')
 2 SYSTEMPATH\Autoloader\Autoloader.php(295): CodeIgniter\Autoloader\Autoloader->includeFile('C:\\xampp\\htdocs\\e-arsip_ci4\\app\\Models\\Model_arsip.php')
 3 SYSTEMPATH\Autoloader\Autoloader.php(271): CodeIgniter\Autoloader\Autoloader->loadInNamespace('App\\Models\\Model_arsip')
 4 APPPATH\Controllers\Kategori.php(21): CodeIgniter\Autoloader\Autoloader->loadClass('App\\Models\\Model_arsip')
 5 SYSTEMPATH\CodeIgniter.php(903): App\Controllers\Kategori->__construct()
 6 SYSTEMPATH\CodeIgniter.php(498): CodeIgniter\CodeIgniter->createController()
 7 SYSTEMPATH\CodeIgniter.php(354): CodeIgniter\CodeIgniter->handleRequest(null, Object(Config\Cache), false)
 8 SYSTEMPATH\Boot.php(363): CodeIgniter\CodeIgniter->run()
 9 SYSTEMPATH\Boot.php(68): CodeIgniter\Boot::runCodeIgniter(Object(CodeIgniter\CodeIgniter))
10 FCPATH\index.php(59): CodeIgniter\Boot::bootWeb(Object(Config\Paths))
DEBUG - 2025-11-11 08:51:05 --> Session: Class initialized using 'CodeIgniter\Session\Handlers\FileHandler' driver.
DEBUG - 2025-11-11 08:51:05 --> Session: Class initialized using 'CodeIgniter\Session\Handlers\FileHandler' driver.
DEBUG - 2025-11-11 08:51:13 --> Session: Class initialized using 'CodeIgniter\Session\Handlers\FileHandler' driver.
DEBUG - 2025-11-11 08:51:13 --> Session: Class initialized using 'CodeIgniter\Session\Handlers\FileHandler' driver.
WARNING - 2025-11-11 08:51:13 --> [DEPRECATED] Optional parameter $filters declared before required parameter $id_dep is implicitly treated as a required parameter in APPPATH\Models\Model_arsip.php on line 303.
 1 SYSTEMPATH\Autoloader\Autoloader.php(315): include_once('C:\\xampp\\htdocs\\e-arsip_ci4\\system\\Debug\\Exceptions.php')
 2 SYSTEMPATH\Autoloader\Autoloader.php(295): CodeIgniter\Autoloader\Autoloader->includeFile('C:\\xampp\\htdocs\\e-arsip_ci4\\app\\Models\\Model_arsip.php')
 3 SYSTEMPATH\Autoloader\Autoloader.php(271): CodeIgniter\Autoloader\Autoloader->loadInNamespace('App\\Models\\Model_arsip')
 4 APPPATH\Controllers\Home.php(23): CodeIgniter\Autoloader\Autoloader->loadClass('App\\Models\\Model_arsip')
 5 SYSTEMPATH\CodeIgniter.php(903): App\Controllers\Home->__construct()
 6 SYSTEMPATH\CodeIgniter.php(498): CodeIgniter\CodeIgniter->createController()
 7 SYSTEMPATH\CodeIgniter.php(354): CodeIgniter\CodeIgniter->handleRequest(null, Object(Config\Cache), false)
 8 SYSTEMPATH\Boot.php(363): CodeIgniter\CodeIgniter->run()
 9 SYSTEMPATH\Boot.php(68): CodeIgniter\Boot::runCodeIgniter(Object(CodeIgniter\CodeIgniter))
10 FCPATH\index.php(59): CodeIgniter\Boot::bootWeb(Object(Config\Paths))
DEBUG - 2025-11-11 08:51:15 --> Session: Class initialized using 'CodeIgniter\Session\Handlers\FileHandler' driver.
WARNING - 2025-11-11 08:51:15 --> [DEPRECATED] Optional parameter $filters declared before required parameter $id_dep is implicitly treated as a required parameter in APPPATH\Models\Model_arsip.php on line 303.
 1 SYSTEMPATH\Autoloader\Autoloader.php(315): include_once('C:\\xampp\\htdocs\\e-arsip_ci4\\system\\Debug\\Exceptions.php')
 2 SYSTEMPATH\Autoloader\Autoloader.php(295): CodeIgniter\Autoloader\Autoloader->includeFile('C:\\xampp\\htdocs\\e-arsip_ci4\\app\\Models\\Model_arsip.php')
 3 SYSTEMPATH\Autoloader\Autoloader.php(271): CodeIgniter\Autoloader\Autoloader->loadInNamespace('App\\Models\\Model_arsip')
 4 APPPATH\Controllers\Arsip.php(26): CodeIgniter\Autoloader\Autoloader->loadClass('App\\Models\\Model_arsip')
 5 SYSTEMPATH\CodeIgniter.php(903): App\Controllers\Arsip->__construct()
 6 SYSTEMPATH\CodeIgniter.php(498): CodeIgniter\CodeIgniter->createController()
 7 SYSTEMPATH\CodeIgniter.php(354): CodeIgniter\CodeIgniter->handleRequest(null, Object(Config\Cache), false)
 8 SYSTEMPATH\Boot.php(363): CodeIgniter\CodeIgniter->run()
 9 SYSTEMPATH\Boot.php(68): CodeIgniter\Boot::runCodeIgniter(Object(CodeIgniter\CodeIgniter))
10 FCPATH\index.php(59): CodeIgniter\Boot::bootWeb(Object(Config\Paths))
DEBUG - 2025-11-11 08:51:15 --> Session: Class initialized using 'CodeIgniter\Session\Handlers\FileHandler' driver.
WARNING - 2025-11-11 08:51:15 --> [DEPRECATED] Optional parameter $filters declared before required parameter $id_dep is implicitly treated as a required parameter in APPPATH\Models\Model_arsip.php on line 303.
 1 SYSTEMPATH\Autoloader\Autoloader.php(315): include_once('C:\\xampp\\htdocs\\e-arsip_ci4\\system\\Debug\\Exceptions.php')
 2 SYSTEMPATH\Autoloader\Autoloader.php(295): CodeIgniter\Autoloader\Autoloader->includeFile('C:\\xampp\\htdocs\\e-arsip_ci4\\app\\Models\\Model_arsip.php')
 3 SYSTEMPATH\Autoloader\Autoloader.php(271): CodeIgniter\Autoloader\Autoloader->loadInNamespace('App\\Models\\Model_arsip')
 4 APPPATH\Controllers\Kategori.php(21): CodeIgniter\Autoloader\Autoloader->loadClass('App\\Models\\Model_arsip')
 5 SYSTEMPATH\CodeIgniter.php(903): App\Controllers\Kategori->__construct()
 6 SYSTEMPATH\CodeIgniter.php(498): CodeIgniter\CodeIgniter->createController()
 7 SYSTEMPATH\CodeIgniter.php(354): CodeIgniter\CodeIgniter->handleRequest(null, Object(Config\Cache), false)
 8 SYSTEMPATH\Boot.php(363): CodeIgniter\CodeIgniter->run()
 9 SYSTEMPATH\Boot.php(68): CodeIgniter\Boot::runCodeIgniter(Object(CodeIgniter\CodeIgniter))
10 FCPATH\index.php(59): CodeIgniter\Boot::bootWeb(Object(Config\Paths))
DEBUG - 2025-11-11 08:51:37 --> Session: Class initialized using 'CodeIgniter\Session\Handlers\FileHandler' driver.
WARNING - 2025-11-11 08:51:37 --> [DEPRECATED] Optional parameter $filters declared before required parameter $id_dep is implicitly treated as a required parameter in APPPATH\Models\Model_arsip.php on line 303.
 1 SYSTEMPATH\Autoloader\Autoloader.php(315): include_once('C:\\xampp\\htdocs\\e-arsip_ci4\\system\\Debug\\Exceptions.php')
 2 SYSTEMPATH\Autoloader\Autoloader.php(295): CodeIgniter\Autoloader\Autoloader->includeFile('C:\\xampp\\htdocs\\e-arsip_ci4\\app\\Models\\Model_arsip.php')
 3 SYSTEMPATH\Autoloader\Autoloader.php(271): CodeIgniter\Autoloader\Autoloader->loadInNamespace('App\\Models\\Model_arsip')
 4 APPPATH\Controllers\Arsip.php(26): CodeIgniter\Autoloader\Autoloader->loadClass('App\\Models\\Model_arsip')
 5 SYSTEMPATH\CodeIgniter.php(903): App\Controllers\Arsip->__construct()
 6 SYSTEMPATH\CodeIgniter.php(498): CodeIgniter\CodeIgniter->createController()
 7 SYSTEMPATH\CodeIgniter.php(354): CodeIgniter\CodeIgniter->handleRequest(null, Object(Config\Cache), false)
 8 SYSTEMPATH\Boot.php(363): CodeIgniter\CodeIgniter->run()
 9 SYSTEMPATH\Boot.php(68): CodeIgniter\Boot::runCodeIgniter(Object(CodeIgniter\CodeIgniter))
10 FCPATH\index.php(59): CodeIgniter\Boot::bootWeb(Object(Config\Paths))
DEBUG - 2025-11-11 08:51:48 --> Session: Class initialized using 'CodeIgniter\Session\Handlers\FileHandler' driver.
WARNING - 2025-11-11 08:51:48 --> [DEPRECATED] Optional parameter $filters declared before required parameter $id_dep is implicitly treated as a required parameter in APPPATH\Models\Model_arsip.php on line 303.
 1 SYSTEMPATH\Autoloader\Autoloader.php(315): include_once('C:\\xampp\\htdocs\\e-arsip_ci4\\system\\Debug\\Exceptions.php')
 2 SYSTEMPATH\Autoloader\Autoloader.php(295): CodeIgniter\Autoloader\Autoloader->includeFile('C:\\xampp\\htdocs\\e-arsip_ci4\\app\\Models\\Model_arsip.php')
 3 SYSTEMPATH\Autoloader\Autoloader.php(271): CodeIgniter\Autoloader\Autoloader->loadInNamespace('App\\Models\\Model_arsip')
 4 APPPATH\Controllers\Kategori.php(21): CodeIgniter\Autoloader\Autoloader->loadClass('App\\Models\\Model_arsip')
 5 SYSTEMPATH\CodeIgniter.php(903): App\Controllers\Kategori->__construct()
 6 SYSTEMPATH\CodeIgniter.php(498): CodeIgniter\CodeIgniter->createController()
 7 SYSTEMPATH\CodeIgniter.php(354): CodeIgniter\CodeIgniter->handleRequest(null, Object(Config\Cache), false)
 8 SYSTEMPATH\Boot.php(363): CodeIgniter\CodeIgniter->run()
 9 SYSTEMPATH\Boot.php(68): CodeIgniter\Boot::runCodeIgniter(Object(CodeIgniter\CodeIgniter))
10 FCPATH\index.php(59): CodeIgniter\Boot::bootWeb(Object(Config\Paths))
DEBUG - 2025-11-11 08:53:19 --> Session: Class initialized using 'CodeIgniter\Session\Handlers\FileHandler' driver.
WARNING - 2025-11-11 08:53:19 --> [DEPRECATED] Optional parameter $filters declared before required parameter $id_dep is implicitly treated as a required parameter in APPPATH\Models\Model_arsip.php on line 303.
 1 SYSTEMPATH\Autoloader\Autoloader.php(315): include_once('C:\\xampp\\htdocs\\e-arsip_ci4\\system\\Debug\\Exceptions.php')
 2 SYSTEMPATH\Autoloader\Autoloader.php(295): CodeIgniter\Autoloader\Autoloader->includeFile('C:\\xampp\\htdocs\\e-arsip_ci4\\app\\Models\\Model_arsip.php')
 3 SYSTEMPATH\Autoloader\Autoloader.php(271): CodeIgniter\Autoloader\Autoloader->loadInNamespace('App\\Models\\Model_arsip')
 4 APPPATH\Controllers\Cari.php(20): CodeIgniter\Autoloader\Autoloader->loadClass('App\\Models\\Model_arsip')
 5 SYSTEMPATH\CodeIgniter.php(903): App\Controllers\Cari->__construct()
 6 SYSTEMPATH\CodeIgniter.php(498): CodeIgniter\CodeIgniter->createController()
 7 SYSTEMPATH\CodeIgniter.php(354): CodeIgniter\CodeIgniter->handleRequest(null, Object(Config\Cache), false)
 8 SYSTEMPATH\Boot.php(363): CodeIgniter\CodeIgniter->run()
 9 SYSTEMPATH\Boot.php(68): CodeIgniter\Boot::runCodeIgniter(Object(CodeIgniter\CodeIgniter))
10 FCPATH\index.php(59): CodeIgniter\Boot::bootWeb(Object(Config\Paths))
DEBUG - 2025-11-11 08:53:20 --> Session: Class initialized using 'CodeIgniter\Session\Handlers\FileHandler' driver.
WARNING - 2025-11-11 08:53:21 --> [DEPRECATED] Optional parameter $filters declared before required parameter $id_dep is implicitly treated as a required parameter in APPPATH\Models\Model_arsip.php on line 303.
 1 SYSTEMPATH\Autoloader\Autoloader.php(315): include_once('C:\\xampp\\htdocs\\e-arsip_ci4\\system\\Debug\\Exceptions.php')
 2 SYSTEMPATH\Autoloader\Autoloader.php(295): CodeIgniter\Autoloader\Autoloader->includeFile('C:\\xampp\\htdocs\\e-arsip_ci4\\app\\Models\\Model_arsip.php')
 3 SYSTEMPATH\Autoloader\Autoloader.php(271): CodeIgniter\Autoloader\Autoloader->loadInNamespace('App\\Models\\Model_arsip')
 4 APPPATH\Controllers\Cari.php(20): CodeIgniter\Autoloader\Autoloader->loadClass('App\\Models\\Model_arsip')
 5 SYSTEMPATH\CodeIgniter.php(903): App\Controllers\Cari->__construct()
 6 SYSTEMPATH\CodeIgniter.php(498): CodeIgniter\CodeIgniter->createController()
 7 SYSTEMPATH\CodeIgniter.php(354): CodeIgniter\CodeIgniter->handleRequest(null, Object(Config\Cache), false)
 8 SYSTEMPATH\Boot.php(363): CodeIgniter\CodeIgniter->run()
 9 SYSTEMPATH\Boot.php(68): CodeIgniter\Boot::runCodeIgniter(Object(CodeIgniter\CodeIgniter))
10 FCPATH\index.php(59): CodeIgniter\Boot::bootWeb(Object(Config\Paths))
DEBUG - 2025-11-11 08:53:22 --> Session: Class initialized using 'CodeIgniter\Session\Handlers\FileHandler' driver.
WARNING - 2025-11-11 08:53:22 --> [DEPRECATED] Optional parameter $filters declared before required parameter $id_dep is implicitly treated as a required parameter in APPPATH\Models\Model_arsip.php on line 303.
 1 SYSTEMPATH\Autoloader\Autoloader.php(315): include_once('C:\\xampp\\htdocs\\e-arsip_ci4\\system\\Debug\\Exceptions.php')
 2 SYSTEMPATH\Autoloader\Autoloader.php(295): CodeIgniter\Autoloader\Autoloader->includeFile('C:\\xampp\\htdocs\\e-arsip_ci4\\app\\Models\\Model_arsip.php')
 3 SYSTEMPATH\Autoloader\Autoloader.php(271): CodeIgniter\Autoloader\Autoloader->loadInNamespace('App\\Models\\Model_arsip')
 4 APPPATH\Controllers\Home.php(23): CodeIgniter\Autoloader\Autoloader->loadClass('App\\Models\\Model_arsip')
 5 SYSTEMPATH\CodeIgniter.php(903): App\Controllers\Home->__construct()
 6 SYSTEMPATH\CodeIgniter.php(498): CodeIgniter\CodeIgniter->createController()
 7 SYSTEMPATH\CodeIgniter.php(354): CodeIgniter\CodeIgniter->handleRequest(null, Object(Config\Cache), false)
 8 SYSTEMPATH\Boot.php(363): CodeIgniter\CodeIgniter->run()
 9 SYSTEMPATH\Boot.php(68): CodeIgniter\Boot::runCodeIgniter(Object(CodeIgniter\CodeIgniter))
10 FCPATH\index.php(59): CodeIgniter\Boot::bootWeb(Object(Config\Paths))
DEBUG - 2025-11-11 08:53:23 --> Session: Class initialized using 'CodeIgniter\Session\Handlers\FileHandler' driver.
DEBUG - 2025-11-11 08:53:23 --> Session: Class initialized using 'CodeIgniter\Session\Handlers\FileHandler' driver.
DEBUG - 2025-11-11 08:56:35 --> Session: Class initialized using 'CodeIgniter\Session\Handlers\FileHandler' driver.
WARNING - 2025-11-11 08:56:35 --> [DEPRECATED] Optional parameter $filters declared before required parameter $id_dep is implicitly treated as a required parameter in APPPATH\Models\Model_arsip.php on line 303.
 1 SYSTEMPATH\Autoloader\Autoloader.php(315): include_once('C:\\xampp\\htdocs\\e-arsip_ci4\\system\\Debug\\Exceptions.php')
 2 SYSTEMPATH\Autoloader\Autoloader.php(295): CodeIgniter\Autoloader\Autoloader->includeFile('C:\\xampp\\htdocs\\e-arsip_ci4\\app\\Models\\Model_arsip.php')
 3 SYSTEMPATH\Autoloader\Autoloader.php(271): CodeIgniter\Autoloader\Autoloader->loadInNamespace('App\\Models\\Model_arsip')
 4 APPPATH\Controllers\Kategori.php(21): CodeIgniter\Autoloader\Autoloader->loadClass('App\\Models\\Model_arsip')
 5 SYSTEMPATH\CodeIgniter.php(903): App\Controllers\Kategori->__construct()
 6 SYSTEMPATH\CodeIgniter.php(498): CodeIgniter\CodeIgniter->createController()
 7 SYSTEMPATH\CodeIgniter.php(354): CodeIgniter\CodeIgniter->handleRequest(null, Object(Config\Cache), false)
 8 SYSTEMPATH\Boot.php(363): CodeIgniter\CodeIgniter->run()
 9 SYSTEMPATH\Boot.php(68): CodeIgniter\Boot::runCodeIgniter(Object(CodeIgniter\CodeIgniter))
10 FCPATH\index.php(59): CodeIgniter\Boot::bootWeb(Object(Config\Paths))
DEBUG - 2025-11-11 08:56:36 --> Session: Class initialized using 'CodeIgniter\Session\Handlers\FileHandler' driver.
WARNING - 2025-11-11 08:56:36 --> [DEPRECATED] Optional parameter $filters declared before required parameter $id_dep is implicitly treated as a required parameter in APPPATH\Models\Model_arsip.php on line 303.
 1 SYSTEMPATH\Autoloader\Autoloader.php(315): include_once('C:\\xampp\\htdocs\\e-arsip_ci4\\system\\Debug\\Exceptions.php')
 2 SYSTEMPATH\Autoloader\Autoloader.php(295): CodeIgniter\Autoloader\Autoloader->includeFile('C:\\xampp\\htdocs\\e-arsip_ci4\\app\\Models\\Model_arsip.php')
 3 SYSTEMPATH\Autoloader\Autoloader.php(271): CodeIgniter\Autoloader\Autoloader->loadInNamespace('App\\Models\\Model_arsip')
 4 APPPATH\Controllers\Kategori.php(21): CodeIgniter\Autoloader\Autoloader->loadClass('App\\Models\\Model_arsip')
 5 SYSTEMPATH\CodeIgniter.php(903): App\Controllers\Kategori->__construct()
 6 SYSTEMPATH\CodeIgniter.php(498): CodeIgniter\CodeIgniter->createController()
 7 SYSTEMPATH\CodeIgniter.php(354): CodeIgniter\CodeIgniter->handleRequest(null, Object(Config\Cache), false)
 8 SYSTEMPATH\Boot.php(363): CodeIgniter\CodeIgniter->run()
 9 SYSTEMPATH\Boot.php(68): CodeIgniter\Boot::runCodeIgniter(Object(CodeIgniter\CodeIgniter))
10 FCPATH\index.php(59): CodeIgniter\Boot::bootWeb(Object(Config\Paths))
DEBUG - 2025-11-11 08:56:36 --> Session: Class initialized using 'CodeIgniter\Session\Handlers\FileHandler' driver.
WARNING - 2025-11-11 08:56:36 --> [DEPRECATED] Optional parameter $filters declared before required parameter $id_dep is implicitly treated as a required parameter in APPPATH\Models\Model_arsip.php on line 303.
 1 SYSTEMPATH\Autoloader\Autoloader.php(315): include_once('C:\\xampp\\htdocs\\e-arsip_ci4\\system\\Debug\\Exceptions.php')
 2 SYSTEMPATH\Autoloader\Autoloader.php(295): CodeIgniter\Autoloader\Autoloader->includeFile('C:\\xampp\\htdocs\\e-arsip_ci4\\app\\Models\\Model_arsip.php')
 3 SYSTEMPATH\Autoloader\Autoloader.php(271): CodeIgniter\Autoloader\Autoloader->loadInNamespace('App\\Models\\Model_arsip')
 4 APPPATH\Controllers\Kategori.php(21): CodeIgniter\Autoloader\Autoloader->loadClass('App\\Models\\Model_arsip')
 5 SYSTEMPATH\CodeIgniter.php(903): App\Controllers\Kategori->__construct()
 6 SYSTEMPATH\CodeIgniter.php(498): CodeIgniter\CodeIgniter->createController()
 7 SYSTEMPATH\CodeIgniter.php(354): CodeIgniter\CodeIgniter->handleRequest(null, Object(Config\Cache), false)
 8 SYSTEMPATH\Boot.php(363): CodeIgniter\CodeIgniter->run()
 9 SYSTEMPATH\Boot.php(68): CodeIgniter\Boot::runCodeIgniter(Object(CodeIgniter\CodeIgniter))
10 FCPATH\index.php(59): CodeIgniter\Boot::bootWeb(Object(Config\Paths))
DEBUG - 2025-11-11 08:56:36 --> Session: Class initialized using 'CodeIgniter\Session\Handlers\FileHandler' driver.
WARNING - 2025-11-11 08:56:36 --> [DEPRECATED] Optional parameter $filters declared before required parameter $id_dep is implicitly treated as a required parameter in APPPATH\Models\Model_arsip.php on line 303.
 1 SYSTEMPATH\Autoloader\Autoloader.php(315): include_once('C:\\xampp\\htdocs\\e-arsip_ci4\\system\\Debug\\Exceptions.php')
 2 SYSTEMPATH\Autoloader\Autoloader.php(295): CodeIgniter\Autoloader\Autoloader->includeFile('C:\\xampp\\htdocs\\e-arsip_ci4\\app\\Models\\Model_arsip.php')
 3 SYSTEMPATH\Autoloader\Autoloader.php(271): CodeIgniter\Autoloader\Autoloader->loadInNamespace('App\\Models\\Model_arsip')
 4 APPPATH\Controllers\Kategori.php(21): CodeIgniter\Autoloader\Autoloader->loadClass('App\\Models\\Model_arsip')
 5 SYSTEMPATH\CodeIgniter.php(903): App\Controllers\Kategori->__construct()
 6 SYSTEMPATH\CodeIgniter.php(498): CodeIgniter\CodeIgniter->createController()
 7 SYSTEMPATH\CodeIgniter.php(354): CodeIgniter\CodeIgniter->handleRequest(null, Object(Config\Cache), false)
 8 SYSTEMPATH\Boot.php(363): CodeIgniter\CodeIgniter->run()
 9 SYSTEMPATH\Boot.php(68): CodeIgniter\Boot::runCodeIgniter(Object(CodeIgniter\CodeIgniter))
10 FCPATH\index.php(59): CodeIgniter\Boot::bootWeb(Object(Config\Paths))
DEBUG - 2025-11-11 08:56:37 --> Session: Class initialized using 'CodeIgniter\Session\Handlers\FileHandler' driver.
WARNING - 2025-11-11 08:56:37 --> [DEPRECATED] Optional parameter $filters declared before required parameter $id_dep is implicitly treated as a required parameter in APPPATH\Models\Model_arsip.php on line 303.
 1 SYSTEMPATH\Autoloader\Autoloader.php(315): include_once('C:\\xampp\\htdocs\\e-arsip_ci4\\system\\Debug\\Exceptions.php')
 2 SYSTEMPATH\Autoloader\Autoloader.php(295): CodeIgniter\Autoloader\Autoloader->includeFile('C:\\xampp\\htdocs\\e-arsip_ci4\\app\\Models\\Model_arsip.php')
 3 SYSTEMPATH\Autoloader\Autoloader.php(271): CodeIgniter\Autoloader\Autoloader->loadInNamespace('App\\Models\\Model_arsip')
 4 APPPATH\Controllers\Kategori.php(21): CodeIgniter\Autoloader\Autoloader->loadClass('App\\Models\\Model_arsip')
 5 SYSTEMPATH\CodeIgniter.php(903): App\Controllers\Kategori->__construct()
 6 SYSTEMPATH\CodeIgniter.php(498): CodeIgniter\CodeIgniter->createController()
 7 SYSTEMPATH\CodeIgniter.php(354): CodeIgniter\CodeIgniter->handleRequest(null, Object(Config\Cache), false)
 8 SYSTEMPATH\Boot.php(363): CodeIgniter\CodeIgniter->run()
 9 SYSTEMPATH\Boot.php(68): CodeIgniter\Boot::runCodeIgniter(Object(CodeIgniter\CodeIgniter))
10 FCPATH\index.php(59): CodeIgniter\Boot::bootWeb(Object(Config\Paths))
DEBUG - 2025-11-11 08:56:43 --> Session: Class initialized using 'CodeIgniter\Session\Handlers\FileHandler' driver.
WARNING - 2025-11-11 08:56:43 --> [DEPRECATED] Optional parameter $filters declared before required parameter $id_dep is implicitly treated as a required parameter in APPPATH\Models\Model_arsip.php on line 303.
 1 SYSTEMPATH\Autoloader\Autoloader.php(315): include_once('C:\\xampp\\htdocs\\e-arsip_ci4\\system\\Debug\\Exceptions.php')
 2 SYSTEMPATH\Autoloader\Autoloader.php(295): CodeIgniter\Autoloader\Autoloader->includeFile('C:\\xampp\\htdocs\\e-arsip_ci4\\app\\Models\\Model_arsip.php')
 3 SYSTEMPATH\Autoloader\Autoloader.php(271): CodeIgniter\Autoloader\Autoloader->loadInNamespace('App\\Models\\Model_arsip')
 4 APPPATH\Controllers\Kategori.php(21): CodeIgniter\Autoloader\Autoloader->loadClass('App\\Models\\Model_arsip')
 5 SYSTEMPATH\CodeIgniter.php(903): App\Controllers\Kategori->__construct()
 6 SYSTEMPATH\CodeIgniter.php(498): CodeIgniter\CodeIgniter->createController()
 7 SYSTEMPATH\CodeIgniter.php(354): CodeIgniter\CodeIgniter->handleRequest(null, Object(Config\Cache), false)
 8 SYSTEMPATH\Boot.php(363): CodeIgniter\CodeIgniter->run()
 9 SYSTEMPATH\Boot.php(68): CodeIgniter\Boot::runCodeIgniter(Object(CodeIgniter\CodeIgniter))
10 FCPATH\index.php(59): CodeIgniter\Boot::bootWeb(Object(Config\Paths))
DEBUG - 2025-11-11 08:56:43 --> AUDIT DEBUG -> id_user: 49, username: dwiky_keu
DEBUG - 2025-11-11 08:56:43 --> Session: Class initialized using 'CodeIgniter\Session\Handlers\FileHandler' driver.
WARNING - 2025-11-11 08:56:43 --> [DEPRECATED] Optional parameter $filters declared before required parameter $id_dep is implicitly treated as a required parameter in APPPATH\Models\Model_arsip.php on line 303.
 1 SYSTEMPATH\Autoloader\Autoloader.php(315): include_once('C:\\xampp\\htdocs\\e-arsip_ci4\\system\\Debug\\Exceptions.php')
 2 SYSTEMPATH\Autoloader\Autoloader.php(295): CodeIgniter\Autoloader\Autoloader->includeFile('C:\\xampp\\htdocs\\e-arsip_ci4\\app\\Models\\Model_arsip.php')
 3 SYSTEMPATH\Autoloader\Autoloader.php(271): CodeIgniter\Autoloader\Autoloader->loadInNamespace('App\\Models\\Model_arsip')
 4 APPPATH\Controllers\Kategori.php(21): CodeIgniter\Autoloader\Autoloader->loadClass('App\\Models\\Model_arsip')
 5 SYSTEMPATH\CodeIgniter.php(903): App\Controllers\Kategori->__construct()
 6 SYSTEMPATH\CodeIgniter.php(498): CodeIgniter\CodeIgniter->createController()
 7 SYSTEMPATH\CodeIgniter.php(354): CodeIgniter\CodeIgniter->handleRequest(null, Object(Config\Cache), false)
 8 SYSTEMPATH\Boot.php(363): CodeIgniter\CodeIgniter->run()
 9 SYSTEMPATH\Boot.php(68): CodeIgniter\Boot::runCodeIgniter(Object(CodeIgniter\CodeIgniter))
10 FCPATH\index.php(59): CodeIgniter\Boot::bootWeb(Object(Config\Paths))
DEBUG - 2025-11-11 08:56:56 --> Session: Class initialized using 'CodeIgniter\Session\Handlers\FileHandler' driver.
WARNING - 2025-11-11 08:56:56 --> [DEPRECATED] Optional parameter $filters declared before required parameter $id_dep is implicitly treated as a required parameter in APPPATH\Models\Model_arsip.php on line 303.
 1 SYSTEMPATH\Autoloader\Autoloader.php(315): include_once('C:\\xampp\\htdocs\\e-arsip_ci4\\system\\Debug\\Exceptions.php')
 2 SYSTEMPATH\Autoloader\Autoloader.php(295): CodeIgniter\Autoloader\Autoloader->includeFile('C:\\xampp\\htdocs\\e-arsip_ci4\\app\\Models\\Model_arsip.php')
 3 SYSTEMPATH\Autoloader\Autoloader.php(271): CodeIgniter\Autoloader\Autoloader->loadInNamespace('App\\Models\\Model_arsip')
 4 APPPATH\Controllers\Arsip.php(26): CodeIgniter\Autoloader\Autoloader->loadClass('App\\Models\\Model_arsip')
 5 SYSTEMPATH\CodeIgniter.php(903): App\Controllers\Arsip->__construct()
 6 SYSTEMPATH\CodeIgniter.php(498): CodeIgniter\CodeIgniter->createController()
 7 SYSTEMPATH\CodeIgniter.php(354): CodeIgniter\CodeIgniter->handleRequest(null, Object(Config\Cache), false)
 8 SYSTEMPATH\Boot.php(363): CodeIgniter\CodeIgniter->run()
 9 SYSTEMPATH\Boot.php(68): CodeIgniter\Boot::runCodeIgniter(Object(CodeIgniter\CodeIgniter))
10 FCPATH\index.php(59): CodeIgniter\Boot::bootWeb(Object(Config\Paths))
DEBUG - 2025-11-11 08:57:11 --> Session: Class initialized using 'CodeIgniter\Session\Handlers\FileHandler' driver.
DEBUG - 2025-11-11 08:57:12 --> Session: Class initialized using 'CodeIgniter\Session\Handlers\FileHandler' driver.
WARNING - 2025-11-11 08:57:12 --> [DEPRECATED] Optional parameter $filters declared before required parameter $id_dep is implicitly treated as a required parameter in APPPATH\Models\Model_arsip.php on line 303.
 1 SYSTEMPATH\Autoloader\Autoloader.php(315): include_once('C:\\xampp\\htdocs\\e-arsip_ci4\\system\\Debug\\Exceptions.php')
 2 SYSTEMPATH\Autoloader\Autoloader.php(295): CodeIgniter\Autoloader\Autoloader->includeFile('C:\\xampp\\htdocs\\e-arsip_ci4\\app\\Models\\Model_arsip.php')
 3 SYSTEMPATH\Autoloader\Autoloader.php(271): CodeIgniter\Autoloader\Autoloader->loadInNamespace('App\\Models\\Model_arsip')
 4 APPPATH\Controllers\Cari.php(20): CodeIgniter\Autoloader\Autoloader->loadClass('App\\Models\\Model_arsip')
 5 SYSTEMPATH\CodeIgniter.php(903): App\Controllers\Cari->__construct()
 6 SYSTEMPATH\CodeIgniter.php(498): CodeIgniter\CodeIgniter->createController()
 7 SYSTEMPATH\CodeIgniter.php(354): CodeIgniter\CodeIgniter->handleRequest(null, Object(Config\Cache), false)
 8 SYSTEMPATH\Boot.php(363): CodeIgniter\CodeIgniter->run()
 9 SYSTEMPATH\Boot.php(68): CodeIgniter\Boot::runCodeIgniter(Object(CodeIgniter\CodeIgniter))
10 FCPATH\index.php(59): CodeIgniter\Boot::bootWeb(Object(Config\Paths))
DEBUG - 2025-11-11 08:57:14 --> Session: Class initialized using 'CodeIgniter\Session\Handlers\FileHandler' driver.
DEBUG - 2025-11-11 08:57:20 --> Session: Class initialized using 'CodeIgniter\Session\Handlers\FileHandler' driver.
WARNING - 2025-11-11 08:57:20 --> [DEPRECATED] Optional parameter $filters declared before required parameter $id_dep is implicitly treated as a required parameter in APPPATH\Models\Model_arsip.php on line 303.
 1 SYSTEMPATH\Autoloader\Autoloader.php(315): include_once('C:\\xampp\\htdocs\\e-arsip_ci4\\system\\Debug\\Exceptions.php')
 2 SYSTEMPATH\Autoloader\Autoloader.php(295): CodeIgniter\Autoloader\Autoloader->includeFile('C:\\xampp\\htdocs\\e-arsip_ci4\\app\\Models\\Model_arsip.php')
 3 SYSTEMPATH\Autoloader\Autoloader.php(271): CodeIgniter\Autoloader\Autoloader->loadInNamespace('App\\Models\\Model_arsip')
 4 APPPATH\Controllers\Arsip.php(26): CodeIgniter\Autoloader\Autoloader->loadClass('App\\Models\\Model_arsip')
 5 SYSTEMPATH\CodeIgniter.php(903): App\Controllers\Arsip->__construct()
 6 SYSTEMPATH\CodeIgniter.php(498): CodeIgniter\CodeIgniter->createController()
 7 SYSTEMPATH\CodeIgniter.php(354): CodeIgniter\CodeIgniter->handleRequest(null, Object(Config\Cache), false)
 8 SYSTEMPATH\Boot.php(363): CodeIgniter\CodeIgniter->run()
 9 SYSTEMPATH\Boot.php(68): CodeIgniter\Boot::runCodeIgniter(Object(CodeIgniter\CodeIgniter))
10 FCPATH\index.php(59): CodeIgniter\Boot::bootWeb(Object(Config\Paths))
DEBUG - 2025-11-11 08:57:21 --> Session: Class initialized using 'CodeIgniter\Session\Handlers\FileHandler' driver.
WARNING - 2025-11-11 08:57:21 --> [DEPRECATED] Optional parameter $filters declared before required parameter $id_dep is implicitly treated as a required parameter in APPPATH\Models\Model_arsip.php on line 303.
 1 SYSTEMPATH\Autoloader\Autoloader.php(315): include_once('C:\\xampp\\htdocs\\e-arsip_ci4\\system\\Debug\\Exceptions.php')
 2 SYSTEMPATH\Autoloader\Autoloader.php(295): CodeIgniter\Autoloader\Autoloader->includeFile('C:\\xampp\\htdocs\\e-arsip_ci4\\app\\Models\\Model_arsip.php')
 3 SYSTEMPATH\Autoloader\Autoloader.php(271): CodeIgniter\Autoloader\Autoloader->loadInNamespace('App\\Models\\Model_arsip')
 4 APPPATH\Controllers\Kategori.php(21): CodeIgniter\Autoloader\Autoloader->loadClass('App\\Models\\Model_arsip')
 5 SYSTEMPATH\CodeIgniter.php(903): App\Controllers\Kategori->__construct()
 6 SYSTEMPATH\CodeIgniter.php(498): CodeIgniter\CodeIgniter->createController()
 7 SYSTEMPATH\CodeIgniter.php(354): CodeIgniter\CodeIgniter->handleRequest(null, Object(Config\Cache), false)
 8 SYSTEMPATH\Boot.php(363): CodeIgniter\CodeIgniter->run()
 9 SYSTEMPATH\Boot.php(68): CodeIgniter\Boot::runCodeIgniter(Object(CodeIgniter\CodeIgniter))
10 FCPATH\index.php(59): CodeIgniter\Boot::bootWeb(Object(Config\Paths))
DEBUG - 2025-11-11 09:26:04 --> Session: Class initialized using 'CodeIgniter\Session\Handlers\FileHandler' driver.
DEBUG - 2025-11-11 09:26:04 --> Session: Class initialized using 'CodeIgniter\Session\Handlers\FileHandler' driver.
