DEBUG - 2025-12-03 01:47:50 --> Session: Class initialized using 'CodeIgniter\Session\Handlers\FileHandler' driver.
DEBUG - 2025-12-03 01:48:47 --> Session: Class initialized using 'CodeIgniter\Session\Handlers\FileHandler' driver.
DEBUG - 2025-12-03 01:48:47 --> Session: Class initialized using 'CodeIgniter\Session\Handlers\FileHandler' driver.
DEBUG - 2025-12-03 01:48:56 --> Session: Class initialized using 'CodeIgniter\Session\Handlers\FileHandler' driver.
DEBUG - 2025-12-03 01:48:56 --> Session: Class initialized using 'CodeIgniter\Session\Handlers\FileHandler' driver.
DEBUG - 2025-12-03 01:49:10 --> Session: Class initialized using 'CodeIgniter\Session\Handlers\FileHandler' driver.
DEBUG - 2025-12-03 01:49:10 --> Session: Class initialized using 'CodeIgniter\Session\Handlers\FileHandler' driver.
WARNING - 2025-12-03 01:49:10 --> [DEPRECATED] Optional parameter $filters declared before required parameter $id_dep is implicitly treated as a required parameter in APPPATH\Models\Model_arsip.php on line 303.
 1 SYSTEMPATH\Autoloader\Autoloader.php(315): include_once('C:\\xampp\\htdocs\\e-arsip_ci4\\system\\Debug\\Exceptions.php')
 2 SYSTEMPATH\Autoloader\Autoloader.php(295): CodeIgniter\Autoloader\Autoloader->includeFile('C:\\xampp\\htdocs\\e-arsip_ci4\\app\\Models\\Model_arsip.php')
 3 SYSTEMPATH\Autoloader\Autoloader.php(271): CodeIgniter\Autoloader\Autoloader->loadInNamespace('App\\Models\\Model_arsip')
 4 APPPATH\Controllers\Home.php(23): CodeIgniter\Autoloader\Autoloader->loadClass('App\\Models\\Model_arsip')
 5 SYSTEMPATH\CodeIgniter.php(903): App\Controllers\Home->__construct()
 6 SYSTEMPATH\CodeIgniter.php(498): CodeIgniter\CodeIgniter->createController()
 7 SYSTEMPATH\CodeIgniter.php(354): CodeIgniter\CodeIgniter->handleRequest(null, Object(Config\Cache), false)
 8 SYSTEMPATH\Boot.php(363): CodeIgniter\CodeIgniter->run()
 9 SYSTEMPATH\Boot.php(68): CodeIgniter\Boot::runCodeIgniter(Object(CodeIgniter\CodeIgniter))
10 FCPATH\index.php(59): CodeIgniter\Boot::bootWeb(Object(Config\Paths))
DEBUG - 2025-12-03 01:54:40 --> Session: Class initialized using 'CodeIgniter\Session\Handlers\FileHandler' driver.
WARNING - 2025-12-03 01:54:40 --> [DEPRECATED] Optional parameter $filters declared before required parameter $id_dep is implicitly treated as a required parameter in APPPATH\Models\Model_arsip.php on line 303.
 1 SYSTEMPATH\Autoloader\Autoloader.php(315): include_once('C:\\xampp\\htdocs\\e-arsip_ci4\\system\\Debug\\Exceptions.php')
 2 SYSTEMPATH\Autoloader\Autoloader.php(295): CodeIgniter\Autoloader\Autoloader->includeFile('C:\\xampp\\htdocs\\e-arsip_ci4\\app\\Models\\Model_arsip.php')
 3 SYSTEMPATH\Autoloader\Autoloader.php(271): CodeIgniter\Autoloader\Autoloader->loadInNamespace('App\\Models\\Model_arsip')
 4 APPPATH\Controllers\Home.php(23): CodeIgniter\Autoloader\Autoloader->loadClass('App\\Models\\Model_arsip')
 5 SYSTEMPATH\CodeIgniter.php(903): App\Controllers\Home->__construct()
 6 SYSTEMPATH\CodeIgniter.php(498): CodeIgniter\CodeIgniter->createController()
 7 SYSTEMPATH\CodeIgniter.php(354): CodeIgniter\CodeIgniter->handleRequest(null, Object(Config\Cache), false)
 8 SYSTEMPATH\Boot.php(363): CodeIgniter\CodeIgniter->run()
 9 SYSTEMPATH\Boot.php(68): CodeIgniter\Boot::runCodeIgniter(Object(CodeIgniter\CodeIgniter))
10 FCPATH\index.php(59): CodeIgniter\Boot::bootWeb(Object(Config\Paths))
DEBUG - 2025-12-03 01:54:43 --> Session: Class initialized using 'CodeIgniter\Session\Handlers\FileHandler' driver.
WARNING - 2025-12-03 01:54:43 --> [DEPRECATED] Optional parameter $filters declared before required parameter $id_dep is implicitly treated as a required parameter in APPPATH\Models\Model_arsip.php on line 303.
 1 SYSTEMPATH\Autoloader\Autoloader.php(315): include_once('C:\\xampp\\htdocs\\e-arsip_ci4\\system\\Debug\\Exceptions.php')
 2 SYSTEMPATH\Autoloader\Autoloader.php(295): CodeIgniter\Autoloader\Autoloader->includeFile('C:\\xampp\\htdocs\\e-arsip_ci4\\app\\Models\\Model_arsip.php')
 3 SYSTEMPATH\Autoloader\Autoloader.php(271): CodeIgniter\Autoloader\Autoloader->loadInNamespace('App\\Models\\Model_arsip')
 4 APPPATH\Controllers\Kategori.php(21): CodeIgniter\Autoloader\Autoloader->loadClass('App\\Models\\Model_arsip')
 5 SYSTEMPATH\CodeIgniter.php(903): App\Controllers\Kategori->__construct()
 6 SYSTEMPATH\CodeIgniter.php(498): CodeIgniter\CodeIgniter->createController()
 7 SYSTEMPATH\CodeIgniter.php(354): CodeIgniter\CodeIgniter->handleRequest(null, Object(Config\Cache), false)
 8 SYSTEMPATH\Boot.php(363): CodeIgniter\CodeIgniter->run()
 9 SYSTEMPATH\Boot.php(68): CodeIgniter\Boot::runCodeIgniter(Object(CodeIgniter\CodeIgniter))
10 FCPATH\index.php(59): CodeIgniter\Boot::bootWeb(Object(Config\Paths))
DEBUG - 2025-12-03 01:55:00 --> Session: Class initialized using 'CodeIgniter\Session\Handlers\FileHandler' driver.
WARNING - 2025-12-03 01:55:00 --> [DEPRECATED] Optional parameter $filters declared before required parameter $id_dep is implicitly treated as a required parameter in APPPATH\Models\Model_arsip.php on line 303.
 1 SYSTEMPATH\Autoloader\Autoloader.php(315): include_once('C:\\xampp\\htdocs\\e-arsip_ci4\\system\\Debug\\Exceptions.php')
 2 SYSTEMPATH\Autoloader\Autoloader.php(295): CodeIgniter\Autoloader\Autoloader->includeFile('C:\\xampp\\htdocs\\e-arsip_ci4\\app\\Models\\Model_arsip.php')
 3 SYSTEMPATH\Autoloader\Autoloader.php(271): CodeIgniter\Autoloader\Autoloader->loadInNamespace('App\\Models\\Model_arsip')
 4 APPPATH\Controllers\Kategori.php(21): CodeIgniter\Autoloader\Autoloader->loadClass('App\\Models\\Model_arsip')
 5 SYSTEMPATH\CodeIgniter.php(903): App\Controllers\Kategori->__construct()
 6 SYSTEMPATH\CodeIgniter.php(498): CodeIgniter\CodeIgniter->createController()
 7 SYSTEMPATH\CodeIgniter.php(354): CodeIgniter\CodeIgniter->handleRequest(null, Object(Config\Cache), false)
 8 SYSTEMPATH\Boot.php(363): CodeIgniter\CodeIgniter->run()
 9 SYSTEMPATH\Boot.php(68): CodeIgniter\Boot::runCodeIgniter(Object(CodeIgniter\CodeIgniter))
10 FCPATH\index.php(59): CodeIgniter\Boot::bootWeb(Object(Config\Paths))
DEBUG - 2025-12-03 01:55:01 --> Session: Class initialized using 'CodeIgniter\Session\Handlers\FileHandler' driver.
WARNING - 2025-12-03 01:55:01 --> [DEPRECATED] Optional parameter $filters declared before required parameter $id_dep is implicitly treated as a required parameter in APPPATH\Models\Model_arsip.php on line 303.
 1 SYSTEMPATH\Autoloader\Autoloader.php(315): include_once('C:\\xampp\\htdocs\\e-arsip_ci4\\system\\Debug\\Exceptions.php')
 2 SYSTEMPATH\Autoloader\Autoloader.php(295): CodeIgniter\Autoloader\Autoloader->includeFile('C:\\xampp\\htdocs\\e-arsip_ci4\\app\\Models\\Model_arsip.php')
 3 SYSTEMPATH\Autoloader\Autoloader.php(271): CodeIgniter\Autoloader\Autoloader->loadInNamespace('App\\Models\\Model_arsip')
 4 APPPATH\Controllers\Arsip.php(26): CodeIgniter\Autoloader\Autoloader->loadClass('App\\Models\\Model_arsip')
 5 SYSTEMPATH\CodeIgniter.php(903): App\Controllers\Arsip->__construct()
 6 SYSTEMPATH\CodeIgniter.php(498): CodeIgniter\CodeIgniter->createController()
 7 SYSTEMPATH\CodeIgniter.php(354): CodeIgniter\CodeIgniter->handleRequest(null, Object(Config\Cache), false)
 8 SYSTEMPATH\Boot.php(363): CodeIgniter\CodeIgniter->run()
 9 SYSTEMPATH\Boot.php(68): CodeIgniter\Boot::runCodeIgniter(Object(CodeIgniter\CodeIgniter))
10 FCPATH\index.php(59): CodeIgniter\Boot::bootWeb(Object(Config\Paths))
DEBUG - 2025-12-03 01:55:04 --> Session: Class initialized using 'CodeIgniter\Session\Handlers\FileHandler' driver.
WARNING - 2025-12-03 01:55:04 --> [DEPRECATED] Optional parameter $filters declared before required parameter $id_dep is implicitly treated as a required parameter in APPPATH\Models\Model_arsip.php on line 303.
 1 SYSTEMPATH\Autoloader\Autoloader.php(315): include_once('C:\\xampp\\htdocs\\e-arsip_ci4\\system\\Debug\\Exceptions.php')
 2 SYSTEMPATH\Autoloader\Autoloader.php(295): CodeIgniter\Autoloader\Autoloader->includeFile('C:\\xampp\\htdocs\\e-arsip_ci4\\app\\Models\\Model_arsip.php')
 3 SYSTEMPATH\Autoloader\Autoloader.php(271): CodeIgniter\Autoloader\Autoloader->loadInNamespace('App\\Models\\Model_arsip')
 4 APPPATH\Controllers\Arsip.php(26): CodeIgniter\Autoloader\Autoloader->loadClass('App\\Models\\Model_arsip')
 5 SYSTEMPATH\CodeIgniter.php(903): App\Controllers\Arsip->__construct()
 6 SYSTEMPATH\CodeIgniter.php(498): CodeIgniter\CodeIgniter->createController()
 7 SYSTEMPATH\CodeIgniter.php(354): CodeIgniter\CodeIgniter->handleRequest(null, Object(Config\Cache), false)
 8 SYSTEMPATH\Boot.php(363): CodeIgniter\CodeIgniter->run()
 9 SYSTEMPATH\Boot.php(68): CodeIgniter\Boot::runCodeIgniter(Object(CodeIgniter\CodeIgniter))
10 FCPATH\index.php(59): CodeIgniter\Boot::bootWeb(Object(Config\Paths))
DEBUG - 2025-12-03 01:55:05 --> Session: Class initialized using 'CodeIgniter\Session\Handlers\FileHandler' driver.
WARNING - 2025-12-03 01:55:05 --> [DEPRECATED] Optional parameter $filters declared before required parameter $id_dep is implicitly treated as a required parameter in APPPATH\Models\Model_arsip.php on line 303.
 1 SYSTEMPATH\Autoloader\Autoloader.php(315): include_once('C:\\xampp\\htdocs\\e-arsip_ci4\\system\\Debug\\Exceptions.php')
 2 SYSTEMPATH\Autoloader\Autoloader.php(295): CodeIgniter\Autoloader\Autoloader->includeFile('C:\\xampp\\htdocs\\e-arsip_ci4\\app\\Models\\Model_arsip.php')
 3 SYSTEMPATH\Autoloader\Autoloader.php(271): CodeIgniter\Autoloader\Autoloader->loadInNamespace('App\\Models\\Model_arsip')
 4 APPPATH\Controllers\Kategori.php(21): CodeIgniter\Autoloader\Autoloader->loadClass('App\\Models\\Model_arsip')
 5 SYSTEMPATH\CodeIgniter.php(903): App\Controllers\Kategori->__construct()
 6 SYSTEMPATH\CodeIgniter.php(498): CodeIgniter\CodeIgniter->createController()
 7 SYSTEMPATH\CodeIgniter.php(354): CodeIgniter\CodeIgniter->handleRequest(null, Object(Config\Cache), false)
 8 SYSTEMPATH\Boot.php(363): CodeIgniter\CodeIgniter->run()
 9 SYSTEMPATH\Boot.php(68): CodeIgniter\Boot::runCodeIgniter(Object(CodeIgniter\CodeIgniter))
10 FCPATH\index.php(59): CodeIgniter\Boot::bootWeb(Object(Config\Paths))
DEBUG - 2025-12-03 01:55:06 --> Session: Class initialized using 'CodeIgniter\Session\Handlers\FileHandler' driver.
WARNING - 2025-12-03 01:55:06 --> [DEPRECATED] Optional parameter $filters declared before required parameter $id_dep is implicitly treated as a required parameter in APPPATH\Models\Model_arsip.php on line 303.
 1 SYSTEMPATH\Autoloader\Autoloader.php(315): include_once('C:\\xampp\\htdocs\\e-arsip_ci4\\system\\Debug\\Exceptions.php')
 2 SYSTEMPATH\Autoloader\Autoloader.php(295): CodeIgniter\Autoloader\Autoloader->includeFile('C:\\xampp\\htdocs\\e-arsip_ci4\\app\\Models\\Model_arsip.php')
 3 SYSTEMPATH\Autoloader\Autoloader.php(271): CodeIgniter\Autoloader\Autoloader->loadInNamespace('App\\Models\\Model_arsip')
 4 APPPATH\Controllers\Kategori.php(21): CodeIgniter\Autoloader\Autoloader->loadClass('App\\Models\\Model_arsip')
 5 SYSTEMPATH\CodeIgniter.php(903): App\Controllers\Kategori->__construct()
 6 SYSTEMPATH\CodeIgniter.php(498): CodeIgniter\CodeIgniter->createController()
 7 SYSTEMPATH\CodeIgniter.php(354): CodeIgniter\CodeIgniter->handleRequest(null, Object(Config\Cache), false)
 8 SYSTEMPATH\Boot.php(363): CodeIgniter\CodeIgniter->run()
 9 SYSTEMPATH\Boot.php(68): CodeIgniter\Boot::runCodeIgniter(Object(CodeIgniter\CodeIgniter))
10 FCPATH\index.php(59): CodeIgniter\Boot::bootWeb(Object(Config\Paths))
DEBUG - 2025-12-03 01:55:11 --> Session: Class initialized using 'CodeIgniter\Session\Handlers\FileHandler' driver.
DEBUG - 2025-12-03 01:55:11 --> Session: Class initialized using 'CodeIgniter\Session\Handlers\FileHandler' driver.
DEBUG - 2025-12-03 01:55:25 --> Session: Class initialized using 'CodeIgniter\Session\Handlers\FileHandler' driver.
DEBUG - 2025-12-03 01:55:25 --> Session: Class initialized using 'CodeIgniter\Session\Handlers\FileHandler' driver.
WARNING - 2025-12-03 01:55:25 --> [DEPRECATED] Optional parameter $filters declared before required parameter $id_dep is implicitly treated as a required parameter in APPPATH\Models\Model_arsip.php on line 303.
 1 SYSTEMPATH\Autoloader\Autoloader.php(315): include_once('C:\\xampp\\htdocs\\e-arsip_ci4\\system\\Debug\\Exceptions.php')
 2 SYSTEMPATH\Autoloader\Autoloader.php(295): CodeIgniter\Autoloader\Autoloader->includeFile('C:\\xampp\\htdocs\\e-arsip_ci4\\app\\Models\\Model_arsip.php')
 3 SYSTEMPATH\Autoloader\Autoloader.php(271): CodeIgniter\Autoloader\Autoloader->loadInNamespace('App\\Models\\Model_arsip')
 4 APPPATH\Controllers\Home.php(23): CodeIgniter\Autoloader\Autoloader->loadClass('App\\Models\\Model_arsip')
 5 SYSTEMPATH\CodeIgniter.php(903): App\Controllers\Home->__construct()
 6 SYSTEMPATH\CodeIgniter.php(498): CodeIgniter\CodeIgniter->createController()
 7 SYSTEMPATH\CodeIgniter.php(354): CodeIgniter\CodeIgniter->handleRequest(null, Object(Config\Cache), false)
 8 SYSTEMPATH\Boot.php(363): CodeIgniter\CodeIgniter->run()
 9 SYSTEMPATH\Boot.php(68): CodeIgniter\Boot::runCodeIgniter(Object(CodeIgniter\CodeIgniter))
10 FCPATH\index.php(59): CodeIgniter\Boot::bootWeb(Object(Config\Paths))
DEBUG - 2025-12-03 01:58:56 --> Session: Class initialized using 'CodeIgniter\Session\Handlers\FileHandler' driver.
WARNING - 2025-12-03 01:58:56 --> [DEPRECATED] Optional parameter $filters declared before required parameter $id_dep is implicitly treated as a required parameter in APPPATH\Models\Model_arsip.php on line 303.
 1 SYSTEMPATH\Autoloader\Autoloader.php(315): include_once('C:\\xampp\\htdocs\\e-arsip_ci4\\system\\Debug\\Exceptions.php')
 2 SYSTEMPATH\Autoloader\Autoloader.php(295): CodeIgniter\Autoloader\Autoloader->includeFile('C:\\xampp\\htdocs\\e-arsip_ci4\\app\\Models\\Model_arsip.php')
 3 SYSTEMPATH\Autoloader\Autoloader.php(271): CodeIgniter\Autoloader\Autoloader->loadInNamespace('App\\Models\\Model_arsip')
 4 APPPATH\Controllers\Arsip.php(26): CodeIgniter\Autoloader\Autoloader->loadClass('App\\Models\\Model_arsip')
 5 SYSTEMPATH\CodeIgniter.php(903): App\Controllers\Arsip->__construct()
 6 SYSTEMPATH\CodeIgniter.php(498): CodeIgniter\CodeIgniter->createController()
 7 SYSTEMPATH\CodeIgniter.php(354): CodeIgniter\CodeIgniter->handleRequest(null, Object(Config\Cache), false)
 8 SYSTEMPATH\Boot.php(363): CodeIgniter\CodeIgniter->run()
 9 SYSTEMPATH\Boot.php(68): CodeIgniter\Boot::runCodeIgniter(Object(CodeIgniter\CodeIgniter))
10 FCPATH\index.php(59): CodeIgniter\Boot::bootWeb(Object(Config\Paths))
DEBUG - 2025-12-03 01:58:58 --> Session: Class initialized using 'CodeIgniter\Session\Handlers\FileHandler' driver.
WARNING - 2025-12-03 01:58:58 --> [DEPRECATED] Optional parameter $filters declared before required parameter $id_dep is implicitly treated as a required parameter in APPPATH\Models\Model_arsip.php on line 303.
 1 SYSTEMPATH\Autoloader\Autoloader.php(315): include_once('C:\\xampp\\htdocs\\e-arsip_ci4\\system\\Debug\\Exceptions.php')
 2 SYSTEMPATH\Autoloader\Autoloader.php(295): CodeIgniter\Autoloader\Autoloader->includeFile('C:\\xampp\\htdocs\\e-arsip_ci4\\app\\Models\\Model_arsip.php')
 3 SYSTEMPATH\Autoloader\Autoloader.php(271): CodeIgniter\Autoloader\Autoloader->loadInNamespace('App\\Models\\Model_arsip')
 4 APPPATH\Controllers\Kategori.php(21): CodeIgniter\Autoloader\Autoloader->loadClass('App\\Models\\Model_arsip')
 5 SYSTEMPATH\CodeIgniter.php(903): App\Controllers\Kategori->__construct()
 6 SYSTEMPATH\CodeIgniter.php(498): CodeIgniter\CodeIgniter->createController()
 7 SYSTEMPATH\CodeIgniter.php(354): CodeIgniter\CodeIgniter->handleRequest(null, Object(Config\Cache), false)
 8 SYSTEMPATH\Boot.php(363): CodeIgniter\CodeIgniter->run()
 9 SYSTEMPATH\Boot.php(68): CodeIgniter\Boot::runCodeIgniter(Object(CodeIgniter\CodeIgniter))
10 FCPATH\index.php(59): CodeIgniter\Boot::bootWeb(Object(Config\Paths))
DEBUG - 2025-12-03 02:11:00 --> Session: Class initialized using 'CodeIgniter\Session\Handlers\FileHandler' driver.
DEBUG - 2025-12-03 02:11:04 --> Session: Class initialized using 'CodeIgniter\Session\Handlers\FileHandler' driver.
DEBUG - 2025-12-03 02:11:04 --> Session: Class initialized using 'CodeIgniter\Session\Handlers\FileHandler' driver.
WARNING - 2025-12-03 02:11:04 --> [DEPRECATED] Optional parameter $filters declared before required parameter $id_dep is implicitly treated as a required parameter in APPPATH\Models\Model_arsip.php on line 303.
 1 SYSTEMPATH\Autoloader\Autoloader.php(315): include_once('C:\\xampp\\htdocs\\e-arsip_ci4\\system\\Debug\\Exceptions.php')
 2 SYSTEMPATH\Autoloader\Autoloader.php(295): CodeIgniter\Autoloader\Autoloader->includeFile('C:\\xampp\\htdocs\\e-arsip_ci4\\app\\Models\\Model_arsip.php')
 3 SYSTEMPATH\Autoloader\Autoloader.php(271): CodeIgniter\Autoloader\Autoloader->loadInNamespace('App\\Models\\Model_arsip')
 4 APPPATH\Controllers\Home.php(23): CodeIgniter\Autoloader\Autoloader->loadClass('App\\Models\\Model_arsip')
 5 SYSTEMPATH\CodeIgniter.php(903): App\Controllers\Home->__construct()
 6 SYSTEMPATH\CodeIgniter.php(498): CodeIgniter\CodeIgniter->createController()
 7 SYSTEMPATH\CodeIgniter.php(354): CodeIgniter\CodeIgniter->handleRequest(null, Object(Config\Cache), false)
 8 SYSTEMPATH\Boot.php(363): CodeIgniter\CodeIgniter->run()
 9 SYSTEMPATH\Boot.php(68): CodeIgniter\Boot::runCodeIgniter(Object(CodeIgniter\CodeIgniter))
10 FCPATH\index.php(59): CodeIgniter\Boot::bootWeb(Object(Config\Paths))
DEBUG - 2025-12-03 02:11:06 --> Session: Class initialized using 'CodeIgniter\Session\Handlers\FileHandler' driver.
WARNING - 2025-12-03 02:11:06 --> [DEPRECATED] Optional parameter $filters declared before required parameter $id_dep is implicitly treated as a required parameter in APPPATH\Models\Model_arsip.php on line 303.
 1 SYSTEMPATH\Autoloader\Autoloader.php(315): include_once('C:\\xampp\\htdocs\\e-arsip_ci4\\system\\Debug\\Exceptions.php')
 2 SYSTEMPATH\Autoloader\Autoloader.php(295): CodeIgniter\Autoloader\Autoloader->includeFile('C:\\xampp\\htdocs\\e-arsip_ci4\\app\\Models\\Model_arsip.php')
 3 SYSTEMPATH\Autoloader\Autoloader.php(271): CodeIgniter\Autoloader\Autoloader->loadInNamespace('App\\Models\\Model_arsip')
 4 APPPATH\Controllers\Arsip.php(26): CodeIgniter\Autoloader\Autoloader->loadClass('App\\Models\\Model_arsip')
 5 SYSTEMPATH\CodeIgniter.php(903): App\Controllers\Arsip->__construct()
 6 SYSTEMPATH\CodeIgniter.php(498): CodeIgniter\CodeIgniter->createController()
 7 SYSTEMPATH\CodeIgniter.php(354): CodeIgniter\CodeIgniter->handleRequest(null, Object(Config\Cache), false)
 8 SYSTEMPATH\Boot.php(363): CodeIgniter\CodeIgniter->run()
 9 SYSTEMPATH\Boot.php(68): CodeIgniter\Boot::runCodeIgniter(Object(CodeIgniter\CodeIgniter))
10 FCPATH\index.php(59): CodeIgniter\Boot::bootWeb(Object(Config\Paths))
DEBUG - 2025-12-03 02:11:07 --> Session: Class initialized using 'CodeIgniter\Session\Handlers\FileHandler' driver.
WARNING - 2025-12-03 02:11:07 --> [DEPRECATED] Optional parameter $filters declared before required parameter $id_dep is implicitly treated as a required parameter in APPPATH\Models\Model_arsip.php on line 303.
 1 SYSTEMPATH\Autoloader\Autoloader.php(315): include_once('C:\\xampp\\htdocs\\e-arsip_ci4\\system\\Debug\\Exceptions.php')
 2 SYSTEMPATH\Autoloader\Autoloader.php(295): CodeIgniter\Autoloader\Autoloader->includeFile('C:\\xampp\\htdocs\\e-arsip_ci4\\app\\Models\\Model_arsip.php')
 3 SYSTEMPATH\Autoloader\Autoloader.php(271): CodeIgniter\Autoloader\Autoloader->loadInNamespace('App\\Models\\Model_arsip')
 4 APPPATH\Controllers\Kategori.php(21): CodeIgniter\Autoloader\Autoloader->loadClass('App\\Models\\Model_arsip')
 5 SYSTEMPATH\CodeIgniter.php(903): App\Controllers\Kategori->__construct()
 6 SYSTEMPATH\CodeIgniter.php(498): CodeIgniter\CodeIgniter->createController()
 7 SYSTEMPATH\CodeIgniter.php(354): CodeIgniter\CodeIgniter->handleRequest(null, Object(Config\Cache), false)
 8 SYSTEMPATH\Boot.php(363): CodeIgniter\CodeIgniter->run()
 9 SYSTEMPATH\Boot.php(68): CodeIgniter\Boot::runCodeIgniter(Object(CodeIgniter\CodeIgniter))
10 FCPATH\index.php(59): CodeIgniter\Boot::bootWeb(Object(Config\Paths))
DEBUG - 2025-12-03 02:11:24 --> Session: Class initialized using 'CodeIgniter\Session\Handlers\FileHandler' driver.
WARNING - 2025-12-03 02:11:24 --> [DEPRECATED] Optional parameter $filters declared before required parameter $id_dep is implicitly treated as a required parameter in APPPATH\Models\Model_arsip.php on line 303.
 1 SYSTEMPATH\Autoloader\Autoloader.php(315): include_once('C:\\xampp\\htdocs\\e-arsip_ci4\\system\\Debug\\Exceptions.php')
 2 SYSTEMPATH\Autoloader\Autoloader.php(295): CodeIgniter\Autoloader\Autoloader->includeFile('C:\\xampp\\htdocs\\e-arsip_ci4\\app\\Models\\Model_arsip.php')
 3 SYSTEMPATH\Autoloader\Autoloader.php(271): CodeIgniter\Autoloader\Autoloader->loadInNamespace('App\\Models\\Model_arsip')
 4 APPPATH\Controllers\Arsip.php(26): CodeIgniter\Autoloader\Autoloader->loadClass('App\\Models\\Model_arsip')
 5 SYSTEMPATH\CodeIgniter.php(903): App\Controllers\Arsip->__construct()
 6 SYSTEMPATH\CodeIgniter.php(498): CodeIgniter\CodeIgniter->createController()
 7 SYSTEMPATH\CodeIgniter.php(354): CodeIgniter\CodeIgniter->handleRequest(null, Object(Config\Cache), false)
 8 SYSTEMPATH\Boot.php(363): CodeIgniter\CodeIgniter->run()
 9 SYSTEMPATH\Boot.php(68): CodeIgniter\Boot::runCodeIgniter(Object(CodeIgniter\CodeIgniter))
10 FCPATH\index.php(59): CodeIgniter\Boot::bootWeb(Object(Config\Paths))
DEBUG - 2025-12-03 02:11:29 --> Session: Class initialized using 'CodeIgniter\Session\Handlers\FileHandler' driver.
WARNING - 2025-12-03 02:11:29 --> [DEPRECATED] Optional parameter $filters declared before required parameter $id_dep is implicitly treated as a required parameter in APPPATH\Models\Model_arsip.php on line 303.
 1 SYSTEMPATH\Autoloader\Autoloader.php(315): include_once('C:\\xampp\\htdocs\\e-arsip_ci4\\system\\Debug\\Exceptions.php')
 2 SYSTEMPATH\Autoloader\Autoloader.php(295): CodeIgniter\Autoloader\Autoloader->includeFile('C:\\xampp\\htdocs\\e-arsip_ci4\\app\\Models\\Model_arsip.php')
 3 SYSTEMPATH\Autoloader\Autoloader.php(271): CodeIgniter\Autoloader\Autoloader->loadInNamespace('App\\Models\\Model_arsip')
 4 APPPATH\Controllers\Kategori.php(21): CodeIgniter\Autoloader\Autoloader->loadClass('App\\Models\\Model_arsip')
 5 SYSTEMPATH\CodeIgniter.php(903): App\Controllers\Kategori->__construct()
 6 SYSTEMPATH\CodeIgniter.php(498): CodeIgniter\CodeIgniter->createController()
 7 SYSTEMPATH\CodeIgniter.php(354): CodeIgniter\CodeIgniter->handleRequest(null, Object(Config\Cache), false)
 8 SYSTEMPATH\Boot.php(363): CodeIgniter\CodeIgniter->run()
 9 SYSTEMPATH\Boot.php(68): CodeIgniter\Boot::runCodeIgniter(Object(CodeIgniter\CodeIgniter))
10 FCPATH\index.php(59): CodeIgniter\Boot::bootWeb(Object(Config\Paths))
DEBUG - 2025-12-03 02:11:30 --> Session: Class initialized using 'CodeIgniter\Session\Handlers\FileHandler' driver.
WARNING - 2025-12-03 02:11:30 --> [DEPRECATED] Optional parameter $filters declared before required parameter $id_dep is implicitly treated as a required parameter in APPPATH\Models\Model_arsip.php on line 303.
 1 SYSTEMPATH\Autoloader\Autoloader.php(315): include_once('C:\\xampp\\htdocs\\e-arsip_ci4\\system\\Debug\\Exceptions.php')
 2 SYSTEMPATH\Autoloader\Autoloader.php(295): CodeIgniter\Autoloader\Autoloader->includeFile('C:\\xampp\\htdocs\\e-arsip_ci4\\app\\Models\\Model_arsip.php')
 3 SYSTEMPATH\Autoloader\Autoloader.php(271): CodeIgniter\Autoloader\Autoloader->loadInNamespace('App\\Models\\Model_arsip')
 4 APPPATH\Controllers\Cari.php(20): CodeIgniter\Autoloader\Autoloader->loadClass('App\\Models\\Model_arsip')
 5 SYSTEMPATH\CodeIgniter.php(903): App\Controllers\Cari->__construct()
 6 SYSTEMPATH\CodeIgniter.php(498): CodeIgniter\CodeIgniter->createController()
 7 SYSTEMPATH\CodeIgniter.php(354): CodeIgniter\CodeIgniter->handleRequest(null, Object(Config\Cache), false)
 8 SYSTEMPATH\Boot.php(363): CodeIgniter\CodeIgniter->run()
 9 SYSTEMPATH\Boot.php(68): CodeIgniter\Boot::runCodeIgniter(Object(CodeIgniter\CodeIgniter))
10 FCPATH\index.php(59): CodeIgniter\Boot::bootWeb(Object(Config\Paths))
DEBUG - 2025-12-03 02:11:32 --> Session: Class initialized using 'CodeIgniter\Session\Handlers\FileHandler' driver.
WARNING - 2025-12-03 02:11:32 --> [DEPRECATED] Optional parameter $filters declared before required parameter $id_dep is implicitly treated as a required parameter in APPPATH\Models\Model_arsip.php on line 303.
 1 SYSTEMPATH\Autoloader\Autoloader.php(315): include_once('C:\\xampp\\htdocs\\e-arsip_ci4\\system\\Debug\\Exceptions.php')
 2 SYSTEMPATH\Autoloader\Autoloader.php(295): CodeIgniter\Autoloader\Autoloader->includeFile('C:\\xampp\\htdocs\\e-arsip_ci4\\app\\Models\\Model_arsip.php')
 3 SYSTEMPATH\Autoloader\Autoloader.php(271): CodeIgniter\Autoloader\Autoloader->loadInNamespace('App\\Models\\Model_arsip')
 4 APPPATH\Controllers\Arsip.php(26): CodeIgniter\Autoloader\Autoloader->loadClass('App\\Models\\Model_arsip')
 5 SYSTEMPATH\CodeIgniter.php(903): App\Controllers\Arsip->__construct()
 6 SYSTEMPATH\CodeIgniter.php(498): CodeIgniter\CodeIgniter->createController()
 7 SYSTEMPATH\CodeIgniter.php(354): CodeIgniter\CodeIgniter->handleRequest(null, Object(Config\Cache), false)
 8 SYSTEMPATH\Boot.php(363): CodeIgniter\CodeIgniter->run()
 9 SYSTEMPATH\Boot.php(68): CodeIgniter\Boot::runCodeIgniter(Object(CodeIgniter\CodeIgniter))
10 FCPATH\index.php(59): CodeIgniter\Boot::bootWeb(Object(Config\Paths))
DEBUG - 2025-12-03 02:11:35 --> Session: Class initialized using 'CodeIgniter\Session\Handlers\FileHandler' driver.
WARNING - 2025-12-03 02:11:35 --> [DEPRECATED] Optional parameter $filters declared before required parameter $id_dep is implicitly treated as a required parameter in APPPATH\Models\Model_arsip.php on line 303.
 1 SYSTEMPATH\Autoloader\Autoloader.php(315): include_once('C:\\xampp\\htdocs\\e-arsip_ci4\\system\\Debug\\Exceptions.php')
 2 SYSTEMPATH\Autoloader\Autoloader.php(295): CodeIgniter\Autoloader\Autoloader->includeFile('C:\\xampp\\htdocs\\e-arsip_ci4\\app\\Models\\Model_arsip.php')
 3 SYSTEMPATH\Autoloader\Autoloader.php(271): CodeIgniter\Autoloader\Autoloader->loadInNamespace('App\\Models\\Model_arsip')
 4 APPPATH\Controllers\Kategori.php(21): CodeIgniter\Autoloader\Autoloader->loadClass('App\\Models\\Model_arsip')
 5 SYSTEMPATH\CodeIgniter.php(903): App\Controllers\Kategori->__construct()
 6 SYSTEMPATH\CodeIgniter.php(498): CodeIgniter\CodeIgniter->createController()
 7 SYSTEMPATH\CodeIgniter.php(354): CodeIgniter\CodeIgniter->handleRequest(null, Object(Config\Cache), false)
 8 SYSTEMPATH\Boot.php(363): CodeIgniter\CodeIgniter->run()
 9 SYSTEMPATH\Boot.php(68): CodeIgniter\Boot::runCodeIgniter(Object(CodeIgniter\CodeIgniter))
10 FCPATH\index.php(59): CodeIgniter\Boot::bootWeb(Object(Config\Paths))
DEBUG - 2025-12-03 02:12:11 --> Session: Class initialized using 'CodeIgniter\Session\Handlers\FileHandler' driver.
WARNING - 2025-12-03 02:12:11 --> [DEPRECATED] Optional parameter $filters declared before required parameter $id_dep is implicitly treated as a required parameter in APPPATH\Models\Model_arsip.php on line 303.
 1 SYSTEMPATH\Autoloader\Autoloader.php(315): include_once('C:\\xampp\\htdocs\\e-arsip_ci4\\system\\Debug\\Exceptions.php')
 2 SYSTEMPATH\Autoloader\Autoloader.php(295): CodeIgniter\Autoloader\Autoloader->includeFile('C:\\xampp\\htdocs\\e-arsip_ci4\\app\\Models\\Model_arsip.php')
 3 SYSTEMPATH\Autoloader\Autoloader.php(271): CodeIgniter\Autoloader\Autoloader->loadInNamespace('App\\Models\\Model_arsip')
 4 APPPATH\Controllers\Kategori.php(21): CodeIgniter\Autoloader\Autoloader->loadClass('App\\Models\\Model_arsip')
 5 SYSTEMPATH\CodeIgniter.php(903): App\Controllers\Kategori->__construct()
 6 SYSTEMPATH\CodeIgniter.php(498): CodeIgniter\CodeIgniter->createController()
 7 SYSTEMPATH\CodeIgniter.php(354): CodeIgniter\CodeIgniter->handleRequest(null, Object(Config\Cache), false)
 8 SYSTEMPATH\Boot.php(363): CodeIgniter\CodeIgniter->run()
 9 SYSTEMPATH\Boot.php(68): CodeIgniter\Boot::runCodeIgniter(Object(CodeIgniter\CodeIgniter))
10 FCPATH\index.php(59): CodeIgniter\Boot::bootWeb(Object(Config\Paths))
DEBUG - 2025-12-03 02:12:11 --> AUDIT DEBUG -> id_user: 18, username: administrator
DEBUG - 2025-12-03 02:12:11 --> Session: Class initialized using 'CodeIgniter\Session\Handlers\FileHandler' driver.
WARNING - 2025-12-03 02:12:11 --> [DEPRECATED] Optional parameter $filters declared before required parameter $id_dep is implicitly treated as a required parameter in APPPATH\Models\Model_arsip.php on line 303.
 1 SYSTEMPATH\Autoloader\Autoloader.php(315): include_once('C:\\xampp\\htdocs\\e-arsip_ci4\\system\\Debug\\Exceptions.php')
 2 SYSTEMPATH\Autoloader\Autoloader.php(295): CodeIgniter\Autoloader\Autoloader->includeFile('C:\\xampp\\htdocs\\e-arsip_ci4\\app\\Models\\Model_arsip.php')
 3 SYSTEMPATH\Autoloader\Autoloader.php(271): CodeIgniter\Autoloader\Autoloader->loadInNamespace('App\\Models\\Model_arsip')
 4 APPPATH\Controllers\Kategori.php(21): CodeIgniter\Autoloader\Autoloader->loadClass('App\\Models\\Model_arsip')
 5 SYSTEMPATH\CodeIgniter.php(903): App\Controllers\Kategori->__construct()
 6 SYSTEMPATH\CodeIgniter.php(498): CodeIgniter\CodeIgniter->createController()
 7 SYSTEMPATH\CodeIgniter.php(354): CodeIgniter\CodeIgniter->handleRequest(null, Object(Config\Cache), false)
 8 SYSTEMPATH\Boot.php(363): CodeIgniter\CodeIgniter->run()
 9 SYSTEMPATH\Boot.php(68): CodeIgniter\Boot::runCodeIgniter(Object(CodeIgniter\CodeIgniter))
10 FCPATH\index.php(59): CodeIgniter\Boot::bootWeb(Object(Config\Paths))
DEBUG - 2025-12-03 02:12:28 --> Session: Class initialized using 'CodeIgniter\Session\Handlers\FileHandler' driver.
WARNING - 2025-12-03 02:12:28 --> [DEPRECATED] Optional parameter $filters declared before required parameter $id_dep is implicitly treated as a required parameter in APPPATH\Models\Model_arsip.php on line 303.
 1 SYSTEMPATH\Autoloader\Autoloader.php(315): include_once('C:\\xampp\\htdocs\\e-arsip_ci4\\system\\Debug\\Exceptions.php')
 2 SYSTEMPATH\Autoloader\Autoloader.php(295): CodeIgniter\Autoloader\Autoloader->includeFile('C:\\xampp\\htdocs\\e-arsip_ci4\\app\\Models\\Model_arsip.php')
 3 SYSTEMPATH\Autoloader\Autoloader.php(271): CodeIgniter\Autoloader\Autoloader->loadInNamespace('App\\Models\\Model_arsip')
 4 APPPATH\Controllers\Kategori.php(21): CodeIgniter\Autoloader\Autoloader->loadClass('App\\Models\\Model_arsip')
 5 SYSTEMPATH\CodeIgniter.php(903): App\Controllers\Kategori->__construct()
 6 SYSTEMPATH\CodeIgniter.php(498): CodeIgniter\CodeIgniter->createController()
 7 SYSTEMPATH\CodeIgniter.php(354): CodeIgniter\CodeIgniter->handleRequest(null, Object(Config\Cache), false)
 8 SYSTEMPATH\Boot.php(363): CodeIgniter\CodeIgniter->run()
 9 SYSTEMPATH\Boot.php(68): CodeIgniter\Boot::runCodeIgniter(Object(CodeIgniter\CodeIgniter))
10 FCPATH\index.php(59): CodeIgniter\Boot::bootWeb(Object(Config\Paths))
DEBUG - 2025-12-03 02:12:28 --> AUDIT DEBUG -> id_user: 18, username: administrator
DEBUG - 2025-12-03 02:12:29 --> Session: Class initialized using 'CodeIgniter\Session\Handlers\FileHandler' driver.
WARNING - 2025-12-03 02:12:29 --> [DEPRECATED] Optional parameter $filters declared before required parameter $id_dep is implicitly treated as a required parameter in APPPATH\Models\Model_arsip.php on line 303.
 1 SYSTEMPATH\Autoloader\Autoloader.php(315): include_once('C:\\xampp\\htdocs\\e-arsip_ci4\\system\\Debug\\Exceptions.php')
 2 SYSTEMPATH\Autoloader\Autoloader.php(295): CodeIgniter\Autoloader\Autoloader->includeFile('C:\\xampp\\htdocs\\e-arsip_ci4\\app\\Models\\Model_arsip.php')
 3 SYSTEMPATH\Autoloader\Autoloader.php(271): CodeIgniter\Autoloader\Autoloader->loadInNamespace('App\\Models\\Model_arsip')
 4 APPPATH\Controllers\Kategori.php(21): CodeIgniter\Autoloader\Autoloader->loadClass('App\\Models\\Model_arsip')
 5 SYSTEMPATH\CodeIgniter.php(903): App\Controllers\Kategori->__construct()
 6 SYSTEMPATH\CodeIgniter.php(498): CodeIgniter\CodeIgniter->createController()
 7 SYSTEMPATH\CodeIgniter.php(354): CodeIgniter\CodeIgniter->handleRequest(null, Object(Config\Cache), false)
 8 SYSTEMPATH\Boot.php(363): CodeIgniter\CodeIgniter->run()
 9 SYSTEMPATH\Boot.php(68): CodeIgniter\Boot::runCodeIgniter(Object(CodeIgniter\CodeIgniter))
10 FCPATH\index.php(59): CodeIgniter\Boot::bootWeb(Object(Config\Paths))
DEBUG - 2025-12-03 02:13:01 --> Session: Class initialized using 'CodeIgniter\Session\Handlers\FileHandler' driver.
WARNING - 2025-12-03 02:13:01 --> [DEPRECATED] Optional parameter $filters declared before required parameter $id_dep is implicitly treated as a required parameter in APPPATH\Models\Model_arsip.php on line 303.
 1 SYSTEMPATH\Autoloader\Autoloader.php(315): include_once('C:\\xampp\\htdocs\\e-arsip_ci4\\system\\Debug\\Exceptions.php')
 2 SYSTEMPATH\Autoloader\Autoloader.php(295): CodeIgniter\Autoloader\Autoloader->includeFile('C:\\xampp\\htdocs\\e-arsip_ci4\\app\\Models\\Model_arsip.php')
 3 SYSTEMPATH\Autoloader\Autoloader.php(271): CodeIgniter\Autoloader\Autoloader->loadInNamespace('App\\Models\\Model_arsip')
 4 APPPATH\Controllers\Kategori.php(21): CodeIgniter\Autoloader\Autoloader->loadClass('App\\Models\\Model_arsip')
 5 SYSTEMPATH\CodeIgniter.php(903): App\Controllers\Kategori->__construct()
 6 SYSTEMPATH\CodeIgniter.php(498): CodeIgniter\CodeIgniter->createController()
 7 SYSTEMPATH\CodeIgniter.php(354): CodeIgniter\CodeIgniter->handleRequest(null, Object(Config\Cache), false)
 8 SYSTEMPATH\Boot.php(363): CodeIgniter\CodeIgniter->run()
 9 SYSTEMPATH\Boot.php(68): CodeIgniter\Boot::runCodeIgniter(Object(CodeIgniter\CodeIgniter))
10 FCPATH\index.php(59): CodeIgniter\Boot::bootWeb(Object(Config\Paths))
DEBUG - 2025-12-03 02:13:01 --> AUDIT DEBUG -> id_user: 18, username: administrator
DEBUG - 2025-12-03 02:13:01 --> Session: Class initialized using 'CodeIgniter\Session\Handlers\FileHandler' driver.
WARNING - 2025-12-03 02:13:01 --> [DEPRECATED] Optional parameter $filters declared before required parameter $id_dep is implicitly treated as a required parameter in APPPATH\Models\Model_arsip.php on line 303.
 1 SYSTEMPATH\Autoloader\Autoloader.php(315): include_once('C:\\xampp\\htdocs\\e-arsip_ci4\\system\\Debug\\Exceptions.php')
 2 SYSTEMPATH\Autoloader\Autoloader.php(295): CodeIgniter\Autoloader\Autoloader->includeFile('C:\\xampp\\htdocs\\e-arsip_ci4\\app\\Models\\Model_arsip.php')
 3 SYSTEMPATH\Autoloader\Autoloader.php(271): CodeIgniter\Autoloader\Autoloader->loadInNamespace('App\\Models\\Model_arsip')
 4 APPPATH\Controllers\Kategori.php(21): CodeIgniter\Autoloader\Autoloader->loadClass('App\\Models\\Model_arsip')
 5 SYSTEMPATH\CodeIgniter.php(903): App\Controllers\Kategori->__construct()
 6 SYSTEMPATH\CodeIgniter.php(498): CodeIgniter\CodeIgniter->createController()
 7 SYSTEMPATH\CodeIgniter.php(354): CodeIgniter\CodeIgniter->handleRequest(null, Object(Config\Cache), false)
 8 SYSTEMPATH\Boot.php(363): CodeIgniter\CodeIgniter->run()
 9 SYSTEMPATH\Boot.php(68): CodeIgniter\Boot::runCodeIgniter(Object(CodeIgniter\CodeIgniter))
10 FCPATH\index.php(59): CodeIgniter\Boot::bootWeb(Object(Config\Paths))
DEBUG - 2025-12-03 02:13:48 --> Session: Class initialized using 'CodeIgniter\Session\Handlers\FileHandler' driver.
WARNING - 2025-12-03 02:13:48 --> [DEPRECATED] Optional parameter $filters declared before required parameter $id_dep is implicitly treated as a required parameter in APPPATH\Models\Model_arsip.php on line 303.
 1 SYSTEMPATH\Autoloader\Autoloader.php(315): include_once('C:\\xampp\\htdocs\\e-arsip_ci4\\system\\Debug\\Exceptions.php')
 2 SYSTEMPATH\Autoloader\Autoloader.php(295): CodeIgniter\Autoloader\Autoloader->includeFile('C:\\xampp\\htdocs\\e-arsip_ci4\\app\\Models\\Model_arsip.php')
 3 SYSTEMPATH\Autoloader\Autoloader.php(271): CodeIgniter\Autoloader\Autoloader->loadInNamespace('App\\Models\\Model_arsip')
 4 APPPATH\Controllers\Kategori.php(21): CodeIgniter\Autoloader\Autoloader->loadClass('App\\Models\\Model_arsip')
 5 SYSTEMPATH\CodeIgniter.php(903): App\Controllers\Kategori->__construct()
 6 SYSTEMPATH\CodeIgniter.php(498): CodeIgniter\CodeIgniter->createController()
 7 SYSTEMPATH\CodeIgniter.php(354): CodeIgniter\CodeIgniter->handleRequest(null, Object(Config\Cache), false)
 8 SYSTEMPATH\Boot.php(363): CodeIgniter\CodeIgniter->run()
 9 SYSTEMPATH\Boot.php(68): CodeIgniter\Boot::runCodeIgniter(Object(CodeIgniter\CodeIgniter))
10 FCPATH\index.php(59): CodeIgniter\Boot::bootWeb(Object(Config\Paths))
DEBUG - 2025-12-03 02:14:11 --> Session: Class initialized using 'CodeIgniter\Session\Handlers\FileHandler' driver.
WARNING - 2025-12-03 02:14:11 --> [DEPRECATED] Optional parameter $filters declared before required parameter $id_dep is implicitly treated as a required parameter in APPPATH\Models\Model_arsip.php on line 303.
 1 SYSTEMPATH\Autoloader\Autoloader.php(315): include_once('C:\\xampp\\htdocs\\e-arsip_ci4\\system\\Debug\\Exceptions.php')
 2 SYSTEMPATH\Autoloader\Autoloader.php(295): CodeIgniter\Autoloader\Autoloader->includeFile('C:\\xampp\\htdocs\\e-arsip_ci4\\app\\Models\\Model_arsip.php')
 3 SYSTEMPATH\Autoloader\Autoloader.php(271): CodeIgniter\Autoloader\Autoloader->loadInNamespace('App\\Models\\Model_arsip')
 4 APPPATH\Controllers\Arsip.php(26): CodeIgniter\Autoloader\Autoloader->loadClass('App\\Models\\Model_arsip')
 5 SYSTEMPATH\CodeIgniter.php(903): App\Controllers\Arsip->__construct()
 6 SYSTEMPATH\CodeIgniter.php(498): CodeIgniter\CodeIgniter->createController()
 7 SYSTEMPATH\CodeIgniter.php(354): CodeIgniter\CodeIgniter->handleRequest(null, Object(Config\Cache), false)
 8 SYSTEMPATH\Boot.php(363): CodeIgniter\CodeIgniter->run()
 9 SYSTEMPATH\Boot.php(68): CodeIgniter\Boot::runCodeIgniter(Object(CodeIgniter\CodeIgniter))
10 FCPATH\index.php(59): CodeIgniter\Boot::bootWeb(Object(Config\Paths))
DEBUG - 2025-12-03 02:14:17 --> Session: Class initialized using 'CodeIgniter\Session\Handlers\FileHandler' driver.
WARNING - 2025-12-03 02:14:17 --> [DEPRECATED] Optional parameter $filters declared before required parameter $id_dep is implicitly treated as a required parameter in APPPATH\Models\Model_arsip.php on line 303.
 1 SYSTEMPATH\Autoloader\Autoloader.php(315): include_once('C:\\xampp\\htdocs\\e-arsip_ci4\\system\\Debug\\Exceptions.php')
 2 SYSTEMPATH\Autoloader\Autoloader.php(295): CodeIgniter\Autoloader\Autoloader->includeFile('C:\\xampp\\htdocs\\e-arsip_ci4\\app\\Models\\Model_arsip.php')
 3 SYSTEMPATH\Autoloader\Autoloader.php(271): CodeIgniter\Autoloader\Autoloader->loadInNamespace('App\\Models\\Model_arsip')
 4 APPPATH\Controllers\Arsip.php(26): CodeIgniter\Autoloader\Autoloader->loadClass('App\\Models\\Model_arsip')
 5 SYSTEMPATH\CodeIgniter.php(903): App\Controllers\Arsip->__construct()
 6 SYSTEMPATH\CodeIgniter.php(498): CodeIgniter\CodeIgniter->createController()
 7 SYSTEMPATH\CodeIgniter.php(354): CodeIgniter\CodeIgniter->handleRequest(null, Object(Config\Cache), false)
 8 SYSTEMPATH\Boot.php(363): CodeIgniter\CodeIgniter->run()
 9 SYSTEMPATH\Boot.php(68): CodeIgniter\Boot::runCodeIgniter(Object(CodeIgniter\CodeIgniter))
10 FCPATH\index.php(59): CodeIgniter\Boot::bootWeb(Object(Config\Paths))
DEBUG - 2025-12-03 02:14:27 --> Session: Class initialized using 'CodeIgniter\Session\Handlers\FileHandler' driver.
WARNING - 2025-12-03 02:14:27 --> [DEPRECATED] Optional parameter $filters declared before required parameter $id_dep is implicitly treated as a required parameter in APPPATH\Models\Model_arsip.php on line 303.
 1 SYSTEMPATH\Autoloader\Autoloader.php(315): include_once('C:\\xampp\\htdocs\\e-arsip_ci4\\system\\Debug\\Exceptions.php')
 2 SYSTEMPATH\Autoloader\Autoloader.php(295): CodeIgniter\Autoloader\Autoloader->includeFile('C:\\xampp\\htdocs\\e-arsip_ci4\\app\\Models\\Model_arsip.php')
 3 SYSTEMPATH\Autoloader\Autoloader.php(271): CodeIgniter\Autoloader\Autoloader->loadInNamespace('App\\Models\\Model_arsip')
 4 APPPATH\Controllers\Kategori.php(21): CodeIgniter\Autoloader\Autoloader->loadClass('App\\Models\\Model_arsip')
 5 SYSTEMPATH\CodeIgniter.php(903): App\Controllers\Kategori->__construct()
 6 SYSTEMPATH\CodeIgniter.php(498): CodeIgniter\CodeIgniter->createController()
 7 SYSTEMPATH\CodeIgniter.php(354): CodeIgniter\CodeIgniter->handleRequest(null, Object(Config\Cache), false)
 8 SYSTEMPATH\Boot.php(363): CodeIgniter\CodeIgniter->run()
 9 SYSTEMPATH\Boot.php(68): CodeIgniter\Boot::runCodeIgniter(Object(CodeIgniter\CodeIgniter))
10 FCPATH\index.php(59): CodeIgniter\Boot::bootWeb(Object(Config\Paths))
DEBUG - 2025-12-03 02:15:04 --> Session: Class initialized using 'CodeIgniter\Session\Handlers\FileHandler' driver.
WARNING - 2025-12-03 02:15:04 --> [DEPRECATED] Optional parameter $filters declared before required parameter $id_dep is implicitly treated as a required parameter in APPPATH\Models\Model_arsip.php on line 303.
 1 SYSTEMPATH\Autoloader\Autoloader.php(315): include_once('C:\\xampp\\htdocs\\e-arsip_ci4\\system\\Debug\\Exceptions.php')
 2 SYSTEMPATH\Autoloader\Autoloader.php(295): CodeIgniter\Autoloader\Autoloader->includeFile('C:\\xampp\\htdocs\\e-arsip_ci4\\app\\Models\\Model_arsip.php')
 3 SYSTEMPATH\Autoloader\Autoloader.php(271): CodeIgniter\Autoloader\Autoloader->loadInNamespace('App\\Models\\Model_arsip')
 4 APPPATH\Controllers\Cari.php(20): CodeIgniter\Autoloader\Autoloader->loadClass('App\\Models\\Model_arsip')
 5 SYSTEMPATH\CodeIgniter.php(903): App\Controllers\Cari->__construct()
 6 SYSTEMPATH\CodeIgniter.php(498): CodeIgniter\CodeIgniter->createController()
 7 SYSTEMPATH\CodeIgniter.php(354): CodeIgniter\CodeIgniter->handleRequest(null, Object(Config\Cache), false)
 8 SYSTEMPATH\Boot.php(363): CodeIgniter\CodeIgniter->run()
 9 SYSTEMPATH\Boot.php(68): CodeIgniter\Boot::runCodeIgniter(Object(CodeIgniter\CodeIgniter))
10 FCPATH\index.php(59): CodeIgniter\Boot::bootWeb(Object(Config\Paths))
DEBUG - 2025-12-03 02:26:38 --> Session: Class initialized using 'CodeIgniter\Session\Handlers\FileHandler' driver.
WARNING - 2025-12-03 02:26:38 --> [DEPRECATED] Optional parameter $filters declared before required parameter $id_dep is implicitly treated as a required parameter in APPPATH\Models\Model_arsip.php on line 303.
 1 SYSTEMPATH\Autoloader\Autoloader.php(315): include_once('C:\\xampp\\htdocs\\e-arsip_ci4\\system\\Debug\\Exceptions.php')
 2 SYSTEMPATH\Autoloader\Autoloader.php(295): CodeIgniter\Autoloader\Autoloader->includeFile('C:\\xampp\\htdocs\\e-arsip_ci4\\app\\Models\\Model_arsip.php')
 3 SYSTEMPATH\Autoloader\Autoloader.php(271): CodeIgniter\Autoloader\Autoloader->loadInNamespace('App\\Models\\Model_arsip')
 4 APPPATH\Controllers\Kategori.php(21): CodeIgniter\Autoloader\Autoloader->loadClass('App\\Models\\Model_arsip')
 5 SYSTEMPATH\CodeIgniter.php(903): App\Controllers\Kategori->__construct()
 6 SYSTEMPATH\CodeIgniter.php(498): CodeIgniter\CodeIgniter->createController()
 7 SYSTEMPATH\CodeIgniter.php(354): CodeIgniter\CodeIgniter->handleRequest(null, Object(Config\Cache), false)
 8 SYSTEMPATH\Boot.php(363): CodeIgniter\CodeIgniter->run()
 9 SYSTEMPATH\Boot.php(68): CodeIgniter\Boot::runCodeIgniter(Object(CodeIgniter\CodeIgniter))
10 FCPATH\index.php(59): CodeIgniter\Boot::bootWeb(Object(Config\Paths))
DEBUG - 2025-12-03 02:28:25 --> Session: Class initialized using 'CodeIgniter\Session\Handlers\FileHandler' driver.
WARNING - 2025-12-03 02:28:25 --> [DEPRECATED] Optional parameter $filters declared before required parameter $id_dep is implicitly treated as a required parameter in APPPATH\Models\Model_arsip.php on line 303.
 1 SYSTEMPATH\Autoloader\Autoloader.php(315): include_once('C:\\xampp\\htdocs\\e-arsip_ci4\\system\\Debug\\Exceptions.php')
 2 SYSTEMPATH\Autoloader\Autoloader.php(295): CodeIgniter\Autoloader\Autoloader->includeFile('C:\\xampp\\htdocs\\e-arsip_ci4\\app\\Models\\Model_arsip.php')
 3 SYSTEMPATH\Autoloader\Autoloader.php(271): CodeIgniter\Autoloader\Autoloader->loadInNamespace('App\\Models\\Model_arsip')
 4 APPPATH\Controllers\Kategori.php(21): CodeIgniter\Autoloader\Autoloader->loadClass('App\\Models\\Model_arsip')
 5 SYSTEMPATH\CodeIgniter.php(903): App\Controllers\Kategori->__construct()
 6 SYSTEMPATH\CodeIgniter.php(498): CodeIgniter\CodeIgniter->createController()
 7 SYSTEMPATH\CodeIgniter.php(354): CodeIgniter\CodeIgniter->handleRequest(null, Object(Config\Cache), false)
 8 SYSTEMPATH\Boot.php(363): CodeIgniter\CodeIgniter->run()
 9 SYSTEMPATH\Boot.php(68): CodeIgniter\Boot::runCodeIgniter(Object(CodeIgniter\CodeIgniter))
10 FCPATH\index.php(59): CodeIgniter\Boot::bootWeb(Object(Config\Paths))
DEBUG - 2025-12-03 02:28:26 --> Session: Class initialized using 'CodeIgniter\Session\Handlers\FileHandler' driver.
WARNING - 2025-12-03 02:28:26 --> [DEPRECATED] Optional parameter $filters declared before required parameter $id_dep is implicitly treated as a required parameter in APPPATH\Models\Model_arsip.php on line 303.
 1 SYSTEMPATH\Autoloader\Autoloader.php(315): include_once('C:\\xampp\\htdocs\\e-arsip_ci4\\system\\Debug\\Exceptions.php')
 2 SYSTEMPATH\Autoloader\Autoloader.php(295): CodeIgniter\Autoloader\Autoloader->includeFile('C:\\xampp\\htdocs\\e-arsip_ci4\\app\\Models\\Model_arsip.php')
 3 SYSTEMPATH\Autoloader\Autoloader.php(271): CodeIgniter\Autoloader\Autoloader->loadInNamespace('App\\Models\\Model_arsip')
 4 APPPATH\Controllers\Kategori.php(21): CodeIgniter\Autoloader\Autoloader->loadClass('App\\Models\\Model_arsip')
 5 SYSTEMPATH\CodeIgniter.php(903): App\Controllers\Kategori->__construct()
 6 SYSTEMPATH\CodeIgniter.php(498): CodeIgniter\CodeIgniter->createController()
 7 SYSTEMPATH\CodeIgniter.php(354): CodeIgniter\CodeIgniter->handleRequest(null, Object(Config\Cache), false)
 8 SYSTEMPATH\Boot.php(363): CodeIgniter\CodeIgniter->run()
 9 SYSTEMPATH\Boot.php(68): CodeIgniter\Boot::runCodeIgniter(Object(CodeIgniter\CodeIgniter))
10 FCPATH\index.php(59): CodeIgniter\Boot::bootWeb(Object(Config\Paths))
DEBUG - 2025-12-03 02:28:27 --> Session: Class initialized using 'CodeIgniter\Session\Handlers\FileHandler' driver.
WARNING - 2025-12-03 02:28:27 --> [DEPRECATED] Optional parameter $filters declared before required parameter $id_dep is implicitly treated as a required parameter in APPPATH\Models\Model_arsip.php on line 303.
 1 SYSTEMPATH\Autoloader\Autoloader.php(315): include_once('C:\\xampp\\htdocs\\e-arsip_ci4\\system\\Debug\\Exceptions.php')
 2 SYSTEMPATH\Autoloader\Autoloader.php(295): CodeIgniter\Autoloader\Autoloader->includeFile('C:\\xampp\\htdocs\\e-arsip_ci4\\app\\Models\\Model_arsip.php')
 3 SYSTEMPATH\Autoloader\Autoloader.php(271): CodeIgniter\Autoloader\Autoloader->loadInNamespace('App\\Models\\Model_arsip')
 4 APPPATH\Controllers\Kategori.php(21): CodeIgniter\Autoloader\Autoloader->loadClass('App\\Models\\Model_arsip')
 5 SYSTEMPATH\CodeIgniter.php(903): App\Controllers\Kategori->__construct()
 6 SYSTEMPATH\CodeIgniter.php(498): CodeIgniter\CodeIgniter->createController()
 7 SYSTEMPATH\CodeIgniter.php(354): CodeIgniter\CodeIgniter->handleRequest(null, Object(Config\Cache), false)
 8 SYSTEMPATH\Boot.php(363): CodeIgniter\CodeIgniter->run()
 9 SYSTEMPATH\Boot.php(68): CodeIgniter\Boot::runCodeIgniter(Object(CodeIgniter\CodeIgniter))
10 FCPATH\index.php(59): CodeIgniter\Boot::bootWeb(Object(Config\Paths))
DEBUG - 2025-12-03 02:28:40 --> Session: Class initialized using 'CodeIgniter\Session\Handlers\FileHandler' driver.
DEBUG - 2025-12-03 02:28:40 --> Session: Class initialized using 'CodeIgniter\Session\Handlers\FileHandler' driver.
DEBUG - 2025-12-03 02:28:45 --> Session: Class initialized using 'CodeIgniter\Session\Handlers\FileHandler' driver.
DEBUG - 2025-12-03 02:28:45 --> Session: Class initialized using 'CodeIgniter\Session\Handlers\FileHandler' driver.
WARNING - 2025-12-03 02:28:45 --> [DEPRECATED] Optional parameter $filters declared before required parameter $id_dep is implicitly treated as a required parameter in APPPATH\Models\Model_arsip.php on line 303.
 1 SYSTEMPATH\Autoloader\Autoloader.php(315): include_once('C:\\xampp\\htdocs\\e-arsip_ci4\\system\\Debug\\Exceptions.php')
 2 SYSTEMPATH\Autoloader\Autoloader.php(295): CodeIgniter\Autoloader\Autoloader->includeFile('C:\\xampp\\htdocs\\e-arsip_ci4\\app\\Models\\Model_arsip.php')
 3 SYSTEMPATH\Autoloader\Autoloader.php(271): CodeIgniter\Autoloader\Autoloader->loadInNamespace('App\\Models\\Model_arsip')
 4 APPPATH\Controllers\Home.php(23): CodeIgniter\Autoloader\Autoloader->loadClass('App\\Models\\Model_arsip')
 5 SYSTEMPATH\CodeIgniter.php(903): App\Controllers\Home->__construct()
 6 SYSTEMPATH\CodeIgniter.php(498): CodeIgniter\CodeIgniter->createController()
 7 SYSTEMPATH\CodeIgniter.php(354): CodeIgniter\CodeIgniter->handleRequest(null, Object(Config\Cache), false)
 8 SYSTEMPATH\Boot.php(363): CodeIgniter\CodeIgniter->run()
 9 SYSTEMPATH\Boot.php(68): CodeIgniter\Boot::runCodeIgniter(Object(CodeIgniter\CodeIgniter))
10 FCPATH\index.php(59): CodeIgniter\Boot::bootWeb(Object(Config\Paths))
DEBUG - 2025-12-03 02:28:47 --> Session: Class initialized using 'CodeIgniter\Session\Handlers\FileHandler' driver.
WARNING - 2025-12-03 02:28:47 --> [DEPRECATED] Optional parameter $filters declared before required parameter $id_dep is implicitly treated as a required parameter in APPPATH\Models\Model_arsip.php on line 303.
 1 SYSTEMPATH\Autoloader\Autoloader.php(315): include_once('C:\\xampp\\htdocs\\e-arsip_ci4\\system\\Debug\\Exceptions.php')
 2 SYSTEMPATH\Autoloader\Autoloader.php(295): CodeIgniter\Autoloader\Autoloader->includeFile('C:\\xampp\\htdocs\\e-arsip_ci4\\app\\Models\\Model_arsip.php')
 3 SYSTEMPATH\Autoloader\Autoloader.php(271): CodeIgniter\Autoloader\Autoloader->loadInNamespace('App\\Models\\Model_arsip')
 4 APPPATH\Controllers\Kategori.php(21): CodeIgniter\Autoloader\Autoloader->loadClass('App\\Models\\Model_arsip')
 5 SYSTEMPATH\CodeIgniter.php(903): App\Controllers\Kategori->__construct()
 6 SYSTEMPATH\CodeIgniter.php(498): CodeIgniter\CodeIgniter->createController()
 7 SYSTEMPATH\CodeIgniter.php(354): CodeIgniter\CodeIgniter->handleRequest(null, Object(Config\Cache), false)
 8 SYSTEMPATH\Boot.php(363): CodeIgniter\CodeIgniter->run()
 9 SYSTEMPATH\Boot.php(68): CodeIgniter\Boot::runCodeIgniter(Object(CodeIgniter\CodeIgniter))
10 FCPATH\index.php(59): CodeIgniter\Boot::bootWeb(Object(Config\Paths))
DEBUG - 2025-12-03 02:28:55 --> Session: Class initialized using 'CodeIgniter\Session\Handlers\FileHandler' driver.
WARNING - 2025-12-03 02:28:55 --> [DEPRECATED] Optional parameter $filters declared before required parameter $id_dep is implicitly treated as a required parameter in APPPATH\Models\Model_arsip.php on line 303.
 1 SYSTEMPATH\Autoloader\Autoloader.php(315): include_once('C:\\xampp\\htdocs\\e-arsip_ci4\\system\\Debug\\Exceptions.php')
 2 SYSTEMPATH\Autoloader\Autoloader.php(295): CodeIgniter\Autoloader\Autoloader->includeFile('C:\\xampp\\htdocs\\e-arsip_ci4\\app\\Models\\Model_arsip.php')
 3 SYSTEMPATH\Autoloader\Autoloader.php(271): CodeIgniter\Autoloader\Autoloader->loadInNamespace('App\\Models\\Model_arsip')
 4 APPPATH\Controllers\Kategori.php(21): CodeIgniter\Autoloader\Autoloader->loadClass('App\\Models\\Model_arsip')
 5 SYSTEMPATH\CodeIgniter.php(903): App\Controllers\Kategori->__construct()
 6 SYSTEMPATH\CodeIgniter.php(498): CodeIgniter\CodeIgniter->createController()
 7 SYSTEMPATH\CodeIgniter.php(354): CodeIgniter\CodeIgniter->handleRequest(null, Object(Config\Cache), false)
 8 SYSTEMPATH\Boot.php(363): CodeIgniter\CodeIgniter->run()
 9 SYSTEMPATH\Boot.php(68): CodeIgniter\Boot::runCodeIgniter(Object(CodeIgniter\CodeIgniter))
10 FCPATH\index.php(59): CodeIgniter\Boot::bootWeb(Object(Config\Paths))
DEBUG - 2025-12-03 02:28:55 --> AUDIT DEBUG -> id_user: 49, username: dwiky_keu
DEBUG - 2025-12-03 02:28:55 --> Session: Class initialized using 'CodeIgniter\Session\Handlers\FileHandler' driver.
WARNING - 2025-12-03 02:28:55 --> [DEPRECATED] Optional parameter $filters declared before required parameter $id_dep is implicitly treated as a required parameter in APPPATH\Models\Model_arsip.php on line 303.
 1 SYSTEMPATH\Autoloader\Autoloader.php(315): include_once('C:\\xampp\\htdocs\\e-arsip_ci4\\system\\Debug\\Exceptions.php')
 2 SYSTEMPATH\Autoloader\Autoloader.php(295): CodeIgniter\Autoloader\Autoloader->includeFile('C:\\xampp\\htdocs\\e-arsip_ci4\\app\\Models\\Model_arsip.php')
 3 SYSTEMPATH\Autoloader\Autoloader.php(271): CodeIgniter\Autoloader\Autoloader->loadInNamespace('App\\Models\\Model_arsip')
 4 APPPATH\Controllers\Kategori.php(21): CodeIgniter\Autoloader\Autoloader->loadClass('App\\Models\\Model_arsip')
 5 SYSTEMPATH\CodeIgniter.php(903): App\Controllers\Kategori->__construct()
 6 SYSTEMPATH\CodeIgniter.php(498): CodeIgniter\CodeIgniter->createController()
 7 SYSTEMPATH\CodeIgniter.php(354): CodeIgniter\CodeIgniter->handleRequest(null, Object(Config\Cache), false)
 8 SYSTEMPATH\Boot.php(363): CodeIgniter\CodeIgniter->run()
 9 SYSTEMPATH\Boot.php(68): CodeIgniter\Boot::runCodeIgniter(Object(CodeIgniter\CodeIgniter))
10 FCPATH\index.php(59): CodeIgniter\Boot::bootWeb(Object(Config\Paths))
DEBUG - 2025-12-03 02:29:04 --> Session: Class initialized using 'CodeIgniter\Session\Handlers\FileHandler' driver.
WARNING - 2025-12-03 02:29:04 --> [DEPRECATED] Optional parameter $filters declared before required parameter $id_dep is implicitly treated as a required parameter in APPPATH\Models\Model_arsip.php on line 303.
 1 SYSTEMPATH\Autoloader\Autoloader.php(315): include_once('C:\\xampp\\htdocs\\e-arsip_ci4\\system\\Debug\\Exceptions.php')
 2 SYSTEMPATH\Autoloader\Autoloader.php(295): CodeIgniter\Autoloader\Autoloader->includeFile('C:\\xampp\\htdocs\\e-arsip_ci4\\app\\Models\\Model_arsip.php')
 3 SYSTEMPATH\Autoloader\Autoloader.php(271): CodeIgniter\Autoloader\Autoloader->loadInNamespace('App\\Models\\Model_arsip')
 4 APPPATH\Controllers\Kategori.php(21): CodeIgniter\Autoloader\Autoloader->loadClass('App\\Models\\Model_arsip')
 5 SYSTEMPATH\CodeIgniter.php(903): App\Controllers\Kategori->__construct()
 6 SYSTEMPATH\CodeIgniter.php(498): CodeIgniter\CodeIgniter->createController()
 7 SYSTEMPATH\CodeIgniter.php(354): CodeIgniter\CodeIgniter->handleRequest(null, Object(Config\Cache), false)
 8 SYSTEMPATH\Boot.php(363): CodeIgniter\CodeIgniter->run()
 9 SYSTEMPATH\Boot.php(68): CodeIgniter\Boot::runCodeIgniter(Object(CodeIgniter\CodeIgniter))
10 FCPATH\index.php(59): CodeIgniter\Boot::bootWeb(Object(Config\Paths))
DEBUG - 2025-12-03 02:29:04 --> AUDIT DEBUG -> id_user: 49, username: dwiky_keu
DEBUG - 2025-12-03 02:29:04 --> Session: Class initialized using 'CodeIgniter\Session\Handlers\FileHandler' driver.
WARNING - 2025-12-03 02:29:04 --> [DEPRECATED] Optional parameter $filters declared before required parameter $id_dep is implicitly treated as a required parameter in APPPATH\Models\Model_arsip.php on line 303.
 1 SYSTEMPATH\Autoloader\Autoloader.php(315): include_once('C:\\xampp\\htdocs\\e-arsip_ci4\\system\\Debug\\Exceptions.php')
 2 SYSTEMPATH\Autoloader\Autoloader.php(295): CodeIgniter\Autoloader\Autoloader->includeFile('C:\\xampp\\htdocs\\e-arsip_ci4\\app\\Models\\Model_arsip.php')
 3 SYSTEMPATH\Autoloader\Autoloader.php(271): CodeIgniter\Autoloader\Autoloader->loadInNamespace('App\\Models\\Model_arsip')
 4 APPPATH\Controllers\Kategori.php(21): CodeIgniter\Autoloader\Autoloader->loadClass('App\\Models\\Model_arsip')
 5 SYSTEMPATH\CodeIgniter.php(903): App\Controllers\Kategori->__construct()
 6 SYSTEMPATH\CodeIgniter.php(498): CodeIgniter\CodeIgniter->createController()
 7 SYSTEMPATH\CodeIgniter.php(354): CodeIgniter\CodeIgniter->handleRequest(null, Object(Config\Cache), false)
 8 SYSTEMPATH\Boot.php(363): CodeIgniter\CodeIgniter->run()
 9 SYSTEMPATH\Boot.php(68): CodeIgniter\Boot::runCodeIgniter(Object(CodeIgniter\CodeIgniter))
10 FCPATH\index.php(59): CodeIgniter\Boot::bootWeb(Object(Config\Paths))
DEBUG - 2025-12-03 02:29:13 --> Session: Class initialized using 'CodeIgniter\Session\Handlers\FileHandler' driver.
WARNING - 2025-12-03 02:29:13 --> [DEPRECATED] Optional parameter $filters declared before required parameter $id_dep is implicitly treated as a required parameter in APPPATH\Models\Model_arsip.php on line 303.
 1 SYSTEMPATH\Autoloader\Autoloader.php(315): include_once('C:\\xampp\\htdocs\\e-arsip_ci4\\system\\Debug\\Exceptions.php')
 2 SYSTEMPATH\Autoloader\Autoloader.php(295): CodeIgniter\Autoloader\Autoloader->includeFile('C:\\xampp\\htdocs\\e-arsip_ci4\\app\\Models\\Model_arsip.php')
 3 SYSTEMPATH\Autoloader\Autoloader.php(271): CodeIgniter\Autoloader\Autoloader->loadInNamespace('App\\Models\\Model_arsip')
 4 APPPATH\Controllers\Kategori.php(21): CodeIgniter\Autoloader\Autoloader->loadClass('App\\Models\\Model_arsip')
 5 SYSTEMPATH\CodeIgniter.php(903): App\Controllers\Kategori->__construct()
 6 SYSTEMPATH\CodeIgniter.php(498): CodeIgniter\CodeIgniter->createController()
 7 SYSTEMPATH\CodeIgniter.php(354): CodeIgniter\CodeIgniter->handleRequest(null, Object(Config\Cache), false)
 8 SYSTEMPATH\Boot.php(363): CodeIgniter\CodeIgniter->run()
 9 SYSTEMPATH\Boot.php(68): CodeIgniter\Boot::runCodeIgniter(Object(CodeIgniter\CodeIgniter))
10 FCPATH\index.php(59): CodeIgniter\Boot::bootWeb(Object(Config\Paths))
DEBUG - 2025-12-03 02:29:13 --> AUDIT DEBUG -> id_user: 49, username: dwiky_keu
DEBUG - 2025-12-03 02:29:13 --> Session: Class initialized using 'CodeIgniter\Session\Handlers\FileHandler' driver.
WARNING - 2025-12-03 02:29:13 --> [DEPRECATED] Optional parameter $filters declared before required parameter $id_dep is implicitly treated as a required parameter in APPPATH\Models\Model_arsip.php on line 303.
 1 SYSTEMPATH\Autoloader\Autoloader.php(315): include_once('C:\\xampp\\htdocs\\e-arsip_ci4\\system\\Debug\\Exceptions.php')
 2 SYSTEMPATH\Autoloader\Autoloader.php(295): CodeIgniter\Autoloader\Autoloader->includeFile('C:\\xampp\\htdocs\\e-arsip_ci4\\app\\Models\\Model_arsip.php')
 3 SYSTEMPATH\Autoloader\Autoloader.php(271): CodeIgniter\Autoloader\Autoloader->loadInNamespace('App\\Models\\Model_arsip')
 4 APPPATH\Controllers\Kategori.php(21): CodeIgniter\Autoloader\Autoloader->loadClass('App\\Models\\Model_arsip')
 5 SYSTEMPATH\CodeIgniter.php(903): App\Controllers\Kategori->__construct()
 6 SYSTEMPATH\CodeIgniter.php(498): CodeIgniter\CodeIgniter->createController()
 7 SYSTEMPATH\CodeIgniter.php(354): CodeIgniter\CodeIgniter->handleRequest(null, Object(Config\Cache), false)
 8 SYSTEMPATH\Boot.php(363): CodeIgniter\CodeIgniter->run()
 9 SYSTEMPATH\Boot.php(68): CodeIgniter\Boot::runCodeIgniter(Object(CodeIgniter\CodeIgniter))
10 FCPATH\index.php(59): CodeIgniter\Boot::bootWeb(Object(Config\Paths))
DEBUG - 2025-12-03 02:29:55 --> Session: Class initialized using 'CodeIgniter\Session\Handlers\FileHandler' driver.
WARNING - 2025-12-03 02:29:55 --> [DEPRECATED] Optional parameter $filters declared before required parameter $id_dep is implicitly treated as a required parameter in APPPATH\Models\Model_arsip.php on line 303.
 1 SYSTEMPATH\Autoloader\Autoloader.php(315): include_once('C:\\xampp\\htdocs\\e-arsip_ci4\\system\\Debug\\Exceptions.php')
 2 SYSTEMPATH\Autoloader\Autoloader.php(295): CodeIgniter\Autoloader\Autoloader->includeFile('C:\\xampp\\htdocs\\e-arsip_ci4\\app\\Models\\Model_arsip.php')
 3 SYSTEMPATH\Autoloader\Autoloader.php(271): CodeIgniter\Autoloader\Autoloader->loadInNamespace('App\\Models\\Model_arsip')
 4 APPPATH\Controllers\Cari.php(20): CodeIgniter\Autoloader\Autoloader->loadClass('App\\Models\\Model_arsip')
 5 SYSTEMPATH\CodeIgniter.php(903): App\Controllers\Cari->__construct()
 6 SYSTEMPATH\CodeIgniter.php(498): CodeIgniter\CodeIgniter->createController()
 7 SYSTEMPATH\CodeIgniter.php(354): CodeIgniter\CodeIgniter->handleRequest(null, Object(Config\Cache), false)
 8 SYSTEMPATH\Boot.php(363): CodeIgniter\CodeIgniter->run()
 9 SYSTEMPATH\Boot.php(68): CodeIgniter\Boot::runCodeIgniter(Object(CodeIgniter\CodeIgniter))
10 FCPATH\index.php(59): CodeIgniter\Boot::bootWeb(Object(Config\Paths))
DEBUG - 2025-12-03 02:29:58 --> Session: Class initialized using 'CodeIgniter\Session\Handlers\FileHandler' driver.
WARNING - 2025-12-03 02:29:58 --> [DEPRECATED] Optional parameter $filters declared before required parameter $id_dep is implicitly treated as a required parameter in APPPATH\Models\Model_arsip.php on line 303.
 1 SYSTEMPATH\Autoloader\Autoloader.php(315): include_once('C:\\xampp\\htdocs\\e-arsip_ci4\\system\\Debug\\Exceptions.php')
 2 SYSTEMPATH\Autoloader\Autoloader.php(295): CodeIgniter\Autoloader\Autoloader->includeFile('C:\\xampp\\htdocs\\e-arsip_ci4\\app\\Models\\Model_arsip.php')
 3 SYSTEMPATH\Autoloader\Autoloader.php(271): CodeIgniter\Autoloader\Autoloader->loadInNamespace('App\\Models\\Model_arsip')
 4 APPPATH\Controllers\Home.php(23): CodeIgniter\Autoloader\Autoloader->loadClass('App\\Models\\Model_arsip')
 5 SYSTEMPATH\CodeIgniter.php(903): App\Controllers\Home->__construct()
 6 SYSTEMPATH\CodeIgniter.php(498): CodeIgniter\CodeIgniter->createController()
 7 SYSTEMPATH\CodeIgniter.php(354): CodeIgniter\CodeIgniter->handleRequest(null, Object(Config\Cache), false)
 8 SYSTEMPATH\Boot.php(363): CodeIgniter\CodeIgniter->run()
 9 SYSTEMPATH\Boot.php(68): CodeIgniter\Boot::runCodeIgniter(Object(CodeIgniter\CodeIgniter))
10 FCPATH\index.php(59): CodeIgniter\Boot::bootWeb(Object(Config\Paths))
DEBUG - 2025-12-03 02:29:59 --> Session: Class initialized using 'CodeIgniter\Session\Handlers\FileHandler' driver.
DEBUG - 2025-12-03 02:30:00 --> Session: Class initialized using 'CodeIgniter\Session\Handlers\FileHandler' driver.
DEBUG - 2025-12-03 02:31:22 --> Session: Class initialized using 'CodeIgniter\Session\Handlers\FileHandler' driver.
WARNING - 2025-12-03 02:31:22 --> [DEPRECATED] Optional parameter $filters declared before required parameter $id_dep is implicitly treated as a required parameter in APPPATH\Models\Model_arsip.php on line 303.
 1 SYSTEMPATH\Autoloader\Autoloader.php(315): include_once('C:\\xampp\\htdocs\\e-arsip_ci4\\system\\Debug\\Exceptions.php')
 2 SYSTEMPATH\Autoloader\Autoloader.php(295): CodeIgniter\Autoloader\Autoloader->includeFile('C:\\xampp\\htdocs\\e-arsip_ci4\\app\\Models\\Model_arsip.php')
 3 SYSTEMPATH\Autoloader\Autoloader.php(271): CodeIgniter\Autoloader\Autoloader->loadInNamespace('App\\Models\\Model_arsip')
 4 APPPATH\Controllers\Arsip.php(26): CodeIgniter\Autoloader\Autoloader->loadClass('App\\Models\\Model_arsip')
 5 SYSTEMPATH\CodeIgniter.php(903): App\Controllers\Arsip->__construct()
 6 SYSTEMPATH\CodeIgniter.php(498): CodeIgniter\CodeIgniter->createController()
 7 SYSTEMPATH\CodeIgniter.php(354): CodeIgniter\CodeIgniter->handleRequest(null, Object(Config\Cache), false)
 8 SYSTEMPATH\Boot.php(363): CodeIgniter\CodeIgniter->run()
 9 SYSTEMPATH\Boot.php(68): CodeIgniter\Boot::runCodeIgniter(Object(CodeIgniter\CodeIgniter))
10 FCPATH\index.php(59): CodeIgniter\Boot::bootWeb(Object(Config\Paths))
DEBUG - 2025-12-03 02:42:35 --> Session: Class initialized using 'CodeIgniter\Session\Handlers\FileHandler' driver.
WARNING - 2025-12-03 02:42:35 --> [DEPRECATED] Optional parameter $filters declared before required parameter $id_dep is implicitly treated as a required parameter in APPPATH\Models\Model_arsip.php on line 303.
 1 SYSTEMPATH\Autoloader\Autoloader.php(315): include_once('C:\\xampp\\htdocs\\e-arsip_ci4\\system\\Debug\\Exceptions.php')
 2 SYSTEMPATH\Autoloader\Autoloader.php(295): CodeIgniter\Autoloader\Autoloader->includeFile('C:\\xampp\\htdocs\\e-arsip_ci4\\app\\Models\\Model_arsip.php')
 3 SYSTEMPATH\Autoloader\Autoloader.php(271): CodeIgniter\Autoloader\Autoloader->loadInNamespace('App\\Models\\Model_arsip')
 4 APPPATH\Controllers\Kategori.php(21): CodeIgniter\Autoloader\Autoloader->loadClass('App\\Models\\Model_arsip')
 5 SYSTEMPATH\CodeIgniter.php(903): App\Controllers\Kategori->__construct()
 6 SYSTEMPATH\CodeIgniter.php(498): CodeIgniter\CodeIgniter->createController()
 7 SYSTEMPATH\CodeIgniter.php(354): CodeIgniter\CodeIgniter->handleRequest(null, Object(Config\Cache), false)
 8 SYSTEMPATH\Boot.php(363): CodeIgniter\CodeIgniter->run()
 9 SYSTEMPATH\Boot.php(68): CodeIgniter\Boot::runCodeIgniter(Object(CodeIgniter\CodeIgniter))
10 FCPATH\index.php(59): CodeIgniter\Boot::bootWeb(Object(Config\Paths))
DEBUG - 2025-12-03 02:42:47 --> Session: Class initialized using 'CodeIgniter\Session\Handlers\FileHandler' driver.
WARNING - 2025-12-03 02:42:47 --> [DEPRECATED] Optional parameter $filters declared before required parameter $id_dep is implicitly treated as a required parameter in APPPATH\Models\Model_arsip.php on line 303.
 1 SYSTEMPATH\Autoloader\Autoloader.php(315): include_once('C:\\xampp\\htdocs\\e-arsip_ci4\\system\\Debug\\Exceptions.php')
 2 SYSTEMPATH\Autoloader\Autoloader.php(295): CodeIgniter\Autoloader\Autoloader->includeFile('C:\\xampp\\htdocs\\e-arsip_ci4\\app\\Models\\Model_arsip.php')
 3 SYSTEMPATH\Autoloader\Autoloader.php(271): CodeIgniter\Autoloader\Autoloader->loadInNamespace('App\\Models\\Model_arsip')
 4 APPPATH\Controllers\Kategori.php(21): CodeIgniter\Autoloader\Autoloader->loadClass('App\\Models\\Model_arsip')
 5 SYSTEMPATH\CodeIgniter.php(903): App\Controllers\Kategori->__construct()
 6 SYSTEMPATH\CodeIgniter.php(498): CodeIgniter\CodeIgniter->createController()
 7 SYSTEMPATH\CodeIgniter.php(354): CodeIgniter\CodeIgniter->handleRequest(null, Object(Config\Cache), false)
 8 SYSTEMPATH\Boot.php(363): CodeIgniter\CodeIgniter->run()
 9 SYSTEMPATH\Boot.php(68): CodeIgniter\Boot::runCodeIgniter(Object(CodeIgniter\CodeIgniter))
10 FCPATH\index.php(59): CodeIgniter\Boot::bootWeb(Object(Config\Paths))
DEBUG - 2025-12-03 02:42:47 --> AUDIT DEBUG -> id_user: 49, username: dwiky_keu
DEBUG - 2025-12-03 02:42:47 --> Session: Class initialized using 'CodeIgniter\Session\Handlers\FileHandler' driver.
WARNING - 2025-12-03 02:42:47 --> [DEPRECATED] Optional parameter $filters declared before required parameter $id_dep is implicitly treated as a required parameter in APPPATH\Models\Model_arsip.php on line 303.
 1 SYSTEMPATH\Autoloader\Autoloader.php(315): include_once('C:\\xampp\\htdocs\\e-arsip_ci4\\system\\Debug\\Exceptions.php')
 2 SYSTEMPATH\Autoloader\Autoloader.php(295): CodeIgniter\Autoloader\Autoloader->includeFile('C:\\xampp\\htdocs\\e-arsip_ci4\\app\\Models\\Model_arsip.php')
 3 SYSTEMPATH\Autoloader\Autoloader.php(271): CodeIgniter\Autoloader\Autoloader->loadInNamespace('App\\Models\\Model_arsip')
 4 APPPATH\Controllers\Kategori.php(21): CodeIgniter\Autoloader\Autoloader->loadClass('App\\Models\\Model_arsip')
 5 SYSTEMPATH\CodeIgniter.php(903): App\Controllers\Kategori->__construct()
 6 SYSTEMPATH\CodeIgniter.php(498): CodeIgniter\CodeIgniter->createController()
 7 SYSTEMPATH\CodeIgniter.php(354): CodeIgniter\CodeIgniter->handleRequest(null, Object(Config\Cache), false)
 8 SYSTEMPATH\Boot.php(363): CodeIgniter\CodeIgniter->run()
 9 SYSTEMPATH\Boot.php(68): CodeIgniter\Boot::runCodeIgniter(Object(CodeIgniter\CodeIgniter))
10 FCPATH\index.php(59): CodeIgniter\Boot::bootWeb(Object(Config\Paths))
DEBUG - 2025-12-03 02:58:37 --> Session: Class initialized using 'CodeIgniter\Session\Handlers\FileHandler' driver.
DEBUG - 2025-12-03 02:58:38 --> Session: Class initialized using 'CodeIgniter\Session\Handlers\FileHandler' driver.
DEBUG - 2025-12-03 02:58:56 --> Session: Class initialized using 'CodeIgniter\Session\Handlers\FileHandler' driver.
DEBUG - 2025-12-03 02:58:56 --> Session: Class initialized using 'CodeIgniter\Session\Handlers\FileHandler' driver.
WARNING - 2025-12-03 02:58:56 --> [DEPRECATED] Optional parameter $filters declared before required parameter $id_dep is implicitly treated as a required parameter in APPPATH\Models\Model_arsip.php on line 303.
 1 SYSTEMPATH\Autoloader\Autoloader.php(315): include_once('C:\\xampp\\htdocs\\e-arsip_ci4\\system\\Debug\\Exceptions.php')
 2 SYSTEMPATH\Autoloader\Autoloader.php(295): CodeIgniter\Autoloader\Autoloader->includeFile('C:\\xampp\\htdocs\\e-arsip_ci4\\app\\Models\\Model_arsip.php')
 3 SYSTEMPATH\Autoloader\Autoloader.php(271): CodeIgniter\Autoloader\Autoloader->loadInNamespace('App\\Models\\Model_arsip')
 4 APPPATH\Controllers\Home.php(23): CodeIgniter\Autoloader\Autoloader->loadClass('App\\Models\\Model_arsip')
 5 SYSTEMPATH\CodeIgniter.php(903): App\Controllers\Home->__construct()
 6 SYSTEMPATH\CodeIgniter.php(498): CodeIgniter\CodeIgniter->createController()
 7 SYSTEMPATH\CodeIgniter.php(354): CodeIgniter\CodeIgniter->handleRequest(null, Object(Config\Cache), false)
 8 SYSTEMPATH\Boot.php(363): CodeIgniter\CodeIgniter->run()
 9 SYSTEMPATH\Boot.php(68): CodeIgniter\Boot::runCodeIgniter(Object(CodeIgniter\CodeIgniter))
10 FCPATH\index.php(59): CodeIgniter\Boot::bootWeb(Object(Config\Paths))
DEBUG - 2025-12-03 02:58:59 --> Session: Class initialized using 'CodeIgniter\Session\Handlers\FileHandler' driver.
DEBUG - 2025-12-03 02:59:00 --> Session: Class initialized using 'CodeIgniter\Session\Handlers\FileHandler' driver.
DEBUG - 2025-12-03 02:59:02 --> Session: Class initialized using 'CodeIgniter\Session\Handlers\FileHandler' driver.
WARNING - 2025-12-03 02:59:02 --> [DEPRECATED] Optional parameter $filters declared before required parameter $id_dep is implicitly treated as a required parameter in APPPATH\Models\Model_arsip.php on line 303.
 1 SYSTEMPATH\Autoloader\Autoloader.php(315): include_once('C:\\xampp\\htdocs\\e-arsip_ci4\\system\\Debug\\Exceptions.php')
 2 SYSTEMPATH\Autoloader\Autoloader.php(295): CodeIgniter\Autoloader\Autoloader->includeFile('C:\\xampp\\htdocs\\e-arsip_ci4\\app\\Models\\Model_arsip.php')
 3 SYSTEMPATH\Autoloader\Autoloader.php(271): CodeIgniter\Autoloader\Autoloader->loadInNamespace('App\\Models\\Model_arsip')
 4 APPPATH\Controllers\Arsip.php(26): CodeIgniter\Autoloader\Autoloader->loadClass('App\\Models\\Model_arsip')
 5 SYSTEMPATH\CodeIgniter.php(903): App\Controllers\Arsip->__construct()
 6 SYSTEMPATH\CodeIgniter.php(498): CodeIgniter\CodeIgniter->createController()
 7 SYSTEMPATH\CodeIgniter.php(354): CodeIgniter\CodeIgniter->handleRequest(null, Object(Config\Cache), false)
 8 SYSTEMPATH\Boot.php(363): CodeIgniter\CodeIgniter->run()
 9 SYSTEMPATH\Boot.php(68): CodeIgniter\Boot::runCodeIgniter(Object(CodeIgniter\CodeIgniter))
10 FCPATH\index.php(59): CodeIgniter\Boot::bootWeb(Object(Config\Paths))
DEBUG - 2025-12-03 02:59:04 --> Session: Class initialized using 'CodeIgniter\Session\Handlers\FileHandler' driver.
WARNING - 2025-12-03 02:59:04 --> [DEPRECATED] Optional parameter $filters declared before required parameter $id_dep is implicitly treated as a required parameter in APPPATH\Models\Model_arsip.php on line 303.
 1 SYSTEMPATH\Autoloader\Autoloader.php(315): include_once('C:\\xampp\\htdocs\\e-arsip_ci4\\system\\Debug\\Exceptions.php')
 2 SYSTEMPATH\Autoloader\Autoloader.php(295): CodeIgniter\Autoloader\Autoloader->includeFile('C:\\xampp\\htdocs\\e-arsip_ci4\\app\\Models\\Model_arsip.php')
 3 SYSTEMPATH\Autoloader\Autoloader.php(271): CodeIgniter\Autoloader\Autoloader->loadInNamespace('App\\Models\\Model_arsip')
 4 APPPATH\Controllers\Kategori.php(21): CodeIgniter\Autoloader\Autoloader->loadClass('App\\Models\\Model_arsip')
 5 SYSTEMPATH\CodeIgniter.php(903): App\Controllers\Kategori->__construct()
 6 SYSTEMPATH\CodeIgniter.php(498): CodeIgniter\CodeIgniter->createController()
 7 SYSTEMPATH\CodeIgniter.php(354): CodeIgniter\CodeIgniter->handleRequest(null, Object(Config\Cache), false)
 8 SYSTEMPATH\Boot.php(363): CodeIgniter\CodeIgniter->run()
 9 SYSTEMPATH\Boot.php(68): CodeIgniter\Boot::runCodeIgniter(Object(CodeIgniter\CodeIgniter))
10 FCPATH\index.php(59): CodeIgniter\Boot::bootWeb(Object(Config\Paths))
DEBUG - 2025-12-03 02:59:06 --> Session: Class initialized using 'CodeIgniter\Session\Handlers\FileHandler' driver.
WARNING - 2025-12-03 02:59:06 --> [DEPRECATED] Optional parameter $filters declared before required parameter $id_dep is implicitly treated as a required parameter in APPPATH\Models\Model_arsip.php on line 303.
 1 SYSTEMPATH\Autoloader\Autoloader.php(315): include_once('C:\\xampp\\htdocs\\e-arsip_ci4\\system\\Debug\\Exceptions.php')
 2 SYSTEMPATH\Autoloader\Autoloader.php(295): CodeIgniter\Autoloader\Autoloader->includeFile('C:\\xampp\\htdocs\\e-arsip_ci4\\app\\Models\\Model_arsip.php')
 3 SYSTEMPATH\Autoloader\Autoloader.php(271): CodeIgniter\Autoloader\Autoloader->loadInNamespace('App\\Models\\Model_arsip')
 4 APPPATH\Controllers\Arsip.php(26): CodeIgniter\Autoloader\Autoloader->loadClass('App\\Models\\Model_arsip')
 5 SYSTEMPATH\CodeIgniter.php(903): App\Controllers\Arsip->__construct()
 6 SYSTEMPATH\CodeIgniter.php(498): CodeIgniter\CodeIgniter->createController()
 7 SYSTEMPATH\CodeIgniter.php(354): CodeIgniter\CodeIgniter->handleRequest(null, Object(Config\Cache), false)
 8 SYSTEMPATH\Boot.php(363): CodeIgniter\CodeIgniter->run()
 9 SYSTEMPATH\Boot.php(68): CodeIgniter\Boot::runCodeIgniter(Object(CodeIgniter\CodeIgniter))
10 FCPATH\index.php(59): CodeIgniter\Boot::bootWeb(Object(Config\Paths))
DEBUG - 2025-12-03 02:59:07 --> Session: Class initialized using 'CodeIgniter\Session\Handlers\FileHandler' driver.
WARNING - 2025-12-03 02:59:07 --> [DEPRECATED] Optional parameter $filters declared before required parameter $id_dep is implicitly treated as a required parameter in APPPATH\Models\Model_arsip.php on line 303.
 1 SYSTEMPATH\Autoloader\Autoloader.php(315): include_once('C:\\xampp\\htdocs\\e-arsip_ci4\\system\\Debug\\Exceptions.php')
 2 SYSTEMPATH\Autoloader\Autoloader.php(295): CodeIgniter\Autoloader\Autoloader->includeFile('C:\\xampp\\htdocs\\e-arsip_ci4\\app\\Models\\Model_arsip.php')
 3 SYSTEMPATH\Autoloader\Autoloader.php(271): CodeIgniter\Autoloader\Autoloader->loadInNamespace('App\\Models\\Model_arsip')
 4 APPPATH\Controllers\Kategori.php(21): CodeIgniter\Autoloader\Autoloader->loadClass('App\\Models\\Model_arsip')
 5 SYSTEMPATH\CodeIgniter.php(903): App\Controllers\Kategori->__construct()
 6 SYSTEMPATH\CodeIgniter.php(498): CodeIgniter\CodeIgniter->createController()
 7 SYSTEMPATH\CodeIgniter.php(354): CodeIgniter\CodeIgniter->handleRequest(null, Object(Config\Cache), false)
 8 SYSTEMPATH\Boot.php(363): CodeIgniter\CodeIgniter->run()
 9 SYSTEMPATH\Boot.php(68): CodeIgniter\Boot::runCodeIgniter(Object(CodeIgniter\CodeIgniter))
10 FCPATH\index.php(59): CodeIgniter\Boot::bootWeb(Object(Config\Paths))
DEBUG - 2025-12-03 02:59:14 --> Session: Class initialized using 'CodeIgniter\Session\Handlers\FileHandler' driver.
DEBUG - 2025-12-03 02:59:28 --> Session: Class initialized using 'CodeIgniter\Session\Handlers\FileHandler' driver.
DEBUG - 2025-12-03 02:59:30 --> Session: Class initialized using 'CodeIgniter\Session\Handlers\FileHandler' driver.
DEBUG - 2025-12-03 03:13:53 --> Session: Class initialized using 'CodeIgniter\Session\Handlers\FileHandler' driver.
DEBUG - 2025-12-03 03:13:53 --> Session: Class initialized using 'CodeIgniter\Session\Handlers\FileHandler' driver.
DEBUG - 2025-12-03 03:17:04 --> Session: Class initialized using 'CodeIgniter\Session\Handlers\FileHandler' driver.
DEBUG - 2025-12-03 03:17:14 --> Session: Class initialized using 'CodeIgniter\Session\Handlers\FileHandler' driver.
DEBUG - 2025-12-03 03:17:14 --> Session: Class initialized using 'CodeIgniter\Session\Handlers\FileHandler' driver.
WARNING - 2025-12-03 03:17:14 --> [DEPRECATED] Optional parameter $filters declared before required parameter $id_dep is implicitly treated as a required parameter in APPPATH\Models\Model_arsip.php on line 303.
 1 SYSTEMPATH\Autoloader\Autoloader.php(315): include_once('C:\\xampp\\htdocs\\e-arsip_ci4\\system\\Debug\\Exceptions.php')
 2 SYSTEMPATH\Autoloader\Autoloader.php(295): CodeIgniter\Autoloader\Autoloader->includeFile('C:\\xampp\\htdocs\\e-arsip_ci4\\app\\Models\\Model_arsip.php')
 3 SYSTEMPATH\Autoloader\Autoloader.php(271): CodeIgniter\Autoloader\Autoloader->loadInNamespace('App\\Models\\Model_arsip')
 4 APPPATH\Controllers\Home.php(23): CodeIgniter\Autoloader\Autoloader->loadClass('App\\Models\\Model_arsip')
 5 SYSTEMPATH\CodeIgniter.php(903): App\Controllers\Home->__construct()
 6 SYSTEMPATH\CodeIgniter.php(498): CodeIgniter\CodeIgniter->createController()
 7 SYSTEMPATH\CodeIgniter.php(354): CodeIgniter\CodeIgniter->handleRequest(null, Object(Config\Cache), false)
 8 SYSTEMPATH\Boot.php(363): CodeIgniter\CodeIgniter->run()
 9 SYSTEMPATH\Boot.php(68): CodeIgniter\Boot::runCodeIgniter(Object(CodeIgniter\CodeIgniter))
10 FCPATH\index.php(59): CodeIgniter\Boot::bootWeb(Object(Config\Paths))
DEBUG - 2025-12-03 03:17:16 --> Session: Class initialized using 'CodeIgniter\Session\Handlers\FileHandler' driver.
WARNING - 2025-12-03 03:17:16 --> [DEPRECATED] Optional parameter $filters declared before required parameter $id_dep is implicitly treated as a required parameter in APPPATH\Models\Model_arsip.php on line 303.
 1 SYSTEMPATH\Autoloader\Autoloader.php(315): include_once('C:\\xampp\\htdocs\\e-arsip_ci4\\system\\Debug\\Exceptions.php')
 2 SYSTEMPATH\Autoloader\Autoloader.php(295): CodeIgniter\Autoloader\Autoloader->includeFile('C:\\xampp\\htdocs\\e-arsip_ci4\\app\\Models\\Model_arsip.php')
 3 SYSTEMPATH\Autoloader\Autoloader.php(271): CodeIgniter\Autoloader\Autoloader->loadInNamespace('App\\Models\\Model_arsip')
 4 APPPATH\Controllers\Cari.php(20): CodeIgniter\Autoloader\Autoloader->loadClass('App\\Models\\Model_arsip')
 5 SYSTEMPATH\CodeIgniter.php(903): App\Controllers\Cari->__construct()
 6 SYSTEMPATH\CodeIgniter.php(498): CodeIgniter\CodeIgniter->createController()
 7 SYSTEMPATH\CodeIgniter.php(354): CodeIgniter\CodeIgniter->handleRequest(null, Object(Config\Cache), false)
 8 SYSTEMPATH\Boot.php(363): CodeIgniter\CodeIgniter->run()
 9 SYSTEMPATH\Boot.php(68): CodeIgniter\Boot::runCodeIgniter(Object(CodeIgniter\CodeIgniter))
10 FCPATH\index.php(59): CodeIgniter\Boot::bootWeb(Object(Config\Paths))
DEBUG - 2025-12-03 03:17:18 --> Session: Class initialized using 'CodeIgniter\Session\Handlers\FileHandler' driver.
WARNING - 2025-12-03 03:17:18 --> [DEPRECATED] Optional parameter $filters declared before required parameter $id_dep is implicitly treated as a required parameter in APPPATH\Models\Model_arsip.php on line 303.
 1 SYSTEMPATH\Autoloader\Autoloader.php(315): include_once('C:\\xampp\\htdocs\\e-arsip_ci4\\system\\Debug\\Exceptions.php')
 2 SYSTEMPATH\Autoloader\Autoloader.php(295): CodeIgniter\Autoloader\Autoloader->includeFile('C:\\xampp\\htdocs\\e-arsip_ci4\\app\\Models\\Model_arsip.php')
 3 SYSTEMPATH\Autoloader\Autoloader.php(271): CodeIgniter\Autoloader\Autoloader->loadInNamespace('App\\Models\\Model_arsip')
 4 APPPATH\Controllers\Kategori.php(21): CodeIgniter\Autoloader\Autoloader->loadClass('App\\Models\\Model_arsip')
 5 SYSTEMPATH\CodeIgniter.php(903): App\Controllers\Kategori->__construct()
 6 SYSTEMPATH\CodeIgniter.php(498): CodeIgniter\CodeIgniter->createController()
 7 SYSTEMPATH\CodeIgniter.php(354): CodeIgniter\CodeIgniter->handleRequest(null, Object(Config\Cache), false)
 8 SYSTEMPATH\Boot.php(363): CodeIgniter\CodeIgniter->run()
 9 SYSTEMPATH\Boot.php(68): CodeIgniter\Boot::runCodeIgniter(Object(CodeIgniter\CodeIgniter))
10 FCPATH\index.php(59): CodeIgniter\Boot::bootWeb(Object(Config\Paths))
DEBUG - 2025-12-03 03:17:20 --> Session: Class initialized using 'CodeIgniter\Session\Handlers\FileHandler' driver.
WARNING - 2025-12-03 03:17:20 --> [DEPRECATED] Optional parameter $filters declared before required parameter $id_dep is implicitly treated as a required parameter in APPPATH\Models\Model_arsip.php on line 303.
 1 SYSTEMPATH\Autoloader\Autoloader.php(315): include_once('C:\\xampp\\htdocs\\e-arsip_ci4\\system\\Debug\\Exceptions.php')
 2 SYSTEMPATH\Autoloader\Autoloader.php(295): CodeIgniter\Autoloader\Autoloader->includeFile('C:\\xampp\\htdocs\\e-arsip_ci4\\app\\Models\\Model_arsip.php')
 3 SYSTEMPATH\Autoloader\Autoloader.php(271): CodeIgniter\Autoloader\Autoloader->loadInNamespace('App\\Models\\Model_arsip')
 4 APPPATH\Controllers\Kategori.php(21): CodeIgniter\Autoloader\Autoloader->loadClass('App\\Models\\Model_arsip')
 5 SYSTEMPATH\CodeIgniter.php(903): App\Controllers\Kategori->__construct()
 6 SYSTEMPATH\CodeIgniter.php(498): CodeIgniter\CodeIgniter->createController()
 7 SYSTEMPATH\CodeIgniter.php(354): CodeIgniter\CodeIgniter->handleRequest(null, Object(Config\Cache), false)
 8 SYSTEMPATH\Boot.php(363): CodeIgniter\CodeIgniter->run()
 9 SYSTEMPATH\Boot.php(68): CodeIgniter\Boot::runCodeIgniter(Object(CodeIgniter\CodeIgniter))
10 FCPATH\index.php(59): CodeIgniter\Boot::bootWeb(Object(Config\Paths))
DEBUG - 2025-12-03 04:10:51 --> Session: Class initialized using 'CodeIgniter\Session\Handlers\FileHandler' driver.
DEBUG - 2025-12-03 04:10:53 --> Session: Class initialized using 'CodeIgniter\Session\Handlers\FileHandler' driver.
DEBUG - 2025-12-03 04:41:40 --> Session: Class initialized using 'CodeIgniter\Session\Handlers\FileHandler' driver.
DEBUG - 2025-12-03 04:41:41 --> Session: Class initialized using 'CodeIgniter\Session\Handlers\FileHandler' driver.
DEBUG - 2025-12-03 04:47:40 --> Session: Class initialized using 'CodeIgniter\Session\Handlers\FileHandler' driver.
DEBUG - 2025-12-03 04:47:40 --> Session: Class initialized using 'CodeIgniter\Session\Handlers\FileHandler' driver.
DEBUG - 2025-12-03 04:47:51 --> Session: Class initialized using 'CodeIgniter\Session\Handlers\FileHandler' driver.
DEBUG - 2025-12-03 04:47:51 --> Session: Class initialized using 'CodeIgniter\Session\Handlers\FileHandler' driver.
WARNING - 2025-12-03 04:47:51 --> [DEPRECATED] Optional parameter $filters declared before required parameter $id_dep is implicitly treated as a required parameter in APPPATH\Models\Model_arsip.php on line 303.
 1 SYSTEMPATH\Autoloader\Autoloader.php(315): include_once('C:\\xampp\\htdocs\\e-arsip_ci4\\system\\Debug\\Exceptions.php')
 2 SYSTEMPATH\Autoloader\Autoloader.php(295): CodeIgniter\Autoloader\Autoloader->includeFile('C:\\xampp\\htdocs\\e-arsip_ci4\\app\\Models\\Model_arsip.php')
 3 SYSTEMPATH\Autoloader\Autoloader.php(271): CodeIgniter\Autoloader\Autoloader->loadInNamespace('App\\Models\\Model_arsip')
 4 APPPATH\Controllers\Home.php(23): CodeIgniter\Autoloader\Autoloader->loadClass('App\\Models\\Model_arsip')
 5 SYSTEMPATH\CodeIgniter.php(903): App\Controllers\Home->__construct()
 6 SYSTEMPATH\CodeIgniter.php(498): CodeIgniter\CodeIgniter->createController()
 7 SYSTEMPATH\CodeIgniter.php(354): CodeIgniter\CodeIgniter->handleRequest(null, Object(Config\Cache), false)
 8 SYSTEMPATH\Boot.php(363): CodeIgniter\CodeIgniter->run()
 9 SYSTEMPATH\Boot.php(68): CodeIgniter\Boot::runCodeIgniter(Object(CodeIgniter\CodeIgniter))
10 FCPATH\index.php(59): CodeIgniter\Boot::bootWeb(Object(Config\Paths))
DEBUG - 2025-12-03 04:50:11 --> Session: Class initialized using 'CodeIgniter\Session\Handlers\FileHandler' driver.
WARNING - 2025-12-03 04:50:12 --> [DEPRECATED] Optional parameter $filters declared before required parameter $id_dep is implicitly treated as a required parameter in APPPATH\Models\Model_arsip.php on line 303.
 1 SYSTEMPATH\Autoloader\Autoloader.php(315): include_once('C:\\xampp\\htdocs\\e-arsip_ci4\\system\\Debug\\Exceptions.php')
 2 SYSTEMPATH\Autoloader\Autoloader.php(295): CodeIgniter\Autoloader\Autoloader->includeFile('C:\\xampp\\htdocs\\e-arsip_ci4\\app\\Models\\Model_arsip.php')
 3 SYSTEMPATH\Autoloader\Autoloader.php(271): CodeIgniter\Autoloader\Autoloader->loadInNamespace('App\\Models\\Model_arsip')
 4 APPPATH\Controllers\Arsip.php(26): CodeIgniter\Autoloader\Autoloader->loadClass('App\\Models\\Model_arsip')
 5 SYSTEMPATH\CodeIgniter.php(903): App\Controllers\Arsip->__construct()
 6 SYSTEMPATH\CodeIgniter.php(498): CodeIgniter\CodeIgniter->createController()
 7 SYSTEMPATH\CodeIgniter.php(354): CodeIgniter\CodeIgniter->handleRequest(null, Object(Config\Cache), false)
 8 SYSTEMPATH\Boot.php(363): CodeIgniter\CodeIgniter->run()
 9 SYSTEMPATH\Boot.php(68): CodeIgniter\Boot::runCodeIgniter(Object(CodeIgniter\CodeIgniter))
10 FCPATH\index.php(59): CodeIgniter\Boot::bootWeb(Object(Config\Paths))
DEBUG - 2025-12-03 04:50:13 --> Session: Class initialized using 'CodeIgniter\Session\Handlers\FileHandler' driver.
WARNING - 2025-12-03 04:50:13 --> [DEPRECATED] Optional parameter $filters declared before required parameter $id_dep is implicitly treated as a required parameter in APPPATH\Models\Model_arsip.php on line 303.
 1 SYSTEMPATH\Autoloader\Autoloader.php(315): include_once('C:\\xampp\\htdocs\\e-arsip_ci4\\system\\Debug\\Exceptions.php')
 2 SYSTEMPATH\Autoloader\Autoloader.php(295): CodeIgniter\Autoloader\Autoloader->includeFile('C:\\xampp\\htdocs\\e-arsip_ci4\\app\\Models\\Model_arsip.php')
 3 SYSTEMPATH\Autoloader\Autoloader.php(271): CodeIgniter\Autoloader\Autoloader->loadInNamespace('App\\Models\\Model_arsip')
 4 APPPATH\Controllers\Arsip.php(26): CodeIgniter\Autoloader\Autoloader->loadClass('App\\Models\\Model_arsip')
 5 SYSTEMPATH\CodeIgniter.php(903): App\Controllers\Arsip->__construct()
 6 SYSTEMPATH\CodeIgniter.php(498): CodeIgniter\CodeIgniter->createController()
 7 SYSTEMPATH\CodeIgniter.php(354): CodeIgniter\CodeIgniter->handleRequest(null, Object(Config\Cache), false)
 8 SYSTEMPATH\Boot.php(363): CodeIgniter\CodeIgniter->run()
 9 SYSTEMPATH\Boot.php(68): CodeIgniter\Boot::runCodeIgniter(Object(CodeIgniter\CodeIgniter))
10 FCPATH\index.php(59): CodeIgniter\Boot::bootWeb(Object(Config\Paths))
DEBUG - 2025-12-03 04:50:14 --> Session: Class initialized using 'CodeIgniter\Session\Handlers\FileHandler' driver.
WARNING - 2025-12-03 04:50:14 --> [DEPRECATED] Optional parameter $filters declared before required parameter $id_dep is implicitly treated as a required parameter in APPPATH\Models\Model_arsip.php on line 303.
 1 SYSTEMPATH\Autoloader\Autoloader.php(315): include_once('C:\\xampp\\htdocs\\e-arsip_ci4\\system\\Debug\\Exceptions.php')
 2 SYSTEMPATH\Autoloader\Autoloader.php(295): CodeIgniter\Autoloader\Autoloader->includeFile('C:\\xampp\\htdocs\\e-arsip_ci4\\app\\Models\\Model_arsip.php')
 3 SYSTEMPATH\Autoloader\Autoloader.php(271): CodeIgniter\Autoloader\Autoloader->loadInNamespace('App\\Models\\Model_arsip')
 4 APPPATH\Controllers\Home.php(23): CodeIgniter\Autoloader\Autoloader->loadClass('App\\Models\\Model_arsip')
 5 SYSTEMPATH\CodeIgniter.php(903): App\Controllers\Home->__construct()
 6 SYSTEMPATH\CodeIgniter.php(498): CodeIgniter\CodeIgniter->createController()
 7 SYSTEMPATH\CodeIgniter.php(354): CodeIgniter\CodeIgniter->handleRequest(null, Object(Config\Cache), false)
 8 SYSTEMPATH\Boot.php(363): CodeIgniter\CodeIgniter->run()
 9 SYSTEMPATH\Boot.php(68): CodeIgniter\Boot::runCodeIgniter(Object(CodeIgniter\CodeIgniter))
10 FCPATH\index.php(59): CodeIgniter\Boot::bootWeb(Object(Config\Paths))
DEBUG - 2025-12-03 04:50:14 --> Session: Class initialized using 'CodeIgniter\Session\Handlers\FileHandler' driver.
WARNING - 2025-12-03 04:50:14 --> [DEPRECATED] Optional parameter $filters declared before required parameter $id_dep is implicitly treated as a required parameter in APPPATH\Models\Model_arsip.php on line 303.
 1 SYSTEMPATH\Autoloader\Autoloader.php(315): include_once('C:\\xampp\\htdocs\\e-arsip_ci4\\system\\Debug\\Exceptions.php')
 2 SYSTEMPATH\Autoloader\Autoloader.php(295): CodeIgniter\Autoloader\Autoloader->includeFile('C:\\xampp\\htdocs\\e-arsip_ci4\\app\\Models\\Model_arsip.php')
 3 SYSTEMPATH\Autoloader\Autoloader.php(271): CodeIgniter\Autoloader\Autoloader->loadInNamespace('App\\Models\\Model_arsip')
 4 APPPATH\Controllers\Arsip.php(26): CodeIgniter\Autoloader\Autoloader->loadClass('App\\Models\\Model_arsip')
 5 SYSTEMPATH\CodeIgniter.php(903): App\Controllers\Arsip->__construct()
 6 SYSTEMPATH\CodeIgniter.php(498): CodeIgniter\CodeIgniter->createController()
 7 SYSTEMPATH\CodeIgniter.php(354): CodeIgniter\CodeIgniter->handleRequest(null, Object(Config\Cache), false)
 8 SYSTEMPATH\Boot.php(363): CodeIgniter\CodeIgniter->run()
 9 SYSTEMPATH\Boot.php(68): CodeIgniter\Boot::runCodeIgniter(Object(CodeIgniter\CodeIgniter))
10 FCPATH\index.php(59): CodeIgniter\Boot::bootWeb(Object(Config\Paths))
DEBUG - 2025-12-03 04:50:49 --> Session: Class initialized using 'CodeIgniter\Session\Handlers\FileHandler' driver.
DEBUG - 2025-12-03 04:50:50 --> Session: Class initialized using 'CodeIgniter\Session\Handlers\FileHandler' driver.
WARNING - 2025-12-03 04:50:50 --> [DEPRECATED] Optional parameter $filters declared before required parameter $id_dep is implicitly treated as a required parameter in APPPATH\Models\Model_arsip.php on line 303.
 1 SYSTEMPATH\Autoloader\Autoloader.php(315): include_once('C:\\xampp\\htdocs\\e-arsip_ci4\\system\\Debug\\Exceptions.php')
 2 SYSTEMPATH\Autoloader\Autoloader.php(295): CodeIgniter\Autoloader\Autoloader->includeFile('C:\\xampp\\htdocs\\e-arsip_ci4\\app\\Models\\Model_arsip.php')
 3 SYSTEMPATH\Autoloader\Autoloader.php(271): CodeIgniter\Autoloader\Autoloader->loadInNamespace('App\\Models\\Model_arsip')
 4 APPPATH\Controllers\Home.php(23): CodeIgniter\Autoloader\Autoloader->loadClass('App\\Models\\Model_arsip')
 5 SYSTEMPATH\CodeIgniter.php(903): App\Controllers\Home->__construct()
 6 SYSTEMPATH\CodeIgniter.php(498): CodeIgniter\CodeIgniter->createController()
 7 SYSTEMPATH\CodeIgniter.php(354): CodeIgniter\CodeIgniter->handleRequest(null, Object(Config\Cache), false)
 8 SYSTEMPATH\Boot.php(363): CodeIgniter\CodeIgniter->run()
 9 SYSTEMPATH\Boot.php(68): CodeIgniter\Boot::runCodeIgniter(Object(CodeIgniter\CodeIgniter))
10 FCPATH\index.php(59): CodeIgniter\Boot::bootWeb(Object(Config\Paths))
DEBUG - 2025-12-03 04:51:41 --> Session: Class initialized using 'CodeIgniter\Session\Handlers\FileHandler' driver.
WARNING - 2025-12-03 04:51:41 --> [DEPRECATED] Optional parameter $filters declared before required parameter $id_dep is implicitly treated as a required parameter in APPPATH\Models\Model_arsip.php on line 303.
 1 SYSTEMPATH\Autoloader\Autoloader.php(315): include_once('C:\\xampp\\htdocs\\e-arsip_ci4\\system\\Debug\\Exceptions.php')
 2 SYSTEMPATH\Autoloader\Autoloader.php(295): CodeIgniter\Autoloader\Autoloader->includeFile('C:\\xampp\\htdocs\\e-arsip_ci4\\app\\Models\\Model_arsip.php')
 3 SYSTEMPATH\Autoloader\Autoloader.php(271): CodeIgniter\Autoloader\Autoloader->loadInNamespace('App\\Models\\Model_arsip')
 4 APPPATH\Controllers\Arsip.php(26): CodeIgniter\Autoloader\Autoloader->loadClass('App\\Models\\Model_arsip')
 5 SYSTEMPATH\CodeIgniter.php(903): App\Controllers\Arsip->__construct()
 6 SYSTEMPATH\CodeIgniter.php(498): CodeIgniter\CodeIgniter->createController()
 7 SYSTEMPATH\CodeIgniter.php(354): CodeIgniter\CodeIgniter->handleRequest(null, Object(Config\Cache), false)
 8 SYSTEMPATH\Boot.php(363): CodeIgniter\CodeIgniter->run()
 9 SYSTEMPATH\Boot.php(68): CodeIgniter\Boot::runCodeIgniter(Object(CodeIgniter\CodeIgniter))
10 FCPATH\index.php(59): CodeIgniter\Boot::bootWeb(Object(Config\Paths))
DEBUG - 2025-12-03 04:52:13 --> Session: Class initialized using 'CodeIgniter\Session\Handlers\FileHandler' driver.
WARNING - 2025-12-03 04:52:13 --> [DEPRECATED] Optional parameter $filters declared before required parameter $id_dep is implicitly treated as a required parameter in APPPATH\Models\Model_arsip.php on line 303.
 1 SYSTEMPATH\Autoloader\Autoloader.php(315): include_once('C:\\xampp\\htdocs\\e-arsip_ci4\\system\\Debug\\Exceptions.php')
 2 SYSTEMPATH\Autoloader\Autoloader.php(295): CodeIgniter\Autoloader\Autoloader->includeFile('C:\\xampp\\htdocs\\e-arsip_ci4\\app\\Models\\Model_arsip.php')
 3 SYSTEMPATH\Autoloader\Autoloader.php(271): CodeIgniter\Autoloader\Autoloader->loadInNamespace('App\\Models\\Model_arsip')
 4 APPPATH\Controllers\Kategori.php(21): CodeIgniter\Autoloader\Autoloader->loadClass('App\\Models\\Model_arsip')
 5 SYSTEMPATH\CodeIgniter.php(903): App\Controllers\Kategori->__construct()
 6 SYSTEMPATH\CodeIgniter.php(498): CodeIgniter\CodeIgniter->createController()
 7 SYSTEMPATH\CodeIgniter.php(354): CodeIgniter\CodeIgniter->handleRequest(null, Object(Config\Cache), false)
 8 SYSTEMPATH\Boot.php(363): CodeIgniter\CodeIgniter->run()
 9 SYSTEMPATH\Boot.php(68): CodeIgniter\Boot::runCodeIgniter(Object(CodeIgniter\CodeIgniter))
10 FCPATH\index.php(59): CodeIgniter\Boot::bootWeb(Object(Config\Paths))
DEBUG - 2025-12-03 04:54:57 --> Session: Class initialized using 'CodeIgniter\Session\Handlers\FileHandler' driver.
WARNING - 2025-12-03 04:54:57 --> [DEPRECATED] Optional parameter $filters declared before required parameter $id_dep is implicitly treated as a required parameter in APPPATH\Models\Model_arsip.php on line 303.
 1 SYSTEMPATH\Autoloader\Autoloader.php(315): include_once('C:\\xampp\\htdocs\\e-arsip_ci4\\system\\Debug\\Exceptions.php')
 2 SYSTEMPATH\Autoloader\Autoloader.php(295): CodeIgniter\Autoloader\Autoloader->includeFile('C:\\xampp\\htdocs\\e-arsip_ci4\\app\\Models\\Model_arsip.php')
 3 SYSTEMPATH\Autoloader\Autoloader.php(271): CodeIgniter\Autoloader\Autoloader->loadInNamespace('App\\Models\\Model_arsip')
 4 APPPATH\Controllers\Kategori.php(21): CodeIgniter\Autoloader\Autoloader->loadClass('App\\Models\\Model_arsip')
 5 SYSTEMPATH\CodeIgniter.php(903): App\Controllers\Kategori->__construct()
 6 SYSTEMPATH\CodeIgniter.php(498): CodeIgniter\CodeIgniter->createController()
 7 SYSTEMPATH\CodeIgniter.php(354): CodeIgniter\CodeIgniter->handleRequest(null, Object(Config\Cache), false)
 8 SYSTEMPATH\Boot.php(363): CodeIgniter\CodeIgniter->run()
 9 SYSTEMPATH\Boot.php(68): CodeIgniter\Boot::runCodeIgniter(Object(CodeIgniter\CodeIgniter))
10 FCPATH\index.php(59): CodeIgniter\Boot::bootWeb(Object(Config\Paths))
DEBUG - 2025-12-03 04:55:04 --> Session: Class initialized using 'CodeIgniter\Session\Handlers\FileHandler' driver.
DEBUG - 2025-12-03 04:55:04 --> Session: Class initialized using 'CodeIgniter\Session\Handlers\FileHandler' driver.
DEBUG - 2025-12-03 04:55:13 --> Session: Class initialized using 'CodeIgniter\Session\Handlers\FileHandler' driver.
DEBUG - 2025-12-03 04:55:13 --> Session: Class initialized using 'CodeIgniter\Session\Handlers\FileHandler' driver.
WARNING - 2025-12-03 04:55:13 --> [DEPRECATED] Optional parameter $filters declared before required parameter $id_dep is implicitly treated as a required parameter in APPPATH\Models\Model_arsip.php on line 303.
 1 SYSTEMPATH\Autoloader\Autoloader.php(315): include_once('C:\\xampp\\htdocs\\e-arsip_ci4\\system\\Debug\\Exceptions.php')
 2 SYSTEMPATH\Autoloader\Autoloader.php(295): CodeIgniter\Autoloader\Autoloader->includeFile('C:\\xampp\\htdocs\\e-arsip_ci4\\app\\Models\\Model_arsip.php')
 3 SYSTEMPATH\Autoloader\Autoloader.php(271): CodeIgniter\Autoloader\Autoloader->loadInNamespace('App\\Models\\Model_arsip')
 4 APPPATH\Controllers\Home.php(23): CodeIgniter\Autoloader\Autoloader->loadClass('App\\Models\\Model_arsip')
 5 SYSTEMPATH\CodeIgniter.php(903): App\Controllers\Home->__construct()
 6 SYSTEMPATH\CodeIgniter.php(498): CodeIgniter\CodeIgniter->createController()
 7 SYSTEMPATH\CodeIgniter.php(354): CodeIgniter\CodeIgniter->handleRequest(null, Object(Config\Cache), false)
 8 SYSTEMPATH\Boot.php(363): CodeIgniter\CodeIgniter->run()
 9 SYSTEMPATH\Boot.php(68): CodeIgniter\Boot::runCodeIgniter(Object(CodeIgniter\CodeIgniter))
10 FCPATH\index.php(59): CodeIgniter\Boot::bootWeb(Object(Config\Paths))
DEBUG - 2025-12-03 04:55:26 --> Session: Class initialized using 'CodeIgniter\Session\Handlers\FileHandler' driver.
DEBUG - 2025-12-03 04:55:28 --> Session: Class initialized using 'CodeIgniter\Session\Handlers\FileHandler' driver.
WARNING - 2025-12-03 04:55:28 --> [DEPRECATED] Optional parameter $filters declared before required parameter $id_dep is implicitly treated as a required parameter in APPPATH\Models\Model_arsip.php on line 303.
 1 SYSTEMPATH\Autoloader\Autoloader.php(315): include_once('C:\\xampp\\htdocs\\e-arsip_ci4\\system\\Debug\\Exceptions.php')
 2 SYSTEMPATH\Autoloader\Autoloader.php(295): CodeIgniter\Autoloader\Autoloader->includeFile('C:\\xampp\\htdocs\\e-arsip_ci4\\app\\Models\\Model_arsip.php')
 3 SYSTEMPATH\Autoloader\Autoloader.php(271): CodeIgniter\Autoloader\Autoloader->loadInNamespace('App\\Models\\Model_arsip')
 4 APPPATH\Controllers\Arsip.php(26): CodeIgniter\Autoloader\Autoloader->loadClass('App\\Models\\Model_arsip')
 5 SYSTEMPATH\CodeIgniter.php(903): App\Controllers\Arsip->__construct()
 6 SYSTEMPATH\CodeIgniter.php(498): CodeIgniter\CodeIgniter->createController()
 7 SYSTEMPATH\CodeIgniter.php(354): CodeIgniter\CodeIgniter->handleRequest(null, Object(Config\Cache), false)
 8 SYSTEMPATH\Boot.php(363): CodeIgniter\CodeIgniter->run()
 9 SYSTEMPATH\Boot.php(68): CodeIgniter\Boot::runCodeIgniter(Object(CodeIgniter\CodeIgniter))
10 FCPATH\index.php(59): CodeIgniter\Boot::bootWeb(Object(Config\Paths))
DEBUG - 2025-12-03 04:55:29 --> Session: Class initialized using 'CodeIgniter\Session\Handlers\FileHandler' driver.
WARNING - 2025-12-03 04:55:29 --> [DEPRECATED] Optional parameter $filters declared before required parameter $id_dep is implicitly treated as a required parameter in APPPATH\Models\Model_arsip.php on line 303.
 1 SYSTEMPATH\Autoloader\Autoloader.php(315): include_once('C:\\xampp\\htdocs\\e-arsip_ci4\\system\\Debug\\Exceptions.php')
 2 SYSTEMPATH\Autoloader\Autoloader.php(295): CodeIgniter\Autoloader\Autoloader->includeFile('C:\\xampp\\htdocs\\e-arsip_ci4\\app\\Models\\Model_arsip.php')
 3 SYSTEMPATH\Autoloader\Autoloader.php(271): CodeIgniter\Autoloader\Autoloader->loadInNamespace('App\\Models\\Model_arsip')
 4 APPPATH\Controllers\Kategori.php(21): CodeIgniter\Autoloader\Autoloader->loadClass('App\\Models\\Model_arsip')
 5 SYSTEMPATH\CodeIgniter.php(903): App\Controllers\Kategori->__construct()
 6 SYSTEMPATH\CodeIgniter.php(498): CodeIgniter\CodeIgniter->createController()
 7 SYSTEMPATH\CodeIgniter.php(354): CodeIgniter\CodeIgniter->handleRequest(null, Object(Config\Cache), false)
 8 SYSTEMPATH\Boot.php(363): CodeIgniter\CodeIgniter->run()
 9 SYSTEMPATH\Boot.php(68): CodeIgniter\Boot::runCodeIgniter(Object(CodeIgniter\CodeIgniter))
10 FCPATH\index.php(59): CodeIgniter\Boot::bootWeb(Object(Config\Paths))
DEBUG - 2025-12-03 04:55:42 --> Session: Class initialized using 'CodeIgniter\Session\Handlers\FileHandler' driver.
WARNING - 2025-12-03 04:55:42 --> [DEPRECATED] Optional parameter $filters declared before required parameter $id_dep is implicitly treated as a required parameter in APPPATH\Models\Model_arsip.php on line 303.
 1 SYSTEMPATH\Autoloader\Autoloader.php(315): include_once('C:\\xampp\\htdocs\\e-arsip_ci4\\system\\Debug\\Exceptions.php')
 2 SYSTEMPATH\Autoloader\Autoloader.php(295): CodeIgniter\Autoloader\Autoloader->includeFile('C:\\xampp\\htdocs\\e-arsip_ci4\\app\\Models\\Model_arsip.php')
 3 SYSTEMPATH\Autoloader\Autoloader.php(271): CodeIgniter\Autoloader\Autoloader->loadInNamespace('App\\Models\\Model_arsip')
 4 APPPATH\Controllers\Kategori.php(21): CodeIgniter\Autoloader\Autoloader->loadClass('App\\Models\\Model_arsip')
 5 SYSTEMPATH\CodeIgniter.php(903): App\Controllers\Kategori->__construct()
 6 SYSTEMPATH\CodeIgniter.php(498): CodeIgniter\CodeIgniter->createController()
 7 SYSTEMPATH\CodeIgniter.php(354): CodeIgniter\CodeIgniter->handleRequest(null, Object(Config\Cache), false)
 8 SYSTEMPATH\Boot.php(363): CodeIgniter\CodeIgniter->run()
 9 SYSTEMPATH\Boot.php(68): CodeIgniter\Boot::runCodeIgniter(Object(CodeIgniter\CodeIgniter))
10 FCPATH\index.php(59): CodeIgniter\Boot::bootWeb(Object(Config\Paths))
DEBUG - 2025-12-03 04:55:42 --> AUDIT DEBUG -> id_user: 49, username: dwiky_keu
DEBUG - 2025-12-03 04:55:42 --> Session: Class initialized using 'CodeIgniter\Session\Handlers\FileHandler' driver.
WARNING - 2025-12-03 04:55:42 --> [DEPRECATED] Optional parameter $filters declared before required parameter $id_dep is implicitly treated as a required parameter in APPPATH\Models\Model_arsip.php on line 303.
 1 SYSTEMPATH\Autoloader\Autoloader.php(315): include_once('C:\\xampp\\htdocs\\e-arsip_ci4\\system\\Debug\\Exceptions.php')
 2 SYSTEMPATH\Autoloader\Autoloader.php(295): CodeIgniter\Autoloader\Autoloader->includeFile('C:\\xampp\\htdocs\\e-arsip_ci4\\app\\Models\\Model_arsip.php')
 3 SYSTEMPATH\Autoloader\Autoloader.php(271): CodeIgniter\Autoloader\Autoloader->loadInNamespace('App\\Models\\Model_arsip')
 4 APPPATH\Controllers\Kategori.php(21): CodeIgniter\Autoloader\Autoloader->loadClass('App\\Models\\Model_arsip')
 5 SYSTEMPATH\CodeIgniter.php(903): App\Controllers\Kategori->__construct()
 6 SYSTEMPATH\CodeIgniter.php(498): CodeIgniter\CodeIgniter->createController()
 7 SYSTEMPATH\CodeIgniter.php(354): CodeIgniter\CodeIgniter->handleRequest(null, Object(Config\Cache), false)
 8 SYSTEMPATH\Boot.php(363): CodeIgniter\CodeIgniter->run()
 9 SYSTEMPATH\Boot.php(68): CodeIgniter\Boot::runCodeIgniter(Object(CodeIgniter\CodeIgniter))
10 FCPATH\index.php(59): CodeIgniter\Boot::bootWeb(Object(Config\Paths))
DEBUG - 2025-12-03 04:55:52 --> Session: Class initialized using 'CodeIgniter\Session\Handlers\FileHandler' driver.
WARNING - 2025-12-03 04:55:52 --> [DEPRECATED] Optional parameter $filters declared before required parameter $id_dep is implicitly treated as a required parameter in APPPATH\Models\Model_arsip.php on line 303.
 1 SYSTEMPATH\Autoloader\Autoloader.php(315): include_once('C:\\xampp\\htdocs\\e-arsip_ci4\\system\\Debug\\Exceptions.php')
 2 SYSTEMPATH\Autoloader\Autoloader.php(295): CodeIgniter\Autoloader\Autoloader->includeFile('C:\\xampp\\htdocs\\e-arsip_ci4\\app\\Models\\Model_arsip.php')
 3 SYSTEMPATH\Autoloader\Autoloader.php(271): CodeIgniter\Autoloader\Autoloader->loadInNamespace('App\\Models\\Model_arsip')
 4 APPPATH\Controllers\Kategori.php(21): CodeIgniter\Autoloader\Autoloader->loadClass('App\\Models\\Model_arsip')
 5 SYSTEMPATH\CodeIgniter.php(903): App\Controllers\Kategori->__construct()
 6 SYSTEMPATH\CodeIgniter.php(498): CodeIgniter\CodeIgniter->createController()
 7 SYSTEMPATH\CodeIgniter.php(354): CodeIgniter\CodeIgniter->handleRequest(null, Object(Config\Cache), false)
 8 SYSTEMPATH\Boot.php(363): CodeIgniter\CodeIgniter->run()
 9 SYSTEMPATH\Boot.php(68): CodeIgniter\Boot::runCodeIgniter(Object(CodeIgniter\CodeIgniter))
10 FCPATH\index.php(59): CodeIgniter\Boot::bootWeb(Object(Config\Paths))
DEBUG - 2025-12-03 04:55:52 --> AUDIT DEBUG -> id_user: 49, username: dwiky_keu
DEBUG - 2025-12-03 04:55:52 --> Session: Class initialized using 'CodeIgniter\Session\Handlers\FileHandler' driver.
WARNING - 2025-12-03 04:55:52 --> [DEPRECATED] Optional parameter $filters declared before required parameter $id_dep is implicitly treated as a required parameter in APPPATH\Models\Model_arsip.php on line 303.
 1 SYSTEMPATH\Autoloader\Autoloader.php(315): include_once('C:\\xampp\\htdocs\\e-arsip_ci4\\system\\Debug\\Exceptions.php')
 2 SYSTEMPATH\Autoloader\Autoloader.php(295): CodeIgniter\Autoloader\Autoloader->includeFile('C:\\xampp\\htdocs\\e-arsip_ci4\\app\\Models\\Model_arsip.php')
 3 SYSTEMPATH\Autoloader\Autoloader.php(271): CodeIgniter\Autoloader\Autoloader->loadInNamespace('App\\Models\\Model_arsip')
 4 APPPATH\Controllers\Kategori.php(21): CodeIgniter\Autoloader\Autoloader->loadClass('App\\Models\\Model_arsip')
 5 SYSTEMPATH\CodeIgniter.php(903): App\Controllers\Kategori->__construct()
 6 SYSTEMPATH\CodeIgniter.php(498): CodeIgniter\CodeIgniter->createController()
 7 SYSTEMPATH\CodeIgniter.php(354): CodeIgniter\CodeIgniter->handleRequest(null, Object(Config\Cache), false)
 8 SYSTEMPATH\Boot.php(363): CodeIgniter\CodeIgniter->run()
 9 SYSTEMPATH\Boot.php(68): CodeIgniter\Boot::runCodeIgniter(Object(CodeIgniter\CodeIgniter))
10 FCPATH\index.php(59): CodeIgniter\Boot::bootWeb(Object(Config\Paths))
DEBUG - 2025-12-03 04:56:07 --> Session: Class initialized using 'CodeIgniter\Session\Handlers\FileHandler' driver.
WARNING - 2025-12-03 04:56:07 --> [DEPRECATED] Optional parameter $filters declared before required parameter $id_dep is implicitly treated as a required parameter in APPPATH\Models\Model_arsip.php on line 303.
 1 SYSTEMPATH\Autoloader\Autoloader.php(315): include_once('C:\\xampp\\htdocs\\e-arsip_ci4\\system\\Debug\\Exceptions.php')
 2 SYSTEMPATH\Autoloader\Autoloader.php(295): CodeIgniter\Autoloader\Autoloader->includeFile('C:\\xampp\\htdocs\\e-arsip_ci4\\app\\Models\\Model_arsip.php')
 3 SYSTEMPATH\Autoloader\Autoloader.php(271): CodeIgniter\Autoloader\Autoloader->loadInNamespace('App\\Models\\Model_arsip')
 4 APPPATH\Controllers\Kategori.php(21): CodeIgniter\Autoloader\Autoloader->loadClass('App\\Models\\Model_arsip')
 5 SYSTEMPATH\CodeIgniter.php(903): App\Controllers\Kategori->__construct()
 6 SYSTEMPATH\CodeIgniter.php(498): CodeIgniter\CodeIgniter->createController()
 7 SYSTEMPATH\CodeIgniter.php(354): CodeIgniter\CodeIgniter->handleRequest(null, Object(Config\Cache), false)
 8 SYSTEMPATH\Boot.php(363): CodeIgniter\CodeIgniter->run()
 9 SYSTEMPATH\Boot.php(68): CodeIgniter\Boot::runCodeIgniter(Object(CodeIgniter\CodeIgniter))
10 FCPATH\index.php(59): CodeIgniter\Boot::bootWeb(Object(Config\Paths))
DEBUG - 2025-12-03 04:56:07 --> AUDIT DEBUG -> id_user: 49, username: dwiky_keu
DEBUG - 2025-12-03 04:56:07 --> Session: Class initialized using 'CodeIgniter\Session\Handlers\FileHandler' driver.
WARNING - 2025-12-03 04:56:07 --> [DEPRECATED] Optional parameter $filters declared before required parameter $id_dep is implicitly treated as a required parameter in APPPATH\Models\Model_arsip.php on line 303.
 1 SYSTEMPATH\Autoloader\Autoloader.php(315): include_once('C:\\xampp\\htdocs\\e-arsip_ci4\\system\\Debug\\Exceptions.php')
 2 SYSTEMPATH\Autoloader\Autoloader.php(295): CodeIgniter\Autoloader\Autoloader->includeFile('C:\\xampp\\htdocs\\e-arsip_ci4\\app\\Models\\Model_arsip.php')
 3 SYSTEMPATH\Autoloader\Autoloader.php(271): CodeIgniter\Autoloader\Autoloader->loadInNamespace('App\\Models\\Model_arsip')
 4 APPPATH\Controllers\Kategori.php(21): CodeIgniter\Autoloader\Autoloader->loadClass('App\\Models\\Model_arsip')
 5 SYSTEMPATH\CodeIgniter.php(903): App\Controllers\Kategori->__construct()
 6 SYSTEMPATH\CodeIgniter.php(498): CodeIgniter\CodeIgniter->createController()
 7 SYSTEMPATH\CodeIgniter.php(354): CodeIgniter\CodeIgniter->handleRequest(null, Object(Config\Cache), false)
 8 SYSTEMPATH\Boot.php(363): CodeIgniter\CodeIgniter->run()
 9 SYSTEMPATH\Boot.php(68): CodeIgniter\Boot::runCodeIgniter(Object(CodeIgniter\CodeIgniter))
10 FCPATH\index.php(59): CodeIgniter\Boot::bootWeb(Object(Config\Paths))
DEBUG - 2025-12-03 05:28:08 --> Session: Class initialized using 'CodeIgniter\Session\Handlers\FileHandler' driver.
DEBUG - 2025-12-03 05:28:08 --> Session: Class initialized using 'CodeIgniter\Session\Handlers\FileHandler' driver.
DEBUG - 2025-12-03 05:45:56 --> Session: Class initialized using 'CodeIgniter\Session\Handlers\FileHandler' driver.
DEBUG - 2025-12-03 05:45:56 --> Session: Class initialized using 'CodeIgniter\Session\Handlers\FileHandler' driver.
DEBUG - 2025-12-03 06:06:26 --> Session: Class initialized using 'CodeIgniter\Session\Handlers\FileHandler' driver.
DEBUG - 2025-12-03 06:06:26 --> Session: Class initialized using 'CodeIgniter\Session\Handlers\FileHandler' driver.
