DEBUG - 2025-11-07 01:58:13 --> Session: Class initialized using 'CodeIgniter\Session\Handlers\FileHandler' driver.
DEBUG - 2025-11-07 01:58:14 --> Session: Class initialized using 'CodeIgniter\Session\Handlers\FileHandler' driver.
DEBUG - 2025-11-07 01:58:25 --> Session: Class initialized using 'CodeIgniter\Session\Handlers\FileHandler' driver.
DEBUG - 2025-11-07 01:58:25 --> Session: Class initialized using 'CodeIgniter\Session\Handlers\FileHandler' driver.
DEBUG - 2025-11-07 01:58:33 --> Session: Class initialized using 'CodeIgniter\Session\Handlers\FileHandler' driver.
DEBUG - 2025-11-07 01:58:33 --> Session: Class initialized using 'CodeIgniter\Session\Handlers\FileHandler' driver.
WARNING - 2025-11-07 01:58:33 --> [DEPRECATED] Optional parameter $filters declared before required parameter $id_dep is implicitly treated as a required parameter in APPPATH\Models\Model_arsip.php on line 303.
 1 SYSTEMPATH\Autoloader\Autoloader.php(315): include_once('C:\\xampp\\htdocs\\e-arsip_ci4\\system\\Debug\\Exceptions.php')
 2 SYSTEMPATH\Autoloader\Autoloader.php(295): CodeIgniter\Autoloader\Autoloader->includeFile('C:\\xampp\\htdocs\\e-arsip_ci4\\app\\Models\\Model_arsip.php')
 3 SYSTEMPATH\Autoloader\Autoloader.php(271): CodeIgniter\Autoloader\Autoloader->loadInNamespace('App\\Models\\Model_arsip')
 4 APPPATH\Controllers\Home.php(23): CodeIgniter\Autoloader\Autoloader->loadClass('App\\Models\\Model_arsip')
 5 SYSTEMPATH\CodeIgniter.php(903): App\Controllers\Home->__construct()
 6 SYSTEMPATH\CodeIgniter.php(498): CodeIgniter\CodeIgniter->createController()
 7 SYSTEMPATH\CodeIgniter.php(354): CodeIgniter\CodeIgniter->handleRequest(null, Object(Config\Cache), false)
 8 SYSTEMPATH\Boot.php(363): CodeIgniter\CodeIgniter->run()
 9 SYSTEMPATH\Boot.php(68): CodeIgniter\Boot::runCodeIgniter(Object(CodeIgniter\CodeIgniter))
10 FCPATH\index.php(59): CodeIgniter\Boot::bootWeb(Object(Config\Paths))
DEBUG - 2025-11-07 01:58:36 --> Session: Class initialized using 'CodeIgniter\Session\Handlers\FileHandler' driver.
DEBUG - 2025-11-07 01:58:36 --> Session: Class initialized using 'CodeIgniter\Session\Handlers\FileHandler' driver.
DEBUG - 2025-11-07 01:58:38 --> Session: Class initialized using 'CodeIgniter\Session\Handlers\FileHandler' driver.
WARNING - 2025-11-07 01:58:38 --> [DEPRECATED] Optional parameter $filters declared before required parameter $id_dep is implicitly treated as a required parameter in APPPATH\Models\Model_arsip.php on line 303.
 1 SYSTEMPATH\Autoloader\Autoloader.php(315): include_once('C:\\xampp\\htdocs\\e-arsip_ci4\\system\\Debug\\Exceptions.php')
 2 SYSTEMPATH\Autoloader\Autoloader.php(295): CodeIgniter\Autoloader\Autoloader->includeFile('C:\\xampp\\htdocs\\e-arsip_ci4\\app\\Models\\Model_arsip.php')
 3 SYSTEMPATH\Autoloader\Autoloader.php(271): CodeIgniter\Autoloader\Autoloader->loadInNamespace('App\\Models\\Model_arsip')
 4 APPPATH\Controllers\Kategori.php(21): CodeIgniter\Autoloader\Autoloader->loadClass('App\\Models\\Model_arsip')
 5 SYSTEMPATH\CodeIgniter.php(903): App\Controllers\Kategori->__construct()
 6 SYSTEMPATH\CodeIgniter.php(498): CodeIgniter\CodeIgniter->createController()
 7 SYSTEMPATH\CodeIgniter.php(354): CodeIgniter\CodeIgniter->handleRequest(null, Object(Config\Cache), false)
 8 SYSTEMPATH\Boot.php(363): CodeIgniter\CodeIgniter->run()
 9 SYSTEMPATH\Boot.php(68): CodeIgniter\Boot::runCodeIgniter(Object(CodeIgniter\CodeIgniter))
10 FCPATH\index.php(59): CodeIgniter\Boot::bootWeb(Object(Config\Paths))
DEBUG - 2025-11-07 01:58:39 --> Session: Class initialized using 'CodeIgniter\Session\Handlers\FileHandler' driver.
WARNING - 2025-11-07 01:58:39 --> [DEPRECATED] Optional parameter $filters declared before required parameter $id_dep is implicitly treated as a required parameter in APPPATH\Models\Model_arsip.php on line 303.
 1 SYSTEMPATH\Autoloader\Autoloader.php(315): include_once('C:\\xampp\\htdocs\\e-arsip_ci4\\system\\Debug\\Exceptions.php')
 2 SYSTEMPATH\Autoloader\Autoloader.php(295): CodeIgniter\Autoloader\Autoloader->includeFile('C:\\xampp\\htdocs\\e-arsip_ci4\\app\\Models\\Model_arsip.php')
 3 SYSTEMPATH\Autoloader\Autoloader.php(271): CodeIgniter\Autoloader\Autoloader->loadInNamespace('App\\Models\\Model_arsip')
 4 APPPATH\Controllers\Arsip.php(26): CodeIgniter\Autoloader\Autoloader->loadClass('App\\Models\\Model_arsip')
 5 SYSTEMPATH\CodeIgniter.php(903): App\Controllers\Arsip->__construct()
 6 SYSTEMPATH\CodeIgniter.php(498): CodeIgniter\CodeIgniter->createController()
 7 SYSTEMPATH\CodeIgniter.php(354): CodeIgniter\CodeIgniter->handleRequest(null, Object(Config\Cache), false)
 8 SYSTEMPATH\Boot.php(363): CodeIgniter\CodeIgniter->run()
 9 SYSTEMPATH\Boot.php(68): CodeIgniter\Boot::runCodeIgniter(Object(CodeIgniter\CodeIgniter))
10 FCPATH\index.php(59): CodeIgniter\Boot::bootWeb(Object(Config\Paths))
DEBUG - 2025-11-07 01:58:40 --> Session: Class initialized using 'CodeIgniter\Session\Handlers\FileHandler' driver.
WARNING - 2025-11-07 01:58:40 --> [DEPRECATED] Optional parameter $filters declared before required parameter $id_dep is implicitly treated as a required parameter in APPPATH\Models\Model_arsip.php on line 303.
 1 SYSTEMPATH\Autoloader\Autoloader.php(315): include_once('C:\\xampp\\htdocs\\e-arsip_ci4\\system\\Debug\\Exceptions.php')
 2 SYSTEMPATH\Autoloader\Autoloader.php(295): CodeIgniter\Autoloader\Autoloader->includeFile('C:\\xampp\\htdocs\\e-arsip_ci4\\app\\Models\\Model_arsip.php')
 3 SYSTEMPATH\Autoloader\Autoloader.php(271): CodeIgniter\Autoloader\Autoloader->loadInNamespace('App\\Models\\Model_arsip')
 4 APPPATH\Controllers\Kategori.php(21): CodeIgniter\Autoloader\Autoloader->loadClass('App\\Models\\Model_arsip')
 5 SYSTEMPATH\CodeIgniter.php(903): App\Controllers\Kategori->__construct()
 6 SYSTEMPATH\CodeIgniter.php(498): CodeIgniter\CodeIgniter->createController()
 7 SYSTEMPATH\CodeIgniter.php(354): CodeIgniter\CodeIgniter->handleRequest(null, Object(Config\Cache), false)
 8 SYSTEMPATH\Boot.php(363): CodeIgniter\CodeIgniter->run()
 9 SYSTEMPATH\Boot.php(68): CodeIgniter\Boot::runCodeIgniter(Object(CodeIgniter\CodeIgniter))
10 FCPATH\index.php(59): CodeIgniter\Boot::bootWeb(Object(Config\Paths))
DEBUG - 2025-11-07 01:58:41 --> Session: Class initialized using 'CodeIgniter\Session\Handlers\FileHandler' driver.
WARNING - 2025-11-07 01:58:41 --> [DEPRECATED] Optional parameter $filters declared before required parameter $id_dep is implicitly treated as a required parameter in APPPATH\Models\Model_arsip.php on line 303.
 1 SYSTEMPATH\Autoloader\Autoloader.php(315): include_once('C:\\xampp\\htdocs\\e-arsip_ci4\\system\\Debug\\Exceptions.php')
 2 SYSTEMPATH\Autoloader\Autoloader.php(295): CodeIgniter\Autoloader\Autoloader->includeFile('C:\\xampp\\htdocs\\e-arsip_ci4\\app\\Models\\Model_arsip.php')
 3 SYSTEMPATH\Autoloader\Autoloader.php(271): CodeIgniter\Autoloader\Autoloader->loadInNamespace('App\\Models\\Model_arsip')
 4 APPPATH\Controllers\Arsip.php(26): CodeIgniter\Autoloader\Autoloader->loadClass('App\\Models\\Model_arsip')
 5 SYSTEMPATH\CodeIgniter.php(903): App\Controllers\Arsip->__construct()
 6 SYSTEMPATH\CodeIgniter.php(498): CodeIgniter\CodeIgniter->createController()
 7 SYSTEMPATH\CodeIgniter.php(354): CodeIgniter\CodeIgniter->handleRequest(null, Object(Config\Cache), false)
 8 SYSTEMPATH\Boot.php(363): CodeIgniter\CodeIgniter->run()
 9 SYSTEMPATH\Boot.php(68): CodeIgniter\Boot::runCodeIgniter(Object(CodeIgniter\CodeIgniter))
10 FCPATH\index.php(59): CodeIgniter\Boot::bootWeb(Object(Config\Paths))
DEBUG - 2025-11-07 01:58:42 --> Session: Class initialized using 'CodeIgniter\Session\Handlers\FileHandler' driver.
WARNING - 2025-11-07 01:58:42 --> [DEPRECATED] Optional parameter $filters declared before required parameter $id_dep is implicitly treated as a required parameter in APPPATH\Models\Model_arsip.php on line 303.
 1 SYSTEMPATH\Autoloader\Autoloader.php(315): include_once('C:\\xampp\\htdocs\\e-arsip_ci4\\system\\Debug\\Exceptions.php')
 2 SYSTEMPATH\Autoloader\Autoloader.php(295): CodeIgniter\Autoloader\Autoloader->includeFile('C:\\xampp\\htdocs\\e-arsip_ci4\\app\\Models\\Model_arsip.php')
 3 SYSTEMPATH\Autoloader\Autoloader.php(271): CodeIgniter\Autoloader\Autoloader->loadInNamespace('App\\Models\\Model_arsip')
 4 APPPATH\Controllers\Kategori.php(21): CodeIgniter\Autoloader\Autoloader->loadClass('App\\Models\\Model_arsip')
 5 SYSTEMPATH\CodeIgniter.php(903): App\Controllers\Kategori->__construct()
 6 SYSTEMPATH\CodeIgniter.php(498): CodeIgniter\CodeIgniter->createController()
 7 SYSTEMPATH\CodeIgniter.php(354): CodeIgniter\CodeIgniter->handleRequest(null, Object(Config\Cache), false)
 8 SYSTEMPATH\Boot.php(363): CodeIgniter\CodeIgniter->run()
 9 SYSTEMPATH\Boot.php(68): CodeIgniter\Boot::runCodeIgniter(Object(CodeIgniter\CodeIgniter))
10 FCPATH\index.php(59): CodeIgniter\Boot::bootWeb(Object(Config\Paths))
DEBUG - 2025-11-07 01:58:43 --> Session: Class initialized using 'CodeIgniter\Session\Handlers\FileHandler' driver.
WARNING - 2025-11-07 01:58:43 --> [DEPRECATED] Optional parameter $filters declared before required parameter $id_dep is implicitly treated as a required parameter in APPPATH\Models\Model_arsip.php on line 303.
 1 SYSTEMPATH\Autoloader\Autoloader.php(315): include_once('C:\\xampp\\htdocs\\e-arsip_ci4\\system\\Debug\\Exceptions.php')
 2 SYSTEMPATH\Autoloader\Autoloader.php(295): CodeIgniter\Autoloader\Autoloader->includeFile('C:\\xampp\\htdocs\\e-arsip_ci4\\app\\Models\\Model_arsip.php')
 3 SYSTEMPATH\Autoloader\Autoloader.php(271): CodeIgniter\Autoloader\Autoloader->loadInNamespace('App\\Models\\Model_arsip')
 4 APPPATH\Controllers\Arsip.php(26): CodeIgniter\Autoloader\Autoloader->loadClass('App\\Models\\Model_arsip')
 5 SYSTEMPATH\CodeIgniter.php(903): App\Controllers\Arsip->__construct()
 6 SYSTEMPATH\CodeIgniter.php(498): CodeIgniter\CodeIgniter->createController()
 7 SYSTEMPATH\CodeIgniter.php(354): CodeIgniter\CodeIgniter->handleRequest(null, Object(Config\Cache), false)
 8 SYSTEMPATH\Boot.php(363): CodeIgniter\CodeIgniter->run()
 9 SYSTEMPATH\Boot.php(68): CodeIgniter\Boot::runCodeIgniter(Object(CodeIgniter\CodeIgniter))
10 FCPATH\index.php(59): CodeIgniter\Boot::bootWeb(Object(Config\Paths))
DEBUG - 2025-11-07 01:58:43 --> Session: Class initialized using 'CodeIgniter\Session\Handlers\FileHandler' driver.
WARNING - 2025-11-07 01:58:43 --> [DEPRECATED] Optional parameter $filters declared before required parameter $id_dep is implicitly treated as a required parameter in APPPATH\Models\Model_arsip.php on line 303.
 1 SYSTEMPATH\Autoloader\Autoloader.php(315): include_once('C:\\xampp\\htdocs\\e-arsip_ci4\\system\\Debug\\Exceptions.php')
 2 SYSTEMPATH\Autoloader\Autoloader.php(295): CodeIgniter\Autoloader\Autoloader->includeFile('C:\\xampp\\htdocs\\e-arsip_ci4\\app\\Models\\Model_arsip.php')
 3 SYSTEMPATH\Autoloader\Autoloader.php(271): CodeIgniter\Autoloader\Autoloader->loadInNamespace('App\\Models\\Model_arsip')
 4 APPPATH\Controllers\Cari.php(20): CodeIgniter\Autoloader\Autoloader->loadClass('App\\Models\\Model_arsip')
 5 SYSTEMPATH\CodeIgniter.php(903): App\Controllers\Cari->__construct()
 6 SYSTEMPATH\CodeIgniter.php(498): CodeIgniter\CodeIgniter->createController()
 7 SYSTEMPATH\CodeIgniter.php(354): CodeIgniter\CodeIgniter->handleRequest(null, Object(Config\Cache), false)
 8 SYSTEMPATH\Boot.php(363): CodeIgniter\CodeIgniter->run()
 9 SYSTEMPATH\Boot.php(68): CodeIgniter\Boot::runCodeIgniter(Object(CodeIgniter\CodeIgniter))
10 FCPATH\index.php(59): CodeIgniter\Boot::bootWeb(Object(Config\Paths))
DEBUG - 2025-11-07 01:58:49 --> Session: Class initialized using 'CodeIgniter\Session\Handlers\FileHandler' driver.
DEBUG - 2025-11-07 01:58:51 --> Session: Class initialized using 'CodeIgniter\Session\Handlers\FileHandler' driver.
WARNING - 2025-11-07 01:58:51 --> [DEPRECATED] Optional parameter $filters declared before required parameter $id_dep is implicitly treated as a required parameter in APPPATH\Models\Model_arsip.php on line 303.
 1 SYSTEMPATH\Autoloader\Autoloader.php(315): include_once('C:\\xampp\\htdocs\\e-arsip_ci4\\system\\Debug\\Exceptions.php')
 2 SYSTEMPATH\Autoloader\Autoloader.php(295): CodeIgniter\Autoloader\Autoloader->includeFile('C:\\xampp\\htdocs\\e-arsip_ci4\\app\\Models\\Model_arsip.php')
 3 SYSTEMPATH\Autoloader\Autoloader.php(271): CodeIgniter\Autoloader\Autoloader->loadInNamespace('App\\Models\\Model_arsip')
 4 APPPATH\Controllers\Arsip.php(26): CodeIgniter\Autoloader\Autoloader->loadClass('App\\Models\\Model_arsip')
 5 SYSTEMPATH\CodeIgniter.php(903): App\Controllers\Arsip->__construct()
 6 SYSTEMPATH\CodeIgniter.php(498): CodeIgniter\CodeIgniter->createController()
 7 SYSTEMPATH\CodeIgniter.php(354): CodeIgniter\CodeIgniter->handleRequest(null, Object(Config\Cache), false)
 8 SYSTEMPATH\Boot.php(363): CodeIgniter\CodeIgniter->run()
 9 SYSTEMPATH\Boot.php(68): CodeIgniter\Boot::runCodeIgniter(Object(CodeIgniter\CodeIgniter))
10 FCPATH\index.php(59): CodeIgniter\Boot::bootWeb(Object(Config\Paths))
DEBUG - 2025-11-07 01:59:38 --> Session: Class initialized using 'CodeIgniter\Session\Handlers\FileHandler' driver.
WARNING - 2025-11-07 01:59:38 --> [DEPRECATED] Optional parameter $filters declared before required parameter $id_dep is implicitly treated as a required parameter in APPPATH\Models\Model_arsip.php on line 303.
 1 SYSTEMPATH\Autoloader\Autoloader.php(315): include_once('C:\\xampp\\htdocs\\e-arsip_ci4\\system\\Debug\\Exceptions.php')
 2 SYSTEMPATH\Autoloader\Autoloader.php(295): CodeIgniter\Autoloader\Autoloader->includeFile('C:\\xampp\\htdocs\\e-arsip_ci4\\app\\Models\\Model_arsip.php')
 3 SYSTEMPATH\Autoloader\Autoloader.php(271): CodeIgniter\Autoloader\Autoloader->loadInNamespace('App\\Models\\Model_arsip')
 4 APPPATH\Controllers\Kategori.php(21): CodeIgniter\Autoloader\Autoloader->loadClass('App\\Models\\Model_arsip')
 5 SYSTEMPATH\CodeIgniter.php(903): App\Controllers\Kategori->__construct()
 6 SYSTEMPATH\CodeIgniter.php(498): CodeIgniter\CodeIgniter->createController()
 7 SYSTEMPATH\CodeIgniter.php(354): CodeIgniter\CodeIgniter->handleRequest(null, Object(Config\Cache), false)
 8 SYSTEMPATH\Boot.php(363): CodeIgniter\CodeIgniter->run()
 9 SYSTEMPATH\Boot.php(68): CodeIgniter\Boot::runCodeIgniter(Object(CodeIgniter\CodeIgniter))
10 FCPATH\index.php(59): CodeIgniter\Boot::bootWeb(Object(Config\Paths))
DEBUG - 2025-11-07 01:59:39 --> Session: Class initialized using 'CodeIgniter\Session\Handlers\FileHandler' driver.
DEBUG - 2025-11-07 01:59:41 --> Session: Class initialized using 'CodeIgniter\Session\Handlers\FileHandler' driver.
WARNING - 2025-11-07 01:59:41 --> [DEPRECATED] Optional parameter $filters declared before required parameter $id_dep is implicitly treated as a required parameter in APPPATH\Models\Model_arsip.php on line 303.
 1 SYSTEMPATH\Autoloader\Autoloader.php(315): include_once('C:\\xampp\\htdocs\\e-arsip_ci4\\system\\Debug\\Exceptions.php')
 2 SYSTEMPATH\Autoloader\Autoloader.php(295): CodeIgniter\Autoloader\Autoloader->includeFile('C:\\xampp\\htdocs\\e-arsip_ci4\\app\\Models\\Model_arsip.php')
 3 SYSTEMPATH\Autoloader\Autoloader.php(271): CodeIgniter\Autoloader\Autoloader->loadInNamespace('App\\Models\\Model_arsip')
 4 APPPATH\Controllers\Cari.php(20): CodeIgniter\Autoloader\Autoloader->loadClass('App\\Models\\Model_arsip')
 5 SYSTEMPATH\CodeIgniter.php(903): App\Controllers\Cari->__construct()
 6 SYSTEMPATH\CodeIgniter.php(498): CodeIgniter\CodeIgniter->createController()
 7 SYSTEMPATH\CodeIgniter.php(354): CodeIgniter\CodeIgniter->handleRequest(null, Object(Config\Cache), false)
 8 SYSTEMPATH\Boot.php(363): CodeIgniter\CodeIgniter->run()
 9 SYSTEMPATH\Boot.php(68): CodeIgniter\Boot::runCodeIgniter(Object(CodeIgniter\CodeIgniter))
10 FCPATH\index.php(59): CodeIgniter\Boot::bootWeb(Object(Config\Paths))
DEBUG - 2025-11-07 02:00:52 --> Session: Class initialized using 'CodeIgniter\Session\Handlers\FileHandler' driver.
WARNING - 2025-11-07 02:00:52 --> [DEPRECATED] Optional parameter $filters declared before required parameter $id_dep is implicitly treated as a required parameter in APPPATH\Models\Model_arsip.php on line 303.
 1 SYSTEMPATH\Autoloader\Autoloader.php(315): include_once('C:\\xampp\\htdocs\\e-arsip_ci4\\system\\Debug\\Exceptions.php')
 2 SYSTEMPATH\Autoloader\Autoloader.php(295): CodeIgniter\Autoloader\Autoloader->includeFile('C:\\xampp\\htdocs\\e-arsip_ci4\\app\\Models\\Model_arsip.php')
 3 SYSTEMPATH\Autoloader\Autoloader.php(271): CodeIgniter\Autoloader\Autoloader->loadInNamespace('App\\Models\\Model_arsip')
 4 APPPATH\Controllers\Cari.php(20): CodeIgniter\Autoloader\Autoloader->loadClass('App\\Models\\Model_arsip')
 5 SYSTEMPATH\CodeIgniter.php(903): App\Controllers\Cari->__construct()
 6 SYSTEMPATH\CodeIgniter.php(498): CodeIgniter\CodeIgniter->createController()
 7 SYSTEMPATH\CodeIgniter.php(354): CodeIgniter\CodeIgniter->handleRequest(null, Object(Config\Cache), false)
 8 SYSTEMPATH\Boot.php(363): CodeIgniter\CodeIgniter->run()
 9 SYSTEMPATH\Boot.php(68): CodeIgniter\Boot::runCodeIgniter(Object(CodeIgniter\CodeIgniter))
10 FCPATH\index.php(59): CodeIgniter\Boot::bootWeb(Object(Config\Paths))
DEBUG - 2025-11-07 02:00:56 --> Session: Class initialized using 'CodeIgniter\Session\Handlers\FileHandler' driver.
WARNING - 2025-11-07 02:00:56 --> [DEPRECATED] Optional parameter $filters declared before required parameter $id_dep is implicitly treated as a required parameter in APPPATH\Models\Model_arsip.php on line 303.
 1 SYSTEMPATH\Autoloader\Autoloader.php(315): include_once('C:\\xampp\\htdocs\\e-arsip_ci4\\system\\Debug\\Exceptions.php')
 2 SYSTEMPATH\Autoloader\Autoloader.php(295): CodeIgniter\Autoloader\Autoloader->includeFile('C:\\xampp\\htdocs\\e-arsip_ci4\\app\\Models\\Model_arsip.php')
 3 SYSTEMPATH\Autoloader\Autoloader.php(271): CodeIgniter\Autoloader\Autoloader->loadInNamespace('App\\Models\\Model_arsip')
 4 APPPATH\Controllers\Cari.php(20): CodeIgniter\Autoloader\Autoloader->loadClass('App\\Models\\Model_arsip')
 5 SYSTEMPATH\CodeIgniter.php(903): App\Controllers\Cari->__construct()
 6 SYSTEMPATH\CodeIgniter.php(498): CodeIgniter\CodeIgniter->createController()
 7 SYSTEMPATH\CodeIgniter.php(354): CodeIgniter\CodeIgniter->handleRequest(null, Object(Config\Cache), false)
 8 SYSTEMPATH\Boot.php(363): CodeIgniter\CodeIgniter->run()
 9 SYSTEMPATH\Boot.php(68): CodeIgniter\Boot::runCodeIgniter(Object(CodeIgniter\CodeIgniter))
10 FCPATH\index.php(59): CodeIgniter\Boot::bootWeb(Object(Config\Paths))
DEBUG - 2025-11-07 02:00:59 --> Session: Class initialized using 'CodeIgniter\Session\Handlers\FileHandler' driver.
WARNING - 2025-11-07 02:00:59 --> [DEPRECATED] Optional parameter $filters declared before required parameter $id_dep is implicitly treated as a required parameter in APPPATH\Models\Model_arsip.php on line 303.
 1 SYSTEMPATH\Autoloader\Autoloader.php(315): include_once('C:\\xampp\\htdocs\\e-arsip_ci4\\system\\Debug\\Exceptions.php')
 2 SYSTEMPATH\Autoloader\Autoloader.php(295): CodeIgniter\Autoloader\Autoloader->includeFile('C:\\xampp\\htdocs\\e-arsip_ci4\\app\\Models\\Model_arsip.php')
 3 SYSTEMPATH\Autoloader\Autoloader.php(271): CodeIgniter\Autoloader\Autoloader->loadInNamespace('App\\Models\\Model_arsip')
 4 APPPATH\Controllers\Cari.php(20): CodeIgniter\Autoloader\Autoloader->loadClass('App\\Models\\Model_arsip')
 5 SYSTEMPATH\CodeIgniter.php(903): App\Controllers\Cari->__construct()
 6 SYSTEMPATH\CodeIgniter.php(498): CodeIgniter\CodeIgniter->createController()
 7 SYSTEMPATH\CodeIgniter.php(354): CodeIgniter\CodeIgniter->handleRequest(null, Object(Config\Cache), false)
 8 SYSTEMPATH\Boot.php(363): CodeIgniter\CodeIgniter->run()
 9 SYSTEMPATH\Boot.php(68): CodeIgniter\Boot::runCodeIgniter(Object(CodeIgniter\CodeIgniter))
10 FCPATH\index.php(59): CodeIgniter\Boot::bootWeb(Object(Config\Paths))
DEBUG - 2025-11-07 02:04:44 --> Session: Class initialized using 'CodeIgniter\Session\Handlers\FileHandler' driver.
WARNING - 2025-11-07 02:04:44 --> [DEPRECATED] Optional parameter $filters declared before required parameter $id_dep is implicitly treated as a required parameter in APPPATH\Models\Model_arsip.php on line 303.
 1 SYSTEMPATH\Autoloader\Autoloader.php(315): include_once('C:\\xampp\\htdocs\\e-arsip_ci4\\system\\Debug\\Exceptions.php')
 2 SYSTEMPATH\Autoloader\Autoloader.php(295): CodeIgniter\Autoloader\Autoloader->includeFile('C:\\xampp\\htdocs\\e-arsip_ci4\\app\\Models\\Model_arsip.php')
 3 SYSTEMPATH\Autoloader\Autoloader.php(271): CodeIgniter\Autoloader\Autoloader->loadInNamespace('App\\Models\\Model_arsip')
 4 APPPATH\Controllers\Cari.php(20): CodeIgniter\Autoloader\Autoloader->loadClass('App\\Models\\Model_arsip')
 5 SYSTEMPATH\CodeIgniter.php(903): App\Controllers\Cari->__construct()
 6 SYSTEMPATH\CodeIgniter.php(498): CodeIgniter\CodeIgniter->createController()
 7 SYSTEMPATH\CodeIgniter.php(354): CodeIgniter\CodeIgniter->handleRequest(null, Object(Config\Cache), false)
 8 SYSTEMPATH\Boot.php(363): CodeIgniter\CodeIgniter->run()
 9 SYSTEMPATH\Boot.php(68): CodeIgniter\Boot::runCodeIgniter(Object(CodeIgniter\CodeIgniter))
10 FCPATH\index.php(59): CodeIgniter\Boot::bootWeb(Object(Config\Paths))
CRITICAL - 2025-11-07 02:04:44 --> ErrorException: Undefined variable $previewUrl
[Method: GET, Route: cari]
in APPPATH\Views\pages\cari.php on line 92.
 1 APPPATH\Views\pages\cari.php(92): CodeIgniter\Debug\Exceptions->errorHandler(2, 'Undefined variable $previewUrl', 'C:\\xampp\\htdocs\\e-arsip_ci4\\app\\Views\\pages\\cari.php', 92)
 2 SYSTEMPATH\View\View.php(226): include('C:\\xampp\\htdocs\\e-arsip_ci4\\app\\Views\\pages\\cari.php')
 3 SYSTEMPATH\View\View.php(229): CodeIgniter\View\View->CodeIgniter\View\{closure}()
 4 SYSTEMPATH\Common.php(1167): CodeIgniter\View\View->render('pages/cari', [], true)
 5 APPPATH\Controllers\Cari.php(34): view('pages/cari', [...])
 6 SYSTEMPATH\CodeIgniter.php(933): App\Controllers\Cari->index()
 7 SYSTEMPATH\CodeIgniter.php(507): CodeIgniter\CodeIgniter->runController(Object(App\Controllers\Cari))
 8 SYSTEMPATH\CodeIgniter.php(354): CodeIgniter\CodeIgniter->handleRequest(null, Object(Config\Cache), false)
 9 SYSTEMPATH\Boot.php(363): CodeIgniter\CodeIgniter->run()
10 SYSTEMPATH\Boot.php(68): CodeIgniter\Boot::runCodeIgniter(Object(CodeIgniter\CodeIgniter))
11 FCPATH\index.php(59): CodeIgniter\Boot::bootWeb(Object(Config\Paths))
DEBUG - 2025-11-07 02:05:21 --> Session: Class initialized using 'CodeIgniter\Session\Handlers\FileHandler' driver.
WARNING - 2025-11-07 02:05:21 --> [DEPRECATED] Optional parameter $filters declared before required parameter $id_dep is implicitly treated as a required parameter in APPPATH\Models\Model_arsip.php on line 303.
 1 SYSTEMPATH\Autoloader\Autoloader.php(315): include_once('C:\\xampp\\htdocs\\e-arsip_ci4\\system\\Debug\\Exceptions.php')
 2 SYSTEMPATH\Autoloader\Autoloader.php(295): CodeIgniter\Autoloader\Autoloader->includeFile('C:\\xampp\\htdocs\\e-arsip_ci4\\app\\Models\\Model_arsip.php')
 3 SYSTEMPATH\Autoloader\Autoloader.php(271): CodeIgniter\Autoloader\Autoloader->loadInNamespace('App\\Models\\Model_arsip')
 4 APPPATH\Controllers\Cari.php(20): CodeIgniter\Autoloader\Autoloader->loadClass('App\\Models\\Model_arsip')
 5 SYSTEMPATH\CodeIgniter.php(903): App\Controllers\Cari->__construct()
 6 SYSTEMPATH\CodeIgniter.php(498): CodeIgniter\CodeIgniter->createController()
 7 SYSTEMPATH\CodeIgniter.php(354): CodeIgniter\CodeIgniter->handleRequest(null, Object(Config\Cache), false)
 8 SYSTEMPATH\Boot.php(363): CodeIgniter\CodeIgniter->run()
 9 SYSTEMPATH\Boot.php(68): CodeIgniter\Boot::runCodeIgniter(Object(CodeIgniter\CodeIgniter))
10 FCPATH\index.php(59): CodeIgniter\Boot::bootWeb(Object(Config\Paths))
DEBUG - 2025-11-07 02:05:24 --> Session: Class initialized using 'CodeIgniter\Session\Handlers\FileHandler' driver.
WARNING - 2025-11-07 02:05:24 --> [DEPRECATED] Optional parameter $filters declared before required parameter $id_dep is implicitly treated as a required parameter in APPPATH\Models\Model_arsip.php on line 303.
 1 SYSTEMPATH\Autoloader\Autoloader.php(315): include_once('C:\\xampp\\htdocs\\e-arsip_ci4\\system\\Debug\\Exceptions.php')
 2 SYSTEMPATH\Autoloader\Autoloader.php(295): CodeIgniter\Autoloader\Autoloader->includeFile('C:\\xampp\\htdocs\\e-arsip_ci4\\app\\Models\\Model_arsip.php')
 3 SYSTEMPATH\Autoloader\Autoloader.php(271): CodeIgniter\Autoloader\Autoloader->loadInNamespace('App\\Models\\Model_arsip')
 4 APPPATH\Controllers\Cari.php(20): CodeIgniter\Autoloader\Autoloader->loadClass('App\\Models\\Model_arsip')
 5 SYSTEMPATH\CodeIgniter.php(903): App\Controllers\Cari->__construct()
 6 SYSTEMPATH\CodeIgniter.php(498): CodeIgniter\CodeIgniter->createController()
 7 SYSTEMPATH\CodeIgniter.php(354): CodeIgniter\CodeIgniter->handleRequest(null, Object(Config\Cache), false)
 8 SYSTEMPATH\Boot.php(363): CodeIgniter\CodeIgniter->run()
 9 SYSTEMPATH\Boot.php(68): CodeIgniter\Boot::runCodeIgniter(Object(CodeIgniter\CodeIgniter))
10 FCPATH\index.php(59): CodeIgniter\Boot::bootWeb(Object(Config\Paths))
DEBUG - 2025-11-07 02:05:27 --> Session: Class initialized using 'CodeIgniter\Session\Handlers\FileHandler' driver.
WARNING - 2025-11-07 02:05:27 --> [DEPRECATED] Optional parameter $filters declared before required parameter $id_dep is implicitly treated as a required parameter in APPPATH\Models\Model_arsip.php on line 303.
 1 SYSTEMPATH\Autoloader\Autoloader.php(315): include_once('C:\\xampp\\htdocs\\e-arsip_ci4\\system\\Debug\\Exceptions.php')
 2 SYSTEMPATH\Autoloader\Autoloader.php(295): CodeIgniter\Autoloader\Autoloader->includeFile('C:\\xampp\\htdocs\\e-arsip_ci4\\app\\Models\\Model_arsip.php')
 3 SYSTEMPATH\Autoloader\Autoloader.php(271): CodeIgniter\Autoloader\Autoloader->loadInNamespace('App\\Models\\Model_arsip')
 4 APPPATH\Controllers\Cari.php(20): CodeIgniter\Autoloader\Autoloader->loadClass('App\\Models\\Model_arsip')
 5 SYSTEMPATH\CodeIgniter.php(903): App\Controllers\Cari->__construct()
 6 SYSTEMPATH\CodeIgniter.php(498): CodeIgniter\CodeIgniter->createController()
 7 SYSTEMPATH\CodeIgniter.php(354): CodeIgniter\CodeIgniter->handleRequest(null, Object(Config\Cache), false)
 8 SYSTEMPATH\Boot.php(363): CodeIgniter\CodeIgniter->run()
 9 SYSTEMPATH\Boot.php(68): CodeIgniter\Boot::runCodeIgniter(Object(CodeIgniter\CodeIgniter))
10 FCPATH\index.php(59): CodeIgniter\Boot::bootWeb(Object(Config\Paths))
DEBUG - 2025-11-07 02:05:27 --> Session: Class initialized using 'CodeIgniter\Session\Handlers\FileHandler' driver.
WARNING - 2025-11-07 02:05:27 --> [DEPRECATED] Optional parameter $filters declared before required parameter $id_dep is implicitly treated as a required parameter in APPPATH\Models\Model_arsip.php on line 303.
 1 SYSTEMPATH\Autoloader\Autoloader.php(315): include_once('C:\\xampp\\htdocs\\e-arsip_ci4\\system\\Debug\\Exceptions.php')
 2 SYSTEMPATH\Autoloader\Autoloader.php(295): CodeIgniter\Autoloader\Autoloader->includeFile('C:\\xampp\\htdocs\\e-arsip_ci4\\app\\Models\\Model_arsip.php')
 3 SYSTEMPATH\Autoloader\Autoloader.php(271): CodeIgniter\Autoloader\Autoloader->loadInNamespace('App\\Models\\Model_arsip')
 4 APPPATH\Controllers\Cari.php(20): CodeIgniter\Autoloader\Autoloader->loadClass('App\\Models\\Model_arsip')
 5 SYSTEMPATH\CodeIgniter.php(903): App\Controllers\Cari->__construct()
 6 SYSTEMPATH\CodeIgniter.php(498): CodeIgniter\CodeIgniter->createController()
 7 SYSTEMPATH\CodeIgniter.php(354): CodeIgniter\CodeIgniter->handleRequest(null, Object(Config\Cache), false)
 8 SYSTEMPATH\Boot.php(363): CodeIgniter\CodeIgniter->run()
 9 SYSTEMPATH\Boot.php(68): CodeIgniter\Boot::runCodeIgniter(Object(CodeIgniter\CodeIgniter))
10 FCPATH\index.php(59): CodeIgniter\Boot::bootWeb(Object(Config\Paths))
DEBUG - 2025-11-07 02:05:27 --> Session: Class initialized using 'CodeIgniter\Session\Handlers\FileHandler' driver.
WARNING - 2025-11-07 02:05:27 --> [DEPRECATED] Optional parameter $filters declared before required parameter $id_dep is implicitly treated as a required parameter in APPPATH\Models\Model_arsip.php on line 303.
 1 SYSTEMPATH\Autoloader\Autoloader.php(315): include_once('C:\\xampp\\htdocs\\e-arsip_ci4\\system\\Debug\\Exceptions.php')
 2 SYSTEMPATH\Autoloader\Autoloader.php(295): CodeIgniter\Autoloader\Autoloader->includeFile('C:\\xampp\\htdocs\\e-arsip_ci4\\app\\Models\\Model_arsip.php')
 3 SYSTEMPATH\Autoloader\Autoloader.php(271): CodeIgniter\Autoloader\Autoloader->loadInNamespace('App\\Models\\Model_arsip')
 4 APPPATH\Controllers\Cari.php(20): CodeIgniter\Autoloader\Autoloader->loadClass('App\\Models\\Model_arsip')
 5 SYSTEMPATH\CodeIgniter.php(903): App\Controllers\Cari->__construct()
 6 SYSTEMPATH\CodeIgniter.php(498): CodeIgniter\CodeIgniter->createController()
 7 SYSTEMPATH\CodeIgniter.php(354): CodeIgniter\CodeIgniter->handleRequest(null, Object(Config\Cache), false)
 8 SYSTEMPATH\Boot.php(363): CodeIgniter\CodeIgniter->run()
 9 SYSTEMPATH\Boot.php(68): CodeIgniter\Boot::runCodeIgniter(Object(CodeIgniter\CodeIgniter))
10 FCPATH\index.php(59): CodeIgniter\Boot::bootWeb(Object(Config\Paths))
DEBUG - 2025-11-07 02:05:27 --> Session: Class initialized using 'CodeIgniter\Session\Handlers\FileHandler' driver.
WARNING - 2025-11-07 02:05:27 --> [DEPRECATED] Optional parameter $filters declared before required parameter $id_dep is implicitly treated as a required parameter in APPPATH\Models\Model_arsip.php on line 303.
 1 SYSTEMPATH\Autoloader\Autoloader.php(315): include_once('C:\\xampp\\htdocs\\e-arsip_ci4\\system\\Debug\\Exceptions.php')
 2 SYSTEMPATH\Autoloader\Autoloader.php(295): CodeIgniter\Autoloader\Autoloader->includeFile('C:\\xampp\\htdocs\\e-arsip_ci4\\app\\Models\\Model_arsip.php')
 3 SYSTEMPATH\Autoloader\Autoloader.php(271): CodeIgniter\Autoloader\Autoloader->loadInNamespace('App\\Models\\Model_arsip')
 4 APPPATH\Controllers\Cari.php(20): CodeIgniter\Autoloader\Autoloader->loadClass('App\\Models\\Model_arsip')
 5 SYSTEMPATH\CodeIgniter.php(903): App\Controllers\Cari->__construct()
 6 SYSTEMPATH\CodeIgniter.php(498): CodeIgniter\CodeIgniter->createController()
 7 SYSTEMPATH\CodeIgniter.php(354): CodeIgniter\CodeIgniter->handleRequest(null, Object(Config\Cache), false)
 8 SYSTEMPATH\Boot.php(363): CodeIgniter\CodeIgniter->run()
 9 SYSTEMPATH\Boot.php(68): CodeIgniter\Boot::runCodeIgniter(Object(CodeIgniter\CodeIgniter))
10 FCPATH\index.php(59): CodeIgniter\Boot::bootWeb(Object(Config\Paths))
DEBUG - 2025-11-07 02:05:49 --> Session: Class initialized using 'CodeIgniter\Session\Handlers\FileHandler' driver.
DEBUG - 2025-11-07 02:05:50 --> Session: Class initialized using 'CodeIgniter\Session\Handlers\FileHandler' driver.
WARNING - 2025-11-07 02:05:50 --> [DEPRECATED] Optional parameter $filters declared before required parameter $id_dep is implicitly treated as a required parameter in APPPATH\Models\Model_arsip.php on line 303.
 1 SYSTEMPATH\Autoloader\Autoloader.php(315): include_once('C:\\xampp\\htdocs\\e-arsip_ci4\\system\\Debug\\Exceptions.php')
 2 SYSTEMPATH\Autoloader\Autoloader.php(295): CodeIgniter\Autoloader\Autoloader->includeFile('C:\\xampp\\htdocs\\e-arsip_ci4\\app\\Models\\Model_arsip.php')
 3 SYSTEMPATH\Autoloader\Autoloader.php(271): CodeIgniter\Autoloader\Autoloader->loadInNamespace('App\\Models\\Model_arsip')
 4 APPPATH\Controllers\Cari.php(20): CodeIgniter\Autoloader\Autoloader->loadClass('App\\Models\\Model_arsip')
 5 SYSTEMPATH\CodeIgniter.php(903): App\Controllers\Cari->__construct()
 6 SYSTEMPATH\CodeIgniter.php(498): CodeIgniter\CodeIgniter->createController()
 7 SYSTEMPATH\CodeIgniter.php(354): CodeIgniter\CodeIgniter->handleRequest(null, Object(Config\Cache), false)
 8 SYSTEMPATH\Boot.php(363): CodeIgniter\CodeIgniter->run()
 9 SYSTEMPATH\Boot.php(68): CodeIgniter\Boot::runCodeIgniter(Object(CodeIgniter\CodeIgniter))
10 FCPATH\index.php(59): CodeIgniter\Boot::bootWeb(Object(Config\Paths))
DEBUG - 2025-11-07 02:06:14 --> Session: Class initialized using 'CodeIgniter\Session\Handlers\FileHandler' driver.
WARNING - 2025-11-07 02:06:14 --> [DEPRECATED] Optional parameter $filters declared before required parameter $id_dep is implicitly treated as a required parameter in APPPATH\Models\Model_arsip.php on line 303.
 1 SYSTEMPATH\Autoloader\Autoloader.php(315): include_once('C:\\xampp\\htdocs\\e-arsip_ci4\\system\\Debug\\Exceptions.php')
 2 SYSTEMPATH\Autoloader\Autoloader.php(295): CodeIgniter\Autoloader\Autoloader->includeFile('C:\\xampp\\htdocs\\e-arsip_ci4\\app\\Models\\Model_arsip.php')
 3 SYSTEMPATH\Autoloader\Autoloader.php(271): CodeIgniter\Autoloader\Autoloader->loadInNamespace('App\\Models\\Model_arsip')
 4 APPPATH\Controllers\Arsip.php(26): CodeIgniter\Autoloader\Autoloader->loadClass('App\\Models\\Model_arsip')
 5 SYSTEMPATH\CodeIgniter.php(903): App\Controllers\Arsip->__construct()
 6 SYSTEMPATH\CodeIgniter.php(498): CodeIgniter\CodeIgniter->createController()
 7 SYSTEMPATH\CodeIgniter.php(354): CodeIgniter\CodeIgniter->handleRequest(null, Object(Config\Cache), false)
 8 SYSTEMPATH\Boot.php(363): CodeIgniter\CodeIgniter->run()
 9 SYSTEMPATH\Boot.php(68): CodeIgniter\Boot::runCodeIgniter(Object(CodeIgniter\CodeIgniter))
10 FCPATH\index.php(59): CodeIgniter\Boot::bootWeb(Object(Config\Paths))
DEBUG - 2025-11-07 02:06:18 --> Session: Class initialized using 'CodeIgniter\Session\Handlers\FileHandler' driver.
WARNING - 2025-11-07 02:06:18 --> [DEPRECATED] Optional parameter $filters declared before required parameter $id_dep is implicitly treated as a required parameter in APPPATH\Models\Model_arsip.php on line 303.
 1 SYSTEMPATH\Autoloader\Autoloader.php(315): include_once('C:\\xampp\\htdocs\\e-arsip_ci4\\system\\Debug\\Exceptions.php')
 2 SYSTEMPATH\Autoloader\Autoloader.php(295): CodeIgniter\Autoloader\Autoloader->includeFile('C:\\xampp\\htdocs\\e-arsip_ci4\\app\\Models\\Model_arsip.php')
 3 SYSTEMPATH\Autoloader\Autoloader.php(271): CodeIgniter\Autoloader\Autoloader->loadInNamespace('App\\Models\\Model_arsip')
 4 APPPATH\Controllers\Kategori.php(21): CodeIgniter\Autoloader\Autoloader->loadClass('App\\Models\\Model_arsip')
 5 SYSTEMPATH\CodeIgniter.php(903): App\Controllers\Kategori->__construct()
 6 SYSTEMPATH\CodeIgniter.php(498): CodeIgniter\CodeIgniter->createController()
 7 SYSTEMPATH\CodeIgniter.php(354): CodeIgniter\CodeIgniter->handleRequest(null, Object(Config\Cache), false)
 8 SYSTEMPATH\Boot.php(363): CodeIgniter\CodeIgniter->run()
 9 SYSTEMPATH\Boot.php(68): CodeIgniter\Boot::runCodeIgniter(Object(CodeIgniter\CodeIgniter))
10 FCPATH\index.php(59): CodeIgniter\Boot::bootWeb(Object(Config\Paths))
DEBUG - 2025-11-07 02:06:19 --> Session: Class initialized using 'CodeIgniter\Session\Handlers\FileHandler' driver.
WARNING - 2025-11-07 02:06:19 --> [DEPRECATED] Optional parameter $filters declared before required parameter $id_dep is implicitly treated as a required parameter in APPPATH\Models\Model_arsip.php on line 303.
 1 SYSTEMPATH\Autoloader\Autoloader.php(315): include_once('C:\\xampp\\htdocs\\e-arsip_ci4\\system\\Debug\\Exceptions.php')
 2 SYSTEMPATH\Autoloader\Autoloader.php(295): CodeIgniter\Autoloader\Autoloader->includeFile('C:\\xampp\\htdocs\\e-arsip_ci4\\app\\Models\\Model_arsip.php')
 3 SYSTEMPATH\Autoloader\Autoloader.php(271): CodeIgniter\Autoloader\Autoloader->loadInNamespace('App\\Models\\Model_arsip')
 4 APPPATH\Controllers\Cari.php(20): CodeIgniter\Autoloader\Autoloader->loadClass('App\\Models\\Model_arsip')
 5 SYSTEMPATH\CodeIgniter.php(903): App\Controllers\Cari->__construct()
 6 SYSTEMPATH\CodeIgniter.php(498): CodeIgniter\CodeIgniter->createController()
 7 SYSTEMPATH\CodeIgniter.php(354): CodeIgniter\CodeIgniter->handleRequest(null, Object(Config\Cache), false)
 8 SYSTEMPATH\Boot.php(363): CodeIgniter\CodeIgniter->run()
 9 SYSTEMPATH\Boot.php(68): CodeIgniter\Boot::runCodeIgniter(Object(CodeIgniter\CodeIgniter))
10 FCPATH\index.php(59): CodeIgniter\Boot::bootWeb(Object(Config\Paths))
DEBUG - 2025-11-07 02:23:48 --> Session: Class initialized using 'CodeIgniter\Session\Handlers\FileHandler' driver.
WARNING - 2025-11-07 02:23:48 --> [DEPRECATED] Optional parameter $filters declared before required parameter $id_dep is implicitly treated as a required parameter in APPPATH\Models\Model_arsip.php on line 303.
 1 SYSTEMPATH\Autoloader\Autoloader.php(315): include_once('C:\\xampp\\htdocs\\e-arsip_ci4\\system\\Debug\\Exceptions.php')
 2 SYSTEMPATH\Autoloader\Autoloader.php(295): CodeIgniter\Autoloader\Autoloader->includeFile('C:\\xampp\\htdocs\\e-arsip_ci4\\app\\Models\\Model_arsip.php')
 3 SYSTEMPATH\Autoloader\Autoloader.php(271): CodeIgniter\Autoloader\Autoloader->loadInNamespace('App\\Models\\Model_arsip')
 4 APPPATH\Controllers\Arsip.php(26): CodeIgniter\Autoloader\Autoloader->loadClass('App\\Models\\Model_arsip')
 5 SYSTEMPATH\CodeIgniter.php(903): App\Controllers\Arsip->__construct()
 6 SYSTEMPATH\CodeIgniter.php(498): CodeIgniter\CodeIgniter->createController()
 7 SYSTEMPATH\CodeIgniter.php(354): CodeIgniter\CodeIgniter->handleRequest(null, Object(Config\Cache), false)
 8 SYSTEMPATH\Boot.php(363): CodeIgniter\CodeIgniter->run()
 9 SYSTEMPATH\Boot.php(68): CodeIgniter\Boot::runCodeIgniter(Object(CodeIgniter\CodeIgniter))
10 FCPATH\index.php(59): CodeIgniter\Boot::bootWeb(Object(Config\Paths))
DEBUG - 2025-11-07 02:30:52 --> Session: Class initialized using 'CodeIgniter\Session\Handlers\FileHandler' driver.
WARNING - 2025-11-07 02:30:52 --> [DEPRECATED] Optional parameter $filters declared before required parameter $id_dep is implicitly treated as a required parameter in APPPATH\Models\Model_arsip.php on line 303.
 1 SYSTEMPATH\Autoloader\Autoloader.php(315): include_once('C:\\xampp\\htdocs\\e-arsip_ci4\\system\\Debug\\Exceptions.php')
 2 SYSTEMPATH\Autoloader\Autoloader.php(295): CodeIgniter\Autoloader\Autoloader->includeFile('C:\\xampp\\htdocs\\e-arsip_ci4\\app\\Models\\Model_arsip.php')
 3 SYSTEMPATH\Autoloader\Autoloader.php(271): CodeIgniter\Autoloader\Autoloader->loadInNamespace('App\\Models\\Model_arsip')
 4 APPPATH\Controllers\Cari.php(20): CodeIgniter\Autoloader\Autoloader->loadClass('App\\Models\\Model_arsip')
 5 SYSTEMPATH\CodeIgniter.php(903): App\Controllers\Cari->__construct()
 6 SYSTEMPATH\CodeIgniter.php(498): CodeIgniter\CodeIgniter->createController()
 7 SYSTEMPATH\CodeIgniter.php(354): CodeIgniter\CodeIgniter->handleRequest(null, Object(Config\Cache), false)
 8 SYSTEMPATH\Boot.php(363): CodeIgniter\CodeIgniter->run()
 9 SYSTEMPATH\Boot.php(68): CodeIgniter\Boot::runCodeIgniter(Object(CodeIgniter\CodeIgniter))
10 FCPATH\index.php(59): CodeIgniter\Boot::bootWeb(Object(Config\Paths))
DEBUG - 2025-11-07 02:32:10 --> Session: Class initialized using 'CodeIgniter\Session\Handlers\FileHandler' driver.
WARNING - 2025-11-07 02:32:10 --> [DEPRECATED] Optional parameter $filters declared before required parameter $id_dep is implicitly treated as a required parameter in APPPATH\Models\Model_arsip.php on line 303.
 1 SYSTEMPATH\Autoloader\Autoloader.php(315): include_once('C:\\xampp\\htdocs\\e-arsip_ci4\\system\\Debug\\Exceptions.php')
 2 SYSTEMPATH\Autoloader\Autoloader.php(295): CodeIgniter\Autoloader\Autoloader->includeFile('C:\\xampp\\htdocs\\e-arsip_ci4\\app\\Models\\Model_arsip.php')
 3 SYSTEMPATH\Autoloader\Autoloader.php(271): CodeIgniter\Autoloader\Autoloader->loadInNamespace('App\\Models\\Model_arsip')
 4 APPPATH\Controllers\Cari.php(20): CodeIgniter\Autoloader\Autoloader->loadClass('App\\Models\\Model_arsip')
 5 SYSTEMPATH\CodeIgniter.php(903): App\Controllers\Cari->__construct()
 6 SYSTEMPATH\CodeIgniter.php(498): CodeIgniter\CodeIgniter->createController()
 7 SYSTEMPATH\CodeIgniter.php(354): CodeIgniter\CodeIgniter->handleRequest(null, Object(Config\Cache), false)
 8 SYSTEMPATH\Boot.php(363): CodeIgniter\CodeIgniter->run()
 9 SYSTEMPATH\Boot.php(68): CodeIgniter\Boot::runCodeIgniter(Object(CodeIgniter\CodeIgniter))
10 FCPATH\index.php(59): CodeIgniter\Boot::bootWeb(Object(Config\Paths))
DEBUG - 2025-11-07 02:32:13 --> Session: Class initialized using 'CodeIgniter\Session\Handlers\FileHandler' driver.
WARNING - 2025-11-07 02:32:13 --> [DEPRECATED] Optional parameter $filters declared before required parameter $id_dep is implicitly treated as a required parameter in APPPATH\Models\Model_arsip.php on line 303.
 1 SYSTEMPATH\Autoloader\Autoloader.php(315): include_once('C:\\xampp\\htdocs\\e-arsip_ci4\\system\\Debug\\Exceptions.php')
 2 SYSTEMPATH\Autoloader\Autoloader.php(295): CodeIgniter\Autoloader\Autoloader->includeFile('C:\\xampp\\htdocs\\e-arsip_ci4\\app\\Models\\Model_arsip.php')
 3 SYSTEMPATH\Autoloader\Autoloader.php(271): CodeIgniter\Autoloader\Autoloader->loadInNamespace('App\\Models\\Model_arsip')
 4 APPPATH\Controllers\Cari.php(20): CodeIgniter\Autoloader\Autoloader->loadClass('App\\Models\\Model_arsip')
 5 SYSTEMPATH\CodeIgniter.php(903): App\Controllers\Cari->__construct()
 6 SYSTEMPATH\CodeIgniter.php(498): CodeIgniter\CodeIgniter->createController()
 7 SYSTEMPATH\CodeIgniter.php(354): CodeIgniter\CodeIgniter->handleRequest(null, Object(Config\Cache), false)
 8 SYSTEMPATH\Boot.php(363): CodeIgniter\CodeIgniter->run()
 9 SYSTEMPATH\Boot.php(68): CodeIgniter\Boot::runCodeIgniter(Object(CodeIgniter\CodeIgniter))
10 FCPATH\index.php(59): CodeIgniter\Boot::bootWeb(Object(Config\Paths))
DEBUG - 2025-11-07 02:32:14 --> Session: Class initialized using 'CodeIgniter\Session\Handlers\FileHandler' driver.
WARNING - 2025-11-07 02:32:14 --> [DEPRECATED] Optional parameter $filters declared before required parameter $id_dep is implicitly treated as a required parameter in APPPATH\Models\Model_arsip.php on line 303.
 1 SYSTEMPATH\Autoloader\Autoloader.php(315): include_once('C:\\xampp\\htdocs\\e-arsip_ci4\\system\\Debug\\Exceptions.php')
 2 SYSTEMPATH\Autoloader\Autoloader.php(295): CodeIgniter\Autoloader\Autoloader->includeFile('C:\\xampp\\htdocs\\e-arsip_ci4\\app\\Models\\Model_arsip.php')
 3 SYSTEMPATH\Autoloader\Autoloader.php(271): CodeIgniter\Autoloader\Autoloader->loadInNamespace('App\\Models\\Model_arsip')
 4 APPPATH\Controllers\Cari.php(20): CodeIgniter\Autoloader\Autoloader->loadClass('App\\Models\\Model_arsip')
 5 SYSTEMPATH\CodeIgniter.php(903): App\Controllers\Cari->__construct()
 6 SYSTEMPATH\CodeIgniter.php(498): CodeIgniter\CodeIgniter->createController()
 7 SYSTEMPATH\CodeIgniter.php(354): CodeIgniter\CodeIgniter->handleRequest(null, Object(Config\Cache), false)
 8 SYSTEMPATH\Boot.php(363): CodeIgniter\CodeIgniter->run()
 9 SYSTEMPATH\Boot.php(68): CodeIgniter\Boot::runCodeIgniter(Object(CodeIgniter\CodeIgniter))
10 FCPATH\index.php(59): CodeIgniter\Boot::bootWeb(Object(Config\Paths))
DEBUG - 2025-11-07 02:32:14 --> Session: Class initialized using 'CodeIgniter\Session\Handlers\FileHandler' driver.
WARNING - 2025-11-07 02:32:14 --> [DEPRECATED] Optional parameter $filters declared before required parameter $id_dep is implicitly treated as a required parameter in APPPATH\Models\Model_arsip.php on line 303.
 1 SYSTEMPATH\Autoloader\Autoloader.php(315): include_once('C:\\xampp\\htdocs\\e-arsip_ci4\\system\\Debug\\Exceptions.php')
 2 SYSTEMPATH\Autoloader\Autoloader.php(295): CodeIgniter\Autoloader\Autoloader->includeFile('C:\\xampp\\htdocs\\e-arsip_ci4\\app\\Models\\Model_arsip.php')
 3 SYSTEMPATH\Autoloader\Autoloader.php(271): CodeIgniter\Autoloader\Autoloader->loadInNamespace('App\\Models\\Model_arsip')
 4 APPPATH\Controllers\Cari.php(20): CodeIgniter\Autoloader\Autoloader->loadClass('App\\Models\\Model_arsip')
 5 SYSTEMPATH\CodeIgniter.php(903): App\Controllers\Cari->__construct()
 6 SYSTEMPATH\CodeIgniter.php(498): CodeIgniter\CodeIgniter->createController()
 7 SYSTEMPATH\CodeIgniter.php(354): CodeIgniter\CodeIgniter->handleRequest(null, Object(Config\Cache), false)
 8 SYSTEMPATH\Boot.php(363): CodeIgniter\CodeIgniter->run()
 9 SYSTEMPATH\Boot.php(68): CodeIgniter\Boot::runCodeIgniter(Object(CodeIgniter\CodeIgniter))
10 FCPATH\index.php(59): CodeIgniter\Boot::bootWeb(Object(Config\Paths))
DEBUG - 2025-11-07 02:32:14 --> Session: Class initialized using 'CodeIgniter\Session\Handlers\FileHandler' driver.
WARNING - 2025-11-07 02:32:14 --> [DEPRECATED] Optional parameter $filters declared before required parameter $id_dep is implicitly treated as a required parameter in APPPATH\Models\Model_arsip.php on line 303.
 1 SYSTEMPATH\Autoloader\Autoloader.php(315): include_once('C:\\xampp\\htdocs\\e-arsip_ci4\\system\\Debug\\Exceptions.php')
 2 SYSTEMPATH\Autoloader\Autoloader.php(295): CodeIgniter\Autoloader\Autoloader->includeFile('C:\\xampp\\htdocs\\e-arsip_ci4\\app\\Models\\Model_arsip.php')
 3 SYSTEMPATH\Autoloader\Autoloader.php(271): CodeIgniter\Autoloader\Autoloader->loadInNamespace('App\\Models\\Model_arsip')
 4 APPPATH\Controllers\Cari.php(20): CodeIgniter\Autoloader\Autoloader->loadClass('App\\Models\\Model_arsip')
 5 SYSTEMPATH\CodeIgniter.php(903): App\Controllers\Cari->__construct()
 6 SYSTEMPATH\CodeIgniter.php(498): CodeIgniter\CodeIgniter->createController()
 7 SYSTEMPATH\CodeIgniter.php(354): CodeIgniter\CodeIgniter->handleRequest(null, Object(Config\Cache), false)
 8 SYSTEMPATH\Boot.php(363): CodeIgniter\CodeIgniter->run()
 9 SYSTEMPATH\Boot.php(68): CodeIgniter\Boot::runCodeIgniter(Object(CodeIgniter\CodeIgniter))
10 FCPATH\index.php(59): CodeIgniter\Boot::bootWeb(Object(Config\Paths))
DEBUG - 2025-11-07 02:32:15 --> Session: Class initialized using 'CodeIgniter\Session\Handlers\FileHandler' driver.
WARNING - 2025-11-07 02:32:15 --> [DEPRECATED] Optional parameter $filters declared before required parameter $id_dep is implicitly treated as a required parameter in APPPATH\Models\Model_arsip.php on line 303.
 1 SYSTEMPATH\Autoloader\Autoloader.php(315): include_once('C:\\xampp\\htdocs\\e-arsip_ci4\\system\\Debug\\Exceptions.php')
 2 SYSTEMPATH\Autoloader\Autoloader.php(295): CodeIgniter\Autoloader\Autoloader->includeFile('C:\\xampp\\htdocs\\e-arsip_ci4\\app\\Models\\Model_arsip.php')
 3 SYSTEMPATH\Autoloader\Autoloader.php(271): CodeIgniter\Autoloader\Autoloader->loadInNamespace('App\\Models\\Model_arsip')
 4 APPPATH\Controllers\Cari.php(20): CodeIgniter\Autoloader\Autoloader->loadClass('App\\Models\\Model_arsip')
 5 SYSTEMPATH\CodeIgniter.php(903): App\Controllers\Cari->__construct()
 6 SYSTEMPATH\CodeIgniter.php(498): CodeIgniter\CodeIgniter->createController()
 7 SYSTEMPATH\CodeIgniter.php(354): CodeIgniter\CodeIgniter->handleRequest(null, Object(Config\Cache), false)
 8 SYSTEMPATH\Boot.php(363): CodeIgniter\CodeIgniter->run()
 9 SYSTEMPATH\Boot.php(68): CodeIgniter\Boot::runCodeIgniter(Object(CodeIgniter\CodeIgniter))
10 FCPATH\index.php(59): CodeIgniter\Boot::bootWeb(Object(Config\Paths))
DEBUG - 2025-11-07 02:36:17 --> Session: Class initialized using 'CodeIgniter\Session\Handlers\FileHandler' driver.
WARNING - 2025-11-07 02:36:17 --> [DEPRECATED] Optional parameter $filters declared before required parameter $id_dep is implicitly treated as a required parameter in APPPATH\Models\Model_arsip.php on line 303.
 1 SYSTEMPATH\Autoloader\Autoloader.php(315): include_once('C:\\xampp\\htdocs\\e-arsip_ci4\\system\\Debug\\Exceptions.php')
 2 SYSTEMPATH\Autoloader\Autoloader.php(295): CodeIgniter\Autoloader\Autoloader->includeFile('C:\\xampp\\htdocs\\e-arsip_ci4\\app\\Models\\Model_arsip.php')
 3 SYSTEMPATH\Autoloader\Autoloader.php(271): CodeIgniter\Autoloader\Autoloader->loadInNamespace('App\\Models\\Model_arsip')
 4 APPPATH\Controllers\Cari.php(20): CodeIgniter\Autoloader\Autoloader->loadClass('App\\Models\\Model_arsip')
 5 SYSTEMPATH\CodeIgniter.php(903): App\Controllers\Cari->__construct()
 6 SYSTEMPATH\CodeIgniter.php(498): CodeIgniter\CodeIgniter->createController()
 7 SYSTEMPATH\CodeIgniter.php(354): CodeIgniter\CodeIgniter->handleRequest(null, Object(Config\Cache), false)
 8 SYSTEMPATH\Boot.php(363): CodeIgniter\CodeIgniter->run()
 9 SYSTEMPATH\Boot.php(68): CodeIgniter\Boot::runCodeIgniter(Object(CodeIgniter\CodeIgniter))
10 FCPATH\index.php(59): CodeIgniter\Boot::bootWeb(Object(Config\Paths))
DEBUG - 2025-11-07 02:36:19 --> Session: Class initialized using 'CodeIgniter\Session\Handlers\FileHandler' driver.
WARNING - 2025-11-07 02:36:19 --> [DEPRECATED] Optional parameter $filters declared before required parameter $id_dep is implicitly treated as a required parameter in APPPATH\Models\Model_arsip.php on line 303.
 1 SYSTEMPATH\Autoloader\Autoloader.php(315): include_once('C:\\xampp\\htdocs\\e-arsip_ci4\\system\\Debug\\Exceptions.php')
 2 SYSTEMPATH\Autoloader\Autoloader.php(295): CodeIgniter\Autoloader\Autoloader->includeFile('C:\\xampp\\htdocs\\e-arsip_ci4\\app\\Models\\Model_arsip.php')
 3 SYSTEMPATH\Autoloader\Autoloader.php(271): CodeIgniter\Autoloader\Autoloader->loadInNamespace('App\\Models\\Model_arsip')
 4 APPPATH\Controllers\Cari.php(20): CodeIgniter\Autoloader\Autoloader->loadClass('App\\Models\\Model_arsip')
 5 SYSTEMPATH\CodeIgniter.php(903): App\Controllers\Cari->__construct()
 6 SYSTEMPATH\CodeIgniter.php(498): CodeIgniter\CodeIgniter->createController()
 7 SYSTEMPATH\CodeIgniter.php(354): CodeIgniter\CodeIgniter->handleRequest(null, Object(Config\Cache), false)
 8 SYSTEMPATH\Boot.php(363): CodeIgniter\CodeIgniter->run()
 9 SYSTEMPATH\Boot.php(68): CodeIgniter\Boot::runCodeIgniter(Object(CodeIgniter\CodeIgniter))
10 FCPATH\index.php(59): CodeIgniter\Boot::bootWeb(Object(Config\Paths))
DEBUG - 2025-11-07 02:36:20 --> Session: Class initialized using 'CodeIgniter\Session\Handlers\FileHandler' driver.
WARNING - 2025-11-07 02:36:20 --> [DEPRECATED] Optional parameter $filters declared before required parameter $id_dep is implicitly treated as a required parameter in APPPATH\Models\Model_arsip.php on line 303.
 1 SYSTEMPATH\Autoloader\Autoloader.php(315): include_once('C:\\xampp\\htdocs\\e-arsip_ci4\\system\\Debug\\Exceptions.php')
 2 SYSTEMPATH\Autoloader\Autoloader.php(295): CodeIgniter\Autoloader\Autoloader->includeFile('C:\\xampp\\htdocs\\e-arsip_ci4\\app\\Models\\Model_arsip.php')
 3 SYSTEMPATH\Autoloader\Autoloader.php(271): CodeIgniter\Autoloader\Autoloader->loadInNamespace('App\\Models\\Model_arsip')
 4 APPPATH\Controllers\Cari.php(20): CodeIgniter\Autoloader\Autoloader->loadClass('App\\Models\\Model_arsip')
 5 SYSTEMPATH\CodeIgniter.php(903): App\Controllers\Cari->__construct()
 6 SYSTEMPATH\CodeIgniter.php(498): CodeIgniter\CodeIgniter->createController()
 7 SYSTEMPATH\CodeIgniter.php(354): CodeIgniter\CodeIgniter->handleRequest(null, Object(Config\Cache), false)
 8 SYSTEMPATH\Boot.php(363): CodeIgniter\CodeIgniter->run()
 9 SYSTEMPATH\Boot.php(68): CodeIgniter\Boot::runCodeIgniter(Object(CodeIgniter\CodeIgniter))
10 FCPATH\index.php(59): CodeIgniter\Boot::bootWeb(Object(Config\Paths))
DEBUG - 2025-11-07 02:36:20 --> Session: Class initialized using 'CodeIgniter\Session\Handlers\FileHandler' driver.
WARNING - 2025-11-07 02:36:20 --> [DEPRECATED] Optional parameter $filters declared before required parameter $id_dep is implicitly treated as a required parameter in APPPATH\Models\Model_arsip.php on line 303.
 1 SYSTEMPATH\Autoloader\Autoloader.php(315): include_once('C:\\xampp\\htdocs\\e-arsip_ci4\\system\\Debug\\Exceptions.php')
 2 SYSTEMPATH\Autoloader\Autoloader.php(295): CodeIgniter\Autoloader\Autoloader->includeFile('C:\\xampp\\htdocs\\e-arsip_ci4\\app\\Models\\Model_arsip.php')
 3 SYSTEMPATH\Autoloader\Autoloader.php(271): CodeIgniter\Autoloader\Autoloader->loadInNamespace('App\\Models\\Model_arsip')
 4 APPPATH\Controllers\Cari.php(20): CodeIgniter\Autoloader\Autoloader->loadClass('App\\Models\\Model_arsip')
 5 SYSTEMPATH\CodeIgniter.php(903): App\Controllers\Cari->__construct()
 6 SYSTEMPATH\CodeIgniter.php(498): CodeIgniter\CodeIgniter->createController()
 7 SYSTEMPATH\CodeIgniter.php(354): CodeIgniter\CodeIgniter->handleRequest(null, Object(Config\Cache), false)
 8 SYSTEMPATH\Boot.php(363): CodeIgniter\CodeIgniter->run()
 9 SYSTEMPATH\Boot.php(68): CodeIgniter\Boot::runCodeIgniter(Object(CodeIgniter\CodeIgniter))
10 FCPATH\index.php(59): CodeIgniter\Boot::bootWeb(Object(Config\Paths))
DEBUG - 2025-11-07 02:39:57 --> Session: Class initialized using 'CodeIgniter\Session\Handlers\FileHandler' driver.
WARNING - 2025-11-07 02:39:57 --> [DEPRECATED] Optional parameter $filters declared before required parameter $id_dep is implicitly treated as a required parameter in APPPATH\Models\Model_arsip.php on line 303.
 1 SYSTEMPATH\Autoloader\Autoloader.php(315): include_once('C:\\xampp\\htdocs\\e-arsip_ci4\\system\\Debug\\Exceptions.php')
 2 SYSTEMPATH\Autoloader\Autoloader.php(295): CodeIgniter\Autoloader\Autoloader->includeFile('C:\\xampp\\htdocs\\e-arsip_ci4\\app\\Models\\Model_arsip.php')
 3 SYSTEMPATH\Autoloader\Autoloader.php(271): CodeIgniter\Autoloader\Autoloader->loadInNamespace('App\\Models\\Model_arsip')
 4 APPPATH\Controllers\Cari.php(20): CodeIgniter\Autoloader\Autoloader->loadClass('App\\Models\\Model_arsip')
 5 SYSTEMPATH\CodeIgniter.php(903): App\Controllers\Cari->__construct()
 6 SYSTEMPATH\CodeIgniter.php(498): CodeIgniter\CodeIgniter->createController()
 7 SYSTEMPATH\CodeIgniter.php(354): CodeIgniter\CodeIgniter->handleRequest(null, Object(Config\Cache), false)
 8 SYSTEMPATH\Boot.php(363): CodeIgniter\CodeIgniter->run()
 9 SYSTEMPATH\Boot.php(68): CodeIgniter\Boot::runCodeIgniter(Object(CodeIgniter\CodeIgniter))
10 FCPATH\index.php(59): CodeIgniter\Boot::bootWeb(Object(Config\Paths))
DEBUG - 2025-11-07 02:42:13 --> Session: Class initialized using 'CodeIgniter\Session\Handlers\FileHandler' driver.
WARNING - 2025-11-07 02:42:13 --> [DEPRECATED] Optional parameter $filters declared before required parameter $id_dep is implicitly treated as a required parameter in APPPATH\Models\Model_arsip.php on line 303.
 1 SYSTEMPATH\Autoloader\Autoloader.php(315): include_once('C:\\xampp\\htdocs\\e-arsip_ci4\\system\\Debug\\Exceptions.php')
 2 SYSTEMPATH\Autoloader\Autoloader.php(295): CodeIgniter\Autoloader\Autoloader->includeFile('C:\\xampp\\htdocs\\e-arsip_ci4\\app\\Models\\Model_arsip.php')
 3 SYSTEMPATH\Autoloader\Autoloader.php(271): CodeIgniter\Autoloader\Autoloader->loadInNamespace('App\\Models\\Model_arsip')
 4 APPPATH\Controllers\Cari.php(20): CodeIgniter\Autoloader\Autoloader->loadClass('App\\Models\\Model_arsip')
 5 SYSTEMPATH\CodeIgniter.php(903): App\Controllers\Cari->__construct()
 6 SYSTEMPATH\CodeIgniter.php(498): CodeIgniter\CodeIgniter->createController()
 7 SYSTEMPATH\CodeIgniter.php(354): CodeIgniter\CodeIgniter->handleRequest(null, Object(Config\Cache), false)
 8 SYSTEMPATH\Boot.php(363): CodeIgniter\CodeIgniter->run()
 9 SYSTEMPATH\Boot.php(68): CodeIgniter\Boot::runCodeIgniter(Object(CodeIgniter\CodeIgniter))
10 FCPATH\index.php(59): CodeIgniter\Boot::bootWeb(Object(Config\Paths))
DEBUG - 2025-11-07 02:42:14 --> Session: Class initialized using 'CodeIgniter\Session\Handlers\FileHandler' driver.
WARNING - 2025-11-07 02:42:14 --> [DEPRECATED] Optional parameter $filters declared before required parameter $id_dep is implicitly treated as a required parameter in APPPATH\Models\Model_arsip.php on line 303.
 1 SYSTEMPATH\Autoloader\Autoloader.php(315): include_once('C:\\xampp\\htdocs\\e-arsip_ci4\\system\\Debug\\Exceptions.php')
 2 SYSTEMPATH\Autoloader\Autoloader.php(295): CodeIgniter\Autoloader\Autoloader->includeFile('C:\\xampp\\htdocs\\e-arsip_ci4\\app\\Models\\Model_arsip.php')
 3 SYSTEMPATH\Autoloader\Autoloader.php(271): CodeIgniter\Autoloader\Autoloader->loadInNamespace('App\\Models\\Model_arsip')
 4 APPPATH\Controllers\Cari.php(20): CodeIgniter\Autoloader\Autoloader->loadClass('App\\Models\\Model_arsip')
 5 SYSTEMPATH\CodeIgniter.php(903): App\Controllers\Cari->__construct()
 6 SYSTEMPATH\CodeIgniter.php(498): CodeIgniter\CodeIgniter->createController()
 7 SYSTEMPATH\CodeIgniter.php(354): CodeIgniter\CodeIgniter->handleRequest(null, Object(Config\Cache), false)
 8 SYSTEMPATH\Boot.php(363): CodeIgniter\CodeIgniter->run()
 9 SYSTEMPATH\Boot.php(68): CodeIgniter\Boot::runCodeIgniter(Object(CodeIgniter\CodeIgniter))
10 FCPATH\index.php(59): CodeIgniter\Boot::bootWeb(Object(Config\Paths))
DEBUG - 2025-11-07 02:42:14 --> Session: Class initialized using 'CodeIgniter\Session\Handlers\FileHandler' driver.
WARNING - 2025-11-07 02:42:14 --> [DEPRECATED] Optional parameter $filters declared before required parameter $id_dep is implicitly treated as a required parameter in APPPATH\Models\Model_arsip.php on line 303.
 1 SYSTEMPATH\Autoloader\Autoloader.php(315): include_once('C:\\xampp\\htdocs\\e-arsip_ci4\\system\\Debug\\Exceptions.php')
 2 SYSTEMPATH\Autoloader\Autoloader.php(295): CodeIgniter\Autoloader\Autoloader->includeFile('C:\\xampp\\htdocs\\e-arsip_ci4\\app\\Models\\Model_arsip.php')
 3 SYSTEMPATH\Autoloader\Autoloader.php(271): CodeIgniter\Autoloader\Autoloader->loadInNamespace('App\\Models\\Model_arsip')
 4 APPPATH\Controllers\Cari.php(20): CodeIgniter\Autoloader\Autoloader->loadClass('App\\Models\\Model_arsip')
 5 SYSTEMPATH\CodeIgniter.php(903): App\Controllers\Cari->__construct()
 6 SYSTEMPATH\CodeIgniter.php(498): CodeIgniter\CodeIgniter->createController()
 7 SYSTEMPATH\CodeIgniter.php(354): CodeIgniter\CodeIgniter->handleRequest(null, Object(Config\Cache), false)
 8 SYSTEMPATH\Boot.php(363): CodeIgniter\CodeIgniter->run()
 9 SYSTEMPATH\Boot.php(68): CodeIgniter\Boot::runCodeIgniter(Object(CodeIgniter\CodeIgniter))
10 FCPATH\index.php(59): CodeIgniter\Boot::bootWeb(Object(Config\Paths))
DEBUG - 2025-11-07 02:42:15 --> Session: Class initialized using 'CodeIgniter\Session\Handlers\FileHandler' driver.
WARNING - 2025-11-07 02:42:15 --> [DEPRECATED] Optional parameter $filters declared before required parameter $id_dep is implicitly treated as a required parameter in APPPATH\Models\Model_arsip.php on line 303.
 1 SYSTEMPATH\Autoloader\Autoloader.php(315): include_once('C:\\xampp\\htdocs\\e-arsip_ci4\\system\\Debug\\Exceptions.php')
 2 SYSTEMPATH\Autoloader\Autoloader.php(295): CodeIgniter\Autoloader\Autoloader->includeFile('C:\\xampp\\htdocs\\e-arsip_ci4\\app\\Models\\Model_arsip.php')
 3 SYSTEMPATH\Autoloader\Autoloader.php(271): CodeIgniter\Autoloader\Autoloader->loadInNamespace('App\\Models\\Model_arsip')
 4 APPPATH\Controllers\Cari.php(20): CodeIgniter\Autoloader\Autoloader->loadClass('App\\Models\\Model_arsip')
 5 SYSTEMPATH\CodeIgniter.php(903): App\Controllers\Cari->__construct()
 6 SYSTEMPATH\CodeIgniter.php(498): CodeIgniter\CodeIgniter->createController()
 7 SYSTEMPATH\CodeIgniter.php(354): CodeIgniter\CodeIgniter->handleRequest(null, Object(Config\Cache), false)
 8 SYSTEMPATH\Boot.php(363): CodeIgniter\CodeIgniter->run()
 9 SYSTEMPATH\Boot.php(68): CodeIgniter\Boot::runCodeIgniter(Object(CodeIgniter\CodeIgniter))
10 FCPATH\index.php(59): CodeIgniter\Boot::bootWeb(Object(Config\Paths))
DEBUG - 2025-11-07 02:42:15 --> Session: Class initialized using 'CodeIgniter\Session\Handlers\FileHandler' driver.
WARNING - 2025-11-07 02:42:15 --> [DEPRECATED] Optional parameter $filters declared before required parameter $id_dep is implicitly treated as a required parameter in APPPATH\Models\Model_arsip.php on line 303.
 1 SYSTEMPATH\Autoloader\Autoloader.php(315): include_once('C:\\xampp\\htdocs\\e-arsip_ci4\\system\\Debug\\Exceptions.php')
 2 SYSTEMPATH\Autoloader\Autoloader.php(295): CodeIgniter\Autoloader\Autoloader->includeFile('C:\\xampp\\htdocs\\e-arsip_ci4\\app\\Models\\Model_arsip.php')
 3 SYSTEMPATH\Autoloader\Autoloader.php(271): CodeIgniter\Autoloader\Autoloader->loadInNamespace('App\\Models\\Model_arsip')
 4 APPPATH\Controllers\Cari.php(20): CodeIgniter\Autoloader\Autoloader->loadClass('App\\Models\\Model_arsip')
 5 SYSTEMPATH\CodeIgniter.php(903): App\Controllers\Cari->__construct()
 6 SYSTEMPATH\CodeIgniter.php(498): CodeIgniter\CodeIgniter->createController()
 7 SYSTEMPATH\CodeIgniter.php(354): CodeIgniter\CodeIgniter->handleRequest(null, Object(Config\Cache), false)
 8 SYSTEMPATH\Boot.php(363): CodeIgniter\CodeIgniter->run()
 9 SYSTEMPATH\Boot.php(68): CodeIgniter\Boot::runCodeIgniter(Object(CodeIgniter\CodeIgniter))
10 FCPATH\index.php(59): CodeIgniter\Boot::bootWeb(Object(Config\Paths))
DEBUG - 2025-11-07 02:42:15 --> Session: Class initialized using 'CodeIgniter\Session\Handlers\FileHandler' driver.
WARNING - 2025-11-07 02:42:15 --> [DEPRECATED] Optional parameter $filters declared before required parameter $id_dep is implicitly treated as a required parameter in APPPATH\Models\Model_arsip.php on line 303.
 1 SYSTEMPATH\Autoloader\Autoloader.php(315): include_once('C:\\xampp\\htdocs\\e-arsip_ci4\\system\\Debug\\Exceptions.php')
 2 SYSTEMPATH\Autoloader\Autoloader.php(295): CodeIgniter\Autoloader\Autoloader->includeFile('C:\\xampp\\htdocs\\e-arsip_ci4\\app\\Models\\Model_arsip.php')
 3 SYSTEMPATH\Autoloader\Autoloader.php(271): CodeIgniter\Autoloader\Autoloader->loadInNamespace('App\\Models\\Model_arsip')
 4 APPPATH\Controllers\Cari.php(20): CodeIgniter\Autoloader\Autoloader->loadClass('App\\Models\\Model_arsip')
 5 SYSTEMPATH\CodeIgniter.php(903): App\Controllers\Cari->__construct()
 6 SYSTEMPATH\CodeIgniter.php(498): CodeIgniter\CodeIgniter->createController()
 7 SYSTEMPATH\CodeIgniter.php(354): CodeIgniter\CodeIgniter->handleRequest(null, Object(Config\Cache), false)
 8 SYSTEMPATH\Boot.php(363): CodeIgniter\CodeIgniter->run()
 9 SYSTEMPATH\Boot.php(68): CodeIgniter\Boot::runCodeIgniter(Object(CodeIgniter\CodeIgniter))
10 FCPATH\index.php(59): CodeIgniter\Boot::bootWeb(Object(Config\Paths))
DEBUG - 2025-11-07 02:42:15 --> Session: Class initialized using 'CodeIgniter\Session\Handlers\FileHandler' driver.
WARNING - 2025-11-07 02:42:15 --> [DEPRECATED] Optional parameter $filters declared before required parameter $id_dep is implicitly treated as a required parameter in APPPATH\Models\Model_arsip.php on line 303.
 1 SYSTEMPATH\Autoloader\Autoloader.php(315): include_once('C:\\xampp\\htdocs\\e-arsip_ci4\\system\\Debug\\Exceptions.php')
 2 SYSTEMPATH\Autoloader\Autoloader.php(295): CodeIgniter\Autoloader\Autoloader->includeFile('C:\\xampp\\htdocs\\e-arsip_ci4\\app\\Models\\Model_arsip.php')
 3 SYSTEMPATH\Autoloader\Autoloader.php(271): CodeIgniter\Autoloader\Autoloader->loadInNamespace('App\\Models\\Model_arsip')
 4 APPPATH\Controllers\Cari.php(20): CodeIgniter\Autoloader\Autoloader->loadClass('App\\Models\\Model_arsip')
 5 SYSTEMPATH\CodeIgniter.php(903): App\Controllers\Cari->__construct()
 6 SYSTEMPATH\CodeIgniter.php(498): CodeIgniter\CodeIgniter->createController()
 7 SYSTEMPATH\CodeIgniter.php(354): CodeIgniter\CodeIgniter->handleRequest(null, Object(Config\Cache), false)
 8 SYSTEMPATH\Boot.php(363): CodeIgniter\CodeIgniter->run()
 9 SYSTEMPATH\Boot.php(68): CodeIgniter\Boot::runCodeIgniter(Object(CodeIgniter\CodeIgniter))
10 FCPATH\index.php(59): CodeIgniter\Boot::bootWeb(Object(Config\Paths))
DEBUG - 2025-11-07 02:42:15 --> Session: Class initialized using 'CodeIgniter\Session\Handlers\FileHandler' driver.
WARNING - 2025-11-07 02:42:15 --> [DEPRECATED] Optional parameter $filters declared before required parameter $id_dep is implicitly treated as a required parameter in APPPATH\Models\Model_arsip.php on line 303.
 1 SYSTEMPATH\Autoloader\Autoloader.php(315): include_once('C:\\xampp\\htdocs\\e-arsip_ci4\\system\\Debug\\Exceptions.php')
 2 SYSTEMPATH\Autoloader\Autoloader.php(295): CodeIgniter\Autoloader\Autoloader->includeFile('C:\\xampp\\htdocs\\e-arsip_ci4\\app\\Models\\Model_arsip.php')
 3 SYSTEMPATH\Autoloader\Autoloader.php(271): CodeIgniter\Autoloader\Autoloader->loadInNamespace('App\\Models\\Model_arsip')
 4 APPPATH\Controllers\Cari.php(20): CodeIgniter\Autoloader\Autoloader->loadClass('App\\Models\\Model_arsip')
 5 SYSTEMPATH\CodeIgniter.php(903): App\Controllers\Cari->__construct()
 6 SYSTEMPATH\CodeIgniter.php(498): CodeIgniter\CodeIgniter->createController()
 7 SYSTEMPATH\CodeIgniter.php(354): CodeIgniter\CodeIgniter->handleRequest(null, Object(Config\Cache), false)
 8 SYSTEMPATH\Boot.php(363): CodeIgniter\CodeIgniter->run()
 9 SYSTEMPATH\Boot.php(68): CodeIgniter\Boot::runCodeIgniter(Object(CodeIgniter\CodeIgniter))
10 FCPATH\index.php(59): CodeIgniter\Boot::bootWeb(Object(Config\Paths))
DEBUG - 2025-11-07 02:42:16 --> Session: Class initialized using 'CodeIgniter\Session\Handlers\FileHandler' driver.
WARNING - 2025-11-07 02:42:16 --> [DEPRECATED] Optional parameter $filters declared before required parameter $id_dep is implicitly treated as a required parameter in APPPATH\Models\Model_arsip.php on line 303.
 1 SYSTEMPATH\Autoloader\Autoloader.php(315): include_once('C:\\xampp\\htdocs\\e-arsip_ci4\\system\\Debug\\Exceptions.php')
 2 SYSTEMPATH\Autoloader\Autoloader.php(295): CodeIgniter\Autoloader\Autoloader->includeFile('C:\\xampp\\htdocs\\e-arsip_ci4\\app\\Models\\Model_arsip.php')
 3 SYSTEMPATH\Autoloader\Autoloader.php(271): CodeIgniter\Autoloader\Autoloader->loadInNamespace('App\\Models\\Model_arsip')
 4 APPPATH\Controllers\Cari.php(20): CodeIgniter\Autoloader\Autoloader->loadClass('App\\Models\\Model_arsip')
 5 SYSTEMPATH\CodeIgniter.php(903): App\Controllers\Cari->__construct()
 6 SYSTEMPATH\CodeIgniter.php(498): CodeIgniter\CodeIgniter->createController()
 7 SYSTEMPATH\CodeIgniter.php(354): CodeIgniter\CodeIgniter->handleRequest(null, Object(Config\Cache), false)
 8 SYSTEMPATH\Boot.php(363): CodeIgniter\CodeIgniter->run()
 9 SYSTEMPATH\Boot.php(68): CodeIgniter\Boot::runCodeIgniter(Object(CodeIgniter\CodeIgniter))
10 FCPATH\index.php(59): CodeIgniter\Boot::bootWeb(Object(Config\Paths))
DEBUG - 2025-11-07 02:42:16 --> Session: Class initialized using 'CodeIgniter\Session\Handlers\FileHandler' driver.
WARNING - 2025-11-07 02:42:16 --> [DEPRECATED] Optional parameter $filters declared before required parameter $id_dep is implicitly treated as a required parameter in APPPATH\Models\Model_arsip.php on line 303.
 1 SYSTEMPATH\Autoloader\Autoloader.php(315): include_once('C:\\xampp\\htdocs\\e-arsip_ci4\\system\\Debug\\Exceptions.php')
 2 SYSTEMPATH\Autoloader\Autoloader.php(295): CodeIgniter\Autoloader\Autoloader->includeFile('C:\\xampp\\htdocs\\e-arsip_ci4\\app\\Models\\Model_arsip.php')
 3 SYSTEMPATH\Autoloader\Autoloader.php(271): CodeIgniter\Autoloader\Autoloader->loadInNamespace('App\\Models\\Model_arsip')
 4 APPPATH\Controllers\Cari.php(20): CodeIgniter\Autoloader\Autoloader->loadClass('App\\Models\\Model_arsip')
 5 SYSTEMPATH\CodeIgniter.php(903): App\Controllers\Cari->__construct()
 6 SYSTEMPATH\CodeIgniter.php(498): CodeIgniter\CodeIgniter->createController()
 7 SYSTEMPATH\CodeIgniter.php(354): CodeIgniter\CodeIgniter->handleRequest(null, Object(Config\Cache), false)
 8 SYSTEMPATH\Boot.php(363): CodeIgniter\CodeIgniter->run()
 9 SYSTEMPATH\Boot.php(68): CodeIgniter\Boot::runCodeIgniter(Object(CodeIgniter\CodeIgniter))
10 FCPATH\index.php(59): CodeIgniter\Boot::bootWeb(Object(Config\Paths))
DEBUG - 2025-11-07 02:42:16 --> Session: Class initialized using 'CodeIgniter\Session\Handlers\FileHandler' driver.
WARNING - 2025-11-07 02:42:16 --> [DEPRECATED] Optional parameter $filters declared before required parameter $id_dep is implicitly treated as a required parameter in APPPATH\Models\Model_arsip.php on line 303.
 1 SYSTEMPATH\Autoloader\Autoloader.php(315): include_once('C:\\xampp\\htdocs\\e-arsip_ci4\\system\\Debug\\Exceptions.php')
 2 SYSTEMPATH\Autoloader\Autoloader.php(295): CodeIgniter\Autoloader\Autoloader->includeFile('C:\\xampp\\htdocs\\e-arsip_ci4\\app\\Models\\Model_arsip.php')
 3 SYSTEMPATH\Autoloader\Autoloader.php(271): CodeIgniter\Autoloader\Autoloader->loadInNamespace('App\\Models\\Model_arsip')
 4 APPPATH\Controllers\Cari.php(20): CodeIgniter\Autoloader\Autoloader->loadClass('App\\Models\\Model_arsip')
 5 SYSTEMPATH\CodeIgniter.php(903): App\Controllers\Cari->__construct()
 6 SYSTEMPATH\CodeIgniter.php(498): CodeIgniter\CodeIgniter->createController()
 7 SYSTEMPATH\CodeIgniter.php(354): CodeIgniter\CodeIgniter->handleRequest(null, Object(Config\Cache), false)
 8 SYSTEMPATH\Boot.php(363): CodeIgniter\CodeIgniter->run()
 9 SYSTEMPATH\Boot.php(68): CodeIgniter\Boot::runCodeIgniter(Object(CodeIgniter\CodeIgniter))
10 FCPATH\index.php(59): CodeIgniter\Boot::bootWeb(Object(Config\Paths))
DEBUG - 2025-11-07 02:42:16 --> Session: Class initialized using 'CodeIgniter\Session\Handlers\FileHandler' driver.
WARNING - 2025-11-07 02:42:16 --> [DEPRECATED] Optional parameter $filters declared before required parameter $id_dep is implicitly treated as a required parameter in APPPATH\Models\Model_arsip.php on line 303.
 1 SYSTEMPATH\Autoloader\Autoloader.php(315): include_once('C:\\xampp\\htdocs\\e-arsip_ci4\\system\\Debug\\Exceptions.php')
 2 SYSTEMPATH\Autoloader\Autoloader.php(295): CodeIgniter\Autoloader\Autoloader->includeFile('C:\\xampp\\htdocs\\e-arsip_ci4\\app\\Models\\Model_arsip.php')
 3 SYSTEMPATH\Autoloader\Autoloader.php(271): CodeIgniter\Autoloader\Autoloader->loadInNamespace('App\\Models\\Model_arsip')
 4 APPPATH\Controllers\Cari.php(20): CodeIgniter\Autoloader\Autoloader->loadClass('App\\Models\\Model_arsip')
 5 SYSTEMPATH\CodeIgniter.php(903): App\Controllers\Cari->__construct()
 6 SYSTEMPATH\CodeIgniter.php(498): CodeIgniter\CodeIgniter->createController()
 7 SYSTEMPATH\CodeIgniter.php(354): CodeIgniter\CodeIgniter->handleRequest(null, Object(Config\Cache), false)
 8 SYSTEMPATH\Boot.php(363): CodeIgniter\CodeIgniter->run()
 9 SYSTEMPATH\Boot.php(68): CodeIgniter\Boot::runCodeIgniter(Object(CodeIgniter\CodeIgniter))
10 FCPATH\index.php(59): CodeIgniter\Boot::bootWeb(Object(Config\Paths))
DEBUG - 2025-11-07 02:42:17 --> Session: Class initialized using 'CodeIgniter\Session\Handlers\FileHandler' driver.
WARNING - 2025-11-07 02:42:17 --> [DEPRECATED] Optional parameter $filters declared before required parameter $id_dep is implicitly treated as a required parameter in APPPATH\Models\Model_arsip.php on line 303.
 1 SYSTEMPATH\Autoloader\Autoloader.php(315): include_once('C:\\xampp\\htdocs\\e-arsip_ci4\\system\\Debug\\Exceptions.php')
 2 SYSTEMPATH\Autoloader\Autoloader.php(295): CodeIgniter\Autoloader\Autoloader->includeFile('C:\\xampp\\htdocs\\e-arsip_ci4\\app\\Models\\Model_arsip.php')
 3 SYSTEMPATH\Autoloader\Autoloader.php(271): CodeIgniter\Autoloader\Autoloader->loadInNamespace('App\\Models\\Model_arsip')
 4 APPPATH\Controllers\Cari.php(20): CodeIgniter\Autoloader\Autoloader->loadClass('App\\Models\\Model_arsip')
 5 SYSTEMPATH\CodeIgniter.php(903): App\Controllers\Cari->__construct()
 6 SYSTEMPATH\CodeIgniter.php(498): CodeIgniter\CodeIgniter->createController()
 7 SYSTEMPATH\CodeIgniter.php(354): CodeIgniter\CodeIgniter->handleRequest(null, Object(Config\Cache), false)
 8 SYSTEMPATH\Boot.php(363): CodeIgniter\CodeIgniter->run()
 9 SYSTEMPATH\Boot.php(68): CodeIgniter\Boot::runCodeIgniter(Object(CodeIgniter\CodeIgniter))
10 FCPATH\index.php(59): CodeIgniter\Boot::bootWeb(Object(Config\Paths))
DEBUG - 2025-11-07 02:42:17 --> Session: Class initialized using 'CodeIgniter\Session\Handlers\FileHandler' driver.
WARNING - 2025-11-07 02:42:17 --> [DEPRECATED] Optional parameter $filters declared before required parameter $id_dep is implicitly treated as a required parameter in APPPATH\Models\Model_arsip.php on line 303.
 1 SYSTEMPATH\Autoloader\Autoloader.php(315): include_once('C:\\xampp\\htdocs\\e-arsip_ci4\\system\\Debug\\Exceptions.php')
 2 SYSTEMPATH\Autoloader\Autoloader.php(295): CodeIgniter\Autoloader\Autoloader->includeFile('C:\\xampp\\htdocs\\e-arsip_ci4\\app\\Models\\Model_arsip.php')
 3 SYSTEMPATH\Autoloader\Autoloader.php(271): CodeIgniter\Autoloader\Autoloader->loadInNamespace('App\\Models\\Model_arsip')
 4 APPPATH\Controllers\Cari.php(20): CodeIgniter\Autoloader\Autoloader->loadClass('App\\Models\\Model_arsip')
 5 SYSTEMPATH\CodeIgniter.php(903): App\Controllers\Cari->__construct()
 6 SYSTEMPATH\CodeIgniter.php(498): CodeIgniter\CodeIgniter->createController()
 7 SYSTEMPATH\CodeIgniter.php(354): CodeIgniter\CodeIgniter->handleRequest(null, Object(Config\Cache), false)
 8 SYSTEMPATH\Boot.php(363): CodeIgniter\CodeIgniter->run()
 9 SYSTEMPATH\Boot.php(68): CodeIgniter\Boot::runCodeIgniter(Object(CodeIgniter\CodeIgniter))
10 FCPATH\index.php(59): CodeIgniter\Boot::bootWeb(Object(Config\Paths))
DEBUG - 2025-11-07 02:42:17 --> Session: Class initialized using 'CodeIgniter\Session\Handlers\FileHandler' driver.
WARNING - 2025-11-07 02:42:17 --> [DEPRECATED] Optional parameter $filters declared before required parameter $id_dep is implicitly treated as a required parameter in APPPATH\Models\Model_arsip.php on line 303.
 1 SYSTEMPATH\Autoloader\Autoloader.php(315): include_once('C:\\xampp\\htdocs\\e-arsip_ci4\\system\\Debug\\Exceptions.php')
 2 SYSTEMPATH\Autoloader\Autoloader.php(295): CodeIgniter\Autoloader\Autoloader->includeFile('C:\\xampp\\htdocs\\e-arsip_ci4\\app\\Models\\Model_arsip.php')
 3 SYSTEMPATH\Autoloader\Autoloader.php(271): CodeIgniter\Autoloader\Autoloader->loadInNamespace('App\\Models\\Model_arsip')
 4 APPPATH\Controllers\Cari.php(20): CodeIgniter\Autoloader\Autoloader->loadClass('App\\Models\\Model_arsip')
 5 SYSTEMPATH\CodeIgniter.php(903): App\Controllers\Cari->__construct()
 6 SYSTEMPATH\CodeIgniter.php(498): CodeIgniter\CodeIgniter->createController()
 7 SYSTEMPATH\CodeIgniter.php(354): CodeIgniter\CodeIgniter->handleRequest(null, Object(Config\Cache), false)
 8 SYSTEMPATH\Boot.php(363): CodeIgniter\CodeIgniter->run()
 9 SYSTEMPATH\Boot.php(68): CodeIgniter\Boot::runCodeIgniter(Object(CodeIgniter\CodeIgniter))
10 FCPATH\index.php(59): CodeIgniter\Boot::bootWeb(Object(Config\Paths))
DEBUG - 2025-11-07 02:42:17 --> Session: Class initialized using 'CodeIgniter\Session\Handlers\FileHandler' driver.
WARNING - 2025-11-07 02:42:17 --> [DEPRECATED] Optional parameter $filters declared before required parameter $id_dep is implicitly treated as a required parameter in APPPATH\Models\Model_arsip.php on line 303.
 1 SYSTEMPATH\Autoloader\Autoloader.php(315): include_once('C:\\xampp\\htdocs\\e-arsip_ci4\\system\\Debug\\Exceptions.php')
 2 SYSTEMPATH\Autoloader\Autoloader.php(295): CodeIgniter\Autoloader\Autoloader->includeFile('C:\\xampp\\htdocs\\e-arsip_ci4\\app\\Models\\Model_arsip.php')
 3 SYSTEMPATH\Autoloader\Autoloader.php(271): CodeIgniter\Autoloader\Autoloader->loadInNamespace('App\\Models\\Model_arsip')
 4 APPPATH\Controllers\Cari.php(20): CodeIgniter\Autoloader\Autoloader->loadClass('App\\Models\\Model_arsip')
 5 SYSTEMPATH\CodeIgniter.php(903): App\Controllers\Cari->__construct()
 6 SYSTEMPATH\CodeIgniter.php(498): CodeIgniter\CodeIgniter->createController()
 7 SYSTEMPATH\CodeIgniter.php(354): CodeIgniter\CodeIgniter->handleRequest(null, Object(Config\Cache), false)
 8 SYSTEMPATH\Boot.php(363): CodeIgniter\CodeIgniter->run()
 9 SYSTEMPATH\Boot.php(68): CodeIgniter\Boot::runCodeIgniter(Object(CodeIgniter\CodeIgniter))
10 FCPATH\index.php(59): CodeIgniter\Boot::bootWeb(Object(Config\Paths))
DEBUG - 2025-11-07 02:45:47 --> Session: Class initialized using 'CodeIgniter\Session\Handlers\FileHandler' driver.
WARNING - 2025-11-07 02:45:47 --> [DEPRECATED] Optional parameter $filters declared before required parameter $id_dep is implicitly treated as a required parameter in APPPATH\Models\Model_arsip.php on line 303.
 1 SYSTEMPATH\Autoloader\Autoloader.php(315): include_once('C:\\xampp\\htdocs\\e-arsip_ci4\\system\\Debug\\Exceptions.php')
 2 SYSTEMPATH\Autoloader\Autoloader.php(295): CodeIgniter\Autoloader\Autoloader->includeFile('C:\\xampp\\htdocs\\e-arsip_ci4\\app\\Models\\Model_arsip.php')
 3 SYSTEMPATH\Autoloader\Autoloader.php(271): CodeIgniter\Autoloader\Autoloader->loadInNamespace('App\\Models\\Model_arsip')
 4 APPPATH\Controllers\Arsip.php(26): CodeIgniter\Autoloader\Autoloader->loadClass('App\\Models\\Model_arsip')
 5 SYSTEMPATH\CodeIgniter.php(903): App\Controllers\Arsip->__construct()
 6 SYSTEMPATH\CodeIgniter.php(498): CodeIgniter\CodeIgniter->createController()
 7 SYSTEMPATH\CodeIgniter.php(354): CodeIgniter\CodeIgniter->handleRequest(null, Object(Config\Cache), false)
 8 SYSTEMPATH\Boot.php(363): CodeIgniter\CodeIgniter->run()
 9 SYSTEMPATH\Boot.php(68): CodeIgniter\Boot::runCodeIgniter(Object(CodeIgniter\CodeIgniter))
10 FCPATH\index.php(59): CodeIgniter\Boot::bootWeb(Object(Config\Paths))
DEBUG - 2025-11-07 02:50:39 --> Session: Class initialized using 'CodeIgniter\Session\Handlers\FileHandler' driver.
WARNING - 2025-11-07 02:50:39 --> [DEPRECATED] Optional parameter $filters declared before required parameter $id_dep is implicitly treated as a required parameter in APPPATH\Models\Model_arsip.php on line 303.
 1 SYSTEMPATH\Autoloader\Autoloader.php(315): include_once('C:\\xampp\\htdocs\\e-arsip_ci4\\system\\Debug\\Exceptions.php')
 2 SYSTEMPATH\Autoloader\Autoloader.php(295): CodeIgniter\Autoloader\Autoloader->includeFile('C:\\xampp\\htdocs\\e-arsip_ci4\\app\\Models\\Model_arsip.php')
 3 SYSTEMPATH\Autoloader\Autoloader.php(271): CodeIgniter\Autoloader\Autoloader->loadInNamespace('App\\Models\\Model_arsip')
 4 APPPATH\Controllers\Cari.php(20): CodeIgniter\Autoloader\Autoloader->loadClass('App\\Models\\Model_arsip')
 5 SYSTEMPATH\CodeIgniter.php(903): App\Controllers\Cari->__construct()
 6 SYSTEMPATH\CodeIgniter.php(498): CodeIgniter\CodeIgniter->createController()
 7 SYSTEMPATH\CodeIgniter.php(354): CodeIgniter\CodeIgniter->handleRequest(null, Object(Config\Cache), false)
 8 SYSTEMPATH\Boot.php(363): CodeIgniter\CodeIgniter->run()
 9 SYSTEMPATH\Boot.php(68): CodeIgniter\Boot::runCodeIgniter(Object(CodeIgniter\CodeIgniter))
10 FCPATH\index.php(59): CodeIgniter\Boot::bootWeb(Object(Config\Paths))
DEBUG - 2025-11-07 02:50:58 --> Session: Class initialized using 'CodeIgniter\Session\Handlers\FileHandler' driver.
WARNING - 2025-11-07 02:50:58 --> [DEPRECATED] Optional parameter $filters declared before required parameter $id_dep is implicitly treated as a required parameter in APPPATH\Models\Model_arsip.php on line 303.
 1 SYSTEMPATH\Autoloader\Autoloader.php(315): include_once('C:\\xampp\\htdocs\\e-arsip_ci4\\system\\Debug\\Exceptions.php')
 2 SYSTEMPATH\Autoloader\Autoloader.php(295): CodeIgniter\Autoloader\Autoloader->includeFile('C:\\xampp\\htdocs\\e-arsip_ci4\\app\\Models\\Model_arsip.php')
 3 SYSTEMPATH\Autoloader\Autoloader.php(271): CodeIgniter\Autoloader\Autoloader->loadInNamespace('App\\Models\\Model_arsip')
 4 APPPATH\Controllers\Kategori.php(21): CodeIgniter\Autoloader\Autoloader->loadClass('App\\Models\\Model_arsip')
 5 SYSTEMPATH\CodeIgniter.php(903): App\Controllers\Kategori->__construct()
 6 SYSTEMPATH\CodeIgniter.php(498): CodeIgniter\CodeIgniter->createController()
 7 SYSTEMPATH\CodeIgniter.php(354): CodeIgniter\CodeIgniter->handleRequest(null, Object(Config\Cache), false)
 8 SYSTEMPATH\Boot.php(363): CodeIgniter\CodeIgniter->run()
 9 SYSTEMPATH\Boot.php(68): CodeIgniter\Boot::runCodeIgniter(Object(CodeIgniter\CodeIgniter))
10 FCPATH\index.php(59): CodeIgniter\Boot::bootWeb(Object(Config\Paths))
DEBUG - 2025-11-07 02:51:38 --> Session: Class initialized using 'CodeIgniter\Session\Handlers\FileHandler' driver.
WARNING - 2025-11-07 02:51:38 --> [DEPRECATED] Optional parameter $filters declared before required parameter $id_dep is implicitly treated as a required parameter in APPPATH\Models\Model_arsip.php on line 303.
 1 SYSTEMPATH\Autoloader\Autoloader.php(315): include_once('C:\\xampp\\htdocs\\e-arsip_ci4\\system\\Debug\\Exceptions.php')
 2 SYSTEMPATH\Autoloader\Autoloader.php(295): CodeIgniter\Autoloader\Autoloader->includeFile('C:\\xampp\\htdocs\\e-arsip_ci4\\app\\Models\\Model_arsip.php')
 3 SYSTEMPATH\Autoloader\Autoloader.php(271): CodeIgniter\Autoloader\Autoloader->loadInNamespace('App\\Models\\Model_arsip')
 4 APPPATH\Controllers\Kategori.php(21): CodeIgniter\Autoloader\Autoloader->loadClass('App\\Models\\Model_arsip')
 5 SYSTEMPATH\CodeIgniter.php(903): App\Controllers\Kategori->__construct()
 6 SYSTEMPATH\CodeIgniter.php(498): CodeIgniter\CodeIgniter->createController()
 7 SYSTEMPATH\CodeIgniter.php(354): CodeIgniter\CodeIgniter->handleRequest(null, Object(Config\Cache), false)
 8 SYSTEMPATH\Boot.php(363): CodeIgniter\CodeIgniter->run()
 9 SYSTEMPATH\Boot.php(68): CodeIgniter\Boot::runCodeIgniter(Object(CodeIgniter\CodeIgniter))
10 FCPATH\index.php(59): CodeIgniter\Boot::bootWeb(Object(Config\Paths))
DEBUG - 2025-11-07 02:51:38 --> AUDIT DEBUG -> id_user: 18, username: administrator
DEBUG - 2025-11-07 02:51:38 --> Session: Class initialized using 'CodeIgniter\Session\Handlers\FileHandler' driver.
WARNING - 2025-11-07 02:51:38 --> [DEPRECATED] Optional parameter $filters declared before required parameter $id_dep is implicitly treated as a required parameter in APPPATH\Models\Model_arsip.php on line 303.
 1 SYSTEMPATH\Autoloader\Autoloader.php(315): include_once('C:\\xampp\\htdocs\\e-arsip_ci4\\system\\Debug\\Exceptions.php')
 2 SYSTEMPATH\Autoloader\Autoloader.php(295): CodeIgniter\Autoloader\Autoloader->includeFile('C:\\xampp\\htdocs\\e-arsip_ci4\\app\\Models\\Model_arsip.php')
 3 SYSTEMPATH\Autoloader\Autoloader.php(271): CodeIgniter\Autoloader\Autoloader->loadInNamespace('App\\Models\\Model_arsip')
 4 APPPATH\Controllers\Kategori.php(21): CodeIgniter\Autoloader\Autoloader->loadClass('App\\Models\\Model_arsip')
 5 SYSTEMPATH\CodeIgniter.php(903): App\Controllers\Kategori->__construct()
 6 SYSTEMPATH\CodeIgniter.php(498): CodeIgniter\CodeIgniter->createController()
 7 SYSTEMPATH\CodeIgniter.php(354): CodeIgniter\CodeIgniter->handleRequest(null, Object(Config\Cache), false)
 8 SYSTEMPATH\Boot.php(363): CodeIgniter\CodeIgniter->run()
 9 SYSTEMPATH\Boot.php(68): CodeIgniter\Boot::runCodeIgniter(Object(CodeIgniter\CodeIgniter))
10 FCPATH\index.php(59): CodeIgniter\Boot::bootWeb(Object(Config\Paths))
DEBUG - 2025-11-07 02:51:54 --> Session: Class initialized using 'CodeIgniter\Session\Handlers\FileHandler' driver.
WARNING - 2025-11-07 02:51:54 --> [DEPRECATED] Optional parameter $filters declared before required parameter $id_dep is implicitly treated as a required parameter in APPPATH\Models\Model_arsip.php on line 303.
 1 SYSTEMPATH\Autoloader\Autoloader.php(315): include_once('C:\\xampp\\htdocs\\e-arsip_ci4\\system\\Debug\\Exceptions.php')
 2 SYSTEMPATH\Autoloader\Autoloader.php(295): CodeIgniter\Autoloader\Autoloader->includeFile('C:\\xampp\\htdocs\\e-arsip_ci4\\app\\Models\\Model_arsip.php')
 3 SYSTEMPATH\Autoloader\Autoloader.php(271): CodeIgniter\Autoloader\Autoloader->loadInNamespace('App\\Models\\Model_arsip')
 4 APPPATH\Controllers\Kategori.php(21): CodeIgniter\Autoloader\Autoloader->loadClass('App\\Models\\Model_arsip')
 5 SYSTEMPATH\CodeIgniter.php(903): App\Controllers\Kategori->__construct()
 6 SYSTEMPATH\CodeIgniter.php(498): CodeIgniter\CodeIgniter->createController()
 7 SYSTEMPATH\CodeIgniter.php(354): CodeIgniter\CodeIgniter->handleRequest(null, Object(Config\Cache), false)
 8 SYSTEMPATH\Boot.php(363): CodeIgniter\CodeIgniter->run()
 9 SYSTEMPATH\Boot.php(68): CodeIgniter\Boot::runCodeIgniter(Object(CodeIgniter\CodeIgniter))
10 FCPATH\index.php(59): CodeIgniter\Boot::bootWeb(Object(Config\Paths))
DEBUG - 2025-11-07 02:51:54 --> AUDIT DEBUG -> id_user: 18, username: administrator
DEBUG - 2025-11-07 02:51:54 --> Session: Class initialized using 'CodeIgniter\Session\Handlers\FileHandler' driver.
WARNING - 2025-11-07 02:51:54 --> [DEPRECATED] Optional parameter $filters declared before required parameter $id_dep is implicitly treated as a required parameter in APPPATH\Models\Model_arsip.php on line 303.
 1 SYSTEMPATH\Autoloader\Autoloader.php(315): include_once('C:\\xampp\\htdocs\\e-arsip_ci4\\system\\Debug\\Exceptions.php')
 2 SYSTEMPATH\Autoloader\Autoloader.php(295): CodeIgniter\Autoloader\Autoloader->includeFile('C:\\xampp\\htdocs\\e-arsip_ci4\\app\\Models\\Model_arsip.php')
 3 SYSTEMPATH\Autoloader\Autoloader.php(271): CodeIgniter\Autoloader\Autoloader->loadInNamespace('App\\Models\\Model_arsip')
 4 APPPATH\Controllers\Kategori.php(21): CodeIgniter\Autoloader\Autoloader->loadClass('App\\Models\\Model_arsip')
 5 SYSTEMPATH\CodeIgniter.php(903): App\Controllers\Kategori->__construct()
 6 SYSTEMPATH\CodeIgniter.php(498): CodeIgniter\CodeIgniter->createController()
 7 SYSTEMPATH\CodeIgniter.php(354): CodeIgniter\CodeIgniter->handleRequest(null, Object(Config\Cache), false)
 8 SYSTEMPATH\Boot.php(363): CodeIgniter\CodeIgniter->run()
 9 SYSTEMPATH\Boot.php(68): CodeIgniter\Boot::runCodeIgniter(Object(CodeIgniter\CodeIgniter))
10 FCPATH\index.php(59): CodeIgniter\Boot::bootWeb(Object(Config\Paths))
DEBUG - 2025-11-07 02:53:03 --> Session: Class initialized using 'CodeIgniter\Session\Handlers\FileHandler' driver.
WARNING - 2025-11-07 02:53:03 --> [DEPRECATED] Optional parameter $filters declared before required parameter $id_dep is implicitly treated as a required parameter in APPPATH\Models\Model_arsip.php on line 303.
 1 SYSTEMPATH\Autoloader\Autoloader.php(315): include_once('C:\\xampp\\htdocs\\e-arsip_ci4\\system\\Debug\\Exceptions.php')
 2 SYSTEMPATH\Autoloader\Autoloader.php(295): CodeIgniter\Autoloader\Autoloader->includeFile('C:\\xampp\\htdocs\\e-arsip_ci4\\app\\Models\\Model_arsip.php')
 3 SYSTEMPATH\Autoloader\Autoloader.php(271): CodeIgniter\Autoloader\Autoloader->loadInNamespace('App\\Models\\Model_arsip')
 4 APPPATH\Controllers\Kategori.php(21): CodeIgniter\Autoloader\Autoloader->loadClass('App\\Models\\Model_arsip')
 5 SYSTEMPATH\CodeIgniter.php(903): App\Controllers\Kategori->__construct()
 6 SYSTEMPATH\CodeIgniter.php(498): CodeIgniter\CodeIgniter->createController()
 7 SYSTEMPATH\CodeIgniter.php(354): CodeIgniter\CodeIgniter->handleRequest(null, Object(Config\Cache), false)
 8 SYSTEMPATH\Boot.php(363): CodeIgniter\CodeIgniter->run()
 9 SYSTEMPATH\Boot.php(68): CodeIgniter\Boot::runCodeIgniter(Object(CodeIgniter\CodeIgniter))
10 FCPATH\index.php(59): CodeIgniter\Boot::bootWeb(Object(Config\Paths))
DEBUG - 2025-11-07 02:53:03 --> AUDIT DEBUG -> id_user: 18, username: administrator
DEBUG - 2025-11-07 02:53:03 --> Session: Class initialized using 'CodeIgniter\Session\Handlers\FileHandler' driver.
WARNING - 2025-11-07 02:53:03 --> [DEPRECATED] Optional parameter $filters declared before required parameter $id_dep is implicitly treated as a required parameter in APPPATH\Models\Model_arsip.php on line 303.
 1 SYSTEMPATH\Autoloader\Autoloader.php(315): include_once('C:\\xampp\\htdocs\\e-arsip_ci4\\system\\Debug\\Exceptions.php')
 2 SYSTEMPATH\Autoloader\Autoloader.php(295): CodeIgniter\Autoloader\Autoloader->includeFile('C:\\xampp\\htdocs\\e-arsip_ci4\\app\\Models\\Model_arsip.php')
 3 SYSTEMPATH\Autoloader\Autoloader.php(271): CodeIgniter\Autoloader\Autoloader->loadInNamespace('App\\Models\\Model_arsip')
 4 APPPATH\Controllers\Kategori.php(21): CodeIgniter\Autoloader\Autoloader->loadClass('App\\Models\\Model_arsip')
 5 SYSTEMPATH\CodeIgniter.php(903): App\Controllers\Kategori->__construct()
 6 SYSTEMPATH\CodeIgniter.php(498): CodeIgniter\CodeIgniter->createController()
 7 SYSTEMPATH\CodeIgniter.php(354): CodeIgniter\CodeIgniter->handleRequest(null, Object(Config\Cache), false)
 8 SYSTEMPATH\Boot.php(363): CodeIgniter\CodeIgniter->run()
 9 SYSTEMPATH\Boot.php(68): CodeIgniter\Boot::runCodeIgniter(Object(CodeIgniter\CodeIgniter))
10 FCPATH\index.php(59): CodeIgniter\Boot::bootWeb(Object(Config\Paths))
DEBUG - 2025-11-07 02:53:21 --> Session: Class initialized using 'CodeIgniter\Session\Handlers\FileHandler' driver.
WARNING - 2025-11-07 02:53:21 --> [DEPRECATED] Optional parameter $filters declared before required parameter $id_dep is implicitly treated as a required parameter in APPPATH\Models\Model_arsip.php on line 303.
 1 SYSTEMPATH\Autoloader\Autoloader.php(315): include_once('C:\\xampp\\htdocs\\e-arsip_ci4\\system\\Debug\\Exceptions.php')
 2 SYSTEMPATH\Autoloader\Autoloader.php(295): CodeIgniter\Autoloader\Autoloader->includeFile('C:\\xampp\\htdocs\\e-arsip_ci4\\app\\Models\\Model_arsip.php')
 3 SYSTEMPATH\Autoloader\Autoloader.php(271): CodeIgniter\Autoloader\Autoloader->loadInNamespace('App\\Models\\Model_arsip')
 4 APPPATH\Controllers\Kategori.php(21): CodeIgniter\Autoloader\Autoloader->loadClass('App\\Models\\Model_arsip')
 5 SYSTEMPATH\CodeIgniter.php(903): App\Controllers\Kategori->__construct()
 6 SYSTEMPATH\CodeIgniter.php(498): CodeIgniter\CodeIgniter->createController()
 7 SYSTEMPATH\CodeIgniter.php(354): CodeIgniter\CodeIgniter->handleRequest(null, Object(Config\Cache), false)
 8 SYSTEMPATH\Boot.php(363): CodeIgniter\CodeIgniter->run()
 9 SYSTEMPATH\Boot.php(68): CodeIgniter\Boot::runCodeIgniter(Object(CodeIgniter\CodeIgniter))
10 FCPATH\index.php(59): CodeIgniter\Boot::bootWeb(Object(Config\Paths))
DEBUG - 2025-11-07 02:53:21 --> AUDIT DEBUG -> id_user: 18, username: administrator
DEBUG - 2025-11-07 02:53:21 --> Session: Class initialized using 'CodeIgniter\Session\Handlers\FileHandler' driver.
WARNING - 2025-11-07 02:53:21 --> [DEPRECATED] Optional parameter $filters declared before required parameter $id_dep is implicitly treated as a required parameter in APPPATH\Models\Model_arsip.php on line 303.
 1 SYSTEMPATH\Autoloader\Autoloader.php(315): include_once('C:\\xampp\\htdocs\\e-arsip_ci4\\system\\Debug\\Exceptions.php')
 2 SYSTEMPATH\Autoloader\Autoloader.php(295): CodeIgniter\Autoloader\Autoloader->includeFile('C:\\xampp\\htdocs\\e-arsip_ci4\\app\\Models\\Model_arsip.php')
 3 SYSTEMPATH\Autoloader\Autoloader.php(271): CodeIgniter\Autoloader\Autoloader->loadInNamespace('App\\Models\\Model_arsip')
 4 APPPATH\Controllers\Kategori.php(21): CodeIgniter\Autoloader\Autoloader->loadClass('App\\Models\\Model_arsip')
 5 SYSTEMPATH\CodeIgniter.php(903): App\Controllers\Kategori->__construct()
 6 SYSTEMPATH\CodeIgniter.php(498): CodeIgniter\CodeIgniter->createController()
 7 SYSTEMPATH\CodeIgniter.php(354): CodeIgniter\CodeIgniter->handleRequest(null, Object(Config\Cache), false)
 8 SYSTEMPATH\Boot.php(363): CodeIgniter\CodeIgniter->run()
 9 SYSTEMPATH\Boot.php(68): CodeIgniter\Boot::runCodeIgniter(Object(CodeIgniter\CodeIgniter))
10 FCPATH\index.php(59): CodeIgniter\Boot::bootWeb(Object(Config\Paths))
DEBUG - 2025-11-07 02:53:45 --> Session: Class initialized using 'CodeIgniter\Session\Handlers\FileHandler' driver.
WARNING - 2025-11-07 02:53:45 --> [DEPRECATED] Optional parameter $filters declared before required parameter $id_dep is implicitly treated as a required parameter in APPPATH\Models\Model_arsip.php on line 303.
 1 SYSTEMPATH\Autoloader\Autoloader.php(315): include_once('C:\\xampp\\htdocs\\e-arsip_ci4\\system\\Debug\\Exceptions.php')
 2 SYSTEMPATH\Autoloader\Autoloader.php(295): CodeIgniter\Autoloader\Autoloader->includeFile('C:\\xampp\\htdocs\\e-arsip_ci4\\app\\Models\\Model_arsip.php')
 3 SYSTEMPATH\Autoloader\Autoloader.php(271): CodeIgniter\Autoloader\Autoloader->loadInNamespace('App\\Models\\Model_arsip')
 4 APPPATH\Controllers\Kategori.php(21): CodeIgniter\Autoloader\Autoloader->loadClass('App\\Models\\Model_arsip')
 5 SYSTEMPATH\CodeIgniter.php(903): App\Controllers\Kategori->__construct()
 6 SYSTEMPATH\CodeIgniter.php(498): CodeIgniter\CodeIgniter->createController()
 7 SYSTEMPATH\CodeIgniter.php(354): CodeIgniter\CodeIgniter->handleRequest(null, Object(Config\Cache), false)
 8 SYSTEMPATH\Boot.php(363): CodeIgniter\CodeIgniter->run()
 9 SYSTEMPATH\Boot.php(68): CodeIgniter\Boot::runCodeIgniter(Object(CodeIgniter\CodeIgniter))
10 FCPATH\index.php(59): CodeIgniter\Boot::bootWeb(Object(Config\Paths))
DEBUG - 2025-11-07 02:53:45 --> AUDIT DEBUG -> id_user: 18, username: administrator
DEBUG - 2025-11-07 02:53:45 --> Session: Class initialized using 'CodeIgniter\Session\Handlers\FileHandler' driver.
WARNING - 2025-11-07 02:53:45 --> [DEPRECATED] Optional parameter $filters declared before required parameter $id_dep is implicitly treated as a required parameter in APPPATH\Models\Model_arsip.php on line 303.
 1 SYSTEMPATH\Autoloader\Autoloader.php(315): include_once('C:\\xampp\\htdocs\\e-arsip_ci4\\system\\Debug\\Exceptions.php')
 2 SYSTEMPATH\Autoloader\Autoloader.php(295): CodeIgniter\Autoloader\Autoloader->includeFile('C:\\xampp\\htdocs\\e-arsip_ci4\\app\\Models\\Model_arsip.php')
 3 SYSTEMPATH\Autoloader\Autoloader.php(271): CodeIgniter\Autoloader\Autoloader->loadInNamespace('App\\Models\\Model_arsip')
 4 APPPATH\Controllers\Kategori.php(21): CodeIgniter\Autoloader\Autoloader->loadClass('App\\Models\\Model_arsip')
 5 SYSTEMPATH\CodeIgniter.php(903): App\Controllers\Kategori->__construct()
 6 SYSTEMPATH\CodeIgniter.php(498): CodeIgniter\CodeIgniter->createController()
 7 SYSTEMPATH\CodeIgniter.php(354): CodeIgniter\CodeIgniter->handleRequest(null, Object(Config\Cache), false)
 8 SYSTEMPATH\Boot.php(363): CodeIgniter\CodeIgniter->run()
 9 SYSTEMPATH\Boot.php(68): CodeIgniter\Boot::runCodeIgniter(Object(CodeIgniter\CodeIgniter))
10 FCPATH\index.php(59): CodeIgniter\Boot::bootWeb(Object(Config\Paths))
DEBUG - 2025-11-07 03:14:20 --> Session: Class initialized using 'CodeIgniter\Session\Handlers\FileHandler' driver.
WARNING - 2025-11-07 03:14:20 --> [DEPRECATED] Optional parameter $filters declared before required parameter $id_dep is implicitly treated as a required parameter in APPPATH\Models\Model_arsip.php on line 303.
 1 SYSTEMPATH\Autoloader\Autoloader.php(315): include_once('C:\\xampp\\htdocs\\e-arsip_ci4\\system\\Debug\\Exceptions.php')
 2 SYSTEMPATH\Autoloader\Autoloader.php(295): CodeIgniter\Autoloader\Autoloader->includeFile('C:\\xampp\\htdocs\\e-arsip_ci4\\app\\Models\\Model_arsip.php')
 3 SYSTEMPATH\Autoloader\Autoloader.php(271): CodeIgniter\Autoloader\Autoloader->loadInNamespace('App\\Models\\Model_arsip')
 4 APPPATH\Controllers\Cari.php(20): CodeIgniter\Autoloader\Autoloader->loadClass('App\\Models\\Model_arsip')
 5 SYSTEMPATH\CodeIgniter.php(903): App\Controllers\Cari->__construct()
 6 SYSTEMPATH\CodeIgniter.php(498): CodeIgniter\CodeIgniter->createController()
 7 SYSTEMPATH\CodeIgniter.php(354): CodeIgniter\CodeIgniter->handleRequest(null, Object(Config\Cache), false)
 8 SYSTEMPATH\Boot.php(363): CodeIgniter\CodeIgniter->run()
 9 SYSTEMPATH\Boot.php(68): CodeIgniter\Boot::runCodeIgniter(Object(CodeIgniter\CodeIgniter))
10 FCPATH\index.php(59): CodeIgniter\Boot::bootWeb(Object(Config\Paths))
DEBUG - 2025-11-07 03:14:22 --> Session: Class initialized using 'CodeIgniter\Session\Handlers\FileHandler' driver.
WARNING - 2025-11-07 03:14:22 --> [DEPRECATED] Optional parameter $filters declared before required parameter $id_dep is implicitly treated as a required parameter in APPPATH\Models\Model_arsip.php on line 303.
 1 SYSTEMPATH\Autoloader\Autoloader.php(315): include_once('C:\\xampp\\htdocs\\e-arsip_ci4\\system\\Debug\\Exceptions.php')
 2 SYSTEMPATH\Autoloader\Autoloader.php(295): CodeIgniter\Autoloader\Autoloader->includeFile('C:\\xampp\\htdocs\\e-arsip_ci4\\app\\Models\\Model_arsip.php')
 3 SYSTEMPATH\Autoloader\Autoloader.php(271): CodeIgniter\Autoloader\Autoloader->loadInNamespace('App\\Models\\Model_arsip')
 4 APPPATH\Controllers\Arsip.php(26): CodeIgniter\Autoloader\Autoloader->loadClass('App\\Models\\Model_arsip')
 5 SYSTEMPATH\CodeIgniter.php(903): App\Controllers\Arsip->__construct()
 6 SYSTEMPATH\CodeIgniter.php(498): CodeIgniter\CodeIgniter->createController()
 7 SYSTEMPATH\CodeIgniter.php(354): CodeIgniter\CodeIgniter->handleRequest(null, Object(Config\Cache), false)
 8 SYSTEMPATH\Boot.php(363): CodeIgniter\CodeIgniter->run()
 9 SYSTEMPATH\Boot.php(68): CodeIgniter\Boot::runCodeIgniter(Object(CodeIgniter\CodeIgniter))
10 FCPATH\index.php(59): CodeIgniter\Boot::bootWeb(Object(Config\Paths))
DEBUG - 2025-11-07 03:14:40 --> Session: Class initialized using 'CodeIgniter\Session\Handlers\FileHandler' driver.
DEBUG - 2025-11-07 03:14:40 --> Session: Class initialized using 'CodeIgniter\Session\Handlers\FileHandler' driver.
DEBUG - 2025-11-07 03:14:45 --> Session: Class initialized using 'CodeIgniter\Session\Handlers\FileHandler' driver.
DEBUG - 2025-11-07 03:14:45 --> Session: Class initialized using 'CodeIgniter\Session\Handlers\FileHandler' driver.
WARNING - 2025-11-07 03:14:45 --> [DEPRECATED] Optional parameter $filters declared before required parameter $id_dep is implicitly treated as a required parameter in APPPATH\Models\Model_arsip.php on line 303.
 1 SYSTEMPATH\Autoloader\Autoloader.php(315): include_once('C:\\xampp\\htdocs\\e-arsip_ci4\\system\\Debug\\Exceptions.php')
 2 SYSTEMPATH\Autoloader\Autoloader.php(295): CodeIgniter\Autoloader\Autoloader->includeFile('C:\\xampp\\htdocs\\e-arsip_ci4\\app\\Models\\Model_arsip.php')
 3 SYSTEMPATH\Autoloader\Autoloader.php(271): CodeIgniter\Autoloader\Autoloader->loadInNamespace('App\\Models\\Model_arsip')
 4 APPPATH\Controllers\Home.php(23): CodeIgniter\Autoloader\Autoloader->loadClass('App\\Models\\Model_arsip')
 5 SYSTEMPATH\CodeIgniter.php(903): App\Controllers\Home->__construct()
 6 SYSTEMPATH\CodeIgniter.php(498): CodeIgniter\CodeIgniter->createController()
 7 SYSTEMPATH\CodeIgniter.php(354): CodeIgniter\CodeIgniter->handleRequest(null, Object(Config\Cache), false)
 8 SYSTEMPATH\Boot.php(363): CodeIgniter\CodeIgniter->run()
 9 SYSTEMPATH\Boot.php(68): CodeIgniter\Boot::runCodeIgniter(Object(CodeIgniter\CodeIgniter))
10 FCPATH\index.php(59): CodeIgniter\Boot::bootWeb(Object(Config\Paths))
DEBUG - 2025-11-07 03:14:47 --> Session: Class initialized using 'CodeIgniter\Session\Handlers\FileHandler' driver.
WARNING - 2025-11-07 03:14:47 --> [DEPRECATED] Optional parameter $filters declared before required parameter $id_dep is implicitly treated as a required parameter in APPPATH\Models\Model_arsip.php on line 303.
 1 SYSTEMPATH\Autoloader\Autoloader.php(315): include_once('C:\\xampp\\htdocs\\e-arsip_ci4\\system\\Debug\\Exceptions.php')
 2 SYSTEMPATH\Autoloader\Autoloader.php(295): CodeIgniter\Autoloader\Autoloader->includeFile('C:\\xampp\\htdocs\\e-arsip_ci4\\app\\Models\\Model_arsip.php')
 3 SYSTEMPATH\Autoloader\Autoloader.php(271): CodeIgniter\Autoloader\Autoloader->loadInNamespace('App\\Models\\Model_arsip')
 4 APPPATH\Controllers\Arsip.php(26): CodeIgniter\Autoloader\Autoloader->loadClass('App\\Models\\Model_arsip')
 5 SYSTEMPATH\CodeIgniter.php(903): App\Controllers\Arsip->__construct()
 6 SYSTEMPATH\CodeIgniter.php(498): CodeIgniter\CodeIgniter->createController()
 7 SYSTEMPATH\CodeIgniter.php(354): CodeIgniter\CodeIgniter->handleRequest(null, Object(Config\Cache), false)
 8 SYSTEMPATH\Boot.php(363): CodeIgniter\CodeIgniter->run()
 9 SYSTEMPATH\Boot.php(68): CodeIgniter\Boot::runCodeIgniter(Object(CodeIgniter\CodeIgniter))
10 FCPATH\index.php(59): CodeIgniter\Boot::bootWeb(Object(Config\Paths))
CRITICAL - 2025-11-07 03:37:05 --> ErrorException: ini_set(): Session ini settings cannot be changed after headers have already been sent
[Method: POST, Route: arsip/addArsip]
in SYSTEMPATH\Session\Handlers\FileHandler.php on line 74.
 1 [internal function]: CodeIgniter\Debug\Exceptions->errorHandler(2, 'ini_set(): Session ini settings cannot be changed after headers have already been sent', 'C:\\xampp\\htdocs\\e-arsip_ci4\\system\\Session\\Handlers\\FileHandler.php', 74)
 2 SYSTEMPATH\Session\Handlers\FileHandler.php(74): ini_set('session.save_path', 'C:\\xampp\\htdocs\\e-arsip_ci4\\writable\\session')
 3 SYSTEMPATH\Config\Services.php(702): CodeIgniter\Session\Handlers\FileHandler->__construct(Object(Config\Session), '10.10.1.3')
 4 SYSTEMPATH\Config\BaseService.php(312): CodeIgniter\Config\Services::session(Object(Config\Session), false)
 5 SYSTEMPATH\Config\BaseService.php(251): CodeIgniter\Config\BaseService::__callStatic('session', [...])
 6 SYSTEMPATH\Config\Services.php(668): CodeIgniter\Config\BaseService::getSharedInstance('session', null)
 7 SYSTEMPATH\Config\BaseService.php(321): CodeIgniter\Config\Services::session()
 8 SYSTEMPATH\Config\BaseService.php(202): CodeIgniter\Config\BaseService::__callStatic('session', [])
 9 SYSTEMPATH\Common.php(995): CodeIgniter\Config\BaseService::get('session')
10 SYSTEMPATH\Common.php(968): service('session')
11 APPPATH\Filters\Filter_auth.php(13): session()
12 SYSTEMPATH\Filters\Filters.php(241): App\Filters\Filter_auth->before(Object(CodeIgniter\HTTP\IncomingRequest), null)
13 SYSTEMPATH\Filters\Filters.php(221): CodeIgniter\Filters\Filters->runBefore([...])
14 SYSTEMPATH\CodeIgniter.php(479): CodeIgniter\Filters\Filters->run('arsip/addArsip', 'before')
15 SYSTEMPATH\CodeIgniter.php(354): CodeIgniter\CodeIgniter->handleRequest(null, Object(Config\Cache), false)
16 SYSTEMPATH\Boot.php(363): CodeIgniter\CodeIgniter->run()
17 SYSTEMPATH\Boot.php(68): CodeIgniter\Boot::runCodeIgniter(Object(CodeIgniter\CodeIgniter))
18 FCPATH\index.php(59): CodeIgniter\Boot::bootWeb(Object(Config\Paths))
CRITICAL - 2025-11-07 03:37:47 --> ErrorException: ini_set(): Session ini settings cannot be changed after headers have already been sent
[Method: POST, Route: arsip/addArsip]
in SYSTEMPATH\Session\Handlers\FileHandler.php on line 74.
 1 [internal function]: CodeIgniter\Debug\Exceptions->errorHandler(2, 'ini_set(): Session ini settings cannot be changed after headers have already been sent', 'C:\\xampp\\htdocs\\e-arsip_ci4\\system\\Session\\Handlers\\FileHandler.php', 74)
 2 SYSTEMPATH\Session\Handlers\FileHandler.php(74): ini_set('session.save_path', 'C:\\xampp\\htdocs\\e-arsip_ci4\\writable\\session')
 3 SYSTEMPATH\Config\Services.php(702): CodeIgniter\Session\Handlers\FileHandler->__construct(Object(Config\Session), '10.10.1.3')
 4 SYSTEMPATH\Config\BaseService.php(312): CodeIgniter\Config\Services::session(Object(Config\Session), false)
 5 SYSTEMPATH\Config\BaseService.php(251): CodeIgniter\Config\BaseService::__callStatic('session', [...])
 6 SYSTEMPATH\Config\Services.php(668): CodeIgniter\Config\BaseService::getSharedInstance('session', null)
 7 SYSTEMPATH\Config\BaseService.php(321): CodeIgniter\Config\Services::session()
 8 SYSTEMPATH\Config\BaseService.php(202): CodeIgniter\Config\BaseService::__callStatic('session', [])
 9 SYSTEMPATH\Common.php(995): CodeIgniter\Config\BaseService::get('session')
10 SYSTEMPATH\Common.php(968): service('session')
11 APPPATH\Filters\Filter_auth.php(13): session()
12 SYSTEMPATH\Filters\Filters.php(241): App\Filters\Filter_auth->before(Object(CodeIgniter\HTTP\IncomingRequest), null)
13 SYSTEMPATH\Filters\Filters.php(221): CodeIgniter\Filters\Filters->runBefore([...])
14 SYSTEMPATH\CodeIgniter.php(479): CodeIgniter\Filters\Filters->run('arsip/addArsip', 'before')
15 SYSTEMPATH\CodeIgniter.php(354): CodeIgniter\CodeIgniter->handleRequest(null, Object(Config\Cache), false)
16 SYSTEMPATH\Boot.php(363): CodeIgniter\CodeIgniter->run()
17 SYSTEMPATH\Boot.php(68): CodeIgniter\Boot::runCodeIgniter(Object(CodeIgniter\CodeIgniter))
18 FCPATH\index.php(59): CodeIgniter\Boot::bootWeb(Object(Config\Paths))
CRITICAL - 2025-11-07 03:37:48 --> ErrorException: ini_set(): Session ini settings cannot be changed after headers have already been sent
[Method: POST, Route: arsip/addArsip]
in SYSTEMPATH\Session\Handlers\FileHandler.php on line 74.
 1 [internal function]: CodeIgniter\Debug\Exceptions->errorHandler(2, 'ini_set(): Session ini settings cannot be changed after headers have already been sent', 'C:\\xampp\\htdocs\\e-arsip_ci4\\system\\Session\\Handlers\\FileHandler.php', 74)
 2 SYSTEMPATH\Session\Handlers\FileHandler.php(74): ini_set('session.save_path', 'C:\\xampp\\htdocs\\e-arsip_ci4\\writable\\session')
 3 SYSTEMPATH\Config\Services.php(702): CodeIgniter\Session\Handlers\FileHandler->__construct(Object(Config\Session), '10.10.1.3')
 4 SYSTEMPATH\Config\BaseService.php(312): CodeIgniter\Config\Services::session(Object(Config\Session), false)
 5 SYSTEMPATH\Config\BaseService.php(251): CodeIgniter\Config\BaseService::__callStatic('session', [...])
 6 SYSTEMPATH\Config\Services.php(668): CodeIgniter\Config\BaseService::getSharedInstance('session', null)
 7 SYSTEMPATH\Config\BaseService.php(321): CodeIgniter\Config\Services::session()
 8 SYSTEMPATH\Config\BaseService.php(202): CodeIgniter\Config\BaseService::__callStatic('session', [])
 9 SYSTEMPATH\Common.php(995): CodeIgniter\Config\BaseService::get('session')
10 SYSTEMPATH\Common.php(968): service('session')
11 APPPATH\Filters\Filter_auth.php(13): session()
12 SYSTEMPATH\Filters\Filters.php(241): App\Filters\Filter_auth->before(Object(CodeIgniter\HTTP\IncomingRequest), null)
13 SYSTEMPATH\Filters\Filters.php(221): CodeIgniter\Filters\Filters->runBefore([...])
14 SYSTEMPATH\CodeIgniter.php(479): CodeIgniter\Filters\Filters->run('arsip/addArsip', 'before')
15 SYSTEMPATH\CodeIgniter.php(354): CodeIgniter\CodeIgniter->handleRequest(null, Object(Config\Cache), false)
16 SYSTEMPATH\Boot.php(363): CodeIgniter\CodeIgniter->run()
17 SYSTEMPATH\Boot.php(68): CodeIgniter\Boot::runCodeIgniter(Object(CodeIgniter\CodeIgniter))
18 FCPATH\index.php(59): CodeIgniter\Boot::bootWeb(Object(Config\Paths))
CRITICAL - 2025-11-07 03:37:49 --> ErrorException: ini_set(): Session ini settings cannot be changed after headers have already been sent
[Method: POST, Route: arsip/addArsip]
in SYSTEMPATH\Session\Handlers\FileHandler.php on line 74.
 1 [internal function]: CodeIgniter\Debug\Exceptions->errorHandler(2, 'ini_set(): Session ini settings cannot be changed after headers have already been sent', 'C:\\xampp\\htdocs\\e-arsip_ci4\\system\\Session\\Handlers\\FileHandler.php', 74)
 2 SYSTEMPATH\Session\Handlers\FileHandler.php(74): ini_set('session.save_path', 'C:\\xampp\\htdocs\\e-arsip_ci4\\writable\\session')
 3 SYSTEMPATH\Config\Services.php(702): CodeIgniter\Session\Handlers\FileHandler->__construct(Object(Config\Session), '10.10.1.3')
 4 SYSTEMPATH\Config\BaseService.php(312): CodeIgniter\Config\Services::session(Object(Config\Session), false)
 5 SYSTEMPATH\Config\BaseService.php(251): CodeIgniter\Config\BaseService::__callStatic('session', [...])
 6 SYSTEMPATH\Config\Services.php(668): CodeIgniter\Config\BaseService::getSharedInstance('session', null)
 7 SYSTEMPATH\Config\BaseService.php(321): CodeIgniter\Config\Services::session()
 8 SYSTEMPATH\Config\BaseService.php(202): CodeIgniter\Config\BaseService::__callStatic('session', [])
 9 SYSTEMPATH\Common.php(995): CodeIgniter\Config\BaseService::get('session')
10 SYSTEMPATH\Common.php(968): service('session')
11 APPPATH\Filters\Filter_auth.php(13): session()
12 SYSTEMPATH\Filters\Filters.php(241): App\Filters\Filter_auth->before(Object(CodeIgniter\HTTP\IncomingRequest), null)
13 SYSTEMPATH\Filters\Filters.php(221): CodeIgniter\Filters\Filters->runBefore([...])
14 SYSTEMPATH\CodeIgniter.php(479): CodeIgniter\Filters\Filters->run('arsip/addArsip', 'before')
15 SYSTEMPATH\CodeIgniter.php(354): CodeIgniter\CodeIgniter->handleRequest(null, Object(Config\Cache), false)
16 SYSTEMPATH\Boot.php(363): CodeIgniter\CodeIgniter->run()
17 SYSTEMPATH\Boot.php(68): CodeIgniter\Boot::runCodeIgniter(Object(CodeIgniter\CodeIgniter))
18 FCPATH\index.php(59): CodeIgniter\Boot::bootWeb(Object(Config\Paths))
CRITICAL - 2025-11-07 03:37:49 --> ErrorException: ini_set(): Session ini settings cannot be changed after headers have already been sent
[Method: POST, Route: arsip/addArsip]
in SYSTEMPATH\Session\Handlers\FileHandler.php on line 74.
 1 [internal function]: CodeIgniter\Debug\Exceptions->errorHandler(2, 'ini_set(): Session ini settings cannot be changed after headers have already been sent', 'C:\\xampp\\htdocs\\e-arsip_ci4\\system\\Session\\Handlers\\FileHandler.php', 74)
 2 SYSTEMPATH\Session\Handlers\FileHandler.php(74): ini_set('session.save_path', 'C:\\xampp\\htdocs\\e-arsip_ci4\\writable\\session')
 3 SYSTEMPATH\Config\Services.php(702): CodeIgniter\Session\Handlers\FileHandler->__construct(Object(Config\Session), '10.10.1.3')
 4 SYSTEMPATH\Config\BaseService.php(312): CodeIgniter\Config\Services::session(Object(Config\Session), false)
 5 SYSTEMPATH\Config\BaseService.php(251): CodeIgniter\Config\BaseService::__callStatic('session', [...])
 6 SYSTEMPATH\Config\Services.php(668): CodeIgniter\Config\BaseService::getSharedInstance('session', null)
 7 SYSTEMPATH\Config\BaseService.php(321): CodeIgniter\Config\Services::session()
 8 SYSTEMPATH\Config\BaseService.php(202): CodeIgniter\Config\BaseService::__callStatic('session', [])
 9 SYSTEMPATH\Common.php(995): CodeIgniter\Config\BaseService::get('session')
10 SYSTEMPATH\Common.php(968): service('session')
11 APPPATH\Filters\Filter_auth.php(13): session()
12 SYSTEMPATH\Filters\Filters.php(241): App\Filters\Filter_auth->before(Object(CodeIgniter\HTTP\IncomingRequest), null)
13 SYSTEMPATH\Filters\Filters.php(221): CodeIgniter\Filters\Filters->runBefore([...])
14 SYSTEMPATH\CodeIgniter.php(479): CodeIgniter\Filters\Filters->run('arsip/addArsip', 'before')
15 SYSTEMPATH\CodeIgniter.php(354): CodeIgniter\CodeIgniter->handleRequest(null, Object(Config\Cache), false)
16 SYSTEMPATH\Boot.php(363): CodeIgniter\CodeIgniter->run()
17 SYSTEMPATH\Boot.php(68): CodeIgniter\Boot::runCodeIgniter(Object(CodeIgniter\CodeIgniter))
18 FCPATH\index.php(59): CodeIgniter\Boot::bootWeb(Object(Config\Paths))
CRITICAL - 2025-11-07 03:37:49 --> ErrorException: ini_set(): Session ini settings cannot be changed after headers have already been sent
[Method: POST, Route: arsip/addArsip]
in SYSTEMPATH\Session\Handlers\FileHandler.php on line 74.
 1 [internal function]: CodeIgniter\Debug\Exceptions->errorHandler(2, 'ini_set(): Session ini settings cannot be changed after headers have already been sent', 'C:\\xampp\\htdocs\\e-arsip_ci4\\system\\Session\\Handlers\\FileHandler.php', 74)
 2 SYSTEMPATH\Session\Handlers\FileHandler.php(74): ini_set('session.save_path', 'C:\\xampp\\htdocs\\e-arsip_ci4\\writable\\session')
 3 SYSTEMPATH\Config\Services.php(702): CodeIgniter\Session\Handlers\FileHandler->__construct(Object(Config\Session), '10.10.1.3')
 4 SYSTEMPATH\Config\BaseService.php(312): CodeIgniter\Config\Services::session(Object(Config\Session), false)
 5 SYSTEMPATH\Config\BaseService.php(251): CodeIgniter\Config\BaseService::__callStatic('session', [...])
 6 SYSTEMPATH\Config\Services.php(668): CodeIgniter\Config\BaseService::getSharedInstance('session', null)
 7 SYSTEMPATH\Config\BaseService.php(321): CodeIgniter\Config\Services::session()
 8 SYSTEMPATH\Config\BaseService.php(202): CodeIgniter\Config\BaseService::__callStatic('session', [])
 9 SYSTEMPATH\Common.php(995): CodeIgniter\Config\BaseService::get('session')
10 SYSTEMPATH\Common.php(968): service('session')
11 APPPATH\Filters\Filter_auth.php(13): session()
12 SYSTEMPATH\Filters\Filters.php(241): App\Filters\Filter_auth->before(Object(CodeIgniter\HTTP\IncomingRequest), null)
13 SYSTEMPATH\Filters\Filters.php(221): CodeIgniter\Filters\Filters->runBefore([...])
14 SYSTEMPATH\CodeIgniter.php(479): CodeIgniter\Filters\Filters->run('arsip/addArsip', 'before')
15 SYSTEMPATH\CodeIgniter.php(354): CodeIgniter\CodeIgniter->handleRequest(null, Object(Config\Cache), false)
16 SYSTEMPATH\Boot.php(363): CodeIgniter\CodeIgniter->run()
17 SYSTEMPATH\Boot.php(68): CodeIgniter\Boot::runCodeIgniter(Object(CodeIgniter\CodeIgniter))
18 FCPATH\index.php(59): CodeIgniter\Boot::bootWeb(Object(Config\Paths))
CRITICAL - 2025-11-07 03:37:49 --> ErrorException: ini_set(): Session ini settings cannot be changed after headers have already been sent
[Method: POST, Route: arsip/addArsip]
in SYSTEMPATH\Session\Handlers\FileHandler.php on line 74.
 1 [internal function]: CodeIgniter\Debug\Exceptions->errorHandler(2, 'ini_set(): Session ini settings cannot be changed after headers have already been sent', 'C:\\xampp\\htdocs\\e-arsip_ci4\\system\\Session\\Handlers\\FileHandler.php', 74)
 2 SYSTEMPATH\Session\Handlers\FileHandler.php(74): ini_set('session.save_path', 'C:\\xampp\\htdocs\\e-arsip_ci4\\writable\\session')
 3 SYSTEMPATH\Config\Services.php(702): CodeIgniter\Session\Handlers\FileHandler->__construct(Object(Config\Session), '10.10.1.3')
 4 SYSTEMPATH\Config\BaseService.php(312): CodeIgniter\Config\Services::session(Object(Config\Session), false)
 5 SYSTEMPATH\Config\BaseService.php(251): CodeIgniter\Config\BaseService::__callStatic('session', [...])
 6 SYSTEMPATH\Config\Services.php(668): CodeIgniter\Config\BaseService::getSharedInstance('session', null)
 7 SYSTEMPATH\Config\BaseService.php(321): CodeIgniter\Config\Services::session()
 8 SYSTEMPATH\Config\BaseService.php(202): CodeIgniter\Config\BaseService::__callStatic('session', [])
 9 SYSTEMPATH\Common.php(995): CodeIgniter\Config\BaseService::get('session')
10 SYSTEMPATH\Common.php(968): service('session')
11 APPPATH\Filters\Filter_auth.php(13): session()
12 SYSTEMPATH\Filters\Filters.php(241): App\Filters\Filter_auth->before(Object(CodeIgniter\HTTP\IncomingRequest), null)
13 SYSTEMPATH\Filters\Filters.php(221): CodeIgniter\Filters\Filters->runBefore([...])
14 SYSTEMPATH\CodeIgniter.php(479): CodeIgniter\Filters\Filters->run('arsip/addArsip', 'before')
15 SYSTEMPATH\CodeIgniter.php(354): CodeIgniter\CodeIgniter->handleRequest(null, Object(Config\Cache), false)
16 SYSTEMPATH\Boot.php(363): CodeIgniter\CodeIgniter->run()
17 SYSTEMPATH\Boot.php(68): CodeIgniter\Boot::runCodeIgniter(Object(CodeIgniter\CodeIgniter))
18 FCPATH\index.php(59): CodeIgniter\Boot::bootWeb(Object(Config\Paths))
CRITICAL - 2025-11-07 03:38:17 --> ErrorException: ini_set(): Session ini settings cannot be changed after headers have already been sent
[Method: POST, Route: arsip/addArsip]
in SYSTEMPATH\Session\Handlers\FileHandler.php on line 74.
 1 [internal function]: CodeIgniter\Debug\Exceptions->errorHandler(2, 'ini_set(): Session ini settings cannot be changed after headers have already been sent', 'C:\\xampp\\htdocs\\e-arsip_ci4\\system\\Session\\Handlers\\FileHandler.php', 74)
 2 SYSTEMPATH\Session\Handlers\FileHandler.php(74): ini_set('session.save_path', 'C:\\xampp\\htdocs\\e-arsip_ci4\\writable\\session')
 3 SYSTEMPATH\Config\Services.php(702): CodeIgniter\Session\Handlers\FileHandler->__construct(Object(Config\Session), '10.10.1.3')
 4 SYSTEMPATH\Config\BaseService.php(312): CodeIgniter\Config\Services::session(Object(Config\Session), false)
 5 SYSTEMPATH\Config\BaseService.php(251): CodeIgniter\Config\BaseService::__callStatic('session', [...])
 6 SYSTEMPATH\Config\Services.php(668): CodeIgniter\Config\BaseService::getSharedInstance('session', null)
 7 SYSTEMPATH\Config\BaseService.php(321): CodeIgniter\Config\Services::session()
 8 SYSTEMPATH\Config\BaseService.php(202): CodeIgniter\Config\BaseService::__callStatic('session', [])
 9 SYSTEMPATH\Common.php(995): CodeIgniter\Config\BaseService::get('session')
10 SYSTEMPATH\Common.php(968): service('session')
11 APPPATH\Filters\Filter_auth.php(13): session()
12 SYSTEMPATH\Filters\Filters.php(241): App\Filters\Filter_auth->before(Object(CodeIgniter\HTTP\IncomingRequest), null)
13 SYSTEMPATH\Filters\Filters.php(221): CodeIgniter\Filters\Filters->runBefore([...])
14 SYSTEMPATH\CodeIgniter.php(479): CodeIgniter\Filters\Filters->run('arsip/addArsip', 'before')
15 SYSTEMPATH\CodeIgniter.php(354): CodeIgniter\CodeIgniter->handleRequest(null, Object(Config\Cache), false)
16 SYSTEMPATH\Boot.php(363): CodeIgniter\CodeIgniter->run()
17 SYSTEMPATH\Boot.php(68): CodeIgniter\Boot::runCodeIgniter(Object(CodeIgniter\CodeIgniter))
18 FCPATH\index.php(59): CodeIgniter\Boot::bootWeb(Object(Config\Paths))
CRITICAL - 2025-11-07 03:38:18 --> ErrorException: ini_set(): Session ini settings cannot be changed after headers have already been sent
[Method: POST, Route: arsip/addArsip]
in SYSTEMPATH\Session\Handlers\FileHandler.php on line 74.
 1 [internal function]: CodeIgniter\Debug\Exceptions->errorHandler(2, 'ini_set(): Session ini settings cannot be changed after headers have already been sent', 'C:\\xampp\\htdocs\\e-arsip_ci4\\system\\Session\\Handlers\\FileHandler.php', 74)
 2 SYSTEMPATH\Session\Handlers\FileHandler.php(74): ini_set('session.save_path', 'C:\\xampp\\htdocs\\e-arsip_ci4\\writable\\session')
 3 SYSTEMPATH\Config\Services.php(702): CodeIgniter\Session\Handlers\FileHandler->__construct(Object(Config\Session), '10.10.1.3')
 4 SYSTEMPATH\Config\BaseService.php(312): CodeIgniter\Config\Services::session(Object(Config\Session), false)
 5 SYSTEMPATH\Config\BaseService.php(251): CodeIgniter\Config\BaseService::__callStatic('session', [...])
 6 SYSTEMPATH\Config\Services.php(668): CodeIgniter\Config\BaseService::getSharedInstance('session', null)
 7 SYSTEMPATH\Config\BaseService.php(321): CodeIgniter\Config\Services::session()
 8 SYSTEMPATH\Config\BaseService.php(202): CodeIgniter\Config\BaseService::__callStatic('session', [])
 9 SYSTEMPATH\Common.php(995): CodeIgniter\Config\BaseService::get('session')
10 SYSTEMPATH\Common.php(968): service('session')
11 APPPATH\Filters\Filter_auth.php(13): session()
12 SYSTEMPATH\Filters\Filters.php(241): App\Filters\Filter_auth->before(Object(CodeIgniter\HTTP\IncomingRequest), null)
13 SYSTEMPATH\Filters\Filters.php(221): CodeIgniter\Filters\Filters->runBefore([...])
14 SYSTEMPATH\CodeIgniter.php(479): CodeIgniter\Filters\Filters->run('arsip/addArsip', 'before')
15 SYSTEMPATH\CodeIgniter.php(354): CodeIgniter\CodeIgniter->handleRequest(null, Object(Config\Cache), false)
16 SYSTEMPATH\Boot.php(363): CodeIgniter\CodeIgniter->run()
17 SYSTEMPATH\Boot.php(68): CodeIgniter\Boot::runCodeIgniter(Object(CodeIgniter\CodeIgniter))
18 FCPATH\index.php(59): CodeIgniter\Boot::bootWeb(Object(Config\Paths))
DEBUG - 2025-11-07 04:03:42 --> Session: Class initialized using 'CodeIgniter\Session\Handlers\FileHandler' driver.
DEBUG - 2025-11-07 04:03:42 --> Session: Class initialized using 'CodeIgniter\Session\Handlers\FileHandler' driver.
DEBUG - 2025-11-07 04:03:50 --> Session: Class initialized using 'CodeIgniter\Session\Handlers\FileHandler' driver.
DEBUG - 2025-11-07 04:03:50 --> Session: Class initialized using 'CodeIgniter\Session\Handlers\FileHandler' driver.
WARNING - 2025-11-07 04:03:50 --> [DEPRECATED] Optional parameter $filters declared before required parameter $id_dep is implicitly treated as a required parameter in APPPATH\Models\Model_arsip.php on line 303.
 1 SYSTEMPATH\Autoloader\Autoloader.php(315): include_once('C:\\xampp\\htdocs\\e-arsip_ci4\\system\\Debug\\Exceptions.php')
 2 SYSTEMPATH\Autoloader\Autoloader.php(295): CodeIgniter\Autoloader\Autoloader->includeFile('C:\\xampp\\htdocs\\e-arsip_ci4\\app\\Models\\Model_arsip.php')
 3 SYSTEMPATH\Autoloader\Autoloader.php(271): CodeIgniter\Autoloader\Autoloader->loadInNamespace('App\\Models\\Model_arsip')
 4 APPPATH\Controllers\Home.php(23): CodeIgniter\Autoloader\Autoloader->loadClass('App\\Models\\Model_arsip')
 5 SYSTEMPATH\CodeIgniter.php(903): App\Controllers\Home->__construct()
 6 SYSTEMPATH\CodeIgniter.php(498): CodeIgniter\CodeIgniter->createController()
 7 SYSTEMPATH\CodeIgniter.php(354): CodeIgniter\CodeIgniter->handleRequest(null, Object(Config\Cache), false)
 8 SYSTEMPATH\Boot.php(363): CodeIgniter\CodeIgniter->run()
 9 SYSTEMPATH\Boot.php(68): CodeIgniter\Boot::runCodeIgniter(Object(CodeIgniter\CodeIgniter))
10 FCPATH\index.php(59): CodeIgniter\Boot::bootWeb(Object(Config\Paths))
DEBUG - 2025-11-07 04:03:58 --> Session: Class initialized using 'CodeIgniter\Session\Handlers\FileHandler' driver.
WARNING - 2025-11-07 04:03:58 --> [DEPRECATED] Optional parameter $filters declared before required parameter $id_dep is implicitly treated as a required parameter in APPPATH\Models\Model_arsip.php on line 303.
 1 SYSTEMPATH\Autoloader\Autoloader.php(315): include_once('C:\\xampp\\htdocs\\e-arsip_ci4\\system\\Debug\\Exceptions.php')
 2 SYSTEMPATH\Autoloader\Autoloader.php(295): CodeIgniter\Autoloader\Autoloader->includeFile('C:\\xampp\\htdocs\\e-arsip_ci4\\app\\Models\\Model_arsip.php')
 3 SYSTEMPATH\Autoloader\Autoloader.php(271): CodeIgniter\Autoloader\Autoloader->loadInNamespace('App\\Models\\Model_arsip')
 4 APPPATH\Controllers\Arsip.php(26): CodeIgniter\Autoloader\Autoloader->loadClass('App\\Models\\Model_arsip')
 5 SYSTEMPATH\CodeIgniter.php(903): App\Controllers\Arsip->__construct()
 6 SYSTEMPATH\CodeIgniter.php(498): CodeIgniter\CodeIgniter->createController()
 7 SYSTEMPATH\CodeIgniter.php(354): CodeIgniter\CodeIgniter->handleRequest(null, Object(Config\Cache), false)
 8 SYSTEMPATH\Boot.php(363): CodeIgniter\CodeIgniter->run()
 9 SYSTEMPATH\Boot.php(68): CodeIgniter\Boot::runCodeIgniter(Object(CodeIgniter\CodeIgniter))
10 FCPATH\index.php(59): CodeIgniter\Boot::bootWeb(Object(Config\Paths))
CRITICAL - 2025-11-07 04:04:25 --> ErrorException: ini_set(): Session ini settings cannot be changed after headers have already been sent
[Method: POST, Route: arsip/addArsip]
in SYSTEMPATH\Session\Handlers\FileHandler.php on line 74.
 1 [internal function]: CodeIgniter\Debug\Exceptions->errorHandler(2, 'ini_set(): Session ini settings cannot be changed after headers have already been sent', 'C:\\xampp\\htdocs\\e-arsip_ci4\\system\\Session\\Handlers\\FileHandler.php', 74)
 2 SYSTEMPATH\Session\Handlers\FileHandler.php(74): ini_set('session.save_path', 'C:\\xampp\\htdocs\\e-arsip_ci4\\writable\\session')
 3 SYSTEMPATH\Config\Services.php(702): CodeIgniter\Session\Handlers\FileHandler->__construct(Object(Config\Session), '10.10.1.3')
 4 SYSTEMPATH\Config\BaseService.php(312): CodeIgniter\Config\Services::session(Object(Config\Session), false)
 5 SYSTEMPATH\Config\BaseService.php(251): CodeIgniter\Config\BaseService::__callStatic('session', [...])
 6 SYSTEMPATH\Config\Services.php(668): CodeIgniter\Config\BaseService::getSharedInstance('session', null)
 7 SYSTEMPATH\Config\BaseService.php(321): CodeIgniter\Config\Services::session()
 8 SYSTEMPATH\Config\BaseService.php(202): CodeIgniter\Config\BaseService::__callStatic('session', [])
 9 SYSTEMPATH\Common.php(995): CodeIgniter\Config\BaseService::get('session')
10 SYSTEMPATH\Common.php(968): service('session')
11 APPPATH\Filters\Filter_auth.php(13): session()
12 SYSTEMPATH\Filters\Filters.php(241): App\Filters\Filter_auth->before(Object(CodeIgniter\HTTP\IncomingRequest), null)
13 SYSTEMPATH\Filters\Filters.php(221): CodeIgniter\Filters\Filters->runBefore([...])
14 SYSTEMPATH\CodeIgniter.php(479): CodeIgniter\Filters\Filters->run('arsip/addArsip', 'before')
15 SYSTEMPATH\CodeIgniter.php(354): CodeIgniter\CodeIgniter->handleRequest(null, Object(Config\Cache), false)
16 SYSTEMPATH\Boot.php(363): CodeIgniter\CodeIgniter->run()
17 SYSTEMPATH\Boot.php(68): CodeIgniter\Boot::runCodeIgniter(Object(CodeIgniter\CodeIgniter))
18 FCPATH\index.php(59): CodeIgniter\Boot::bootWeb(Object(Config\Paths))
DEBUG - 2025-11-07 04:04:44 --> Session: Class initialized using 'CodeIgniter\Session\Handlers\FileHandler' driver.
WARNING - 2025-11-07 04:04:44 --> [DEPRECATED] Optional parameter $filters declared before required parameter $id_dep is implicitly treated as a required parameter in APPPATH\Models\Model_arsip.php on line 303.
 1 SYSTEMPATH\Autoloader\Autoloader.php(315): include_once('C:\\xampp\\htdocs\\e-arsip_ci4\\system\\Debug\\Exceptions.php')
 2 SYSTEMPATH\Autoloader\Autoloader.php(295): CodeIgniter\Autoloader\Autoloader->includeFile('C:\\xampp\\htdocs\\e-arsip_ci4\\app\\Models\\Model_arsip.php')
 3 SYSTEMPATH\Autoloader\Autoloader.php(271): CodeIgniter\Autoloader\Autoloader->loadInNamespace('App\\Models\\Model_arsip')
 4 APPPATH\Controllers\Arsip.php(26): CodeIgniter\Autoloader\Autoloader->loadClass('App\\Models\\Model_arsip')
 5 SYSTEMPATH\CodeIgniter.php(903): App\Controllers\Arsip->__construct()
 6 SYSTEMPATH\CodeIgniter.php(498): CodeIgniter\CodeIgniter->createController()
 7 SYSTEMPATH\CodeIgniter.php(354): CodeIgniter\CodeIgniter->handleRequest(null, Object(Config\Cache), false)
 8 SYSTEMPATH\Boot.php(363): CodeIgniter\CodeIgniter->run()
 9 SYSTEMPATH\Boot.php(68): CodeIgniter\Boot::runCodeIgniter(Object(CodeIgniter\CodeIgniter))
10 FCPATH\index.php(59): CodeIgniter\Boot::bootWeb(Object(Config\Paths))
DEBUG - 2025-11-07 04:04:52 --> Session: Class initialized using 'CodeIgniter\Session\Handlers\FileHandler' driver.
WARNING - 2025-11-07 04:04:52 --> [DEPRECATED] Optional parameter $filters declared before required parameter $id_dep is implicitly treated as a required parameter in APPPATH\Models\Model_arsip.php on line 303.
 1 SYSTEMPATH\Autoloader\Autoloader.php(315): include_once('C:\\xampp\\htdocs\\e-arsip_ci4\\system\\Debug\\Exceptions.php')
 2 SYSTEMPATH\Autoloader\Autoloader.php(295): CodeIgniter\Autoloader\Autoloader->includeFile('C:\\xampp\\htdocs\\e-arsip_ci4\\app\\Models\\Model_arsip.php')
 3 SYSTEMPATH\Autoloader\Autoloader.php(271): CodeIgniter\Autoloader\Autoloader->loadInNamespace('App\\Models\\Model_arsip')
 4 APPPATH\Controllers\Kategori.php(21): CodeIgniter\Autoloader\Autoloader->loadClass('App\\Models\\Model_arsip')
 5 SYSTEMPATH\CodeIgniter.php(903): App\Controllers\Kategori->__construct()
 6 SYSTEMPATH\CodeIgniter.php(498): CodeIgniter\CodeIgniter->createController()
 7 SYSTEMPATH\CodeIgniter.php(354): CodeIgniter\CodeIgniter->handleRequest(null, Object(Config\Cache), false)
 8 SYSTEMPATH\Boot.php(363): CodeIgniter\CodeIgniter->run()
 9 SYSTEMPATH\Boot.php(68): CodeIgniter\Boot::runCodeIgniter(Object(CodeIgniter\CodeIgniter))
10 FCPATH\index.php(59): CodeIgniter\Boot::bootWeb(Object(Config\Paths))
DEBUG - 2025-11-07 04:04:53 --> Session: Class initialized using 'CodeIgniter\Session\Handlers\FileHandler' driver.
WARNING - 2025-11-07 04:04:53 --> [DEPRECATED] Optional parameter $filters declared before required parameter $id_dep is implicitly treated as a required parameter in APPPATH\Models\Model_arsip.php on line 303.
 1 SYSTEMPATH\Autoloader\Autoloader.php(315): include_once('C:\\xampp\\htdocs\\e-arsip_ci4\\system\\Debug\\Exceptions.php')
 2 SYSTEMPATH\Autoloader\Autoloader.php(295): CodeIgniter\Autoloader\Autoloader->includeFile('C:\\xampp\\htdocs\\e-arsip_ci4\\app\\Models\\Model_arsip.php')
 3 SYSTEMPATH\Autoloader\Autoloader.php(271): CodeIgniter\Autoloader\Autoloader->loadInNamespace('App\\Models\\Model_arsip')
 4 APPPATH\Controllers\Arsip.php(26): CodeIgniter\Autoloader\Autoloader->loadClass('App\\Models\\Model_arsip')
 5 SYSTEMPATH\CodeIgniter.php(903): App\Controllers\Arsip->__construct()
 6 SYSTEMPATH\CodeIgniter.php(498): CodeIgniter\CodeIgniter->createController()
 7 SYSTEMPATH\CodeIgniter.php(354): CodeIgniter\CodeIgniter->handleRequest(null, Object(Config\Cache), false)
 8 SYSTEMPATH\Boot.php(363): CodeIgniter\CodeIgniter->run()
 9 SYSTEMPATH\Boot.php(68): CodeIgniter\Boot::runCodeIgniter(Object(CodeIgniter\CodeIgniter))
10 FCPATH\index.php(59): CodeIgniter\Boot::bootWeb(Object(Config\Paths))
DEBUG - 2025-11-07 04:04:57 --> Session: Class initialized using 'CodeIgniter\Session\Handlers\FileHandler' driver.
WARNING - 2025-11-07 04:04:57 --> [DEPRECATED] Optional parameter $filters declared before required parameter $id_dep is implicitly treated as a required parameter in APPPATH\Models\Model_arsip.php on line 303.
 1 SYSTEMPATH\Autoloader\Autoloader.php(315): include_once('C:\\xampp\\htdocs\\e-arsip_ci4\\system\\Debug\\Exceptions.php')
 2 SYSTEMPATH\Autoloader\Autoloader.php(295): CodeIgniter\Autoloader\Autoloader->includeFile('C:\\xampp\\htdocs\\e-arsip_ci4\\app\\Models\\Model_arsip.php')
 3 SYSTEMPATH\Autoloader\Autoloader.php(271): CodeIgniter\Autoloader\Autoloader->loadInNamespace('App\\Models\\Model_arsip')
 4 APPPATH\Controllers\Cari.php(20): CodeIgniter\Autoloader\Autoloader->loadClass('App\\Models\\Model_arsip')
 5 SYSTEMPATH\CodeIgniter.php(903): App\Controllers\Cari->__construct()
 6 SYSTEMPATH\CodeIgniter.php(498): CodeIgniter\CodeIgniter->createController()
 7 SYSTEMPATH\CodeIgniter.php(354): CodeIgniter\CodeIgniter->handleRequest(null, Object(Config\Cache), false)
 8 SYSTEMPATH\Boot.php(363): CodeIgniter\CodeIgniter->run()
 9 SYSTEMPATH\Boot.php(68): CodeIgniter\Boot::runCodeIgniter(Object(CodeIgniter\CodeIgniter))
10 FCPATH\index.php(59): CodeIgniter\Boot::bootWeb(Object(Config\Paths))
DEBUG - 2025-11-07 04:05:01 --> Session: Class initialized using 'CodeIgniter\Session\Handlers\FileHandler' driver.
WARNING - 2025-11-07 04:05:01 --> [DEPRECATED] Optional parameter $filters declared before required parameter $id_dep is implicitly treated as a required parameter in APPPATH\Models\Model_arsip.php on line 303.
 1 SYSTEMPATH\Autoloader\Autoloader.php(315): include_once('C:\\xampp\\htdocs\\e-arsip_ci4\\system\\Debug\\Exceptions.php')
 2 SYSTEMPATH\Autoloader\Autoloader.php(295): CodeIgniter\Autoloader\Autoloader->includeFile('C:\\xampp\\htdocs\\e-arsip_ci4\\app\\Models\\Model_arsip.php')
 3 SYSTEMPATH\Autoloader\Autoloader.php(271): CodeIgniter\Autoloader\Autoloader->loadInNamespace('App\\Models\\Model_arsip')
 4 APPPATH\Controllers\Arsip.php(26): CodeIgniter\Autoloader\Autoloader->loadClass('App\\Models\\Model_arsip')
 5 SYSTEMPATH\CodeIgniter.php(903): App\Controllers\Arsip->__construct()
 6 SYSTEMPATH\CodeIgniter.php(498): CodeIgniter\CodeIgniter->createController()
 7 SYSTEMPATH\CodeIgniter.php(354): CodeIgniter\CodeIgniter->handleRequest(null, Object(Config\Cache), false)
 8 SYSTEMPATH\Boot.php(363): CodeIgniter\CodeIgniter->run()
 9 SYSTEMPATH\Boot.php(68): CodeIgniter\Boot::runCodeIgniter(Object(CodeIgniter\CodeIgniter))
10 FCPATH\index.php(59): CodeIgniter\Boot::bootWeb(Object(Config\Paths))
DEBUG - 2025-11-07 04:05:07 --> Session: Class initialized using 'CodeIgniter\Session\Handlers\FileHandler' driver.
WARNING - 2025-11-07 04:05:07 --> [DEPRECATED] Optional parameter $filters declared before required parameter $id_dep is implicitly treated as a required parameter in APPPATH\Models\Model_arsip.php on line 303.
 1 SYSTEMPATH\Autoloader\Autoloader.php(315): include_once('C:\\xampp\\htdocs\\e-arsip_ci4\\system\\Debug\\Exceptions.php')
 2 SYSTEMPATH\Autoloader\Autoloader.php(295): CodeIgniter\Autoloader\Autoloader->includeFile('C:\\xampp\\htdocs\\e-arsip_ci4\\app\\Models\\Model_arsip.php')
 3 SYSTEMPATH\Autoloader\Autoloader.php(271): CodeIgniter\Autoloader\Autoloader->loadInNamespace('App\\Models\\Model_arsip')
 4 APPPATH\Controllers\Arsip.php(26): CodeIgniter\Autoloader\Autoloader->loadClass('App\\Models\\Model_arsip')
 5 SYSTEMPATH\CodeIgniter.php(903): App\Controllers\Arsip->__construct()
 6 SYSTEMPATH\CodeIgniter.php(498): CodeIgniter\CodeIgniter->createController()
 7 SYSTEMPATH\CodeIgniter.php(354): CodeIgniter\CodeIgniter->handleRequest(null, Object(Config\Cache), false)
 8 SYSTEMPATH\Boot.php(363): CodeIgniter\CodeIgniter->run()
 9 SYSTEMPATH\Boot.php(68): CodeIgniter\Boot::runCodeIgniter(Object(CodeIgniter\CodeIgniter))
10 FCPATH\index.php(59): CodeIgniter\Boot::bootWeb(Object(Config\Paths))
DEBUG - 2025-11-07 04:05:08 --> Session: Class initialized using 'CodeIgniter\Session\Handlers\FileHandler' driver.
WARNING - 2025-11-07 04:05:08 --> [DEPRECATED] Optional parameter $filters declared before required parameter $id_dep is implicitly treated as a required parameter in APPPATH\Models\Model_arsip.php on line 303.
 1 SYSTEMPATH\Autoloader\Autoloader.php(315): include_once('C:\\xampp\\htdocs\\e-arsip_ci4\\system\\Debug\\Exceptions.php')
 2 SYSTEMPATH\Autoloader\Autoloader.php(295): CodeIgniter\Autoloader\Autoloader->includeFile('C:\\xampp\\htdocs\\e-arsip_ci4\\app\\Models\\Model_arsip.php')
 3 SYSTEMPATH\Autoloader\Autoloader.php(271): CodeIgniter\Autoloader\Autoloader->loadInNamespace('App\\Models\\Model_arsip')
 4 APPPATH\Controllers\Arsip.php(26): CodeIgniter\Autoloader\Autoloader->loadClass('App\\Models\\Model_arsip')
 5 SYSTEMPATH\CodeIgniter.php(903): App\Controllers\Arsip->__construct()
 6 SYSTEMPATH\CodeIgniter.php(498): CodeIgniter\CodeIgniter->createController()
 7 SYSTEMPATH\CodeIgniter.php(354): CodeIgniter\CodeIgniter->handleRequest(null, Object(Config\Cache), false)
 8 SYSTEMPATH\Boot.php(363): CodeIgniter\CodeIgniter->run()
 9 SYSTEMPATH\Boot.php(68): CodeIgniter\Boot::runCodeIgniter(Object(CodeIgniter\CodeIgniter))
10 FCPATH\index.php(59): CodeIgniter\Boot::bootWeb(Object(Config\Paths))
DEBUG - 2025-11-07 04:05:08 --> Session: Class initialized using 'CodeIgniter\Session\Handlers\FileHandler' driver.
WARNING - 2025-11-07 04:05:08 --> [DEPRECATED] Optional parameter $filters declared before required parameter $id_dep is implicitly treated as a required parameter in APPPATH\Models\Model_arsip.php on line 303.
 1 SYSTEMPATH\Autoloader\Autoloader.php(315): include_once('C:\\xampp\\htdocs\\e-arsip_ci4\\system\\Debug\\Exceptions.php')
 2 SYSTEMPATH\Autoloader\Autoloader.php(295): CodeIgniter\Autoloader\Autoloader->includeFile('C:\\xampp\\htdocs\\e-arsip_ci4\\app\\Models\\Model_arsip.php')
 3 SYSTEMPATH\Autoloader\Autoloader.php(271): CodeIgniter\Autoloader\Autoloader->loadInNamespace('App\\Models\\Model_arsip')
 4 APPPATH\Controllers\Arsip.php(26): CodeIgniter\Autoloader\Autoloader->loadClass('App\\Models\\Model_arsip')
 5 SYSTEMPATH\CodeIgniter.php(903): App\Controllers\Arsip->__construct()
 6 SYSTEMPATH\CodeIgniter.php(498): CodeIgniter\CodeIgniter->createController()
 7 SYSTEMPATH\CodeIgniter.php(354): CodeIgniter\CodeIgniter->handleRequest(null, Object(Config\Cache), false)
 8 SYSTEMPATH\Boot.php(363): CodeIgniter\CodeIgniter->run()
 9 SYSTEMPATH\Boot.php(68): CodeIgniter\Boot::runCodeIgniter(Object(CodeIgniter\CodeIgniter))
10 FCPATH\index.php(59): CodeIgniter\Boot::bootWeb(Object(Config\Paths))
DEBUG - 2025-11-07 04:05:09 --> Session: Class initialized using 'CodeIgniter\Session\Handlers\FileHandler' driver.
WARNING - 2025-11-07 04:05:09 --> [DEPRECATED] Optional parameter $filters declared before required parameter $id_dep is implicitly treated as a required parameter in APPPATH\Models\Model_arsip.php on line 303.
 1 SYSTEMPATH\Autoloader\Autoloader.php(315): include_once('C:\\xampp\\htdocs\\e-arsip_ci4\\system\\Debug\\Exceptions.php')
 2 SYSTEMPATH\Autoloader\Autoloader.php(295): CodeIgniter\Autoloader\Autoloader->includeFile('C:\\xampp\\htdocs\\e-arsip_ci4\\app\\Models\\Model_arsip.php')
 3 SYSTEMPATH\Autoloader\Autoloader.php(271): CodeIgniter\Autoloader\Autoloader->loadInNamespace('App\\Models\\Model_arsip')
 4 APPPATH\Controllers\Arsip.php(26): CodeIgniter\Autoloader\Autoloader->loadClass('App\\Models\\Model_arsip')
 5 SYSTEMPATH\CodeIgniter.php(903): App\Controllers\Arsip->__construct()
 6 SYSTEMPATH\CodeIgniter.php(498): CodeIgniter\CodeIgniter->createController()
 7 SYSTEMPATH\CodeIgniter.php(354): CodeIgniter\CodeIgniter->handleRequest(null, Object(Config\Cache), false)
 8 SYSTEMPATH\Boot.php(363): CodeIgniter\CodeIgniter->run()
 9 SYSTEMPATH\Boot.php(68): CodeIgniter\Boot::runCodeIgniter(Object(CodeIgniter\CodeIgniter))
10 FCPATH\index.php(59): CodeIgniter\Boot::bootWeb(Object(Config\Paths))
DEBUG - 2025-11-07 04:05:09 --> Session: Class initialized using 'CodeIgniter\Session\Handlers\FileHandler' driver.
WARNING - 2025-11-07 04:05:09 --> [DEPRECATED] Optional parameter $filters declared before required parameter $id_dep is implicitly treated as a required parameter in APPPATH\Models\Model_arsip.php on line 303.
 1 SYSTEMPATH\Autoloader\Autoloader.php(315): include_once('C:\\xampp\\htdocs\\e-arsip_ci4\\system\\Debug\\Exceptions.php')
 2 SYSTEMPATH\Autoloader\Autoloader.php(295): CodeIgniter\Autoloader\Autoloader->includeFile('C:\\xampp\\htdocs\\e-arsip_ci4\\app\\Models\\Model_arsip.php')
 3 SYSTEMPATH\Autoloader\Autoloader.php(271): CodeIgniter\Autoloader\Autoloader->loadInNamespace('App\\Models\\Model_arsip')
 4 APPPATH\Controllers\Arsip.php(26): CodeIgniter\Autoloader\Autoloader->loadClass('App\\Models\\Model_arsip')
 5 SYSTEMPATH\CodeIgniter.php(903): App\Controllers\Arsip->__construct()
 6 SYSTEMPATH\CodeIgniter.php(498): CodeIgniter\CodeIgniter->createController()
 7 SYSTEMPATH\CodeIgniter.php(354): CodeIgniter\CodeIgniter->handleRequest(null, Object(Config\Cache), false)
 8 SYSTEMPATH\Boot.php(363): CodeIgniter\CodeIgniter->run()
 9 SYSTEMPATH\Boot.php(68): CodeIgniter\Boot::runCodeIgniter(Object(CodeIgniter\CodeIgniter))
10 FCPATH\index.php(59): CodeIgniter\Boot::bootWeb(Object(Config\Paths))
DEBUG - 2025-11-07 04:05:10 --> Session: Class initialized using 'CodeIgniter\Session\Handlers\FileHandler' driver.
WARNING - 2025-11-07 04:05:10 --> [DEPRECATED] Optional parameter $filters declared before required parameter $id_dep is implicitly treated as a required parameter in APPPATH\Models\Model_arsip.php on line 303.
 1 SYSTEMPATH\Autoloader\Autoloader.php(315): include_once('C:\\xampp\\htdocs\\e-arsip_ci4\\system\\Debug\\Exceptions.php')
 2 SYSTEMPATH\Autoloader\Autoloader.php(295): CodeIgniter\Autoloader\Autoloader->includeFile('C:\\xampp\\htdocs\\e-arsip_ci4\\app\\Models\\Model_arsip.php')
 3 SYSTEMPATH\Autoloader\Autoloader.php(271): CodeIgniter\Autoloader\Autoloader->loadInNamespace('App\\Models\\Model_arsip')
 4 APPPATH\Controllers\Arsip.php(26): CodeIgniter\Autoloader\Autoloader->loadClass('App\\Models\\Model_arsip')
 5 SYSTEMPATH\CodeIgniter.php(903): App\Controllers\Arsip->__construct()
 6 SYSTEMPATH\CodeIgniter.php(498): CodeIgniter\CodeIgniter->createController()
 7 SYSTEMPATH\CodeIgniter.php(354): CodeIgniter\CodeIgniter->handleRequest(null, Object(Config\Cache), false)
 8 SYSTEMPATH\Boot.php(363): CodeIgniter\CodeIgniter->run()
 9 SYSTEMPATH\Boot.php(68): CodeIgniter\Boot::runCodeIgniter(Object(CodeIgniter\CodeIgniter))
10 FCPATH\index.php(59): CodeIgniter\Boot::bootWeb(Object(Config\Paths))
DEBUG - 2025-11-07 04:05:10 --> Session: Class initialized using 'CodeIgniter\Session\Handlers\FileHandler' driver.
WARNING - 2025-11-07 04:05:10 --> [DEPRECATED] Optional parameter $filters declared before required parameter $id_dep is implicitly treated as a required parameter in APPPATH\Models\Model_arsip.php on line 303.
 1 SYSTEMPATH\Autoloader\Autoloader.php(315): include_once('C:\\xampp\\htdocs\\e-arsip_ci4\\system\\Debug\\Exceptions.php')
 2 SYSTEMPATH\Autoloader\Autoloader.php(295): CodeIgniter\Autoloader\Autoloader->includeFile('C:\\xampp\\htdocs\\e-arsip_ci4\\app\\Models\\Model_arsip.php')
 3 SYSTEMPATH\Autoloader\Autoloader.php(271): CodeIgniter\Autoloader\Autoloader->loadInNamespace('App\\Models\\Model_arsip')
 4 APPPATH\Controllers\Arsip.php(26): CodeIgniter\Autoloader\Autoloader->loadClass('App\\Models\\Model_arsip')
 5 SYSTEMPATH\CodeIgniter.php(903): App\Controllers\Arsip->__construct()
 6 SYSTEMPATH\CodeIgniter.php(498): CodeIgniter\CodeIgniter->createController()
 7 SYSTEMPATH\CodeIgniter.php(354): CodeIgniter\CodeIgniter->handleRequest(null, Object(Config\Cache), false)
 8 SYSTEMPATH\Boot.php(363): CodeIgniter\CodeIgniter->run()
 9 SYSTEMPATH\Boot.php(68): CodeIgniter\Boot::runCodeIgniter(Object(CodeIgniter\CodeIgniter))
10 FCPATH\index.php(59): CodeIgniter\Boot::bootWeb(Object(Config\Paths))
DEBUG - 2025-11-07 04:05:10 --> Session: Class initialized using 'CodeIgniter\Session\Handlers\FileHandler' driver.
WARNING - 2025-11-07 04:05:10 --> [DEPRECATED] Optional parameter $filters declared before required parameter $id_dep is implicitly treated as a required parameter in APPPATH\Models\Model_arsip.php on line 303.
 1 SYSTEMPATH\Autoloader\Autoloader.php(315): include_once('C:\\xampp\\htdocs\\e-arsip_ci4\\system\\Debug\\Exceptions.php')
 2 SYSTEMPATH\Autoloader\Autoloader.php(295): CodeIgniter\Autoloader\Autoloader->includeFile('C:\\xampp\\htdocs\\e-arsip_ci4\\app\\Models\\Model_arsip.php')
 3 SYSTEMPATH\Autoloader\Autoloader.php(271): CodeIgniter\Autoloader\Autoloader->loadInNamespace('App\\Models\\Model_arsip')
 4 APPPATH\Controllers\Arsip.php(26): CodeIgniter\Autoloader\Autoloader->loadClass('App\\Models\\Model_arsip')
 5 SYSTEMPATH\CodeIgniter.php(903): App\Controllers\Arsip->__construct()
 6 SYSTEMPATH\CodeIgniter.php(498): CodeIgniter\CodeIgniter->createController()
 7 SYSTEMPATH\CodeIgniter.php(354): CodeIgniter\CodeIgniter->handleRequest(null, Object(Config\Cache), false)
 8 SYSTEMPATH\Boot.php(363): CodeIgniter\CodeIgniter->run()
 9 SYSTEMPATH\Boot.php(68): CodeIgniter\Boot::runCodeIgniter(Object(CodeIgniter\CodeIgniter))
10 FCPATH\index.php(59): CodeIgniter\Boot::bootWeb(Object(Config\Paths))
DEBUG - 2025-11-07 04:05:21 --> Session: Class initialized using 'CodeIgniter\Session\Handlers\FileHandler' driver.
WARNING - 2025-11-07 04:05:21 --> [DEPRECATED] Optional parameter $filters declared before required parameter $id_dep is implicitly treated as a required parameter in APPPATH\Models\Model_arsip.php on line 303.
 1 SYSTEMPATH\Autoloader\Autoloader.php(315): include_once('C:\\xampp\\htdocs\\e-arsip_ci4\\system\\Debug\\Exceptions.php')
 2 SYSTEMPATH\Autoloader\Autoloader.php(295): CodeIgniter\Autoloader\Autoloader->includeFile('C:\\xampp\\htdocs\\e-arsip_ci4\\app\\Models\\Model_arsip.php')
 3 SYSTEMPATH\Autoloader\Autoloader.php(271): CodeIgniter\Autoloader\Autoloader->loadInNamespace('App\\Models\\Model_arsip')
 4 APPPATH\Controllers\Arsip.php(26): CodeIgniter\Autoloader\Autoloader->loadClass('App\\Models\\Model_arsip')
 5 SYSTEMPATH\CodeIgniter.php(903): App\Controllers\Arsip->__construct()
 6 SYSTEMPATH\CodeIgniter.php(498): CodeIgniter\CodeIgniter->createController()
 7 SYSTEMPATH\CodeIgniter.php(354): CodeIgniter\CodeIgniter->handleRequest(null, Object(Config\Cache), false)
 8 SYSTEMPATH\Boot.php(363): CodeIgniter\CodeIgniter->run()
 9 SYSTEMPATH\Boot.php(68): CodeIgniter\Boot::runCodeIgniter(Object(CodeIgniter\CodeIgniter))
10 FCPATH\index.php(59): CodeIgniter\Boot::bootWeb(Object(Config\Paths))
DEBUG - 2025-11-07 04:05:21 --> Session: Class initialized using 'CodeIgniter\Session\Handlers\FileHandler' driver.
WARNING - 2025-11-07 04:05:21 --> [DEPRECATED] Optional parameter $filters declared before required parameter $id_dep is implicitly treated as a required parameter in APPPATH\Models\Model_arsip.php on line 303.
 1 SYSTEMPATH\Autoloader\Autoloader.php(315): include_once('C:\\xampp\\htdocs\\e-arsip_ci4\\system\\Debug\\Exceptions.php')
 2 SYSTEMPATH\Autoloader\Autoloader.php(295): CodeIgniter\Autoloader\Autoloader->includeFile('C:\\xampp\\htdocs\\e-arsip_ci4\\app\\Models\\Model_arsip.php')
 3 SYSTEMPATH\Autoloader\Autoloader.php(271): CodeIgniter\Autoloader\Autoloader->loadInNamespace('App\\Models\\Model_arsip')
 4 APPPATH\Controllers\Arsip.php(26): CodeIgniter\Autoloader\Autoloader->loadClass('App\\Models\\Model_arsip')
 5 SYSTEMPATH\CodeIgniter.php(903): App\Controllers\Arsip->__construct()
 6 SYSTEMPATH\CodeIgniter.php(498): CodeIgniter\CodeIgniter->createController()
 7 SYSTEMPATH\CodeIgniter.php(354): CodeIgniter\CodeIgniter->handleRequest(null, Object(Config\Cache), false)
 8 SYSTEMPATH\Boot.php(363): CodeIgniter\CodeIgniter->run()
 9 SYSTEMPATH\Boot.php(68): CodeIgniter\Boot::runCodeIgniter(Object(CodeIgniter\CodeIgniter))
10 FCPATH\index.php(59): CodeIgniter\Boot::bootWeb(Object(Config\Paths))
DEBUG - 2025-11-07 04:05:22 --> Session: Class initialized using 'CodeIgniter\Session\Handlers\FileHandler' driver.
WARNING - 2025-11-07 04:05:22 --> [DEPRECATED] Optional parameter $filters declared before required parameter $id_dep is implicitly treated as a required parameter in APPPATH\Models\Model_arsip.php on line 303.
 1 SYSTEMPATH\Autoloader\Autoloader.php(315): include_once('C:\\xampp\\htdocs\\e-arsip_ci4\\system\\Debug\\Exceptions.php')
 2 SYSTEMPATH\Autoloader\Autoloader.php(295): CodeIgniter\Autoloader\Autoloader->includeFile('C:\\xampp\\htdocs\\e-arsip_ci4\\app\\Models\\Model_arsip.php')
 3 SYSTEMPATH\Autoloader\Autoloader.php(271): CodeIgniter\Autoloader\Autoloader->loadInNamespace('App\\Models\\Model_arsip')
 4 APPPATH\Controllers\Arsip.php(26): CodeIgniter\Autoloader\Autoloader->loadClass('App\\Models\\Model_arsip')
 5 SYSTEMPATH\CodeIgniter.php(903): App\Controllers\Arsip->__construct()
 6 SYSTEMPATH\CodeIgniter.php(498): CodeIgniter\CodeIgniter->createController()
 7 SYSTEMPATH\CodeIgniter.php(354): CodeIgniter\CodeIgniter->handleRequest(null, Object(Config\Cache), false)
 8 SYSTEMPATH\Boot.php(363): CodeIgniter\CodeIgniter->run()
 9 SYSTEMPATH\Boot.php(68): CodeIgniter\Boot::runCodeIgniter(Object(CodeIgniter\CodeIgniter))
10 FCPATH\index.php(59): CodeIgniter\Boot::bootWeb(Object(Config\Paths))
DEBUG - 2025-11-07 04:05:22 --> Session: Class initialized using 'CodeIgniter\Session\Handlers\FileHandler' driver.
WARNING - 2025-11-07 04:05:22 --> [DEPRECATED] Optional parameter $filters declared before required parameter $id_dep is implicitly treated as a required parameter in APPPATH\Models\Model_arsip.php on line 303.
 1 SYSTEMPATH\Autoloader\Autoloader.php(315): include_once('C:\\xampp\\htdocs\\e-arsip_ci4\\system\\Debug\\Exceptions.php')
 2 SYSTEMPATH\Autoloader\Autoloader.php(295): CodeIgniter\Autoloader\Autoloader->includeFile('C:\\xampp\\htdocs\\e-arsip_ci4\\app\\Models\\Model_arsip.php')
 3 SYSTEMPATH\Autoloader\Autoloader.php(271): CodeIgniter\Autoloader\Autoloader->loadInNamespace('App\\Models\\Model_arsip')
 4 APPPATH\Controllers\Arsip.php(26): CodeIgniter\Autoloader\Autoloader->loadClass('App\\Models\\Model_arsip')
 5 SYSTEMPATH\CodeIgniter.php(903): App\Controllers\Arsip->__construct()
 6 SYSTEMPATH\CodeIgniter.php(498): CodeIgniter\CodeIgniter->createController()
 7 SYSTEMPATH\CodeIgniter.php(354): CodeIgniter\CodeIgniter->handleRequest(null, Object(Config\Cache), false)
 8 SYSTEMPATH\Boot.php(363): CodeIgniter\CodeIgniter->run()
 9 SYSTEMPATH\Boot.php(68): CodeIgniter\Boot::runCodeIgniter(Object(CodeIgniter\CodeIgniter))
10 FCPATH\index.php(59): CodeIgniter\Boot::bootWeb(Object(Config\Paths))
DEBUG - 2025-11-07 04:05:23 --> Session: Class initialized using 'CodeIgniter\Session\Handlers\FileHandler' driver.
WARNING - 2025-11-07 04:05:23 --> [DEPRECATED] Optional parameter $filters declared before required parameter $id_dep is implicitly treated as a required parameter in APPPATH\Models\Model_arsip.php on line 303.
 1 SYSTEMPATH\Autoloader\Autoloader.php(315): include_once('C:\\xampp\\htdocs\\e-arsip_ci4\\system\\Debug\\Exceptions.php')
 2 SYSTEMPATH\Autoloader\Autoloader.php(295): CodeIgniter\Autoloader\Autoloader->includeFile('C:\\xampp\\htdocs\\e-arsip_ci4\\app\\Models\\Model_arsip.php')
 3 SYSTEMPATH\Autoloader\Autoloader.php(271): CodeIgniter\Autoloader\Autoloader->loadInNamespace('App\\Models\\Model_arsip')
 4 APPPATH\Controllers\Arsip.php(26): CodeIgniter\Autoloader\Autoloader->loadClass('App\\Models\\Model_arsip')
 5 SYSTEMPATH\CodeIgniter.php(903): App\Controllers\Arsip->__construct()
 6 SYSTEMPATH\CodeIgniter.php(498): CodeIgniter\CodeIgniter->createController()
 7 SYSTEMPATH\CodeIgniter.php(354): CodeIgniter\CodeIgniter->handleRequest(null, Object(Config\Cache), false)
 8 SYSTEMPATH\Boot.php(363): CodeIgniter\CodeIgniter->run()
 9 SYSTEMPATH\Boot.php(68): CodeIgniter\Boot::runCodeIgniter(Object(CodeIgniter\CodeIgniter))
10 FCPATH\index.php(59): CodeIgniter\Boot::bootWeb(Object(Config\Paths))
DEBUG - 2025-11-07 04:05:23 --> Session: Class initialized using 'CodeIgniter\Session\Handlers\FileHandler' driver.
WARNING - 2025-11-07 04:05:23 --> [DEPRECATED] Optional parameter $filters declared before required parameter $id_dep is implicitly treated as a required parameter in APPPATH\Models\Model_arsip.php on line 303.
 1 SYSTEMPATH\Autoloader\Autoloader.php(315): include_once('C:\\xampp\\htdocs\\e-arsip_ci4\\system\\Debug\\Exceptions.php')
 2 SYSTEMPATH\Autoloader\Autoloader.php(295): CodeIgniter\Autoloader\Autoloader->includeFile('C:\\xampp\\htdocs\\e-arsip_ci4\\app\\Models\\Model_arsip.php')
 3 SYSTEMPATH\Autoloader\Autoloader.php(271): CodeIgniter\Autoloader\Autoloader->loadInNamespace('App\\Models\\Model_arsip')
 4 APPPATH\Controllers\Arsip.php(26): CodeIgniter\Autoloader\Autoloader->loadClass('App\\Models\\Model_arsip')
 5 SYSTEMPATH\CodeIgniter.php(903): App\Controllers\Arsip->__construct()
 6 SYSTEMPATH\CodeIgniter.php(498): CodeIgniter\CodeIgniter->createController()
 7 SYSTEMPATH\CodeIgniter.php(354): CodeIgniter\CodeIgniter->handleRequest(null, Object(Config\Cache), false)
 8 SYSTEMPATH\Boot.php(363): CodeIgniter\CodeIgniter->run()
 9 SYSTEMPATH\Boot.php(68): CodeIgniter\Boot::runCodeIgniter(Object(CodeIgniter\CodeIgniter))
10 FCPATH\index.php(59): CodeIgniter\Boot::bootWeb(Object(Config\Paths))
DEBUG - 2025-11-07 04:05:23 --> Session: Class initialized using 'CodeIgniter\Session\Handlers\FileHandler' driver.
WARNING - 2025-11-07 04:05:23 --> [DEPRECATED] Optional parameter $filters declared before required parameter $id_dep is implicitly treated as a required parameter in APPPATH\Models\Model_arsip.php on line 303.
 1 SYSTEMPATH\Autoloader\Autoloader.php(315): include_once('C:\\xampp\\htdocs\\e-arsip_ci4\\system\\Debug\\Exceptions.php')
 2 SYSTEMPATH\Autoloader\Autoloader.php(295): CodeIgniter\Autoloader\Autoloader->includeFile('C:\\xampp\\htdocs\\e-arsip_ci4\\app\\Models\\Model_arsip.php')
 3 SYSTEMPATH\Autoloader\Autoloader.php(271): CodeIgniter\Autoloader\Autoloader->loadInNamespace('App\\Models\\Model_arsip')
 4 APPPATH\Controllers\Arsip.php(26): CodeIgniter\Autoloader\Autoloader->loadClass('App\\Models\\Model_arsip')
 5 SYSTEMPATH\CodeIgniter.php(903): App\Controllers\Arsip->__construct()
 6 SYSTEMPATH\CodeIgniter.php(498): CodeIgniter\CodeIgniter->createController()
 7 SYSTEMPATH\CodeIgniter.php(354): CodeIgniter\CodeIgniter->handleRequest(null, Object(Config\Cache), false)
 8 SYSTEMPATH\Boot.php(363): CodeIgniter\CodeIgniter->run()
 9 SYSTEMPATH\Boot.php(68): CodeIgniter\Boot::runCodeIgniter(Object(CodeIgniter\CodeIgniter))
10 FCPATH\index.php(59): CodeIgniter\Boot::bootWeb(Object(Config\Paths))
DEBUG - 2025-11-07 04:07:54 --> Session: Class initialized using 'CodeIgniter\Session\Handlers\FileHandler' driver.
WARNING - 2025-11-07 04:07:54 --> [DEPRECATED] Optional parameter $filters declared before required parameter $id_dep is implicitly treated as a required parameter in APPPATH\Models\Model_arsip.php on line 303.
 1 SYSTEMPATH\Autoloader\Autoloader.php(315): include_once('C:\\xampp\\htdocs\\e-arsip_ci4\\system\\Debug\\Exceptions.php')
 2 SYSTEMPATH\Autoloader\Autoloader.php(295): CodeIgniter\Autoloader\Autoloader->includeFile('C:\\xampp\\htdocs\\e-arsip_ci4\\app\\Models\\Model_arsip.php')
 3 SYSTEMPATH\Autoloader\Autoloader.php(271): CodeIgniter\Autoloader\Autoloader->loadInNamespace('App\\Models\\Model_arsip')
 4 APPPATH\Controllers\Arsip.php(26): CodeIgniter\Autoloader\Autoloader->loadClass('App\\Models\\Model_arsip')
 5 SYSTEMPATH\CodeIgniter.php(903): App\Controllers\Arsip->__construct()
 6 SYSTEMPATH\CodeIgniter.php(498): CodeIgniter\CodeIgniter->createController()
 7 SYSTEMPATH\CodeIgniter.php(354): CodeIgniter\CodeIgniter->handleRequest(null, Object(Config\Cache), false)
 8 SYSTEMPATH\Boot.php(363): CodeIgniter\CodeIgniter->run()
 9 SYSTEMPATH\Boot.php(68): CodeIgniter\Boot::runCodeIgniter(Object(CodeIgniter\CodeIgniter))
10 FCPATH\index.php(59): CodeIgniter\Boot::bootWeb(Object(Config\Paths))
DEBUG - 2025-11-07 04:07:55 --> Session: Class initialized using 'CodeIgniter\Session\Handlers\FileHandler' driver.
WARNING - 2025-11-07 04:07:55 --> [DEPRECATED] Optional parameter $filters declared before required parameter $id_dep is implicitly treated as a required parameter in APPPATH\Models\Model_arsip.php on line 303.
 1 SYSTEMPATH\Autoloader\Autoloader.php(315): include_once('C:\\xampp\\htdocs\\e-arsip_ci4\\system\\Debug\\Exceptions.php')
 2 SYSTEMPATH\Autoloader\Autoloader.php(295): CodeIgniter\Autoloader\Autoloader->includeFile('C:\\xampp\\htdocs\\e-arsip_ci4\\app\\Models\\Model_arsip.php')
 3 SYSTEMPATH\Autoloader\Autoloader.php(271): CodeIgniter\Autoloader\Autoloader->loadInNamespace('App\\Models\\Model_arsip')
 4 APPPATH\Controllers\Arsip.php(26): CodeIgniter\Autoloader\Autoloader->loadClass('App\\Models\\Model_arsip')
 5 SYSTEMPATH\CodeIgniter.php(903): App\Controllers\Arsip->__construct()
 6 SYSTEMPATH\CodeIgniter.php(498): CodeIgniter\CodeIgniter->createController()
 7 SYSTEMPATH\CodeIgniter.php(354): CodeIgniter\CodeIgniter->handleRequest(null, Object(Config\Cache), false)
 8 SYSTEMPATH\Boot.php(363): CodeIgniter\CodeIgniter->run()
 9 SYSTEMPATH\Boot.php(68): CodeIgniter\Boot::runCodeIgniter(Object(CodeIgniter\CodeIgniter))
10 FCPATH\index.php(59): CodeIgniter\Boot::bootWeb(Object(Config\Paths))
DEBUG - 2025-11-07 04:07:56 --> Session: Class initialized using 'CodeIgniter\Session\Handlers\FileHandler' driver.
WARNING - 2025-11-07 04:07:56 --> [DEPRECATED] Optional parameter $filters declared before required parameter $id_dep is implicitly treated as a required parameter in APPPATH\Models\Model_arsip.php on line 303.
 1 SYSTEMPATH\Autoloader\Autoloader.php(315): include_once('C:\\xampp\\htdocs\\e-arsip_ci4\\system\\Debug\\Exceptions.php')
 2 SYSTEMPATH\Autoloader\Autoloader.php(295): CodeIgniter\Autoloader\Autoloader->includeFile('C:\\xampp\\htdocs\\e-arsip_ci4\\app\\Models\\Model_arsip.php')
 3 SYSTEMPATH\Autoloader\Autoloader.php(271): CodeIgniter\Autoloader\Autoloader->loadInNamespace('App\\Models\\Model_arsip')
 4 APPPATH\Controllers\Arsip.php(26): CodeIgniter\Autoloader\Autoloader->loadClass('App\\Models\\Model_arsip')
 5 SYSTEMPATH\CodeIgniter.php(903): App\Controllers\Arsip->__construct()
 6 SYSTEMPATH\CodeIgniter.php(498): CodeIgniter\CodeIgniter->createController()
 7 SYSTEMPATH\CodeIgniter.php(354): CodeIgniter\CodeIgniter->handleRequest(null, Object(Config\Cache), false)
 8 SYSTEMPATH\Boot.php(363): CodeIgniter\CodeIgniter->run()
 9 SYSTEMPATH\Boot.php(68): CodeIgniter\Boot::runCodeIgniter(Object(CodeIgniter\CodeIgniter))
10 FCPATH\index.php(59): CodeIgniter\Boot::bootWeb(Object(Config\Paths))
DEBUG - 2025-11-07 04:07:57 --> Session: Class initialized using 'CodeIgniter\Session\Handlers\FileHandler' driver.
WARNING - 2025-11-07 04:07:57 --> [DEPRECATED] Optional parameter $filters declared before required parameter $id_dep is implicitly treated as a required parameter in APPPATH\Models\Model_arsip.php on line 303.
 1 SYSTEMPATH\Autoloader\Autoloader.php(315): include_once('C:\\xampp\\htdocs\\e-arsip_ci4\\system\\Debug\\Exceptions.php')
 2 SYSTEMPATH\Autoloader\Autoloader.php(295): CodeIgniter\Autoloader\Autoloader->includeFile('C:\\xampp\\htdocs\\e-arsip_ci4\\app\\Models\\Model_arsip.php')
 3 SYSTEMPATH\Autoloader\Autoloader.php(271): CodeIgniter\Autoloader\Autoloader->loadInNamespace('App\\Models\\Model_arsip')
 4 APPPATH\Controllers\Arsip.php(26): CodeIgniter\Autoloader\Autoloader->loadClass('App\\Models\\Model_arsip')
 5 SYSTEMPATH\CodeIgniter.php(903): App\Controllers\Arsip->__construct()
 6 SYSTEMPATH\CodeIgniter.php(498): CodeIgniter\CodeIgniter->createController()
 7 SYSTEMPATH\CodeIgniter.php(354): CodeIgniter\CodeIgniter->handleRequest(null, Object(Config\Cache), false)
 8 SYSTEMPATH\Boot.php(363): CodeIgniter\CodeIgniter->run()
 9 SYSTEMPATH\Boot.php(68): CodeIgniter\Boot::runCodeIgniter(Object(CodeIgniter\CodeIgniter))
10 FCPATH\index.php(59): CodeIgniter\Boot::bootWeb(Object(Config\Paths))
DEBUG - 2025-11-07 04:07:57 --> Session: Class initialized using 'CodeIgniter\Session\Handlers\FileHandler' driver.
WARNING - 2025-11-07 04:07:57 --> [DEPRECATED] Optional parameter $filters declared before required parameter $id_dep is implicitly treated as a required parameter in APPPATH\Models\Model_arsip.php on line 303.
 1 SYSTEMPATH\Autoloader\Autoloader.php(315): include_once('C:\\xampp\\htdocs\\e-arsip_ci4\\system\\Debug\\Exceptions.php')
 2 SYSTEMPATH\Autoloader\Autoloader.php(295): CodeIgniter\Autoloader\Autoloader->includeFile('C:\\xampp\\htdocs\\e-arsip_ci4\\app\\Models\\Model_arsip.php')
 3 SYSTEMPATH\Autoloader\Autoloader.php(271): CodeIgniter\Autoloader\Autoloader->loadInNamespace('App\\Models\\Model_arsip')
 4 APPPATH\Controllers\Arsip.php(26): CodeIgniter\Autoloader\Autoloader->loadClass('App\\Models\\Model_arsip')
 5 SYSTEMPATH\CodeIgniter.php(903): App\Controllers\Arsip->__construct()
 6 SYSTEMPATH\CodeIgniter.php(498): CodeIgniter\CodeIgniter->createController()
 7 SYSTEMPATH\CodeIgniter.php(354): CodeIgniter\CodeIgniter->handleRequest(null, Object(Config\Cache), false)
 8 SYSTEMPATH\Boot.php(363): CodeIgniter\CodeIgniter->run()
 9 SYSTEMPATH\Boot.php(68): CodeIgniter\Boot::runCodeIgniter(Object(CodeIgniter\CodeIgniter))
10 FCPATH\index.php(59): CodeIgniter\Boot::bootWeb(Object(Config\Paths))
DEBUG - 2025-11-07 04:08:12 --> Session: Class initialized using 'CodeIgniter\Session\Handlers\FileHandler' driver.
WARNING - 2025-11-07 04:08:12 --> [DEPRECATED] Optional parameter $filters declared before required parameter $id_dep is implicitly treated as a required parameter in APPPATH\Models\Model_arsip.php on line 303.
 1 SYSTEMPATH\Autoloader\Autoloader.php(315): include_once('C:\\xampp\\htdocs\\e-arsip_ci4\\system\\Debug\\Exceptions.php')
 2 SYSTEMPATH\Autoloader\Autoloader.php(295): CodeIgniter\Autoloader\Autoloader->includeFile('C:\\xampp\\htdocs\\e-arsip_ci4\\app\\Models\\Model_arsip.php')
 3 SYSTEMPATH\Autoloader\Autoloader.php(271): CodeIgniter\Autoloader\Autoloader->loadInNamespace('App\\Models\\Model_arsip')
 4 APPPATH\Controllers\Arsip.php(26): CodeIgniter\Autoloader\Autoloader->loadClass('App\\Models\\Model_arsip')
 5 SYSTEMPATH\CodeIgniter.php(903): App\Controllers\Arsip->__construct()
 6 SYSTEMPATH\CodeIgniter.php(498): CodeIgniter\CodeIgniter->createController()
 7 SYSTEMPATH\CodeIgniter.php(354): CodeIgniter\CodeIgniter->handleRequest(null, Object(Config\Cache), false)
 8 SYSTEMPATH\Boot.php(363): CodeIgniter\CodeIgniter->run()
 9 SYSTEMPATH\Boot.php(68): CodeIgniter\Boot::runCodeIgniter(Object(CodeIgniter\CodeIgniter))
10 FCPATH\index.php(59): CodeIgniter\Boot::bootWeb(Object(Config\Paths))
DEBUG - 2025-11-07 04:08:13 --> AUDIT DEBUG -> id_user: 18, username: administrator
DEBUG - 2025-11-07 04:08:13 --> Session: Class initialized using 'CodeIgniter\Session\Handlers\FileHandler' driver.
WARNING - 2025-11-07 04:08:13 --> [DEPRECATED] Optional parameter $filters declared before required parameter $id_dep is implicitly treated as a required parameter in APPPATH\Models\Model_arsip.php on line 303.
 1 SYSTEMPATH\Autoloader\Autoloader.php(315): include_once('C:\\xampp\\htdocs\\e-arsip_ci4\\system\\Debug\\Exceptions.php')
 2 SYSTEMPATH\Autoloader\Autoloader.php(295): CodeIgniter\Autoloader\Autoloader->includeFile('C:\\xampp\\htdocs\\e-arsip_ci4\\app\\Models\\Model_arsip.php')
 3 SYSTEMPATH\Autoloader\Autoloader.php(271): CodeIgniter\Autoloader\Autoloader->loadInNamespace('App\\Models\\Model_arsip')
 4 APPPATH\Controllers\Arsip.php(26): CodeIgniter\Autoloader\Autoloader->loadClass('App\\Models\\Model_arsip')
 5 SYSTEMPATH\CodeIgniter.php(903): App\Controllers\Arsip->__construct()
 6 SYSTEMPATH\CodeIgniter.php(498): CodeIgniter\CodeIgniter->createController()
 7 SYSTEMPATH\CodeIgniter.php(354): CodeIgniter\CodeIgniter->handleRequest(null, Object(Config\Cache), false)
 8 SYSTEMPATH\Boot.php(363): CodeIgniter\CodeIgniter->run()
 9 SYSTEMPATH\Boot.php(68): CodeIgniter\Boot::runCodeIgniter(Object(CodeIgniter\CodeIgniter))
10 FCPATH\index.php(59): CodeIgniter\Boot::bootWeb(Object(Config\Paths))
DEBUG - 2025-11-07 04:08:13 --> Session: Class initialized using 'CodeIgniter\Session\Handlers\FileHandler' driver.
WARNING - 2025-11-07 04:08:13 --> [DEPRECATED] Optional parameter $filters declared before required parameter $id_dep is implicitly treated as a required parameter in APPPATH\Models\Model_arsip.php on line 303.
 1 SYSTEMPATH\Autoloader\Autoloader.php(315): include_once('C:\\xampp\\htdocs\\e-arsip_ci4\\system\\Debug\\Exceptions.php')
 2 SYSTEMPATH\Autoloader\Autoloader.php(295): CodeIgniter\Autoloader\Autoloader->includeFile('C:\\xampp\\htdocs\\e-arsip_ci4\\app\\Models\\Model_arsip.php')
 3 SYSTEMPATH\Autoloader\Autoloader.php(271): CodeIgniter\Autoloader\Autoloader->loadInNamespace('App\\Models\\Model_arsip')
 4 APPPATH\Controllers\Arsip.php(26): CodeIgniter\Autoloader\Autoloader->loadClass('App\\Models\\Model_arsip')
 5 SYSTEMPATH\CodeIgniter.php(903): App\Controllers\Arsip->__construct()
 6 SYSTEMPATH\CodeIgniter.php(498): CodeIgniter\CodeIgniter->createController()
 7 SYSTEMPATH\CodeIgniter.php(354): CodeIgniter\CodeIgniter->handleRequest(null, Object(Config\Cache), false)
 8 SYSTEMPATH\Boot.php(363): CodeIgniter\CodeIgniter->run()
 9 SYSTEMPATH\Boot.php(68): CodeIgniter\Boot::runCodeIgniter(Object(CodeIgniter\CodeIgniter))
10 FCPATH\index.php(59): CodeIgniter\Boot::bootWeb(Object(Config\Paths))
DEBUG - 2025-11-07 04:08:20 --> Session: Class initialized using 'CodeIgniter\Session\Handlers\FileHandler' driver.
WARNING - 2025-11-07 04:08:20 --> [DEPRECATED] Optional parameter $filters declared before required parameter $id_dep is implicitly treated as a required parameter in APPPATH\Models\Model_arsip.php on line 303.
 1 SYSTEMPATH\Autoloader\Autoloader.php(315): include_once('C:\\xampp\\htdocs\\e-arsip_ci4\\system\\Debug\\Exceptions.php')
 2 SYSTEMPATH\Autoloader\Autoloader.php(295): CodeIgniter\Autoloader\Autoloader->includeFile('C:\\xampp\\htdocs\\e-arsip_ci4\\app\\Models\\Model_arsip.php')
 3 SYSTEMPATH\Autoloader\Autoloader.php(271): CodeIgniter\Autoloader\Autoloader->loadInNamespace('App\\Models\\Model_arsip')
 4 APPPATH\Controllers\Arsip.php(26): CodeIgniter\Autoloader\Autoloader->loadClass('App\\Models\\Model_arsip')
 5 SYSTEMPATH\CodeIgniter.php(903): App\Controllers\Arsip->__construct()
 6 SYSTEMPATH\CodeIgniter.php(498): CodeIgniter\CodeIgniter->createController()
 7 SYSTEMPATH\CodeIgniter.php(354): CodeIgniter\CodeIgniter->handleRequest(null, Object(Config\Cache), false)
 8 SYSTEMPATH\Boot.php(363): CodeIgniter\CodeIgniter->run()
 9 SYSTEMPATH\Boot.php(68): CodeIgniter\Boot::runCodeIgniter(Object(CodeIgniter\CodeIgniter))
10 FCPATH\index.php(59): CodeIgniter\Boot::bootWeb(Object(Config\Paths))
DEBUG - 2025-11-07 04:08:20 --> Session: Class initialized using 'CodeIgniter\Session\Handlers\FileHandler' driver.
WARNING - 2025-11-07 04:08:20 --> [DEPRECATED] Optional parameter $filters declared before required parameter $id_dep is implicitly treated as a required parameter in APPPATH\Models\Model_arsip.php on line 303.
 1 SYSTEMPATH\Autoloader\Autoloader.php(315): include_once('C:\\xampp\\htdocs\\e-arsip_ci4\\system\\Debug\\Exceptions.php')
 2 SYSTEMPATH\Autoloader\Autoloader.php(295): CodeIgniter\Autoloader\Autoloader->includeFile('C:\\xampp\\htdocs\\e-arsip_ci4\\app\\Models\\Model_arsip.php')
 3 SYSTEMPATH\Autoloader\Autoloader.php(271): CodeIgniter\Autoloader\Autoloader->loadInNamespace('App\\Models\\Model_arsip')
 4 APPPATH\Controllers\Arsip.php(26): CodeIgniter\Autoloader\Autoloader->loadClass('App\\Models\\Model_arsip')
 5 SYSTEMPATH\CodeIgniter.php(903): App\Controllers\Arsip->__construct()
 6 SYSTEMPATH\CodeIgniter.php(498): CodeIgniter\CodeIgniter->createController()
 7 SYSTEMPATH\CodeIgniter.php(354): CodeIgniter\CodeIgniter->handleRequest(null, Object(Config\Cache), false)
 8 SYSTEMPATH\Boot.php(363): CodeIgniter\CodeIgniter->run()
 9 SYSTEMPATH\Boot.php(68): CodeIgniter\Boot::runCodeIgniter(Object(CodeIgniter\CodeIgniter))
10 FCPATH\index.php(59): CodeIgniter\Boot::bootWeb(Object(Config\Paths))
DEBUG - 2025-11-07 04:08:20 --> Session: Class initialized using 'CodeIgniter\Session\Handlers\FileHandler' driver.
WARNING - 2025-11-07 04:08:20 --> [DEPRECATED] Optional parameter $filters declared before required parameter $id_dep is implicitly treated as a required parameter in APPPATH\Models\Model_arsip.php on line 303.
 1 SYSTEMPATH\Autoloader\Autoloader.php(315): include_once('C:\\xampp\\htdocs\\e-arsip_ci4\\system\\Debug\\Exceptions.php')
 2 SYSTEMPATH\Autoloader\Autoloader.php(295): CodeIgniter\Autoloader\Autoloader->includeFile('C:\\xampp\\htdocs\\e-arsip_ci4\\app\\Models\\Model_arsip.php')
 3 SYSTEMPATH\Autoloader\Autoloader.php(271): CodeIgniter\Autoloader\Autoloader->loadInNamespace('App\\Models\\Model_arsip')
 4 APPPATH\Controllers\Arsip.php(26): CodeIgniter\Autoloader\Autoloader->loadClass('App\\Models\\Model_arsip')
 5 SYSTEMPATH\CodeIgniter.php(903): App\Controllers\Arsip->__construct()
 6 SYSTEMPATH\CodeIgniter.php(498): CodeIgniter\CodeIgniter->createController()
 7 SYSTEMPATH\CodeIgniter.php(354): CodeIgniter\CodeIgniter->handleRequest(null, Object(Config\Cache), false)
 8 SYSTEMPATH\Boot.php(363): CodeIgniter\CodeIgniter->run()
 9 SYSTEMPATH\Boot.php(68): CodeIgniter\Boot::runCodeIgniter(Object(CodeIgniter\CodeIgniter))
10 FCPATH\index.php(59): CodeIgniter\Boot::bootWeb(Object(Config\Paths))
DEBUG - 2025-11-07 04:08:28 --> Session: Class initialized using 'CodeIgniter\Session\Handlers\FileHandler' driver.
WARNING - 2025-11-07 04:08:28 --> [DEPRECATED] Optional parameter $filters declared before required parameter $id_dep is implicitly treated as a required parameter in APPPATH\Models\Model_arsip.php on line 303.
 1 SYSTEMPATH\Autoloader\Autoloader.php(315): include_once('C:\\xampp\\htdocs\\e-arsip_ci4\\system\\Debug\\Exceptions.php')
 2 SYSTEMPATH\Autoloader\Autoloader.php(295): CodeIgniter\Autoloader\Autoloader->includeFile('C:\\xampp\\htdocs\\e-arsip_ci4\\app\\Models\\Model_arsip.php')
 3 SYSTEMPATH\Autoloader\Autoloader.php(271): CodeIgniter\Autoloader\Autoloader->loadInNamespace('App\\Models\\Model_arsip')
 4 APPPATH\Controllers\Arsip.php(26): CodeIgniter\Autoloader\Autoloader->loadClass('App\\Models\\Model_arsip')
 5 SYSTEMPATH\CodeIgniter.php(903): App\Controllers\Arsip->__construct()
 6 SYSTEMPATH\CodeIgniter.php(498): CodeIgniter\CodeIgniter->createController()
 7 SYSTEMPATH\CodeIgniter.php(354): CodeIgniter\CodeIgniter->handleRequest(null, Object(Config\Cache), false)
 8 SYSTEMPATH\Boot.php(363): CodeIgniter\CodeIgniter->run()
 9 SYSTEMPATH\Boot.php(68): CodeIgniter\Boot::runCodeIgniter(Object(CodeIgniter\CodeIgniter))
10 FCPATH\index.php(59): CodeIgniter\Boot::bootWeb(Object(Config\Paths))
DEBUG - 2025-11-07 05:00:28 --> Session: Class initialized using 'CodeIgniter\Session\Handlers\FileHandler' driver.
DEBUG - 2025-11-07 05:00:28 --> Session: Class initialized using 'CodeIgniter\Session\Handlers\FileHandler' driver.
DEBUG - 2025-11-07 06:02:20 --> Session: Class initialized using 'CodeIgniter\Session\Handlers\FileHandler' driver.
DEBUG - 2025-11-07 06:02:20 --> Session: Class initialized using 'CodeIgniter\Session\Handlers\FileHandler' driver.
WARNING - 2025-11-07 06:02:20 --> [DEPRECATED] Optional parameter $filters declared before required parameter $id_dep is implicitly treated as a required parameter in APPPATH\Models\Model_arsip.php on line 303.
 1 SYSTEMPATH\Autoloader\Autoloader.php(315): include_once('C:\\xampp\\htdocs\\e-arsip_ci4\\system\\Debug\\Exceptions.php')
 2 SYSTEMPATH\Autoloader\Autoloader.php(295): CodeIgniter\Autoloader\Autoloader->includeFile('C:\\xampp\\htdocs\\e-arsip_ci4\\app\\Models\\Model_arsip.php')
 3 SYSTEMPATH\Autoloader\Autoloader.php(271): CodeIgniter\Autoloader\Autoloader->loadInNamespace('App\\Models\\Model_arsip')
 4 APPPATH\Controllers\Home.php(23): CodeIgniter\Autoloader\Autoloader->loadClass('App\\Models\\Model_arsip')
 5 SYSTEMPATH\CodeIgniter.php(903): App\Controllers\Home->__construct()
 6 SYSTEMPATH\CodeIgniter.php(498): CodeIgniter\CodeIgniter->createController()
 7 SYSTEMPATH\CodeIgniter.php(354): CodeIgniter\CodeIgniter->handleRequest(null, Object(Config\Cache), false)
 8 SYSTEMPATH\Boot.php(363): CodeIgniter\CodeIgniter->run()
 9 SYSTEMPATH\Boot.php(68): CodeIgniter\Boot::runCodeIgniter(Object(CodeIgniter\CodeIgniter))
10 FCPATH\index.php(59): CodeIgniter\Boot::bootWeb(Object(Config\Paths))
DEBUG - 2025-11-07 06:02:23 --> Session: Class initialized using 'CodeIgniter\Session\Handlers\FileHandler' driver.
DEBUG - 2025-11-07 06:02:24 --> Session: Class initialized using 'CodeIgniter\Session\Handlers\FileHandler' driver.
DEBUG - 2025-11-07 06:02:25 --> Session: Class initialized using 'CodeIgniter\Session\Handlers\FileHandler' driver.
WARNING - 2025-11-07 06:02:25 --> [DEPRECATED] Optional parameter $filters declared before required parameter $id_dep is implicitly treated as a required parameter in APPPATH\Models\Model_arsip.php on line 303.
 1 SYSTEMPATH\Autoloader\Autoloader.php(315): include_once('C:\\xampp\\htdocs\\e-arsip_ci4\\system\\Debug\\Exceptions.php')
 2 SYSTEMPATH\Autoloader\Autoloader.php(295): CodeIgniter\Autoloader\Autoloader->includeFile('C:\\xampp\\htdocs\\e-arsip_ci4\\app\\Models\\Model_arsip.php')
 3 SYSTEMPATH\Autoloader\Autoloader.php(271): CodeIgniter\Autoloader\Autoloader->loadInNamespace('App\\Models\\Model_arsip')
 4 APPPATH\Controllers\Arsip.php(26): CodeIgniter\Autoloader\Autoloader->loadClass('App\\Models\\Model_arsip')
 5 SYSTEMPATH\CodeIgniter.php(903): App\Controllers\Arsip->__construct()
 6 SYSTEMPATH\CodeIgniter.php(498): CodeIgniter\CodeIgniter->createController()
 7 SYSTEMPATH\CodeIgniter.php(354): CodeIgniter\CodeIgniter->handleRequest(null, Object(Config\Cache), false)
 8 SYSTEMPATH\Boot.php(363): CodeIgniter\CodeIgniter->run()
 9 SYSTEMPATH\Boot.php(68): CodeIgniter\Boot::runCodeIgniter(Object(CodeIgniter\CodeIgniter))
10 FCPATH\index.php(59): CodeIgniter\Boot::bootWeb(Object(Config\Paths))
DEBUG - 2025-11-07 06:02:28 --> Session: Class initialized using 'CodeIgniter\Session\Handlers\FileHandler' driver.
WARNING - 2025-11-07 06:02:28 --> [DEPRECATED] Optional parameter $filters declared before required parameter $id_dep is implicitly treated as a required parameter in APPPATH\Models\Model_arsip.php on line 303.
 1 SYSTEMPATH\Autoloader\Autoloader.php(315): include_once('C:\\xampp\\htdocs\\e-arsip_ci4\\system\\Debug\\Exceptions.php')
 2 SYSTEMPATH\Autoloader\Autoloader.php(295): CodeIgniter\Autoloader\Autoloader->includeFile('C:\\xampp\\htdocs\\e-arsip_ci4\\app\\Models\\Model_arsip.php')
 3 SYSTEMPATH\Autoloader\Autoloader.php(271): CodeIgniter\Autoloader\Autoloader->loadInNamespace('App\\Models\\Model_arsip')
 4 APPPATH\Controllers\Arsip.php(26): CodeIgniter\Autoloader\Autoloader->loadClass('App\\Models\\Model_arsip')
 5 SYSTEMPATH\CodeIgniter.php(903): App\Controllers\Arsip->__construct()
 6 SYSTEMPATH\CodeIgniter.php(498): CodeIgniter\CodeIgniter->createController()
 7 SYSTEMPATH\CodeIgniter.php(354): CodeIgniter\CodeIgniter->handleRequest(null, Object(Config\Cache), false)
 8 SYSTEMPATH\Boot.php(363): CodeIgniter\CodeIgniter->run()
 9 SYSTEMPATH\Boot.php(68): CodeIgniter\Boot::runCodeIgniter(Object(CodeIgniter\CodeIgniter))
10 FCPATH\index.php(59): CodeIgniter\Boot::bootWeb(Object(Config\Paths))
DEBUG - 2025-11-07 06:33:01 --> Session: Class initialized using 'CodeIgniter\Session\Handlers\FileHandler' driver.
DEBUG - 2025-11-07 06:33:01 --> Session: Class initialized using 'CodeIgniter\Session\Handlers\FileHandler' driver.
DEBUG - 2025-11-07 08:33:56 --> Session: Class initialized using 'CodeIgniter\Session\Handlers\FileHandler' driver.
DEBUG - 2025-11-07 08:33:57 --> Session: Class initialized using 'CodeIgniter\Session\Handlers\FileHandler' driver.
DEBUG - 2025-11-07 08:34:06 --> Session: Class initialized using 'CodeIgniter\Session\Handlers\FileHandler' driver.
DEBUG - 2025-11-07 08:34:06 --> Session: Class initialized using 'CodeIgniter\Session\Handlers\FileHandler' driver.
WARNING - 2025-11-07 08:34:06 --> [DEPRECATED] Optional parameter $filters declared before required parameter $id_dep is implicitly treated as a required parameter in APPPATH\Models\Model_arsip.php on line 303.
 1 SYSTEMPATH\Autoloader\Autoloader.php(315): include_once('C:\\xampp\\htdocs\\e-arsip_ci4\\system\\Debug\\Exceptions.php')
 2 SYSTEMPATH\Autoloader\Autoloader.php(295): CodeIgniter\Autoloader\Autoloader->includeFile('C:\\xampp\\htdocs\\e-arsip_ci4\\app\\Models\\Model_arsip.php')
 3 SYSTEMPATH\Autoloader\Autoloader.php(271): CodeIgniter\Autoloader\Autoloader->loadInNamespace('App\\Models\\Model_arsip')
 4 APPPATH\Controllers\Home.php(23): CodeIgniter\Autoloader\Autoloader->loadClass('App\\Models\\Model_arsip')
 5 SYSTEMPATH\CodeIgniter.php(903): App\Controllers\Home->__construct()
 6 SYSTEMPATH\CodeIgniter.php(498): CodeIgniter\CodeIgniter->createController()
 7 SYSTEMPATH\CodeIgniter.php(354): CodeIgniter\CodeIgniter->handleRequest(null, Object(Config\Cache), false)
 8 SYSTEMPATH\Boot.php(363): CodeIgniter\CodeIgniter->run()
 9 SYSTEMPATH\Boot.php(68): CodeIgniter\Boot::runCodeIgniter(Object(CodeIgniter\CodeIgniter))
10 FCPATH\index.php(59): CodeIgniter\Boot::bootWeb(Object(Config\Paths))
DEBUG - 2025-11-07 08:34:11 --> Session: Class initialized using 'CodeIgniter\Session\Handlers\FileHandler' driver.
DEBUG - 2025-11-07 08:34:12 --> Session: Class initialized using 'CodeIgniter\Session\Handlers\FileHandler' driver.
DEBUG - 2025-11-07 08:34:14 --> Session: Class initialized using 'CodeIgniter\Session\Handlers\FileHandler' driver.
DEBUG - 2025-11-07 08:35:22 --> Session: Class initialized using 'CodeIgniter\Session\Handlers\FileHandler' driver.
DEBUG - 2025-11-07 08:35:27 --> Session: Class initialized using 'CodeIgniter\Session\Handlers\FileHandler' driver.
DEBUG - 2025-11-07 08:36:47 --> Session: Class initialized using 'CodeIgniter\Session\Handlers\FileHandler' driver.
DEBUG - 2025-11-07 08:38:40 --> Session: Class initialized using 'CodeIgniter\Session\Handlers\FileHandler' driver.
DEBUG - 2025-11-07 08:38:51 --> Session: Class initialized using 'CodeIgniter\Session\Handlers\FileHandler' driver.
WARNING - 2025-11-07 08:38:51 --> [DEPRECATED] Optional parameter $filters declared before required parameter $id_dep is implicitly treated as a required parameter in APPPATH\Models\Model_arsip.php on line 303.
 1 SYSTEMPATH\Autoloader\Autoloader.php(315): include_once('C:\\xampp\\htdocs\\e-arsip_ci4\\system\\Debug\\Exceptions.php')
 2 SYSTEMPATH\Autoloader\Autoloader.php(295): CodeIgniter\Autoloader\Autoloader->includeFile('C:\\xampp\\htdocs\\e-arsip_ci4\\app\\Models\\Model_arsip.php')
 3 SYSTEMPATH\Autoloader\Autoloader.php(271): CodeIgniter\Autoloader\Autoloader->loadInNamespace('App\\Models\\Model_arsip')
 4 APPPATH\Controllers\Home.php(23): CodeIgniter\Autoloader\Autoloader->loadClass('App\\Models\\Model_arsip')
 5 SYSTEMPATH\CodeIgniter.php(903): App\Controllers\Home->__construct()
 6 SYSTEMPATH\CodeIgniter.php(498): CodeIgniter\CodeIgniter->createController()
 7 SYSTEMPATH\CodeIgniter.php(354): CodeIgniter\CodeIgniter->handleRequest(null, Object(Config\Cache), false)
 8 SYSTEMPATH\Boot.php(363): CodeIgniter\CodeIgniter->run()
 9 SYSTEMPATH\Boot.php(68): CodeIgniter\Boot::runCodeIgniter(Object(CodeIgniter\CodeIgniter))
10 FCPATH\index.php(59): CodeIgniter\Boot::bootWeb(Object(Config\Paths))
DEBUG - 2025-11-07 08:39:13 --> Session: Class initialized using 'CodeIgniter\Session\Handlers\FileHandler' driver.
WARNING - 2025-11-07 08:39:13 --> [DEPRECATED] Optional parameter $filters declared before required parameter $id_dep is implicitly treated as a required parameter in APPPATH\Models\Model_arsip.php on line 303.
 1 SYSTEMPATH\Autoloader\Autoloader.php(315): include_once('C:\\xampp\\htdocs\\e-arsip_ci4\\system\\Debug\\Exceptions.php')
 2 SYSTEMPATH\Autoloader\Autoloader.php(295): CodeIgniter\Autoloader\Autoloader->includeFile('C:\\xampp\\htdocs\\e-arsip_ci4\\app\\Models\\Model_arsip.php')
 3 SYSTEMPATH\Autoloader\Autoloader.php(271): CodeIgniter\Autoloader\Autoloader->loadInNamespace('App\\Models\\Model_arsip')
 4 APPPATH\Controllers\Home.php(23): CodeIgniter\Autoloader\Autoloader->loadClass('App\\Models\\Model_arsip')
 5 SYSTEMPATH\CodeIgniter.php(903): App\Controllers\Home->__construct()
 6 SYSTEMPATH\CodeIgniter.php(498): CodeIgniter\CodeIgniter->createController()
 7 SYSTEMPATH\CodeIgniter.php(354): CodeIgniter\CodeIgniter->handleRequest(null, Object(Config\Cache), false)
 8 SYSTEMPATH\Boot.php(363): CodeIgniter\CodeIgniter->run()
 9 SYSTEMPATH\Boot.php(68): CodeIgniter\Boot::runCodeIgniter(Object(CodeIgniter\CodeIgniter))
10 FCPATH\index.php(59): CodeIgniter\Boot::bootWeb(Object(Config\Paths))
DEBUG - 2025-11-07 08:39:16 --> Session: Class initialized using 'CodeIgniter\Session\Handlers\FileHandler' driver.
WARNING - 2025-11-07 08:39:16 --> [DEPRECATED] Optional parameter $filters declared before required parameter $id_dep is implicitly treated as a required parameter in APPPATH\Models\Model_arsip.php on line 303.
 1 SYSTEMPATH\Autoloader\Autoloader.php(315): include_once('C:\\xampp\\htdocs\\e-arsip_ci4\\system\\Debug\\Exceptions.php')
 2 SYSTEMPATH\Autoloader\Autoloader.php(295): CodeIgniter\Autoloader\Autoloader->includeFile('C:\\xampp\\htdocs\\e-arsip_ci4\\app\\Models\\Model_arsip.php')
 3 SYSTEMPATH\Autoloader\Autoloader.php(271): CodeIgniter\Autoloader\Autoloader->loadInNamespace('App\\Models\\Model_arsip')
 4 APPPATH\Controllers\Home.php(23): CodeIgniter\Autoloader\Autoloader->loadClass('App\\Models\\Model_arsip')
 5 SYSTEMPATH\CodeIgniter.php(903): App\Controllers\Home->__construct()
 6 SYSTEMPATH\CodeIgniter.php(498): CodeIgniter\CodeIgniter->createController()
 7 SYSTEMPATH\CodeIgniter.php(354): CodeIgniter\CodeIgniter->handleRequest(null, Object(Config\Cache), false)
 8 SYSTEMPATH\Boot.php(363): CodeIgniter\CodeIgniter->run()
 9 SYSTEMPATH\Boot.php(68): CodeIgniter\Boot::runCodeIgniter(Object(CodeIgniter\CodeIgniter))
10 FCPATH\index.php(59): CodeIgniter\Boot::bootWeb(Object(Config\Paths))
DEBUG - 2025-11-07 08:39:18 --> Session: Class initialized using 'CodeIgniter\Session\Handlers\FileHandler' driver.
DEBUG - 2025-11-07 08:39:19 --> Session: Class initialized using 'CodeIgniter\Session\Handlers\FileHandler' driver.
DEBUG - 2025-11-07 08:39:21 --> Session: Class initialized using 'CodeIgniter\Session\Handlers\FileHandler' driver.
WARNING - 2025-11-07 08:39:21 --> [DEPRECATED] Optional parameter $filters declared before required parameter $id_dep is implicitly treated as a required parameter in APPPATH\Models\Model_arsip.php on line 303.
 1 SYSTEMPATH\Autoloader\Autoloader.php(315): include_once('C:\\xampp\\htdocs\\e-arsip_ci4\\system\\Debug\\Exceptions.php')
 2 SYSTEMPATH\Autoloader\Autoloader.php(295): CodeIgniter\Autoloader\Autoloader->includeFile('C:\\xampp\\htdocs\\e-arsip_ci4\\app\\Models\\Model_arsip.php')
 3 SYSTEMPATH\Autoloader\Autoloader.php(271): CodeIgniter\Autoloader\Autoloader->loadInNamespace('App\\Models\\Model_arsip')
 4 APPPATH\Controllers\Kategori.php(21): CodeIgniter\Autoloader\Autoloader->loadClass('App\\Models\\Model_arsip')
 5 SYSTEMPATH\CodeIgniter.php(903): App\Controllers\Kategori->__construct()
 6 SYSTEMPATH\CodeIgniter.php(498): CodeIgniter\CodeIgniter->createController()
 7 SYSTEMPATH\CodeIgniter.php(354): CodeIgniter\CodeIgniter->handleRequest(null, Object(Config\Cache), false)
 8 SYSTEMPATH\Boot.php(363): CodeIgniter\CodeIgniter->run()
 9 SYSTEMPATH\Boot.php(68): CodeIgniter\Boot::runCodeIgniter(Object(CodeIgniter\CodeIgniter))
10 FCPATH\index.php(59): CodeIgniter\Boot::bootWeb(Object(Config\Paths))
DEBUG - 2025-11-07 08:39:22 --> Session: Class initialized using 'CodeIgniter\Session\Handlers\FileHandler' driver.
WARNING - 2025-11-07 08:39:22 --> [DEPRECATED] Optional parameter $filters declared before required parameter $id_dep is implicitly treated as a required parameter in APPPATH\Models\Model_arsip.php on line 303.
 1 SYSTEMPATH\Autoloader\Autoloader.php(315): include_once('C:\\xampp\\htdocs\\e-arsip_ci4\\system\\Debug\\Exceptions.php')
 2 SYSTEMPATH\Autoloader\Autoloader.php(295): CodeIgniter\Autoloader\Autoloader->includeFile('C:\\xampp\\htdocs\\e-arsip_ci4\\app\\Models\\Model_arsip.php')
 3 SYSTEMPATH\Autoloader\Autoloader.php(271): CodeIgniter\Autoloader\Autoloader->loadInNamespace('App\\Models\\Model_arsip')
 4 APPPATH\Controllers\Arsip.php(26): CodeIgniter\Autoloader\Autoloader->loadClass('App\\Models\\Model_arsip')
 5 SYSTEMPATH\CodeIgniter.php(903): App\Controllers\Arsip->__construct()
 6 SYSTEMPATH\CodeIgniter.php(498): CodeIgniter\CodeIgniter->createController()
 7 SYSTEMPATH\CodeIgniter.php(354): CodeIgniter\CodeIgniter->handleRequest(null, Object(Config\Cache), false)
 8 SYSTEMPATH\Boot.php(363): CodeIgniter\CodeIgniter->run()
 9 SYSTEMPATH\Boot.php(68): CodeIgniter\Boot::runCodeIgniter(Object(CodeIgniter\CodeIgniter))
10 FCPATH\index.php(59): CodeIgniter\Boot::bootWeb(Object(Config\Paths))
DEBUG - 2025-11-07 08:39:24 --> Session: Class initialized using 'CodeIgniter\Session\Handlers\FileHandler' driver.
WARNING - 2025-11-07 08:39:24 --> [DEPRECATED] Optional parameter $filters declared before required parameter $id_dep is implicitly treated as a required parameter in APPPATH\Models\Model_arsip.php on line 303.
 1 SYSTEMPATH\Autoloader\Autoloader.php(315): include_once('C:\\xampp\\htdocs\\e-arsip_ci4\\system\\Debug\\Exceptions.php')
 2 SYSTEMPATH\Autoloader\Autoloader.php(295): CodeIgniter\Autoloader\Autoloader->includeFile('C:\\xampp\\htdocs\\e-arsip_ci4\\app\\Models\\Model_arsip.php')
 3 SYSTEMPATH\Autoloader\Autoloader.php(271): CodeIgniter\Autoloader\Autoloader->loadInNamespace('App\\Models\\Model_arsip')
 4 APPPATH\Controllers\Home.php(23): CodeIgniter\Autoloader\Autoloader->loadClass('App\\Models\\Model_arsip')
 5 SYSTEMPATH\CodeIgniter.php(903): App\Controllers\Home->__construct()
 6 SYSTEMPATH\CodeIgniter.php(498): CodeIgniter\CodeIgniter->createController()
 7 SYSTEMPATH\CodeIgniter.php(354): CodeIgniter\CodeIgniter->handleRequest(null, Object(Config\Cache), false)
 8 SYSTEMPATH\Boot.php(363): CodeIgniter\CodeIgniter->run()
 9 SYSTEMPATH\Boot.php(68): CodeIgniter\Boot::runCodeIgniter(Object(CodeIgniter\CodeIgniter))
10 FCPATH\index.php(59): CodeIgniter\Boot::bootWeb(Object(Config\Paths))
DEBUG - 2025-11-07 08:39:25 --> Session: Class initialized using 'CodeIgniter\Session\Handlers\FileHandler' driver.
DEBUG - 2025-11-07 08:39:26 --> Session: Class initialized using 'CodeIgniter\Session\Handlers\FileHandler' driver.
DEBUG - 2025-11-07 08:39:27 --> Session: Class initialized using 'CodeIgniter\Session\Handlers\FileHandler' driver.
DEBUG - 2025-11-07 08:54:33 --> Session: Class initialized using 'CodeIgniter\Session\Handlers\FileHandler' driver.
WARNING - 2025-11-07 08:54:33 --> [DEPRECATED] Optional parameter $filters declared before required parameter $id_dep is implicitly treated as a required parameter in APPPATH\Models\Model_arsip.php on line 303.
 1 SYSTEMPATH\Autoloader\Autoloader.php(315): include_once('C:\\xampp\\htdocs\\e-arsip_ci4\\system\\Debug\\Exceptions.php')
 2 SYSTEMPATH\Autoloader\Autoloader.php(295): CodeIgniter\Autoloader\Autoloader->includeFile('C:\\xampp\\htdocs\\e-arsip_ci4\\app\\Models\\Model_arsip.php')
 3 SYSTEMPATH\Autoloader\Autoloader.php(271): CodeIgniter\Autoloader\Autoloader->loadInNamespace('App\\Models\\Model_arsip')
 4 APPPATH\Controllers\Cari.php(20): CodeIgniter\Autoloader\Autoloader->loadClass('App\\Models\\Model_arsip')
 5 SYSTEMPATH\CodeIgniter.php(903): App\Controllers\Cari->__construct()
 6 SYSTEMPATH\CodeIgniter.php(498): CodeIgniter\CodeIgniter->createController()
 7 SYSTEMPATH\CodeIgniter.php(354): CodeIgniter\CodeIgniter->handleRequest(null, Object(Config\Cache), false)
 8 SYSTEMPATH\Boot.php(363): CodeIgniter\CodeIgniter->run()
 9 SYSTEMPATH\Boot.php(68): CodeIgniter\Boot::runCodeIgniter(Object(CodeIgniter\CodeIgniter))
10 FCPATH\index.php(59): CodeIgniter\Boot::bootWeb(Object(Config\Paths))
