DEBUG - 2025-11-08 01:14:34 --> Session: Class initialized using 'CodeIgniter\Session\Handlers\FileHandler' driver.
DEBUG - 2025-11-08 01:14:34 --> Session: Class initialized using 'CodeIgniter\Session\Handlers\FileHandler' driver.
DEBUG - 2025-11-08 01:14:38 --> Session: Class initialized using 'CodeIgniter\Session\Handlers\FileHandler' driver.
DEBUG - 2025-11-08 01:14:38 --> Session: Class initialized using 'CodeIgniter\Session\Handlers\FileHandler' driver.
WARNING - 2025-11-08 01:14:38 --> [DEPRECATED] Optional parameter $filters declared before required parameter $id_dep is implicitly treated as a required parameter in APPPATH\Models\Model_arsip.php on line 303.
 1 SYSTEMPATH\Autoloader\Autoloader.php(315): include_once('C:\\xampp\\htdocs\\e-arsip_ci4\\system\\Debug\\Exceptions.php')
 2 SYSTEMPATH\Autoloader\Autoloader.php(295): CodeIgniter\Autoloader\Autoloader->includeFile('C:\\xampp\\htdocs\\e-arsip_ci4\\app\\Models\\Model_arsip.php')
 3 SYSTEMPATH\Autoloader\Autoloader.php(271): CodeIgniter\Autoloader\Autoloader->loadInNamespace('App\\Models\\Model_arsip')
 4 APPPATH\Controllers\Home.php(23): CodeIgniter\Autoloader\Autoloader->loadClass('App\\Models\\Model_arsip')
 5 SYSTEMPATH\CodeIgniter.php(903): App\Controllers\Home->__construct()
 6 SYSTEMPATH\CodeIgniter.php(498): CodeIgniter\CodeIgniter->createController()
 7 SYSTEMPATH\CodeIgniter.php(354): CodeIgniter\CodeIgniter->handleRequest(null, Object(Config\Cache), false)
 8 SYSTEMPATH\Boot.php(363): CodeIgniter\CodeIgniter->run()
 9 SYSTEMPATH\Boot.php(68): CodeIgniter\Boot::runCodeIgniter(Object(CodeIgniter\CodeIgniter))
10 FCPATH\index.php(59): CodeIgniter\Boot::bootWeb(Object(Config\Paths))
DEBUG - 2025-11-08 01:14:40 --> Session: Class initialized using 'CodeIgniter\Session\Handlers\FileHandler' driver.
DEBUG - 2025-11-08 01:15:54 --> Session: Class initialized using 'CodeIgniter\Session\Handlers\FileHandler' driver.
DEBUG - 2025-11-08 01:16:14 --> Session: Class initialized using 'CodeIgniter\Session\Handlers\FileHandler' driver.
DEBUG - 2025-11-08 01:16:14 --> Session: Class initialized using 'CodeIgniter\Session\Handlers\FileHandler' driver.
DEBUG - 2025-11-08 01:16:27 --> Session: Class initialized using 'CodeIgniter\Session\Handlers\FileHandler' driver.
DEBUG - 2025-11-08 01:16:27 --> Session: Class initialized using 'CodeIgniter\Session\Handlers\FileHandler' driver.
WARNING - 2025-11-08 01:16:27 --> [DEPRECATED] Optional parameter $filters declared before required parameter $id_dep is implicitly treated as a required parameter in APPPATH\Models\Model_arsip.php on line 303.
 1 SYSTEMPATH\Autoloader\Autoloader.php(315): include_once('C:\\xampp\\htdocs\\e-arsip_ci4\\system\\Debug\\Exceptions.php')
 2 SYSTEMPATH\Autoloader\Autoloader.php(295): CodeIgniter\Autoloader\Autoloader->includeFile('C:\\xampp\\htdocs\\e-arsip_ci4\\app\\Models\\Model_arsip.php')
 3 SYSTEMPATH\Autoloader\Autoloader.php(271): CodeIgniter\Autoloader\Autoloader->loadInNamespace('App\\Models\\Model_arsip')
 4 APPPATH\Controllers\Home.php(23): CodeIgniter\Autoloader\Autoloader->loadClass('App\\Models\\Model_arsip')
 5 SYSTEMPATH\CodeIgniter.php(903): App\Controllers\Home->__construct()
 6 SYSTEMPATH\CodeIgniter.php(498): CodeIgniter\CodeIgniter->createController()
 7 SYSTEMPATH\CodeIgniter.php(354): CodeIgniter\CodeIgniter->handleRequest(null, Object(Config\Cache), false)
 8 SYSTEMPATH\Boot.php(363): CodeIgniter\CodeIgniter->run()
 9 SYSTEMPATH\Boot.php(68): CodeIgniter\Boot::runCodeIgniter(Object(CodeIgniter\CodeIgniter))
10 FCPATH\index.php(59): CodeIgniter\Boot::bootWeb(Object(Config\Paths))
DEBUG - 2025-11-08 01:16:29 --> Session: Class initialized using 'CodeIgniter\Session\Handlers\FileHandler' driver.
DEBUG - 2025-11-08 01:16:39 --> Session: Class initialized using 'CodeIgniter\Session\Handlers\FileHandler' driver.
DEBUG - 2025-11-08 01:16:40 --> Session: Class initialized using 'CodeIgniter\Session\Handlers\FileHandler' driver.
CRITICAL - 2025-11-08 01:16:40 --> ErrorException: Undefined array key "subjek"
[Method: GET, Route: bantuan/chat/18/default]
in APPPATH\Views\pages\bantuan_chat.php on line 90.
 1 APPPATH\Views\pages\bantuan_chat.php(90): CodeIgniter\Debug\Exceptions->errorHandler(2, 'Undefined array key "subjek"', 'C:\\xampp\\htdocs\\e-arsip_ci4\\app\\Views\\pages\\bantuan_chat.php', 90)
 2 SYSTEMPATH\View\View.php(226): include('C:\\xampp\\htdocs\\e-arsip_ci4\\app\\Views\\pages\\bantuan_chat.php')
 3 SYSTEMPATH\View\View.php(229): CodeIgniter\View\View->CodeIgniter\View\{closure}()
 4 SYSTEMPATH\Common.php(1167): CodeIgniter\View\View->render('pages/bantuan_chat', [], true)
 5 APPPATH\Controllers\Bantuan.php(114): view('pages/bantuan_chat', [...])
 6 SYSTEMPATH\CodeIgniter.php(933): App\Controllers\Bantuan->chat('18', 'default')
 7 SYSTEMPATH\CodeIgniter.php(507): CodeIgniter\CodeIgniter->runController(Object(App\Controllers\Bantuan))
 8 SYSTEMPATH\CodeIgniter.php(354): CodeIgniter\CodeIgniter->handleRequest(null, Object(Config\Cache), false)
 9 SYSTEMPATH\Boot.php(363): CodeIgniter\CodeIgniter->run()
10 SYSTEMPATH\Boot.php(68): CodeIgniter\Boot::runCodeIgniter(Object(CodeIgniter\CodeIgniter))
11 FCPATH\index.php(59): CodeIgniter\Boot::bootWeb(Object(Config\Paths))
DEBUG - 2025-11-08 01:16:48 --> Session: Class initialized using 'CodeIgniter\Session\Handlers\FileHandler' driver.
DEBUG - 2025-11-08 01:16:48 --> Session: Class initialized using 'CodeIgniter\Session\Handlers\FileHandler' driver.
DEBUG - 2025-11-08 01:16:59 --> Session: Class initialized using 'CodeIgniter\Session\Handlers\FileHandler' driver.
DEBUG - 2025-11-08 01:16:59 --> Session: Class initialized using 'CodeIgniter\Session\Handlers\FileHandler' driver.
WARNING - 2025-11-08 01:16:59 --> [DEPRECATED] Optional parameter $filters declared before required parameter $id_dep is implicitly treated as a required parameter in APPPATH\Models\Model_arsip.php on line 303.
 1 SYSTEMPATH\Autoloader\Autoloader.php(315): include_once('C:\\xampp\\htdocs\\e-arsip_ci4\\system\\Debug\\Exceptions.php')
 2 SYSTEMPATH\Autoloader\Autoloader.php(295): CodeIgniter\Autoloader\Autoloader->includeFile('C:\\xampp\\htdocs\\e-arsip_ci4\\app\\Models\\Model_arsip.php')
 3 SYSTEMPATH\Autoloader\Autoloader.php(271): CodeIgniter\Autoloader\Autoloader->loadInNamespace('App\\Models\\Model_arsip')
 4 APPPATH\Controllers\Home.php(23): CodeIgniter\Autoloader\Autoloader->loadClass('App\\Models\\Model_arsip')
 5 SYSTEMPATH\CodeIgniter.php(903): App\Controllers\Home->__construct()
 6 SYSTEMPATH\CodeIgniter.php(498): CodeIgniter\CodeIgniter->createController()
 7 SYSTEMPATH\CodeIgniter.php(354): CodeIgniter\CodeIgniter->handleRequest(null, Object(Config\Cache), false)
 8 SYSTEMPATH\Boot.php(363): CodeIgniter\CodeIgniter->run()
 9 SYSTEMPATH\Boot.php(68): CodeIgniter\Boot::runCodeIgniter(Object(CodeIgniter\CodeIgniter))
10 FCPATH\index.php(59): CodeIgniter\Boot::bootWeb(Object(Config\Paths))
DEBUG - 2025-11-08 01:17:01 --> Session: Class initialized using 'CodeIgniter\Session\Handlers\FileHandler' driver.
DEBUG - 2025-11-08 01:17:02 --> Session: Class initialized using 'CodeIgniter\Session\Handlers\FileHandler' driver.
DEBUG - 2025-11-08 01:17:03 --> Session: Class initialized using 'CodeIgniter\Session\Handlers\FileHandler' driver.
DEBUG - 2025-11-08 01:17:04 --> Session: Class initialized using 'CodeIgniter\Session\Handlers\FileHandler' driver.
DEBUG - 2025-11-08 01:17:05 --> Session: Class initialized using 'CodeIgniter\Session\Handlers\FileHandler' driver.
DEBUG - 2025-11-08 01:17:07 --> Session: Class initialized using 'CodeIgniter\Session\Handlers\FileHandler' driver.
DEBUG - 2025-11-08 01:17:08 --> Session: Class initialized using 'CodeIgniter\Session\Handlers\FileHandler' driver.
DEBUG - 2025-11-08 01:17:09 --> Session: Class initialized using 'CodeIgniter\Session\Handlers\FileHandler' driver.
DEBUG - 2025-11-08 01:17:10 --> Session: Class initialized using 'CodeIgniter\Session\Handlers\FileHandler' driver.
DEBUG - 2025-11-08 01:17:11 --> Session: Class initialized using 'CodeIgniter\Session\Handlers\FileHandler' driver.
DEBUG - 2025-11-08 01:17:13 --> Session: Class initialized using 'CodeIgniter\Session\Handlers\FileHandler' driver.
DEBUG - 2025-11-08 01:17:14 --> Session: Class initialized using 'CodeIgniter\Session\Handlers\FileHandler' driver.
DEBUG - 2025-11-08 01:17:16 --> Session: Class initialized using 'CodeIgniter\Session\Handlers\FileHandler' driver.
DEBUG - 2025-11-08 01:17:16 --> Session: Class initialized using 'CodeIgniter\Session\Handlers\FileHandler' driver.
DEBUG - 2025-11-08 01:17:17 --> Session: Class initialized using 'CodeIgniter\Session\Handlers\FileHandler' driver.
DEBUG - 2025-11-08 01:17:18 --> Session: Class initialized using 'CodeIgniter\Session\Handlers\FileHandler' driver.
DEBUG - 2025-11-08 01:17:19 --> Session: Class initialized using 'CodeIgniter\Session\Handlers\FileHandler' driver.
DEBUG - 2025-11-08 01:17:21 --> Session: Class initialized using 'CodeIgniter\Session\Handlers\FileHandler' driver.
DEBUG - 2025-11-08 01:17:22 --> Session: Class initialized using 'CodeIgniter\Session\Handlers\FileHandler' driver.
DEBUG - 2025-11-08 01:17:23 --> Session: Class initialized using 'CodeIgniter\Session\Handlers\FileHandler' driver.
DEBUG - 2025-11-08 01:17:23 --> Session: Class initialized using 'CodeIgniter\Session\Handlers\FileHandler' driver.
DEBUG - 2025-11-08 01:17:23 --> Session: Class initialized using 'CodeIgniter\Session\Handlers\FileHandler' driver.
WARNING - 2025-11-08 01:17:23 --> [DEPRECATED] Optional parameter $filters declared before required parameter $id_dep is implicitly treated as a required parameter in APPPATH\Models\Model_arsip.php on line 303.
 1 SYSTEMPATH\Autoloader\Autoloader.php(315): include_once('C:\\xampp\\htdocs\\e-arsip_ci4\\system\\Debug\\Exceptions.php')
 2 SYSTEMPATH\Autoloader\Autoloader.php(295): CodeIgniter\Autoloader\Autoloader->includeFile('C:\\xampp\\htdocs\\e-arsip_ci4\\app\\Models\\Model_arsip.php')
 3 SYSTEMPATH\Autoloader\Autoloader.php(271): CodeIgniter\Autoloader\Autoloader->loadInNamespace('App\\Models\\Model_arsip')
 4 APPPATH\Controllers\Home.php(23): CodeIgniter\Autoloader\Autoloader->loadClass('App\\Models\\Model_arsip')
 5 SYSTEMPATH\CodeIgniter.php(903): App\Controllers\Home->__construct()
 6 SYSTEMPATH\CodeIgniter.php(498): CodeIgniter\CodeIgniter->createController()
 7 SYSTEMPATH\CodeIgniter.php(354): CodeIgniter\CodeIgniter->handleRequest(null, Object(Config\Cache), false)
 8 SYSTEMPATH\Boot.php(363): CodeIgniter\CodeIgniter->run()
 9 SYSTEMPATH\Boot.php(68): CodeIgniter\Boot::runCodeIgniter(Object(CodeIgniter\CodeIgniter))
10 FCPATH\index.php(59): CodeIgniter\Boot::bootWeb(Object(Config\Paths))
DEBUG - 2025-11-08 01:17:24 --> Session: Class initialized using 'CodeIgniter\Session\Handlers\FileHandler' driver.
DEBUG - 2025-11-08 01:17:25 --> Session: Class initialized using 'CodeIgniter\Session\Handlers\FileHandler' driver.
DEBUG - 2025-11-08 01:17:25 --> Session: Class initialized using 'CodeIgniter\Session\Handlers\FileHandler' driver.
DEBUG - 2025-11-08 01:17:25 --> Session: Class initialized using 'CodeIgniter\Session\Handlers\FileHandler' driver.
CRITICAL - 2025-11-08 01:17:25 --> ErrorException: Undefined array key "subjek"
[Method: GET, Route: bantuan/chat/18/default]
in APPPATH\Views\pages\bantuan_chat.php on line 90.
 1 APPPATH\Views\pages\bantuan_chat.php(90): CodeIgniter\Debug\Exceptions->errorHandler(2, 'Undefined array key "subjek"', 'C:\\xampp\\htdocs\\e-arsip_ci4\\app\\Views\\pages\\bantuan_chat.php', 90)
 2 SYSTEMPATH\View\View.php(226): include('C:\\xampp\\htdocs\\e-arsip_ci4\\app\\Views\\pages\\bantuan_chat.php')
 3 SYSTEMPATH\View\View.php(229): CodeIgniter\View\View->CodeIgniter\View\{closure}()
 4 SYSTEMPATH\Common.php(1167): CodeIgniter\View\View->render('pages/bantuan_chat', [], true)
 5 APPPATH\Controllers\Bantuan.php(114): view('pages/bantuan_chat', [...])
 6 SYSTEMPATH\CodeIgniter.php(933): App\Controllers\Bantuan->chat('18', 'default')
 7 SYSTEMPATH\CodeIgniter.php(507): CodeIgniter\CodeIgniter->runController(Object(App\Controllers\Bantuan))
 8 SYSTEMPATH\CodeIgniter.php(354): CodeIgniter\CodeIgniter->handleRequest(null, Object(Config\Cache), false)
 9 SYSTEMPATH\Boot.php(363): CodeIgniter\CodeIgniter->run()
10 SYSTEMPATH\Boot.php(68): CodeIgniter\Boot::runCodeIgniter(Object(CodeIgniter\CodeIgniter))
11 FCPATH\index.php(59): CodeIgniter\Boot::bootWeb(Object(Config\Paths))
DEBUG - 2025-11-08 01:17:27 --> Session: Class initialized using 'CodeIgniter\Session\Handlers\FileHandler' driver.
DEBUG - 2025-11-08 01:17:28 --> Session: Class initialized using 'CodeIgniter\Session\Handlers\FileHandler' driver.
DEBUG - 2025-11-08 01:17:29 --> Session: Class initialized using 'CodeIgniter\Session\Handlers\FileHandler' driver.
DEBUG - 2025-11-08 01:17:30 --> Session: Class initialized using 'CodeIgniter\Session\Handlers\FileHandler' driver.
DEBUG - 2025-11-08 01:17:31 --> Session: Class initialized using 'CodeIgniter\Session\Handlers\FileHandler' driver.
DEBUG - 2025-11-08 01:17:33 --> Session: Class initialized using 'CodeIgniter\Session\Handlers\FileHandler' driver.
DEBUG - 2025-11-08 01:17:34 --> Session: Class initialized using 'CodeIgniter\Session\Handlers\FileHandler' driver.
DEBUG - 2025-11-08 01:17:35 --> Session: Class initialized using 'CodeIgniter\Session\Handlers\FileHandler' driver.
DEBUG - 2025-11-08 01:17:36 --> Session: Class initialized using 'CodeIgniter\Session\Handlers\FileHandler' driver.
DEBUG - 2025-11-08 01:17:37 --> Session: Class initialized using 'CodeIgniter\Session\Handlers\FileHandler' driver.
DEBUG - 2025-11-08 01:17:39 --> Session: Class initialized using 'CodeIgniter\Session\Handlers\FileHandler' driver.
DEBUG - 2025-11-08 01:17:40 --> Session: Class initialized using 'CodeIgniter\Session\Handlers\FileHandler' driver.
DEBUG - 2025-11-08 01:17:40 --> Session: Class initialized using 'CodeIgniter\Session\Handlers\FileHandler' driver.
DEBUG - 2025-11-08 01:17:42 --> Session: Class initialized using 'CodeIgniter\Session\Handlers\FileHandler' driver.
DEBUG - 2025-11-08 01:17:43 --> Session: Class initialized using 'CodeIgniter\Session\Handlers\FileHandler' driver.
DEBUG - 2025-11-08 01:17:45 --> Session: Class initialized using 'CodeIgniter\Session\Handlers\FileHandler' driver.
DEBUG - 2025-11-08 01:17:45 --> Session: Class initialized using 'CodeIgniter\Session\Handlers\FileHandler' driver.
DEBUG - 2025-11-08 01:17:46 --> Session: Class initialized using 'CodeIgniter\Session\Handlers\FileHandler' driver.
DEBUG - 2025-11-08 01:17:48 --> Session: Class initialized using 'CodeIgniter\Session\Handlers\FileHandler' driver.
DEBUG - 2025-11-08 01:17:49 --> Session: Class initialized using 'CodeIgniter\Session\Handlers\FileHandler' driver.
DEBUG - 2025-11-08 01:17:51 --> Session: Class initialized using 'CodeIgniter\Session\Handlers\FileHandler' driver.
DEBUG - 2025-11-08 01:17:52 --> Session: Class initialized using 'CodeIgniter\Session\Handlers\FileHandler' driver.
DEBUG - 2025-11-08 01:17:53 --> Session: Class initialized using 'CodeIgniter\Session\Handlers\FileHandler' driver.
DEBUG - 2025-11-08 01:17:54 --> Session: Class initialized using 'CodeIgniter\Session\Handlers\FileHandler' driver.
DEBUG - 2025-11-08 01:17:55 --> Session: Class initialized using 'CodeIgniter\Session\Handlers\FileHandler' driver.
DEBUG - 2025-11-08 01:17:57 --> Session: Class initialized using 'CodeIgniter\Session\Handlers\FileHandler' driver.
DEBUG - 2025-11-08 01:17:58 --> Session: Class initialized using 'CodeIgniter\Session\Handlers\FileHandler' driver.
DEBUG - 2025-11-08 01:17:59 --> Session: Class initialized using 'CodeIgniter\Session\Handlers\FileHandler' driver.
DEBUG - 2025-11-08 01:18:00 --> Session: Class initialized using 'CodeIgniter\Session\Handlers\FileHandler' driver.
DEBUG - 2025-11-08 01:18:01 --> Session: Class initialized using 'CodeIgniter\Session\Handlers\FileHandler' driver.
DEBUG - 2025-11-08 01:18:03 --> Session: Class initialized using 'CodeIgniter\Session\Handlers\FileHandler' driver.
DEBUG - 2025-11-08 01:18:04 --> Session: Class initialized using 'CodeIgniter\Session\Handlers\FileHandler' driver.
DEBUG - 2025-11-08 01:18:05 --> Session: Class initialized using 'CodeIgniter\Session\Handlers\FileHandler' driver.
DEBUG - 2025-11-08 01:18:06 --> Session: Class initialized using 'CodeIgniter\Session\Handlers\FileHandler' driver.
DEBUG - 2025-11-08 01:18:07 --> Session: Class initialized using 'CodeIgniter\Session\Handlers\FileHandler' driver.
DEBUG - 2025-11-08 01:18:09 --> Session: Class initialized using 'CodeIgniter\Session\Handlers\FileHandler' driver.
DEBUG - 2025-11-08 01:18:10 --> Session: Class initialized using 'CodeIgniter\Session\Handlers\FileHandler' driver.
DEBUG - 2025-11-08 01:18:11 --> Session: Class initialized using 'CodeIgniter\Session\Handlers\FileHandler' driver.
DEBUG - 2025-11-08 01:18:12 --> Session: Class initialized using 'CodeIgniter\Session\Handlers\FileHandler' driver.
DEBUG - 2025-11-08 01:18:13 --> Session: Class initialized using 'CodeIgniter\Session\Handlers\FileHandler' driver.
DEBUG - 2025-11-08 01:18:15 --> Session: Class initialized using 'CodeIgniter\Session\Handlers\FileHandler' driver.
DEBUG - 2025-11-08 01:18:16 --> Session: Class initialized using 'CodeIgniter\Session\Handlers\FileHandler' driver.
DEBUG - 2025-11-08 01:18:17 --> Session: Class initialized using 'CodeIgniter\Session\Handlers\FileHandler' driver.
DEBUG - 2025-11-08 01:18:18 --> Session: Class initialized using 'CodeIgniter\Session\Handlers\FileHandler' driver.
DEBUG - 2025-11-08 01:18:19 --> Session: Class initialized using 'CodeIgniter\Session\Handlers\FileHandler' driver.
DEBUG - 2025-11-08 01:18:21 --> Session: Class initialized using 'CodeIgniter\Session\Handlers\FileHandler' driver.
DEBUG - 2025-11-08 01:18:22 --> Session: Class initialized using 'CodeIgniter\Session\Handlers\FileHandler' driver.
DEBUG - 2025-11-08 01:18:23 --> Session: Class initialized using 'CodeIgniter\Session\Handlers\FileHandler' driver.
DEBUG - 2025-11-08 01:18:24 --> Session: Class initialized using 'CodeIgniter\Session\Handlers\FileHandler' driver.
DEBUG - 2025-11-08 01:18:25 --> Session: Class initialized using 'CodeIgniter\Session\Handlers\FileHandler' driver.
DEBUG - 2025-11-08 01:18:27 --> Session: Class initialized using 'CodeIgniter\Session\Handlers\FileHandler' driver.
DEBUG - 2025-11-08 01:18:28 --> Session: Class initialized using 'CodeIgniter\Session\Handlers\FileHandler' driver.
DEBUG - 2025-11-08 01:18:29 --> Session: Class initialized using 'CodeIgniter\Session\Handlers\FileHandler' driver.
DEBUG - 2025-11-08 01:18:30 --> Session: Class initialized using 'CodeIgniter\Session\Handlers\FileHandler' driver.
DEBUG - 2025-11-08 01:18:31 --> Session: Class initialized using 'CodeIgniter\Session\Handlers\FileHandler' driver.
DEBUG - 2025-11-08 01:18:33 --> Session: Class initialized using 'CodeIgniter\Session\Handlers\FileHandler' driver.
DEBUG - 2025-11-08 01:18:34 --> Session: Class initialized using 'CodeIgniter\Session\Handlers\FileHandler' driver.
DEBUG - 2025-11-08 01:18:35 --> Session: Class initialized using 'CodeIgniter\Session\Handlers\FileHandler' driver.
DEBUG - 2025-11-08 01:18:36 --> Session: Class initialized using 'CodeIgniter\Session\Handlers\FileHandler' driver.
DEBUG - 2025-11-08 01:18:37 --> Session: Class initialized using 'CodeIgniter\Session\Handlers\FileHandler' driver.
DEBUG - 2025-11-08 01:18:38 --> Session: Class initialized using 'CodeIgniter\Session\Handlers\FileHandler' driver.
DEBUG - 2025-11-08 01:18:39 --> Session: Class initialized using 'CodeIgniter\Session\Handlers\FileHandler' driver.
DEBUG - 2025-11-08 01:18:41 --> Session: Class initialized using 'CodeIgniter\Session\Handlers\FileHandler' driver.
DEBUG - 2025-11-08 01:18:42 --> Session: Class initialized using 'CodeIgniter\Session\Handlers\FileHandler' driver.
DEBUG - 2025-11-08 01:18:43 --> Session: Class initialized using 'CodeIgniter\Session\Handlers\FileHandler' driver.
DEBUG - 2025-11-08 01:18:45 --> Session: Class initialized using 'CodeIgniter\Session\Handlers\FileHandler' driver.
DEBUG - 2025-11-08 01:18:46 --> Session: Class initialized using 'CodeIgniter\Session\Handlers\FileHandler' driver.
DEBUG - 2025-11-08 01:18:47 --> Session: Class initialized using 'CodeIgniter\Session\Handlers\FileHandler' driver.
DEBUG - 2025-11-08 01:18:48 --> Session: Class initialized using 'CodeIgniter\Session\Handlers\FileHandler' driver.
DEBUG - 2025-11-08 01:18:49 --> Session: Class initialized using 'CodeIgniter\Session\Handlers\FileHandler' driver.
DEBUG - 2025-11-08 01:18:51 --> Session: Class initialized using 'CodeIgniter\Session\Handlers\FileHandler' driver.
DEBUG - 2025-11-08 01:18:52 --> Session: Class initialized using 'CodeIgniter\Session\Handlers\FileHandler' driver.
DEBUG - 2025-11-08 01:18:53 --> Session: Class initialized using 'CodeIgniter\Session\Handlers\FileHandler' driver.
DEBUG - 2025-11-08 01:18:54 --> Session: Class initialized using 'CodeIgniter\Session\Handlers\FileHandler' driver.
DEBUG - 2025-11-08 01:18:55 --> Session: Class initialized using 'CodeIgniter\Session\Handlers\FileHandler' driver.
DEBUG - 2025-11-08 01:18:57 --> Session: Class initialized using 'CodeIgniter\Session\Handlers\FileHandler' driver.
DEBUG - 2025-11-08 01:18:58 --> Session: Class initialized using 'CodeIgniter\Session\Handlers\FileHandler' driver.
DEBUG - 2025-11-08 01:18:59 --> Session: Class initialized using 'CodeIgniter\Session\Handlers\FileHandler' driver.
DEBUG - 2025-11-08 01:19:00 --> Session: Class initialized using 'CodeIgniter\Session\Handlers\FileHandler' driver.
DEBUG - 2025-11-08 01:19:01 --> Session: Class initialized using 'CodeIgniter\Session\Handlers\FileHandler' driver.
DEBUG - 2025-11-08 01:19:03 --> Session: Class initialized using 'CodeIgniter\Session\Handlers\FileHandler' driver.
DEBUG - 2025-11-08 01:19:04 --> Session: Class initialized using 'CodeIgniter\Session\Handlers\FileHandler' driver.
DEBUG - 2025-11-08 01:19:05 --> Session: Class initialized using 'CodeIgniter\Session\Handlers\FileHandler' driver.
DEBUG - 2025-11-08 01:19:06 --> Session: Class initialized using 'CodeIgniter\Session\Handlers\FileHandler' driver.
DEBUG - 2025-11-08 01:19:07 --> Session: Class initialized using 'CodeIgniter\Session\Handlers\FileHandler' driver.
DEBUG - 2025-11-08 01:19:09 --> Session: Class initialized using 'CodeIgniter\Session\Handlers\FileHandler' driver.
DEBUG - 2025-11-08 01:19:10 --> Session: Class initialized using 'CodeIgniter\Session\Handlers\FileHandler' driver.
DEBUG - 2025-11-08 01:19:11 --> Session: Class initialized using 'CodeIgniter\Session\Handlers\FileHandler' driver.
DEBUG - 2025-11-08 01:19:12 --> Session: Class initialized using 'CodeIgniter\Session\Handlers\FileHandler' driver.
DEBUG - 2025-11-08 01:19:13 --> Session: Class initialized using 'CodeIgniter\Session\Handlers\FileHandler' driver.
DEBUG - 2025-11-08 01:19:15 --> Session: Class initialized using 'CodeIgniter\Session\Handlers\FileHandler' driver.
DEBUG - 2025-11-08 01:19:16 --> Session: Class initialized using 'CodeIgniter\Session\Handlers\FileHandler' driver.
DEBUG - 2025-11-08 01:19:17 --> Session: Class initialized using 'CodeIgniter\Session\Handlers\FileHandler' driver.
DEBUG - 2025-11-08 01:19:18 --> Session: Class initialized using 'CodeIgniter\Session\Handlers\FileHandler' driver.
DEBUG - 2025-11-08 01:19:19 --> Session: Class initialized using 'CodeIgniter\Session\Handlers\FileHandler' driver.
DEBUG - 2025-11-08 01:19:21 --> Session: Class initialized using 'CodeIgniter\Session\Handlers\FileHandler' driver.
DEBUG - 2025-11-08 01:19:22 --> Session: Class initialized using 'CodeIgniter\Session\Handlers\FileHandler' driver.
DEBUG - 2025-11-08 01:19:23 --> Session: Class initialized using 'CodeIgniter\Session\Handlers\FileHandler' driver.
DEBUG - 2025-11-08 01:19:24 --> Session: Class initialized using 'CodeIgniter\Session\Handlers\FileHandler' driver.
DEBUG - 2025-11-08 01:19:25 --> Session: Class initialized using 'CodeIgniter\Session\Handlers\FileHandler' driver.
DEBUG - 2025-11-08 01:19:27 --> Session: Class initialized using 'CodeIgniter\Session\Handlers\FileHandler' driver.
DEBUG - 2025-11-08 01:19:28 --> Session: Class initialized using 'CodeIgniter\Session\Handlers\FileHandler' driver.
DEBUG - 2025-11-08 01:19:29 --> Session: Class initialized using 'CodeIgniter\Session\Handlers\FileHandler' driver.
DEBUG - 2025-11-08 01:19:30 --> Session: Class initialized using 'CodeIgniter\Session\Handlers\FileHandler' driver.
DEBUG - 2025-11-08 01:19:31 --> Session: Class initialized using 'CodeIgniter\Session\Handlers\FileHandler' driver.
DEBUG - 2025-11-08 01:19:33 --> Session: Class initialized using 'CodeIgniter\Session\Handlers\FileHandler' driver.
DEBUG - 2025-11-08 01:19:34 --> Session: Class initialized using 'CodeIgniter\Session\Handlers\FileHandler' driver.
DEBUG - 2025-11-08 01:19:35 --> Session: Class initialized using 'CodeIgniter\Session\Handlers\FileHandler' driver.
DEBUG - 2025-11-08 01:19:36 --> Session: Class initialized using 'CodeIgniter\Session\Handlers\FileHandler' driver.
DEBUG - 2025-11-08 01:19:37 --> Session: Class initialized using 'CodeIgniter\Session\Handlers\FileHandler' driver.
DEBUG - 2025-11-08 01:19:39 --> Session: Class initialized using 'CodeIgniter\Session\Handlers\FileHandler' driver.
DEBUG - 2025-11-08 01:19:40 --> Session: Class initialized using 'CodeIgniter\Session\Handlers\FileHandler' driver.
DEBUG - 2025-11-08 01:19:41 --> Session: Class initialized using 'CodeIgniter\Session\Handlers\FileHandler' driver.
DEBUG - 2025-11-08 01:19:42 --> Session: Class initialized using 'CodeIgniter\Session\Handlers\FileHandler' driver.
DEBUG - 2025-11-08 01:19:43 --> Session: Class initialized using 'CodeIgniter\Session\Handlers\FileHandler' driver.
DEBUG - 2025-11-08 01:20:18 --> Session: Class initialized using 'CodeIgniter\Session\Handlers\FileHandler' driver.
DEBUG - 2025-11-08 01:20:21 --> Session: Class initialized using 'CodeIgniter\Session\Handlers\FileHandler' driver.
DEBUG - 2025-11-08 01:20:25 --> Session: Class initialized using 'CodeIgniter\Session\Handlers\FileHandler' driver.
DEBUG - 2025-11-08 01:20:29 --> Session: Class initialized using 'CodeIgniter\Session\Handlers\FileHandler' driver.
DEBUG - 2025-11-08 01:20:29 --> Session: Class initialized using 'CodeIgniter\Session\Handlers\FileHandler' driver.
WARNING - 2025-11-08 01:20:29 --> [DEPRECATED] Optional parameter $filters declared before required parameter $id_dep is implicitly treated as a required parameter in APPPATH\Models\Model_arsip.php on line 303.
 1 SYSTEMPATH\Autoloader\Autoloader.php(315): include_once('C:\\xampp\\htdocs\\e-arsip_ci4\\system\\Debug\\Exceptions.php')
 2 SYSTEMPATH\Autoloader\Autoloader.php(295): CodeIgniter\Autoloader\Autoloader->includeFile('C:\\xampp\\htdocs\\e-arsip_ci4\\app\\Models\\Model_arsip.php')
 3 SYSTEMPATH\Autoloader\Autoloader.php(271): CodeIgniter\Autoloader\Autoloader->loadInNamespace('App\\Models\\Model_arsip')
 4 APPPATH\Controllers\Home.php(23): CodeIgniter\Autoloader\Autoloader->loadClass('App\\Models\\Model_arsip')
 5 SYSTEMPATH\CodeIgniter.php(903): App\Controllers\Home->__construct()
 6 SYSTEMPATH\CodeIgniter.php(498): CodeIgniter\CodeIgniter->createController()
 7 SYSTEMPATH\CodeIgniter.php(354): CodeIgniter\CodeIgniter->handleRequest(null, Object(Config\Cache), false)
 8 SYSTEMPATH\Boot.php(363): CodeIgniter\CodeIgniter->run()
 9 SYSTEMPATH\Boot.php(68): CodeIgniter\Boot::runCodeIgniter(Object(CodeIgniter\CodeIgniter))
10 FCPATH\index.php(59): CodeIgniter\Boot::bootWeb(Object(Config\Paths))
DEBUG - 2025-11-08 01:20:30 --> Session: Class initialized using 'CodeIgniter\Session\Handlers\FileHandler' driver.
DEBUG - 2025-11-08 01:20:36 --> Session: Class initialized using 'CodeIgniter\Session\Handlers\FileHandler' driver.
WARNING - 2025-11-08 01:20:36 --> [DEPRECATED] Optional parameter $filters declared before required parameter $id_dep is implicitly treated as a required parameter in APPPATH\Models\Model_arsip.php on line 303.
 1 SYSTEMPATH\Autoloader\Autoloader.php(315): include_once('C:\\xampp\\htdocs\\e-arsip_ci4\\system\\Debug\\Exceptions.php')
 2 SYSTEMPATH\Autoloader\Autoloader.php(295): CodeIgniter\Autoloader\Autoloader->includeFile('C:\\xampp\\htdocs\\e-arsip_ci4\\app\\Models\\Model_arsip.php')
 3 SYSTEMPATH\Autoloader\Autoloader.php(271): CodeIgniter\Autoloader\Autoloader->loadInNamespace('App\\Models\\Model_arsip')
 4 APPPATH\Controllers\Cari.php(20): CodeIgniter\Autoloader\Autoloader->loadClass('App\\Models\\Model_arsip')
 5 SYSTEMPATH\CodeIgniter.php(903): App\Controllers\Cari->__construct()
 6 SYSTEMPATH\CodeIgniter.php(498): CodeIgniter\CodeIgniter->createController()
 7 SYSTEMPATH\CodeIgniter.php(354): CodeIgniter\CodeIgniter->handleRequest(null, Object(Config\Cache), false)
 8 SYSTEMPATH\Boot.php(363): CodeIgniter\CodeIgniter->run()
 9 SYSTEMPATH\Boot.php(68): CodeIgniter\Boot::runCodeIgniter(Object(CodeIgniter\CodeIgniter))
10 FCPATH\index.php(59): CodeIgniter\Boot::bootWeb(Object(Config\Paths))
DEBUG - 2025-11-08 01:20:49 --> Session: Class initialized using 'CodeIgniter\Session\Handlers\FileHandler' driver.
WARNING - 2025-11-08 01:20:49 --> [DEPRECATED] Optional parameter $filters declared before required parameter $id_dep is implicitly treated as a required parameter in APPPATH\Models\Model_arsip.php on line 303.
 1 SYSTEMPATH\Autoloader\Autoloader.php(315): include_once('C:\\xampp\\htdocs\\e-arsip_ci4\\system\\Debug\\Exceptions.php')
 2 SYSTEMPATH\Autoloader\Autoloader.php(295): CodeIgniter\Autoloader\Autoloader->includeFile('C:\\xampp\\htdocs\\e-arsip_ci4\\app\\Models\\Model_arsip.php')
 3 SYSTEMPATH\Autoloader\Autoloader.php(271): CodeIgniter\Autoloader\Autoloader->loadInNamespace('App\\Models\\Model_arsip')
 4 APPPATH\Controllers\Cari.php(20): CodeIgniter\Autoloader\Autoloader->loadClass('App\\Models\\Model_arsip')
 5 SYSTEMPATH\CodeIgniter.php(903): App\Controllers\Cari->__construct()
 6 SYSTEMPATH\CodeIgniter.php(498): CodeIgniter\CodeIgniter->createController()
 7 SYSTEMPATH\CodeIgniter.php(354): CodeIgniter\CodeIgniter->handleRequest(null, Object(Config\Cache), false)
 8 SYSTEMPATH\Boot.php(363): CodeIgniter\CodeIgniter->run()
 9 SYSTEMPATH\Boot.php(68): CodeIgniter\Boot::runCodeIgniter(Object(CodeIgniter\CodeIgniter))
10 FCPATH\index.php(59): CodeIgniter\Boot::bootWeb(Object(Config\Paths))
DEBUG - 2025-11-08 01:20:52 --> Session: Class initialized using 'CodeIgniter\Session\Handlers\FileHandler' driver.
WARNING - 2025-11-08 01:20:52 --> [DEPRECATED] Optional parameter $filters declared before required parameter $id_dep is implicitly treated as a required parameter in APPPATH\Models\Model_arsip.php on line 303.
 1 SYSTEMPATH\Autoloader\Autoloader.php(315): include_once('C:\\xampp\\htdocs\\e-arsip_ci4\\system\\Debug\\Exceptions.php')
 2 SYSTEMPATH\Autoloader\Autoloader.php(295): CodeIgniter\Autoloader\Autoloader->includeFile('C:\\xampp\\htdocs\\e-arsip_ci4\\app\\Models\\Model_arsip.php')
 3 SYSTEMPATH\Autoloader\Autoloader.php(271): CodeIgniter\Autoloader\Autoloader->loadInNamespace('App\\Models\\Model_arsip')
 4 APPPATH\Controllers\Arsip.php(26): CodeIgniter\Autoloader\Autoloader->loadClass('App\\Models\\Model_arsip')
 5 SYSTEMPATH\CodeIgniter.php(903): App\Controllers\Arsip->__construct()
 6 SYSTEMPATH\CodeIgniter.php(498): CodeIgniter\CodeIgniter->createController()
 7 SYSTEMPATH\CodeIgniter.php(354): CodeIgniter\CodeIgniter->handleRequest(null, Object(Config\Cache), false)
 8 SYSTEMPATH\Boot.php(363): CodeIgniter\CodeIgniter->run()
 9 SYSTEMPATH\Boot.php(68): CodeIgniter\Boot::runCodeIgniter(Object(CodeIgniter\CodeIgniter))
10 FCPATH\index.php(59): CodeIgniter\Boot::bootWeb(Object(Config\Paths))
DEBUG - 2025-11-08 01:21:00 --> Session: Class initialized using 'CodeIgniter\Session\Handlers\FileHandler' driver.
WARNING - 2025-11-08 01:21:00 --> [DEPRECATED] Optional parameter $filters declared before required parameter $id_dep is implicitly treated as a required parameter in APPPATH\Models\Model_arsip.php on line 303.
 1 SYSTEMPATH\Autoloader\Autoloader.php(315): include_once('C:\\xampp\\htdocs\\e-arsip_ci4\\system\\Debug\\Exceptions.php')
 2 SYSTEMPATH\Autoloader\Autoloader.php(295): CodeIgniter\Autoloader\Autoloader->includeFile('C:\\xampp\\htdocs\\e-arsip_ci4\\app\\Models\\Model_arsip.php')
 3 SYSTEMPATH\Autoloader\Autoloader.php(271): CodeIgniter\Autoloader\Autoloader->loadInNamespace('App\\Models\\Model_arsip')
 4 APPPATH\Controllers\Cari.php(20): CodeIgniter\Autoloader\Autoloader->loadClass('App\\Models\\Model_arsip')
 5 SYSTEMPATH\CodeIgniter.php(903): App\Controllers\Cari->__construct()
 6 SYSTEMPATH\CodeIgniter.php(498): CodeIgniter\CodeIgniter->createController()
 7 SYSTEMPATH\CodeIgniter.php(354): CodeIgniter\CodeIgniter->handleRequest(null, Object(Config\Cache), false)
 8 SYSTEMPATH\Boot.php(363): CodeIgniter\CodeIgniter->run()
 9 SYSTEMPATH\Boot.php(68): CodeIgniter\Boot::runCodeIgniter(Object(CodeIgniter\CodeIgniter))
10 FCPATH\index.php(59): CodeIgniter\Boot::bootWeb(Object(Config\Paths))
DEBUG - 2025-11-08 01:21:25 --> Session: Class initialized using 'CodeIgniter\Session\Handlers\FileHandler' driver.
DEBUG - 2025-11-08 01:21:25 --> Session: Class initialized using 'CodeIgniter\Session\Handlers\FileHandler' driver.
DEBUG - 2025-11-08 01:21:26 --> Session: Class initialized using 'CodeIgniter\Session\Handlers\FileHandler' driver.
DEBUG - 2025-11-08 01:21:27 --> Session: Class initialized using 'CodeIgniter\Session\Handlers\FileHandler' driver.
WARNING - 2025-11-08 01:21:27 --> [DEPRECATED] Optional parameter $filters declared before required parameter $id_dep is implicitly treated as a required parameter in APPPATH\Models\Model_arsip.php on line 303.
 1 SYSTEMPATH\Autoloader\Autoloader.php(315): include_once('C:\\xampp\\htdocs\\e-arsip_ci4\\system\\Debug\\Exceptions.php')
 2 SYSTEMPATH\Autoloader\Autoloader.php(295): CodeIgniter\Autoloader\Autoloader->includeFile('C:\\xampp\\htdocs\\e-arsip_ci4\\app\\Models\\Model_arsip.php')
 3 SYSTEMPATH\Autoloader\Autoloader.php(271): CodeIgniter\Autoloader\Autoloader->loadInNamespace('App\\Models\\Model_arsip')
 4 APPPATH\Controllers\Arsip.php(26): CodeIgniter\Autoloader\Autoloader->loadClass('App\\Models\\Model_arsip')
 5 SYSTEMPATH\CodeIgniter.php(903): App\Controllers\Arsip->__construct()
 6 SYSTEMPATH\CodeIgniter.php(498): CodeIgniter\CodeIgniter->createController()
 7 SYSTEMPATH\CodeIgniter.php(354): CodeIgniter\CodeIgniter->handleRequest(null, Object(Config\Cache), false)
 8 SYSTEMPATH\Boot.php(363): CodeIgniter\CodeIgniter->run()
 9 SYSTEMPATH\Boot.php(68): CodeIgniter\Boot::runCodeIgniter(Object(CodeIgniter\CodeIgniter))
10 FCPATH\index.php(59): CodeIgniter\Boot::bootWeb(Object(Config\Paths))
DEBUG - 2025-11-08 01:21:39 --> Session: Class initialized using 'CodeIgniter\Session\Handlers\FileHandler' driver.
WARNING - 2025-11-08 01:21:39 --> [DEPRECATED] Optional parameter $filters declared before required parameter $id_dep is implicitly treated as a required parameter in APPPATH\Models\Model_arsip.php on line 303.
 1 SYSTEMPATH\Autoloader\Autoloader.php(315): include_once('C:\\xampp\\htdocs\\e-arsip_ci4\\system\\Debug\\Exceptions.php')
 2 SYSTEMPATH\Autoloader\Autoloader.php(295): CodeIgniter\Autoloader\Autoloader->includeFile('C:\\xampp\\htdocs\\e-arsip_ci4\\app\\Models\\Model_arsip.php')
 3 SYSTEMPATH\Autoloader\Autoloader.php(271): CodeIgniter\Autoloader\Autoloader->loadInNamespace('App\\Models\\Model_arsip')
 4 APPPATH\Controllers\Arsip.php(26): CodeIgniter\Autoloader\Autoloader->loadClass('App\\Models\\Model_arsip')
 5 SYSTEMPATH\CodeIgniter.php(903): App\Controllers\Arsip->__construct()
 6 SYSTEMPATH\CodeIgniter.php(498): CodeIgniter\CodeIgniter->createController()
 7 SYSTEMPATH\CodeIgniter.php(354): CodeIgniter\CodeIgniter->handleRequest(null, Object(Config\Cache), false)
 8 SYSTEMPATH\Boot.php(363): CodeIgniter\CodeIgniter->run()
 9 SYSTEMPATH\Boot.php(68): CodeIgniter\Boot::runCodeIgniter(Object(CodeIgniter\CodeIgniter))
10 FCPATH\index.php(59): CodeIgniter\Boot::bootWeb(Object(Config\Paths))
DEBUG - 2025-11-08 01:21:46 --> Session: Class initialized using 'CodeIgniter\Session\Handlers\FileHandler' driver.
WARNING - 2025-11-08 01:21:46 --> [DEPRECATED] Optional parameter $filters declared before required parameter $id_dep is implicitly treated as a required parameter in APPPATH\Models\Model_arsip.php on line 303.
 1 SYSTEMPATH\Autoloader\Autoloader.php(315): include_once('C:\\xampp\\htdocs\\e-arsip_ci4\\system\\Debug\\Exceptions.php')
 2 SYSTEMPATH\Autoloader\Autoloader.php(295): CodeIgniter\Autoloader\Autoloader->includeFile('C:\\xampp\\htdocs\\e-arsip_ci4\\app\\Models\\Model_arsip.php')
 3 SYSTEMPATH\Autoloader\Autoloader.php(271): CodeIgniter\Autoloader\Autoloader->loadInNamespace('App\\Models\\Model_arsip')
 4 APPPATH\Controllers\Arsip.php(26): CodeIgniter\Autoloader\Autoloader->loadClass('App\\Models\\Model_arsip')
 5 SYSTEMPATH\CodeIgniter.php(903): App\Controllers\Arsip->__construct()
 6 SYSTEMPATH\CodeIgniter.php(498): CodeIgniter\CodeIgniter->createController()
 7 SYSTEMPATH\CodeIgniter.php(354): CodeIgniter\CodeIgniter->handleRequest(null, Object(Config\Cache), false)
 8 SYSTEMPATH\Boot.php(363): CodeIgniter\CodeIgniter->run()
 9 SYSTEMPATH\Boot.php(68): CodeIgniter\Boot::runCodeIgniter(Object(CodeIgniter\CodeIgniter))
10 FCPATH\index.php(59): CodeIgniter\Boot::bootWeb(Object(Config\Paths))
DEBUG - 2025-11-08 01:21:51 --> Session: Class initialized using 'CodeIgniter\Session\Handlers\FileHandler' driver.
WARNING - 2025-11-08 01:21:51 --> [DEPRECATED] Optional parameter $filters declared before required parameter $id_dep is implicitly treated as a required parameter in APPPATH\Models\Model_arsip.php on line 303.
 1 SYSTEMPATH\Autoloader\Autoloader.php(315): include_once('C:\\xampp\\htdocs\\e-arsip_ci4\\system\\Debug\\Exceptions.php')
 2 SYSTEMPATH\Autoloader\Autoloader.php(295): CodeIgniter\Autoloader\Autoloader->includeFile('C:\\xampp\\htdocs\\e-arsip_ci4\\app\\Models\\Model_arsip.php')
 3 SYSTEMPATH\Autoloader\Autoloader.php(271): CodeIgniter\Autoloader\Autoloader->loadInNamespace('App\\Models\\Model_arsip')
 4 APPPATH\Controllers\Arsip.php(26): CodeIgniter\Autoloader\Autoloader->loadClass('App\\Models\\Model_arsip')
 5 SYSTEMPATH\CodeIgniter.php(903): App\Controllers\Arsip->__construct()
 6 SYSTEMPATH\CodeIgniter.php(498): CodeIgniter\CodeIgniter->createController()
 7 SYSTEMPATH\CodeIgniter.php(354): CodeIgniter\CodeIgniter->handleRequest(null, Object(Config\Cache), false)
 8 SYSTEMPATH\Boot.php(363): CodeIgniter\CodeIgniter->run()
 9 SYSTEMPATH\Boot.php(68): CodeIgniter\Boot::runCodeIgniter(Object(CodeIgniter\CodeIgniter))
10 FCPATH\index.php(59): CodeIgniter\Boot::bootWeb(Object(Config\Paths))
DEBUG - 2025-11-08 01:21:54 --> Session: Class initialized using 'CodeIgniter\Session\Handlers\FileHandler' driver.
WARNING - 2025-11-08 01:21:54 --> [DEPRECATED] Optional parameter $filters declared before required parameter $id_dep is implicitly treated as a required parameter in APPPATH\Models\Model_arsip.php on line 303.
 1 SYSTEMPATH\Autoloader\Autoloader.php(315): include_once('C:\\xampp\\htdocs\\e-arsip_ci4\\system\\Debug\\Exceptions.php')
 2 SYSTEMPATH\Autoloader\Autoloader.php(295): CodeIgniter\Autoloader\Autoloader->includeFile('C:\\xampp\\htdocs\\e-arsip_ci4\\app\\Models\\Model_arsip.php')
 3 SYSTEMPATH\Autoloader\Autoloader.php(271): CodeIgniter\Autoloader\Autoloader->loadInNamespace('App\\Models\\Model_arsip')
 4 APPPATH\Controllers\Arsip.php(26): CodeIgniter\Autoloader\Autoloader->loadClass('App\\Models\\Model_arsip')
 5 SYSTEMPATH\CodeIgniter.php(903): App\Controllers\Arsip->__construct()
 6 SYSTEMPATH\CodeIgniter.php(498): CodeIgniter\CodeIgniter->createController()
 7 SYSTEMPATH\CodeIgniter.php(354): CodeIgniter\CodeIgniter->handleRequest(null, Object(Config\Cache), false)
 8 SYSTEMPATH\Boot.php(363): CodeIgniter\CodeIgniter->run()
 9 SYSTEMPATH\Boot.php(68): CodeIgniter\Boot::runCodeIgniter(Object(CodeIgniter\CodeIgniter))
10 FCPATH\index.php(59): CodeIgniter\Boot::bootWeb(Object(Config\Paths))
DEBUG - 2025-11-08 01:22:11 --> Session: Class initialized using 'CodeIgniter\Session\Handlers\FileHandler' driver.
DEBUG - 2025-11-08 01:22:12 --> Session: Class initialized using 'CodeIgniter\Session\Handlers\FileHandler' driver.
DEBUG - 2025-11-08 01:22:13 --> Session: Class initialized using 'CodeIgniter\Session\Handlers\FileHandler' driver.
DEBUG - 2025-11-08 01:22:14 --> Session: Class initialized using 'CodeIgniter\Session\Handlers\FileHandler' driver.
DEBUG - 2025-11-08 01:22:15 --> Session: Class initialized using 'CodeIgniter\Session\Handlers\FileHandler' driver.
DEBUG - 2025-11-08 01:22:15 --> Session: Class initialized using 'CodeIgniter\Session\Handlers\FileHandler' driver.
WARNING - 2025-11-08 01:22:15 --> [DEPRECATED] Optional parameter $filters declared before required parameter $id_dep is implicitly treated as a required parameter in APPPATH\Models\Model_arsip.php on line 303.
 1 SYSTEMPATH\Autoloader\Autoloader.php(315): include_once('C:\\xampp\\htdocs\\e-arsip_ci4\\system\\Debug\\Exceptions.php')
 2 SYSTEMPATH\Autoloader\Autoloader.php(295): CodeIgniter\Autoloader\Autoloader->includeFile('C:\\xampp\\htdocs\\e-arsip_ci4\\app\\Models\\Model_arsip.php')
 3 SYSTEMPATH\Autoloader\Autoloader.php(271): CodeIgniter\Autoloader\Autoloader->loadInNamespace('App\\Models\\Model_arsip')
 4 APPPATH\Controllers\Kategori.php(21): CodeIgniter\Autoloader\Autoloader->loadClass('App\\Models\\Model_arsip')
 5 SYSTEMPATH\CodeIgniter.php(903): App\Controllers\Kategori->__construct()
 6 SYSTEMPATH\CodeIgniter.php(498): CodeIgniter\CodeIgniter->createController()
 7 SYSTEMPATH\CodeIgniter.php(354): CodeIgniter\CodeIgniter->handleRequest(null, Object(Config\Cache), false)
 8 SYSTEMPATH\Boot.php(363): CodeIgniter\CodeIgniter->run()
 9 SYSTEMPATH\Boot.php(68): CodeIgniter\Boot::runCodeIgniter(Object(CodeIgniter\CodeIgniter))
10 FCPATH\index.php(59): CodeIgniter\Boot::bootWeb(Object(Config\Paths))
DEBUG - 2025-11-08 01:22:16 --> Session: Class initialized using 'CodeIgniter\Session\Handlers\FileHandler' driver.
DEBUG - 2025-11-08 01:22:18 --> Session: Class initialized using 'CodeIgniter\Session\Handlers\FileHandler' driver.
DEBUG - 2025-11-08 01:22:19 --> Session: Class initialized using 'CodeIgniter\Session\Handlers\FileHandler' driver.
DEBUG - 2025-11-08 01:22:20 --> Session: Class initialized using 'CodeIgniter\Session\Handlers\FileHandler' driver.
DEBUG - 2025-11-08 01:22:21 --> Session: Class initialized using 'CodeIgniter\Session\Handlers\FileHandler' driver.
DEBUG - 2025-11-08 01:22:21 --> Session: Class initialized using 'CodeIgniter\Session\Handlers\FileHandler' driver.
DEBUG - 2025-11-08 01:22:22 --> Session: Class initialized using 'CodeIgniter\Session\Handlers\FileHandler' driver.
DEBUG - 2025-11-08 01:22:22 --> Session: Class initialized using 'CodeIgniter\Session\Handlers\FileHandler' driver.
DEBUG - 2025-11-08 01:22:23 --> Session: Class initialized using 'CodeIgniter\Session\Handlers\FileHandler' driver.
DEBUG - 2025-11-08 01:22:23 --> Session: Class initialized using 'CodeIgniter\Session\Handlers\FileHandler' driver.
DEBUG - 2025-11-08 01:22:24 --> Session: Class initialized using 'CodeIgniter\Session\Handlers\FileHandler' driver.
DEBUG - 2025-11-08 01:22:25 --> Session: Class initialized using 'CodeIgniter\Session\Handlers\FileHandler' driver.
DEBUG - 2025-11-08 01:22:26 --> Session: Class initialized using 'CodeIgniter\Session\Handlers\FileHandler' driver.
DEBUG - 2025-11-08 01:22:27 --> Session: Class initialized using 'CodeIgniter\Session\Handlers\FileHandler' driver.
DEBUG - 2025-11-08 01:22:27 --> Session: Class initialized using 'CodeIgniter\Session\Handlers\FileHandler' driver.
DEBUG - 2025-11-08 01:22:28 --> Session: Class initialized using 'CodeIgniter\Session\Handlers\FileHandler' driver.
DEBUG - 2025-11-08 01:22:28 --> Session: Class initialized using 'CodeIgniter\Session\Handlers\FileHandler' driver.
DEBUG - 2025-11-08 01:22:29 --> Session: Class initialized using 'CodeIgniter\Session\Handlers\FileHandler' driver.
DEBUG - 2025-11-08 01:22:29 --> Session: Class initialized using 'CodeIgniter\Session\Handlers\FileHandler' driver.
DEBUG - 2025-11-08 01:22:30 --> Session: Class initialized using 'CodeIgniter\Session\Handlers\FileHandler' driver.
DEBUG - 2025-11-08 01:22:31 --> Session: Class initialized using 'CodeIgniter\Session\Handlers\FileHandler' driver.
DEBUG - 2025-11-08 01:22:32 --> Session: Class initialized using 'CodeIgniter\Session\Handlers\FileHandler' driver.
DEBUG - 2025-11-08 01:22:32 --> Session: Class initialized using 'CodeIgniter\Session\Handlers\FileHandler' driver.
DEBUG - 2025-11-08 01:22:33 --> Session: Class initialized using 'CodeIgniter\Session\Handlers\FileHandler' driver.
DEBUG - 2025-11-08 01:22:34 --> Session: Class initialized using 'CodeIgniter\Session\Handlers\FileHandler' driver.
DEBUG - 2025-11-08 01:22:34 --> Session: Class initialized using 'CodeIgniter\Session\Handlers\FileHandler' driver.
DEBUG - 2025-11-08 01:22:35 --> Session: Class initialized using 'CodeIgniter\Session\Handlers\FileHandler' driver.
DEBUG - 2025-11-08 01:22:35 --> Session: Class initialized using 'CodeIgniter\Session\Handlers\FileHandler' driver.
DEBUG - 2025-11-08 01:22:36 --> Session: Class initialized using 'CodeIgniter\Session\Handlers\FileHandler' driver.
DEBUG - 2025-11-08 01:22:36 --> Session: Class initialized using 'CodeIgniter\Session\Handlers\FileHandler' driver.
DEBUG - 2025-11-08 01:22:37 --> Session: Class initialized using 'CodeIgniter\Session\Handlers\FileHandler' driver.
DEBUG - 2025-11-08 01:22:38 --> Session: Class initialized using 'CodeIgniter\Session\Handlers\FileHandler' driver.
DEBUG - 2025-11-08 01:22:38 --> Session: Class initialized using 'CodeIgniter\Session\Handlers\FileHandler' driver.
DEBUG - 2025-11-08 01:22:39 --> Session: Class initialized using 'CodeIgniter\Session\Handlers\FileHandler' driver.
DEBUG - 2025-11-08 01:22:40 --> Session: Class initialized using 'CodeIgniter\Session\Handlers\FileHandler' driver.
DEBUG - 2025-11-08 01:22:40 --> Session: Class initialized using 'CodeIgniter\Session\Handlers\FileHandler' driver.
DEBUG - 2025-11-08 01:22:40 --> Session: Class initialized using 'CodeIgniter\Session\Handlers\FileHandler' driver.
DEBUG - 2025-11-08 01:22:41 --> Session: Class initialized using 'CodeIgniter\Session\Handlers\FileHandler' driver.
DEBUG - 2025-11-08 01:22:41 --> Session: Class initialized using 'CodeIgniter\Session\Handlers\FileHandler' driver.
DEBUG - 2025-11-08 01:22:42 --> Session: Class initialized using 'CodeIgniter\Session\Handlers\FileHandler' driver.
DEBUG - 2025-11-08 01:22:43 --> Session: Class initialized using 'CodeIgniter\Session\Handlers\FileHandler' driver.
DEBUG - 2025-11-08 01:22:44 --> Session: Class initialized using 'CodeIgniter\Session\Handlers\FileHandler' driver.
DEBUG - 2025-11-08 01:22:44 --> Session: Class initialized using 'CodeIgniter\Session\Handlers\FileHandler' driver.
DEBUG - 2025-11-08 01:22:45 --> Session: Class initialized using 'CodeIgniter\Session\Handlers\FileHandler' driver.
DEBUG - 2025-11-08 01:22:46 --> Session: Class initialized using 'CodeIgniter\Session\Handlers\FileHandler' driver.
DEBUG - 2025-11-08 01:22:46 --> Session: Class initialized using 'CodeIgniter\Session\Handlers\FileHandler' driver.
DEBUG - 2025-11-08 01:22:47 --> Session: Class initialized using 'CodeIgniter\Session\Handlers\FileHandler' driver.
DEBUG - 2025-11-08 01:22:47 --> Session: Class initialized using 'CodeIgniter\Session\Handlers\FileHandler' driver.
DEBUG - 2025-11-08 01:22:48 --> Session: Class initialized using 'CodeIgniter\Session\Handlers\FileHandler' driver.
DEBUG - 2025-11-08 01:22:48 --> Session: Class initialized using 'CodeIgniter\Session\Handlers\FileHandler' driver.
DEBUG - 2025-11-08 01:22:49 --> Session: Class initialized using 'CodeIgniter\Session\Handlers\FileHandler' driver.
DEBUG - 2025-11-08 01:22:50 --> Session: Class initialized using 'CodeIgniter\Session\Handlers\FileHandler' driver.
DEBUG - 2025-11-08 01:22:50 --> Session: Class initialized using 'CodeIgniter\Session\Handlers\FileHandler' driver.
DEBUG - 2025-11-08 01:22:51 --> Session: Class initialized using 'CodeIgniter\Session\Handlers\FileHandler' driver.
DEBUG - 2025-11-08 01:22:52 --> Session: Class initialized using 'CodeIgniter\Session\Handlers\FileHandler' driver.
DEBUG - 2025-11-08 01:22:52 --> Session: Class initialized using 'CodeIgniter\Session\Handlers\FileHandler' driver.
DEBUG - 2025-11-08 01:22:53 --> Session: Class initialized using 'CodeIgniter\Session\Handlers\FileHandler' driver.
DEBUG - 2025-11-08 01:22:53 --> Session: Class initialized using 'CodeIgniter\Session\Handlers\FileHandler' driver.
DEBUG - 2025-11-08 01:22:54 --> Session: Class initialized using 'CodeIgniter\Session\Handlers\FileHandler' driver.
DEBUG - 2025-11-08 01:22:54 --> Session: Class initialized using 'CodeIgniter\Session\Handlers\FileHandler' driver.
DEBUG - 2025-11-08 01:22:55 --> Session: Class initialized using 'CodeIgniter\Session\Handlers\FileHandler' driver.
DEBUG - 2025-11-08 01:22:56 --> Session: Class initialized using 'CodeIgniter\Session\Handlers\FileHandler' driver.
DEBUG - 2025-11-08 01:22:56 --> Session: Class initialized using 'CodeIgniter\Session\Handlers\FileHandler' driver.
DEBUG - 2025-11-08 01:22:57 --> Session: Class initialized using 'CodeIgniter\Session\Handlers\FileHandler' driver.
DEBUG - 2025-11-08 01:22:58 --> Session: Class initialized using 'CodeIgniter\Session\Handlers\FileHandler' driver.
DEBUG - 2025-11-08 01:22:58 --> Session: Class initialized using 'CodeIgniter\Session\Handlers\FileHandler' driver.
DEBUG - 2025-11-08 01:22:59 --> Session: Class initialized using 'CodeIgniter\Session\Handlers\FileHandler' driver.
DEBUG - 2025-11-08 01:22:59 --> Session: Class initialized using 'CodeIgniter\Session\Handlers\FileHandler' driver.
DEBUG - 2025-11-08 01:23:00 --> Session: Class initialized using 'CodeIgniter\Session\Handlers\FileHandler' driver.
DEBUG - 2025-11-08 01:23:00 --> Session: Class initialized using 'CodeIgniter\Session\Handlers\FileHandler' driver.
DEBUG - 2025-11-08 01:23:01 --> Session: Class initialized using 'CodeIgniter\Session\Handlers\FileHandler' driver.
DEBUG - 2025-11-08 01:23:02 --> Session: Class initialized using 'CodeIgniter\Session\Handlers\FileHandler' driver.
DEBUG - 2025-11-08 01:23:02 --> Session: Class initialized using 'CodeIgniter\Session\Handlers\FileHandler' driver.
DEBUG - 2025-11-08 01:23:03 --> Session: Class initialized using 'CodeIgniter\Session\Handlers\FileHandler' driver.
DEBUG - 2025-11-08 01:23:04 --> Session: Class initialized using 'CodeIgniter\Session\Handlers\FileHandler' driver.
DEBUG - 2025-11-08 01:23:04 --> Session: Class initialized using 'CodeIgniter\Session\Handlers\FileHandler' driver.
DEBUG - 2025-11-08 01:23:05 --> Session: Class initialized using 'CodeIgniter\Session\Handlers\FileHandler' driver.
DEBUG - 2025-11-08 01:23:05 --> Session: Class initialized using 'CodeIgniter\Session\Handlers\FileHandler' driver.
DEBUG - 2025-11-08 01:23:06 --> Session: Class initialized using 'CodeIgniter\Session\Handlers\FileHandler' driver.
DEBUG - 2025-11-08 01:23:06 --> Session: Class initialized using 'CodeIgniter\Session\Handlers\FileHandler' driver.
DEBUG - 2025-11-08 01:23:07 --> Session: Class initialized using 'CodeIgniter\Session\Handlers\FileHandler' driver.
DEBUG - 2025-11-08 01:23:08 --> Session: Class initialized using 'CodeIgniter\Session\Handlers\FileHandler' driver.
DEBUG - 2025-11-08 01:23:08 --> Session: Class initialized using 'CodeIgniter\Session\Handlers\FileHandler' driver.
DEBUG - 2025-11-08 01:23:09 --> Session: Class initialized using 'CodeIgniter\Session\Handlers\FileHandler' driver.
DEBUG - 2025-11-08 01:23:10 --> Session: Class initialized using 'CodeIgniter\Session\Handlers\FileHandler' driver.
DEBUG - 2025-11-08 01:23:10 --> Session: Class initialized using 'CodeIgniter\Session\Handlers\FileHandler' driver.
DEBUG - 2025-11-08 01:23:11 --> Session: Class initialized using 'CodeIgniter\Session\Handlers\FileHandler' driver.
DEBUG - 2025-11-08 01:23:11 --> Session: Class initialized using 'CodeIgniter\Session\Handlers\FileHandler' driver.
DEBUG - 2025-11-08 01:23:12 --> Session: Class initialized using 'CodeIgniter\Session\Handlers\FileHandler' driver.
DEBUG - 2025-11-08 01:23:12 --> Session: Class initialized using 'CodeIgniter\Session\Handlers\FileHandler' driver.
DEBUG - 2025-11-08 01:23:13 --> Session: Class initialized using 'CodeIgniter\Session\Handlers\FileHandler' driver.
DEBUG - 2025-11-08 01:23:14 --> Session: Class initialized using 'CodeIgniter\Session\Handlers\FileHandler' driver.
DEBUG - 2025-11-08 01:23:14 --> Session: Class initialized using 'CodeIgniter\Session\Handlers\FileHandler' driver.
DEBUG - 2025-11-08 01:23:15 --> Session: Class initialized using 'CodeIgniter\Session\Handlers\FileHandler' driver.
DEBUG - 2025-11-08 01:23:16 --> Session: Class initialized using 'CodeIgniter\Session\Handlers\FileHandler' driver.
DEBUG - 2025-11-08 01:23:16 --> Session: Class initialized using 'CodeIgniter\Session\Handlers\FileHandler' driver.
DEBUG - 2025-11-08 01:23:17 --> Session: Class initialized using 'CodeIgniter\Session\Handlers\FileHandler' driver.
DEBUG - 2025-11-08 01:23:17 --> Session: Class initialized using 'CodeIgniter\Session\Handlers\FileHandler' driver.
DEBUG - 2025-11-08 01:23:18 --> Session: Class initialized using 'CodeIgniter\Session\Handlers\FileHandler' driver.
DEBUG - 2025-11-08 01:23:18 --> Session: Class initialized using 'CodeIgniter\Session\Handlers\FileHandler' driver.
DEBUG - 2025-11-08 01:23:19 --> Session: Class initialized using 'CodeIgniter\Session\Handlers\FileHandler' driver.
DEBUG - 2025-11-08 01:23:20 --> Session: Class initialized using 'CodeIgniter\Session\Handlers\FileHandler' driver.
DEBUG - 2025-11-08 01:23:20 --> Session: Class initialized using 'CodeIgniter\Session\Handlers\FileHandler' driver.
DEBUG - 2025-11-08 01:23:21 --> Session: Class initialized using 'CodeIgniter\Session\Handlers\FileHandler' driver.
DEBUG - 2025-11-08 01:23:22 --> Session: Class initialized using 'CodeIgniter\Session\Handlers\FileHandler' driver.
DEBUG - 2025-11-08 01:23:22 --> Session: Class initialized using 'CodeIgniter\Session\Handlers\FileHandler' driver.
DEBUG - 2025-11-08 01:23:23 --> Session: Class initialized using 'CodeIgniter\Session\Handlers\FileHandler' driver.
DEBUG - 2025-11-08 01:23:23 --> Session: Class initialized using 'CodeIgniter\Session\Handlers\FileHandler' driver.
DEBUG - 2025-11-08 01:23:24 --> Session: Class initialized using 'CodeIgniter\Session\Handlers\FileHandler' driver.
DEBUG - 2025-11-08 01:23:24 --> Session: Class initialized using 'CodeIgniter\Session\Handlers\FileHandler' driver.
DEBUG - 2025-11-08 01:23:25 --> Session: Class initialized using 'CodeIgniter\Session\Handlers\FileHandler' driver.
DEBUG - 2025-11-08 01:23:26 --> Session: Class initialized using 'CodeIgniter\Session\Handlers\FileHandler' driver.
DEBUG - 2025-11-08 01:23:26 --> Session: Class initialized using 'CodeIgniter\Session\Handlers\FileHandler' driver.
DEBUG - 2025-11-08 01:23:27 --> Session: Class initialized using 'CodeIgniter\Session\Handlers\FileHandler' driver.
DEBUG - 2025-11-08 01:23:28 --> Session: Class initialized using 'CodeIgniter\Session\Handlers\FileHandler' driver.
DEBUG - 2025-11-08 01:23:28 --> Session: Class initialized using 'CodeIgniter\Session\Handlers\FileHandler' driver.
DEBUG - 2025-11-08 01:23:29 --> Session: Class initialized using 'CodeIgniter\Session\Handlers\FileHandler' driver.
DEBUG - 2025-11-08 01:23:29 --> Session: Class initialized using 'CodeIgniter\Session\Handlers\FileHandler' driver.
DEBUG - 2025-11-08 01:23:30 --> Session: Class initialized using 'CodeIgniter\Session\Handlers\FileHandler' driver.
DEBUG - 2025-11-08 01:23:31 --> Session: Class initialized using 'CodeIgniter\Session\Handlers\FileHandler' driver.
DEBUG - 2025-11-08 01:23:32 --> Session: Class initialized using 'CodeIgniter\Session\Handlers\FileHandler' driver.
DEBUG - 2025-11-08 01:23:34 --> Session: Class initialized using 'CodeIgniter\Session\Handlers\FileHandler' driver.
DEBUG - 2025-11-08 01:23:35 --> Session: Class initialized using 'CodeIgniter\Session\Handlers\FileHandler' driver.
DEBUG - 2025-11-08 01:23:36 --> Session: Class initialized using 'CodeIgniter\Session\Handlers\FileHandler' driver.
DEBUG - 2025-11-08 01:23:37 --> Session: Class initialized using 'CodeIgniter\Session\Handlers\FileHandler' driver.
DEBUG - 2025-11-08 01:23:38 --> Session: Class initialized using 'CodeIgniter\Session\Handlers\FileHandler' driver.
DEBUG - 2025-11-08 01:23:40 --> Session: Class initialized using 'CodeIgniter\Session\Handlers\FileHandler' driver.
DEBUG - 2025-11-08 01:23:41 --> Session: Class initialized using 'CodeIgniter\Session\Handlers\FileHandler' driver.
DEBUG - 2025-11-08 01:24:25 --> Session: Class initialized using 'CodeIgniter\Session\Handlers\FileHandler' driver.
DEBUG - 2025-11-08 01:24:25 --> Session: Class initialized using 'CodeIgniter\Session\Handlers\FileHandler' driver.
DEBUG - 2025-11-08 01:25:25 --> Session: Class initialized using 'CodeIgniter\Session\Handlers\FileHandler' driver.
DEBUG - 2025-11-08 01:25:25 --> Session: Class initialized using 'CodeIgniter\Session\Handlers\FileHandler' driver.
DEBUG - 2025-11-08 01:26:26 --> Session: Class initialized using 'CodeIgniter\Session\Handlers\FileHandler' driver.
DEBUG - 2025-11-08 01:26:26 --> Session: Class initialized using 'CodeIgniter\Session\Handlers\FileHandler' driver.
DEBUG - 2025-11-08 01:27:25 --> Session: Class initialized using 'CodeIgniter\Session\Handlers\FileHandler' driver.
DEBUG - 2025-11-08 01:27:25 --> Session: Class initialized using 'CodeIgniter\Session\Handlers\FileHandler' driver.
DEBUG - 2025-11-08 01:28:25 --> Session: Class initialized using 'CodeIgniter\Session\Handlers\FileHandler' driver.
DEBUG - 2025-11-08 01:28:25 --> Session: Class initialized using 'CodeIgniter\Session\Handlers\FileHandler' driver.
DEBUG - 2025-11-08 01:29:25 --> Session: Class initialized using 'CodeIgniter\Session\Handlers\FileHandler' driver.
DEBUG - 2025-11-08 01:30:25 --> Session: Class initialized using 'CodeIgniter\Session\Handlers\FileHandler' driver.
ERROR - 2025-11-08 01:30:29 --> Error connecting to the database: mysqli_sql_exception: No connection could be made because the target machine actively refused it in C:\xampp\htdocs\e-arsip_ci4\system\Database\MySQLi\Connection.php:201
Stack trace:
#0 C:\xampp\htdocs\e-arsip_ci4\system\Database\MySQLi\Connection.php(201): mysqli->real_connect('localhost', 'root', Object(SensitiveParameterValue), 'e-arsip_ci4', 3306, '', 0)
#1 C:\xampp\htdocs\e-arsip_ci4\system\Database\BaseConnection.php(419): CodeIgniter\Database\MySQLi\Connection->connect(false)
#2 C:\xampp\htdocs\e-arsip_ci4\system\Database\BaseConnection.php(614): CodeIgniter\Database\BaseConnection->initialize()
#3 C:\xampp\htdocs\e-arsip_ci4\system\Database\BaseBuilder.php(1649): CodeIgniter\Database\BaseConnection->query('SELECT *\nFROM `...', Array, false)
#4 C:\xampp\htdocs\e-arsip_ci4\system\Model.php(286): CodeIgniter\Database\BaseBuilder->get()
#5 C:\xampp\htdocs\e-arsip_ci4\system\BaseModel.php(677): CodeIgniter\Model->doFindAll(0, 0)
#6 C:\xampp\htdocs\e-arsip_ci4\app\Controllers\BaseController.php(60): CodeIgniter\BaseModel->findAll()
#7 C:\xampp\htdocs\e-arsip_ci4\system\CodeIgniter.php(904): App\Controllers\BaseController->initController(Object(CodeIgniter\HTTP\IncomingRequest), Object(CodeIgniter\HTTP\Response), Object(CodeIgniter\Log\Logger))
#8 C:\xampp\htdocs\e-arsip_ci4\system\CodeIgniter.php(498): CodeIgniter\CodeIgniter->createController()
#9 C:\xampp\htdocs\e-arsip_ci4\system\CodeIgniter.php(354): CodeIgniter\CodeIgniter->handleRequest(NULL, Object(Config\Cache), false)
#10 C:\xampp\htdocs\e-arsip_ci4\system\Boot.php(363): CodeIgniter\CodeIgniter->run()
#11 C:\xampp\htdocs\e-arsip_ci4\system\Boot.php(68): CodeIgniter\Boot::runCodeIgniter(Object(CodeIgniter\CodeIgniter))
#12 C:\xampp\htdocs\e-arsip_ci4\index.php(59): CodeIgniter\Boot::bootWeb(Object(Config\Paths))
#13 {main}

Next CodeIgniter\Database\Exceptions\DatabaseException: No connection could be made because the target machine actively refused it in C:\xampp\htdocs\e-arsip_ci4\system\Database\MySQLi\Connection.php:246
Stack trace:
#0 C:\xampp\htdocs\e-arsip_ci4\system\Database\BaseConnection.php(419): CodeIgniter\Database\MySQLi\Connection->connect(false)
#1 C:\xampp\htdocs\e-arsip_ci4\system\Database\BaseConnection.php(614): CodeIgniter\Database\BaseConnection->initialize()
#2 C:\xampp\htdocs\e-arsip_ci4\system\Database\BaseBuilder.php(1649): CodeIgniter\Database\BaseConnection->query('SELECT *\nFROM `...', Array, false)
#3 C:\xampp\htdocs\e-arsip_ci4\system\Model.php(286): CodeIgniter\Database\BaseBuilder->get()
#4 C:\xampp\htdocs\e-arsip_ci4\system\BaseModel.php(677): CodeIgniter\Model->doFindAll(0, 0)
#5 C:\xampp\htdocs\e-arsip_ci4\app\Controllers\BaseController.php(60): CodeIgniter\BaseModel->findAll()
#6 C:\xampp\htdocs\e-arsip_ci4\system\CodeIgniter.php(904): App\Controllers\BaseController->initController(Object(CodeIgniter\HTTP\IncomingRequest), Object(CodeIgniter\HTTP\Response), Object(CodeIgniter\Log\Logger))
#7 C:\xampp\htdocs\e-arsip_ci4\system\CodeIgniter.php(498): CodeIgniter\CodeIgniter->createController()
#8 C:\xampp\htdocs\e-arsip_ci4\system\CodeIgniter.php(354): CodeIgniter\CodeIgniter->handleRequest(NULL, Object(Config\Cache), false)
#9 C:\xampp\htdocs\e-arsip_ci4\system\Boot.php(363): CodeIgniter\CodeIgniter->run()
#10 C:\xampp\htdocs\e-arsip_ci4\system\Boot.php(68): CodeIgniter\Boot::runCodeIgniter(Object(CodeIgniter\CodeIgniter))
#11 C:\xampp\htdocs\e-arsip_ci4\index.php(59): CodeIgniter\Boot::bootWeb(Object(Config\Paths))
#12 {main}
CRITICAL - 2025-11-08 01:30:29 --> CodeIgniter\Database\Exceptions\DatabaseException: Unable to connect to the database.
Main connection [MySQLi]: No connection could be made because the target machine actively refused it
[Method: GET, Route: bantuan/chat/18/default]
in SYSTEMPATH\Database\BaseConnection.php on line 465.
 1 SYSTEMPATH\Database\BaseConnection.php(614): CodeIgniter\Database\BaseConnection->initialize()
 2 SYSTEMPATH\Database\BaseBuilder.php(1649): CodeIgniter\Database\BaseConnection->query('SELECT *
FROM `tbl_dep`', [], false)
 3 SYSTEMPATH\Model.php(286): CodeIgniter\Database\BaseBuilder->get()
 4 SYSTEMPATH\BaseModel.php(677): CodeIgniter\Model->doFindAll(0, 0)
 5 APPPATH\Controllers\BaseController.php(60): CodeIgniter\BaseModel->findAll()
 6 SYSTEMPATH\CodeIgniter.php(904): App\Controllers\BaseController->initController(Object(CodeIgniter\HTTP\IncomingRequest), Object(CodeIgniter\HTTP\Response), Object(CodeIgniter\Log\Logger))
 7 SYSTEMPATH\CodeIgniter.php(498): CodeIgniter\CodeIgniter->createController()
 8 SYSTEMPATH\CodeIgniter.php(354): CodeIgniter\CodeIgniter->handleRequest(null, Object(Config\Cache), false)
 9 SYSTEMPATH\Boot.php(363): CodeIgniter\CodeIgniter->run()
10 SYSTEMPATH\Boot.php(68): CodeIgniter\Boot::runCodeIgniter(Object(CodeIgniter\CodeIgniter))
11 FCPATH\index.php(59): CodeIgniter\Boot::bootWeb(Object(Config\Paths))
DEBUG - 2025-11-08 01:31:25 --> Session: Class initialized using 'CodeIgniter\Session\Handlers\FileHandler' driver.
ERROR - 2025-11-08 01:31:29 --> Error connecting to the database: mysqli_sql_exception: No connection could be made because the target machine actively refused it in C:\xampp\htdocs\e-arsip_ci4\system\Database\MySQLi\Connection.php:201
Stack trace:
#0 C:\xampp\htdocs\e-arsip_ci4\system\Database\MySQLi\Connection.php(201): mysqli->real_connect('localhost', 'root', Object(SensitiveParameterValue), 'e-arsip_ci4', 3306, '', 0)
#1 C:\xampp\htdocs\e-arsip_ci4\system\Database\BaseConnection.php(419): CodeIgniter\Database\MySQLi\Connection->connect(false)
#2 C:\xampp\htdocs\e-arsip_ci4\system\Database\BaseConnection.php(614): CodeIgniter\Database\BaseConnection->initialize()
#3 C:\xampp\htdocs\e-arsip_ci4\system\Database\BaseBuilder.php(1649): CodeIgniter\Database\BaseConnection->query('SELECT *\nFROM `...', Array, false)
#4 C:\xampp\htdocs\e-arsip_ci4\system\Model.php(286): CodeIgniter\Database\BaseBuilder->get()
#5 C:\xampp\htdocs\e-arsip_ci4\system\BaseModel.php(677): CodeIgniter\Model->doFindAll(0, 0)
#6 C:\xampp\htdocs\e-arsip_ci4\app\Controllers\BaseController.php(60): CodeIgniter\BaseModel->findAll()
#7 C:\xampp\htdocs\e-arsip_ci4\system\CodeIgniter.php(904): App\Controllers\BaseController->initController(Object(CodeIgniter\HTTP\IncomingRequest), Object(CodeIgniter\HTTP\Response), Object(CodeIgniter\Log\Logger))
#8 C:\xampp\htdocs\e-arsip_ci4\system\CodeIgniter.php(498): CodeIgniter\CodeIgniter->createController()
#9 C:\xampp\htdocs\e-arsip_ci4\system\CodeIgniter.php(354): CodeIgniter\CodeIgniter->handleRequest(NULL, Object(Config\Cache), false)
#10 C:\xampp\htdocs\e-arsip_ci4\system\Boot.php(363): CodeIgniter\CodeIgniter->run()
#11 C:\xampp\htdocs\e-arsip_ci4\system\Boot.php(68): CodeIgniter\Boot::runCodeIgniter(Object(CodeIgniter\CodeIgniter))
#12 C:\xampp\htdocs\e-arsip_ci4\index.php(59): CodeIgniter\Boot::bootWeb(Object(Config\Paths))
#13 {main}

Next CodeIgniter\Database\Exceptions\DatabaseException: No connection could be made because the target machine actively refused it in C:\xampp\htdocs\e-arsip_ci4\system\Database\MySQLi\Connection.php:246
Stack trace:
#0 C:\xampp\htdocs\e-arsip_ci4\system\Database\BaseConnection.php(419): CodeIgniter\Database\MySQLi\Connection->connect(false)
#1 C:\xampp\htdocs\e-arsip_ci4\system\Database\BaseConnection.php(614): CodeIgniter\Database\BaseConnection->initialize()
#2 C:\xampp\htdocs\e-arsip_ci4\system\Database\BaseBuilder.php(1649): CodeIgniter\Database\BaseConnection->query('SELECT *\nFROM `...', Array, false)
#3 C:\xampp\htdocs\e-arsip_ci4\system\Model.php(286): CodeIgniter\Database\BaseBuilder->get()
#4 C:\xampp\htdocs\e-arsip_ci4\system\BaseModel.php(677): CodeIgniter\Model->doFindAll(0, 0)
#5 C:\xampp\htdocs\e-arsip_ci4\app\Controllers\BaseController.php(60): CodeIgniter\BaseModel->findAll()
#6 C:\xampp\htdocs\e-arsip_ci4\system\CodeIgniter.php(904): App\Controllers\BaseController->initController(Object(CodeIgniter\HTTP\IncomingRequest), Object(CodeIgniter\HTTP\Response), Object(CodeIgniter\Log\Logger))
#7 C:\xampp\htdocs\e-arsip_ci4\system\CodeIgniter.php(498): CodeIgniter\CodeIgniter->createController()
#8 C:\xampp\htdocs\e-arsip_ci4\system\CodeIgniter.php(354): CodeIgniter\CodeIgniter->handleRequest(NULL, Object(Config\Cache), false)
#9 C:\xampp\htdocs\e-arsip_ci4\system\Boot.php(363): CodeIgniter\CodeIgniter->run()
#10 C:\xampp\htdocs\e-arsip_ci4\system\Boot.php(68): CodeIgniter\Boot::runCodeIgniter(Object(CodeIgniter\CodeIgniter))
#11 C:\xampp\htdocs\e-arsip_ci4\index.php(59): CodeIgniter\Boot::bootWeb(Object(Config\Paths))
#12 {main}
CRITICAL - 2025-11-08 01:31:29 --> CodeIgniter\Database\Exceptions\DatabaseException: Unable to connect to the database.
Main connection [MySQLi]: No connection could be made because the target machine actively refused it
[Method: GET, Route: bantuan/chat/18/default]
in SYSTEMPATH\Database\BaseConnection.php on line 465.
 1 SYSTEMPATH\Database\BaseConnection.php(614): CodeIgniter\Database\BaseConnection->initialize()
 2 SYSTEMPATH\Database\BaseBuilder.php(1649): CodeIgniter\Database\BaseConnection->query('SELECT *
FROM `tbl_dep`', [], false)
 3 SYSTEMPATH\Model.php(286): CodeIgniter\Database\BaseBuilder->get()
 4 SYSTEMPATH\BaseModel.php(677): CodeIgniter\Model->doFindAll(0, 0)
 5 APPPATH\Controllers\BaseController.php(60): CodeIgniter\BaseModel->findAll()
 6 SYSTEMPATH\CodeIgniter.php(904): App\Controllers\BaseController->initController(Object(CodeIgniter\HTTP\IncomingRequest), Object(CodeIgniter\HTTP\Response), Object(CodeIgniter\Log\Logger))
 7 SYSTEMPATH\CodeIgniter.php(498): CodeIgniter\CodeIgniter->createController()
 8 SYSTEMPATH\CodeIgniter.php(354): CodeIgniter\CodeIgniter->handleRequest(null, Object(Config\Cache), false)
 9 SYSTEMPATH\Boot.php(363): CodeIgniter\CodeIgniter->run()
10 SYSTEMPATH\Boot.php(68): CodeIgniter\Boot::runCodeIgniter(Object(CodeIgniter\CodeIgniter))
11 FCPATH\index.php(59): CodeIgniter\Boot::bootWeb(Object(Config\Paths))
DEBUG - 2025-11-08 01:32:25 --> Session: Class initialized using 'CodeIgniter\Session\Handlers\FileHandler' driver.
ERROR - 2025-11-08 01:32:29 --> Error connecting to the database: mysqli_sql_exception: No connection could be made because the target machine actively refused it in C:\xampp\htdocs\e-arsip_ci4\system\Database\MySQLi\Connection.php:201
Stack trace:
#0 C:\xampp\htdocs\e-arsip_ci4\system\Database\MySQLi\Connection.php(201): mysqli->real_connect('localhost', 'root', Object(SensitiveParameterValue), 'e-arsip_ci4', 3306, '', 0)
#1 C:\xampp\htdocs\e-arsip_ci4\system\Database\BaseConnection.php(419): CodeIgniter\Database\MySQLi\Connection->connect(false)
#2 C:\xampp\htdocs\e-arsip_ci4\system\Database\BaseConnection.php(614): CodeIgniter\Database\BaseConnection->initialize()
#3 C:\xampp\htdocs\e-arsip_ci4\system\Database\BaseBuilder.php(1649): CodeIgniter\Database\BaseConnection->query('SELECT *\nFROM `...', Array, false)
#4 C:\xampp\htdocs\e-arsip_ci4\system\Model.php(286): CodeIgniter\Database\BaseBuilder->get()
#5 C:\xampp\htdocs\e-arsip_ci4\system\BaseModel.php(677): CodeIgniter\Model->doFindAll(0, 0)
#6 C:\xampp\htdocs\e-arsip_ci4\app\Controllers\BaseController.php(60): CodeIgniter\BaseModel->findAll()
#7 C:\xampp\htdocs\e-arsip_ci4\system\CodeIgniter.php(904): App\Controllers\BaseController->initController(Object(CodeIgniter\HTTP\IncomingRequest), Object(CodeIgniter\HTTP\Response), Object(CodeIgniter\Log\Logger))
#8 C:\xampp\htdocs\e-arsip_ci4\system\CodeIgniter.php(498): CodeIgniter\CodeIgniter->createController()
#9 C:\xampp\htdocs\e-arsip_ci4\system\CodeIgniter.php(354): CodeIgniter\CodeIgniter->handleRequest(NULL, Object(Config\Cache), false)
#10 C:\xampp\htdocs\e-arsip_ci4\system\Boot.php(363): CodeIgniter\CodeIgniter->run()
#11 C:\xampp\htdocs\e-arsip_ci4\system\Boot.php(68): CodeIgniter\Boot::runCodeIgniter(Object(CodeIgniter\CodeIgniter))
#12 C:\xampp\htdocs\e-arsip_ci4\index.php(59): CodeIgniter\Boot::bootWeb(Object(Config\Paths))
#13 {main}

Next CodeIgniter\Database\Exceptions\DatabaseException: No connection could be made because the target machine actively refused it in C:\xampp\htdocs\e-arsip_ci4\system\Database\MySQLi\Connection.php:246
Stack trace:
#0 C:\xampp\htdocs\e-arsip_ci4\system\Database\BaseConnection.php(419): CodeIgniter\Database\MySQLi\Connection->connect(false)
#1 C:\xampp\htdocs\e-arsip_ci4\system\Database\BaseConnection.php(614): CodeIgniter\Database\BaseConnection->initialize()
#2 C:\xampp\htdocs\e-arsip_ci4\system\Database\BaseBuilder.php(1649): CodeIgniter\Database\BaseConnection->query('SELECT *\nFROM `...', Array, false)
#3 C:\xampp\htdocs\e-arsip_ci4\system\Model.php(286): CodeIgniter\Database\BaseBuilder->get()
#4 C:\xampp\htdocs\e-arsip_ci4\system\BaseModel.php(677): CodeIgniter\Model->doFindAll(0, 0)
#5 C:\xampp\htdocs\e-arsip_ci4\app\Controllers\BaseController.php(60): CodeIgniter\BaseModel->findAll()
#6 C:\xampp\htdocs\e-arsip_ci4\system\CodeIgniter.php(904): App\Controllers\BaseController->initController(Object(CodeIgniter\HTTP\IncomingRequest), Object(CodeIgniter\HTTP\Response), Object(CodeIgniter\Log\Logger))
#7 C:\xampp\htdocs\e-arsip_ci4\system\CodeIgniter.php(498): CodeIgniter\CodeIgniter->createController()
#8 C:\xampp\htdocs\e-arsip_ci4\system\CodeIgniter.php(354): CodeIgniter\CodeIgniter->handleRequest(NULL, Object(Config\Cache), false)
#9 C:\xampp\htdocs\e-arsip_ci4\system\Boot.php(363): CodeIgniter\CodeIgniter->run()
#10 C:\xampp\htdocs\e-arsip_ci4\system\Boot.php(68): CodeIgniter\Boot::runCodeIgniter(Object(CodeIgniter\CodeIgniter))
#11 C:\xampp\htdocs\e-arsip_ci4\index.php(59): CodeIgniter\Boot::bootWeb(Object(Config\Paths))
#12 {main}
CRITICAL - 2025-11-08 01:32:29 --> CodeIgniter\Database\Exceptions\DatabaseException: Unable to connect to the database.
Main connection [MySQLi]: No connection could be made because the target machine actively refused it
[Method: GET, Route: bantuan/chat/18/default]
in SYSTEMPATH\Database\BaseConnection.php on line 465.
 1 SYSTEMPATH\Database\BaseConnection.php(614): CodeIgniter\Database\BaseConnection->initialize()
 2 SYSTEMPATH\Database\BaseBuilder.php(1649): CodeIgniter\Database\BaseConnection->query('SELECT *
FROM `tbl_dep`', [], false)
 3 SYSTEMPATH\Model.php(286): CodeIgniter\Database\BaseBuilder->get()
 4 SYSTEMPATH\BaseModel.php(677): CodeIgniter\Model->doFindAll(0, 0)
 5 APPPATH\Controllers\BaseController.php(60): CodeIgniter\BaseModel->findAll()
 6 SYSTEMPATH\CodeIgniter.php(904): App\Controllers\BaseController->initController(Object(CodeIgniter\HTTP\IncomingRequest), Object(CodeIgniter\HTTP\Response), Object(CodeIgniter\Log\Logger))
 7 SYSTEMPATH\CodeIgniter.php(498): CodeIgniter\CodeIgniter->createController()
 8 SYSTEMPATH\CodeIgniter.php(354): CodeIgniter\CodeIgniter->handleRequest(null, Object(Config\Cache), false)
 9 SYSTEMPATH\Boot.php(363): CodeIgniter\CodeIgniter->run()
10 SYSTEMPATH\Boot.php(68): CodeIgniter\Boot::runCodeIgniter(Object(CodeIgniter\CodeIgniter))
11 FCPATH\index.php(59): CodeIgniter\Boot::bootWeb(Object(Config\Paths))
DEBUG - 2025-11-08 01:32:29 --> Session: Class initialized using 'CodeIgniter\Session\Handlers\FileHandler' driver.
ERROR - 2025-11-08 01:32:33 --> Error connecting to the database: mysqli_sql_exception: No connection could be made because the target machine actively refused it in C:\xampp\htdocs\e-arsip_ci4\system\Database\MySQLi\Connection.php:201
Stack trace:
#0 C:\xampp\htdocs\e-arsip_ci4\system\Database\MySQLi\Connection.php(201): mysqli->real_connect('localhost', 'root', Object(SensitiveParameterValue), 'e-arsip_ci4', 3306, '', 0)
#1 C:\xampp\htdocs\e-arsip_ci4\system\Database\BaseConnection.php(419): CodeIgniter\Database\MySQLi\Connection->connect(false)
#2 C:\xampp\htdocs\e-arsip_ci4\system\Database\BaseConnection.php(614): CodeIgniter\Database\BaseConnection->initialize()
#3 C:\xampp\htdocs\e-arsip_ci4\system\Database\BaseBuilder.php(1649): CodeIgniter\Database\BaseConnection->query('SELECT *\nFROM `...', Array, false)
#4 C:\xampp\htdocs\e-arsip_ci4\system\Model.php(286): CodeIgniter\Database\BaseBuilder->get()
#5 C:\xampp\htdocs\e-arsip_ci4\system\BaseModel.php(677): CodeIgniter\Model->doFindAll(0, 0)
#6 C:\xampp\htdocs\e-arsip_ci4\app\Controllers\BaseController.php(60): CodeIgniter\BaseModel->findAll()
#7 C:\xampp\htdocs\e-arsip_ci4\system\CodeIgniter.php(904): App\Controllers\BaseController->initController(Object(CodeIgniter\HTTP\IncomingRequest), Object(CodeIgniter\HTTP\Response), Object(CodeIgniter\Log\Logger))
#8 C:\xampp\htdocs\e-arsip_ci4\system\CodeIgniter.php(498): CodeIgniter\CodeIgniter->createController()
#9 C:\xampp\htdocs\e-arsip_ci4\system\CodeIgniter.php(354): CodeIgniter\CodeIgniter->handleRequest(NULL, Object(Config\Cache), false)
#10 C:\xampp\htdocs\e-arsip_ci4\system\Boot.php(363): CodeIgniter\CodeIgniter->run()
#11 C:\xampp\htdocs\e-arsip_ci4\system\Boot.php(68): CodeIgniter\Boot::runCodeIgniter(Object(CodeIgniter\CodeIgniter))
#12 C:\xampp\htdocs\e-arsip_ci4\index.php(59): CodeIgniter\Boot::bootWeb(Object(Config\Paths))
#13 {main}

Next CodeIgniter\Database\Exceptions\DatabaseException: No connection could be made because the target machine actively refused it in C:\xampp\htdocs\e-arsip_ci4\system\Database\MySQLi\Connection.php:246
Stack trace:
#0 C:\xampp\htdocs\e-arsip_ci4\system\Database\BaseConnection.php(419): CodeIgniter\Database\MySQLi\Connection->connect(false)
#1 C:\xampp\htdocs\e-arsip_ci4\system\Database\BaseConnection.php(614): CodeIgniter\Database\BaseConnection->initialize()
#2 C:\xampp\htdocs\e-arsip_ci4\system\Database\BaseBuilder.php(1649): CodeIgniter\Database\BaseConnection->query('SELECT *\nFROM `...', Array, false)
#3 C:\xampp\htdocs\e-arsip_ci4\system\Model.php(286): CodeIgniter\Database\BaseBuilder->get()
#4 C:\xampp\htdocs\e-arsip_ci4\system\BaseModel.php(677): CodeIgniter\Model->doFindAll(0, 0)
#5 C:\xampp\htdocs\e-arsip_ci4\app\Controllers\BaseController.php(60): CodeIgniter\BaseModel->findAll()
#6 C:\xampp\htdocs\e-arsip_ci4\system\CodeIgniter.php(904): App\Controllers\BaseController->initController(Object(CodeIgniter\HTTP\IncomingRequest), Object(CodeIgniter\HTTP\Response), Object(CodeIgniter\Log\Logger))
#7 C:\xampp\htdocs\e-arsip_ci4\system\CodeIgniter.php(498): CodeIgniter\CodeIgniter->createController()
#8 C:\xampp\htdocs\e-arsip_ci4\system\CodeIgniter.php(354): CodeIgniter\CodeIgniter->handleRequest(NULL, Object(Config\Cache), false)
#9 C:\xampp\htdocs\e-arsip_ci4\system\Boot.php(363): CodeIgniter\CodeIgniter->run()
#10 C:\xampp\htdocs\e-arsip_ci4\system\Boot.php(68): CodeIgniter\Boot::runCodeIgniter(Object(CodeIgniter\CodeIgniter))
#11 C:\xampp\htdocs\e-arsip_ci4\index.php(59): CodeIgniter\Boot::bootWeb(Object(Config\Paths))
#12 {main}
CRITICAL - 2025-11-08 01:32:33 --> CodeIgniter\Database\Exceptions\DatabaseException: Unable to connect to the database.
Main connection [MySQLi]: No connection could be made because the target machine actively refused it
[Method: GET, Route: bantuan/chat/18/default]
in SYSTEMPATH\Database\BaseConnection.php on line 465.
 1 SYSTEMPATH\Database\BaseConnection.php(614): CodeIgniter\Database\BaseConnection->initialize()
 2 SYSTEMPATH\Database\BaseBuilder.php(1649): CodeIgniter\Database\BaseConnection->query('SELECT *
FROM `tbl_dep`', [], false)
 3 SYSTEMPATH\Model.php(286): CodeIgniter\Database\BaseBuilder->get()
 4 SYSTEMPATH\BaseModel.php(677): CodeIgniter\Model->doFindAll(0, 0)
 5 APPPATH\Controllers\BaseController.php(60): CodeIgniter\BaseModel->findAll()
 6 SYSTEMPATH\CodeIgniter.php(904): App\Controllers\BaseController->initController(Object(CodeIgniter\HTTP\IncomingRequest), Object(CodeIgniter\HTTP\Response), Object(CodeIgniter\Log\Logger))
 7 SYSTEMPATH\CodeIgniter.php(498): CodeIgniter\CodeIgniter->createController()
 8 SYSTEMPATH\CodeIgniter.php(354): CodeIgniter\CodeIgniter->handleRequest(null, Object(Config\Cache), false)
 9 SYSTEMPATH\Boot.php(363): CodeIgniter\CodeIgniter->run()
10 SYSTEMPATH\Boot.php(68): CodeIgniter\Boot::runCodeIgniter(Object(CodeIgniter\CodeIgniter))
11 FCPATH\index.php(59): CodeIgniter\Boot::bootWeb(Object(Config\Paths))
DEBUG - 2025-11-08 01:32:33 --> Session: Class initialized using 'CodeIgniter\Session\Handlers\FileHandler' driver.
ERROR - 2025-11-08 01:32:37 --> Error connecting to the database: mysqli_sql_exception: No connection could be made because the target machine actively refused it in C:\xampp\htdocs\e-arsip_ci4\system\Database\MySQLi\Connection.php:201
Stack trace:
#0 C:\xampp\htdocs\e-arsip_ci4\system\Database\MySQLi\Connection.php(201): mysqli->real_connect('localhost', 'root', Object(SensitiveParameterValue), 'e-arsip_ci4', 3306, '', 0)
#1 C:\xampp\htdocs\e-arsip_ci4\system\Database\BaseConnection.php(419): CodeIgniter\Database\MySQLi\Connection->connect(false)
#2 C:\xampp\htdocs\e-arsip_ci4\system\Database\BaseConnection.php(614): CodeIgniter\Database\BaseConnection->initialize()
#3 C:\xampp\htdocs\e-arsip_ci4\system\Database\BaseBuilder.php(1649): CodeIgniter\Database\BaseConnection->query('SELECT *\nFROM `...', Array, false)
#4 C:\xampp\htdocs\e-arsip_ci4\system\Model.php(286): CodeIgniter\Database\BaseBuilder->get()
#5 C:\xampp\htdocs\e-arsip_ci4\system\BaseModel.php(677): CodeIgniter\Model->doFindAll(0, 0)
#6 C:\xampp\htdocs\e-arsip_ci4\app\Controllers\BaseController.php(60): CodeIgniter\BaseModel->findAll()
#7 C:\xampp\htdocs\e-arsip_ci4\system\CodeIgniter.php(904): App\Controllers\BaseController->initController(Object(CodeIgniter\HTTP\IncomingRequest), Object(CodeIgniter\HTTP\Response), Object(CodeIgniter\Log\Logger))
#8 C:\xampp\htdocs\e-arsip_ci4\system\CodeIgniter.php(498): CodeIgniter\CodeIgniter->createController()
#9 C:\xampp\htdocs\e-arsip_ci4\system\CodeIgniter.php(354): CodeIgniter\CodeIgniter->handleRequest(NULL, Object(Config\Cache), false)
#10 C:\xampp\htdocs\e-arsip_ci4\system\Boot.php(363): CodeIgniter\CodeIgniter->run()
#11 C:\xampp\htdocs\e-arsip_ci4\system\Boot.php(68): CodeIgniter\Boot::runCodeIgniter(Object(CodeIgniter\CodeIgniter))
#12 C:\xampp\htdocs\e-arsip_ci4\index.php(59): CodeIgniter\Boot::bootWeb(Object(Config\Paths))
#13 {main}

Next CodeIgniter\Database\Exceptions\DatabaseException: No connection could be made because the target machine actively refused it in C:\xampp\htdocs\e-arsip_ci4\system\Database\MySQLi\Connection.php:246
Stack trace:
#0 C:\xampp\htdocs\e-arsip_ci4\system\Database\BaseConnection.php(419): CodeIgniter\Database\MySQLi\Connection->connect(false)
#1 C:\xampp\htdocs\e-arsip_ci4\system\Database\BaseConnection.php(614): CodeIgniter\Database\BaseConnection->initialize()
#2 C:\xampp\htdocs\e-arsip_ci4\system\Database\BaseBuilder.php(1649): CodeIgniter\Database\BaseConnection->query('SELECT *\nFROM `...', Array, false)
#3 C:\xampp\htdocs\e-arsip_ci4\system\Model.php(286): CodeIgniter\Database\BaseBuilder->get()
#4 C:\xampp\htdocs\e-arsip_ci4\system\BaseModel.php(677): CodeIgniter\Model->doFindAll(0, 0)
#5 C:\xampp\htdocs\e-arsip_ci4\app\Controllers\BaseController.php(60): CodeIgniter\BaseModel->findAll()
#6 C:\xampp\htdocs\e-arsip_ci4\system\CodeIgniter.php(904): App\Controllers\BaseController->initController(Object(CodeIgniter\HTTP\IncomingRequest), Object(CodeIgniter\HTTP\Response), Object(CodeIgniter\Log\Logger))
#7 C:\xampp\htdocs\e-arsip_ci4\system\CodeIgniter.php(498): CodeIgniter\CodeIgniter->createController()
#8 C:\xampp\htdocs\e-arsip_ci4\system\CodeIgniter.php(354): CodeIgniter\CodeIgniter->handleRequest(NULL, Object(Config\Cache), false)
#9 C:\xampp\htdocs\e-arsip_ci4\system\Boot.php(363): CodeIgniter\CodeIgniter->run()
#10 C:\xampp\htdocs\e-arsip_ci4\system\Boot.php(68): CodeIgniter\Boot::runCodeIgniter(Object(CodeIgniter\CodeIgniter))
#11 C:\xampp\htdocs\e-arsip_ci4\index.php(59): CodeIgniter\Boot::bootWeb(Object(Config\Paths))
#12 {main}
CRITICAL - 2025-11-08 01:32:37 --> CodeIgniter\Database\Exceptions\DatabaseException: Unable to connect to the database.
Main connection [MySQLi]: No connection could be made because the target machine actively refused it
[Method: GET, Route: auth/logout]
in SYSTEMPATH\Database\BaseConnection.php on line 465.
 1 SYSTEMPATH\Database\BaseConnection.php(614): CodeIgniter\Database\BaseConnection->initialize()
 2 SYSTEMPATH\Database\BaseBuilder.php(1649): CodeIgniter\Database\BaseConnection->query('SELECT *
FROM `tbl_dep`', [], false)
 3 SYSTEMPATH\Model.php(286): CodeIgniter\Database\BaseBuilder->get()
 4 SYSTEMPATH\BaseModel.php(677): CodeIgniter\Model->doFindAll(0, 0)
 5 APPPATH\Controllers\BaseController.php(60): CodeIgniter\BaseModel->findAll()
 6 SYSTEMPATH\CodeIgniter.php(904): App\Controllers\BaseController->initController(Object(CodeIgniter\HTTP\IncomingRequest), Object(CodeIgniter\HTTP\Response), Object(CodeIgniter\Log\Logger))
 7 SYSTEMPATH\CodeIgniter.php(498): CodeIgniter\CodeIgniter->createController()
 8 SYSTEMPATH\CodeIgniter.php(354): CodeIgniter\CodeIgniter->handleRequest(null, Object(Config\Cache), false)
 9 SYSTEMPATH\Boot.php(363): CodeIgniter\CodeIgniter->run()
10 SYSTEMPATH\Boot.php(68): CodeIgniter\Boot::runCodeIgniter(Object(CodeIgniter\CodeIgniter))
11 FCPATH\index.php(59): CodeIgniter\Boot::bootWeb(Object(Config\Paths))
ERROR - 2025-11-08 01:32:37 --> Error connecting to the database: mysqli_sql_exception: No connection could be made because the target machine actively refused it in C:\xampp\htdocs\e-arsip_ci4\system\Database\MySQLi\Connection.php:201
Stack trace:
#0 C:\xampp\htdocs\e-arsip_ci4\system\Database\MySQLi\Connection.php(201): mysqli->real_connect('localhost', 'root', Object(SensitiveParameterValue), 'e-arsip_ci4', 3306, '', 0)
#1 C:\xampp\htdocs\e-arsip_ci4\system\Database\BaseConnection.php(419): CodeIgniter\Database\MySQLi\Connection->connect(false)
#2 C:\xampp\htdocs\e-arsip_ci4\system\Database\BaseConnection.php(614): CodeIgniter\Database\BaseConnection->initialize()
#3 C:\xampp\htdocs\e-arsip_ci4\system\Database\BaseBuilder.php(1649): CodeIgniter\Database\BaseConnection->query('SELECT *\nFROM `...', Array, false)
#4 C:\xampp\htdocs\e-arsip_ci4\system\Model.php(286): CodeIgniter\Database\BaseBuilder->get()
#5 C:\xampp\htdocs\e-arsip_ci4\system\BaseModel.php(677): CodeIgniter\Model->doFindAll(0, 0)
#6 C:\xampp\htdocs\e-arsip_ci4\app\Controllers\BaseController.php(60): CodeIgniter\BaseModel->findAll()
#7 C:\xampp\htdocs\e-arsip_ci4\system\CodeIgniter.php(904): App\Controllers\BaseController->initController(Object(CodeIgniter\HTTP\IncomingRequest), Object(CodeIgniter\HTTP\Response), Object(CodeIgniter\Log\Logger))
#8 C:\xampp\htdocs\e-arsip_ci4\system\CodeIgniter.php(498): CodeIgniter\CodeIgniter->createController()
#9 C:\xampp\htdocs\e-arsip_ci4\system\CodeIgniter.php(354): CodeIgniter\CodeIgniter->handleRequest(NULL, Object(Config\Cache), false)
#10 C:\xampp\htdocs\e-arsip_ci4\system\Boot.php(363): CodeIgniter\CodeIgniter->run()
#11 C:\xampp\htdocs\e-arsip_ci4\system\Boot.php(68): CodeIgniter\Boot::runCodeIgniter(Object(CodeIgniter\CodeIgniter))
#12 C:\xampp\htdocs\e-arsip_ci4\index.php(59): CodeIgniter\Boot::bootWeb(Object(Config\Paths))
#13 {main}

Next CodeIgniter\Database\Exceptions\DatabaseException: No connection could be made because the target machine actively refused it in C:\xampp\htdocs\e-arsip_ci4\system\Database\MySQLi\Connection.php:246
Stack trace:
#0 C:\xampp\htdocs\e-arsip_ci4\system\Database\BaseConnection.php(419): CodeIgniter\Database\MySQLi\Connection->connect(false)
#1 C:\xampp\htdocs\e-arsip_ci4\system\Database\BaseConnection.php(614): CodeIgniter\Database\BaseConnection->initialize()
#2 C:\xampp\htdocs\e-arsip_ci4\system\Database\BaseBuilder.php(1649): CodeIgniter\Database\BaseConnection->query('SELECT *\nFROM `...', Array, false)
#3 C:\xampp\htdocs\e-arsip_ci4\system\Model.php(286): CodeIgniter\Database\BaseBuilder->get()
#4 C:\xampp\htdocs\e-arsip_ci4\system\BaseModel.php(677): CodeIgniter\Model->doFindAll(0, 0)
#5 C:\xampp\htdocs\e-arsip_ci4\app\Controllers\BaseController.php(60): CodeIgniter\BaseModel->findAll()
#6 C:\xampp\htdocs\e-arsip_ci4\system\CodeIgniter.php(904): App\Controllers\BaseController->initController(Object(CodeIgniter\HTTP\IncomingRequest), Object(CodeIgniter\HTTP\Response), Object(CodeIgniter\Log\Logger))
#7 C:\xampp\htdocs\e-arsip_ci4\system\CodeIgniter.php(498): CodeIgniter\CodeIgniter->createController()
#8 C:\xampp\htdocs\e-arsip_ci4\system\CodeIgniter.php(354): CodeIgniter\CodeIgniter->handleRequest(NULL, Object(Config\Cache), false)
#9 C:\xampp\htdocs\e-arsip_ci4\system\Boot.php(363): CodeIgniter\CodeIgniter->run()
#10 C:\xampp\htdocs\e-arsip_ci4\system\Boot.php(68): CodeIgniter\Boot::runCodeIgniter(Object(CodeIgniter\CodeIgniter))
#11 C:\xampp\htdocs\e-arsip_ci4\index.php(59): CodeIgniter\Boot::bootWeb(Object(Config\Paths))
#12 {main}
CRITICAL - 2025-11-08 01:32:37 --> CodeIgniter\Database\Exceptions\DatabaseException: Unable to connect to the database.
Main connection [MySQLi]: No connection could be made because the target machine actively refused it
[Method: GET, Route: bantuan/chat/18/default]
in SYSTEMPATH\Database\BaseConnection.php on line 465.
 1 SYSTEMPATH\Database\BaseConnection.php(614): CodeIgniter\Database\BaseConnection->initialize()
 2 SYSTEMPATH\Database\BaseBuilder.php(1649): CodeIgniter\Database\BaseConnection->query('SELECT *
FROM `tbl_dep`', [], false)
 3 SYSTEMPATH\Model.php(286): CodeIgniter\Database\BaseBuilder->get()
 4 SYSTEMPATH\BaseModel.php(677): CodeIgniter\Model->doFindAll(0, 0)
 5 APPPATH\Controllers\BaseController.php(60): CodeIgniter\BaseModel->findAll()
 6 SYSTEMPATH\CodeIgniter.php(904): App\Controllers\BaseController->initController(Object(CodeIgniter\HTTP\IncomingRequest), Object(CodeIgniter\HTTP\Response), Object(CodeIgniter\Log\Logger))
 7 SYSTEMPATH\CodeIgniter.php(498): CodeIgniter\CodeIgniter->createController()
 8 SYSTEMPATH\CodeIgniter.php(354): CodeIgniter\CodeIgniter->handleRequest(null, Object(Config\Cache), false)
 9 SYSTEMPATH\Boot.php(363): CodeIgniter\CodeIgniter->run()
10 SYSTEMPATH\Boot.php(68): CodeIgniter\Boot::runCodeIgniter(Object(CodeIgniter\CodeIgniter))
11 FCPATH\index.php(59): CodeIgniter\Boot::bootWeb(Object(Config\Paths))
DEBUG - 2025-11-08 01:32:43 --> Session: Class initialized using 'CodeIgniter\Session\Handlers\FileHandler' driver.
ERROR - 2025-11-08 01:32:47 --> Error connecting to the database: mysqli_sql_exception: No connection could be made because the target machine actively refused it in C:\xampp\htdocs\e-arsip_ci4\system\Database\MySQLi\Connection.php:201
Stack trace:
#0 C:\xampp\htdocs\e-arsip_ci4\system\Database\MySQLi\Connection.php(201): mysqli->real_connect('localhost', 'root', Object(SensitiveParameterValue), 'e-arsip_ci4', 3306, '', 0)
#1 C:\xampp\htdocs\e-arsip_ci4\system\Database\BaseConnection.php(419): CodeIgniter\Database\MySQLi\Connection->connect(false)
#2 C:\xampp\htdocs\e-arsip_ci4\system\Database\BaseConnection.php(614): CodeIgniter\Database\BaseConnection->initialize()
#3 C:\xampp\htdocs\e-arsip_ci4\system\Database\BaseBuilder.php(1649): CodeIgniter\Database\BaseConnection->query('SELECT *\nFROM `...', Array, false)
#4 C:\xampp\htdocs\e-arsip_ci4\system\Model.php(286): CodeIgniter\Database\BaseBuilder->get()
#5 C:\xampp\htdocs\e-arsip_ci4\system\BaseModel.php(677): CodeIgniter\Model->doFindAll(0, 0)
#6 C:\xampp\htdocs\e-arsip_ci4\app\Controllers\BaseController.php(60): CodeIgniter\BaseModel->findAll()
#7 C:\xampp\htdocs\e-arsip_ci4\system\CodeIgniter.php(904): App\Controllers\BaseController->initController(Object(CodeIgniter\HTTP\IncomingRequest), Object(CodeIgniter\HTTP\Response), Object(CodeIgniter\Log\Logger))
#8 C:\xampp\htdocs\e-arsip_ci4\system\CodeIgniter.php(498): CodeIgniter\CodeIgniter->createController()
#9 C:\xampp\htdocs\e-arsip_ci4\system\CodeIgniter.php(354): CodeIgniter\CodeIgniter->handleRequest(NULL, Object(Config\Cache), false)
#10 C:\xampp\htdocs\e-arsip_ci4\system\Boot.php(363): CodeIgniter\CodeIgniter->run()
#11 C:\xampp\htdocs\e-arsip_ci4\system\Boot.php(68): CodeIgniter\Boot::runCodeIgniter(Object(CodeIgniter\CodeIgniter))
#12 C:\xampp\htdocs\e-arsip_ci4\index.php(59): CodeIgniter\Boot::bootWeb(Object(Config\Paths))
#13 {main}

Next CodeIgniter\Database\Exceptions\DatabaseException: No connection could be made because the target machine actively refused it in C:\xampp\htdocs\e-arsip_ci4\system\Database\MySQLi\Connection.php:246
Stack trace:
#0 C:\xampp\htdocs\e-arsip_ci4\system\Database\BaseConnection.php(419): CodeIgniter\Database\MySQLi\Connection->connect(false)
#1 C:\xampp\htdocs\e-arsip_ci4\system\Database\BaseConnection.php(614): CodeIgniter\Database\BaseConnection->initialize()
#2 C:\xampp\htdocs\e-arsip_ci4\system\Database\BaseBuilder.php(1649): CodeIgniter\Database\BaseConnection->query('SELECT *\nFROM `...', Array, false)
#3 C:\xampp\htdocs\e-arsip_ci4\system\Model.php(286): CodeIgniter\Database\BaseBuilder->get()
#4 C:\xampp\htdocs\e-arsip_ci4\system\BaseModel.php(677): CodeIgniter\Model->doFindAll(0, 0)
#5 C:\xampp\htdocs\e-arsip_ci4\app\Controllers\BaseController.php(60): CodeIgniter\BaseModel->findAll()
#6 C:\xampp\htdocs\e-arsip_ci4\system\CodeIgniter.php(904): App\Controllers\BaseController->initController(Object(CodeIgniter\HTTP\IncomingRequest), Object(CodeIgniter\HTTP\Response), Object(CodeIgniter\Log\Logger))
#7 C:\xampp\htdocs\e-arsip_ci4\system\CodeIgniter.php(498): CodeIgniter\CodeIgniter->createController()
#8 C:\xampp\htdocs\e-arsip_ci4\system\CodeIgniter.php(354): CodeIgniter\CodeIgniter->handleRequest(NULL, Object(Config\Cache), false)
#9 C:\xampp\htdocs\e-arsip_ci4\system\Boot.php(363): CodeIgniter\CodeIgniter->run()
#10 C:\xampp\htdocs\e-arsip_ci4\system\Boot.php(68): CodeIgniter\Boot::runCodeIgniter(Object(CodeIgniter\CodeIgniter))
#11 C:\xampp\htdocs\e-arsip_ci4\index.php(59): CodeIgniter\Boot::bootWeb(Object(Config\Paths))
#12 {main}
CRITICAL - 2025-11-08 01:32:47 --> CodeIgniter\Database\Exceptions\DatabaseException: Unable to connect to the database.
Main connection [MySQLi]: No connection could be made because the target machine actively refused it
[Method: GET, Route: bantuan/chat/18/default]
in SYSTEMPATH\Database\BaseConnection.php on line 465.
 1 SYSTEMPATH\Database\BaseConnection.php(614): CodeIgniter\Database\BaseConnection->initialize()
 2 SYSTEMPATH\Database\BaseBuilder.php(1649): CodeIgniter\Database\BaseConnection->query('SELECT *
FROM `tbl_dep`', [], false)
 3 SYSTEMPATH\Model.php(286): CodeIgniter\Database\BaseBuilder->get()
 4 SYSTEMPATH\BaseModel.php(677): CodeIgniter\Model->doFindAll(0, 0)
 5 APPPATH\Controllers\BaseController.php(60): CodeIgniter\BaseModel->findAll()
 6 SYSTEMPATH\CodeIgniter.php(904): App\Controllers\BaseController->initController(Object(CodeIgniter\HTTP\IncomingRequest), Object(CodeIgniter\HTTP\Response), Object(CodeIgniter\Log\Logger))
 7 SYSTEMPATH\CodeIgniter.php(498): CodeIgniter\CodeIgniter->createController()
 8 SYSTEMPATH\CodeIgniter.php(354): CodeIgniter\CodeIgniter->handleRequest(null, Object(Config\Cache), false)
 9 SYSTEMPATH\Boot.php(363): CodeIgniter\CodeIgniter->run()
10 SYSTEMPATH\Boot.php(68): CodeIgniter\Boot::runCodeIgniter(Object(CodeIgniter\CodeIgniter))
11 FCPATH\index.php(59): CodeIgniter\Boot::bootWeb(Object(Config\Paths))
ERROR - 2025-11-08 01:32:51 --> Error connecting to the database: mysqli_sql_exception: No connection could be made because the target machine actively refused it in C:\xampp\htdocs\e-arsip_ci4\system\Database\MySQLi\Connection.php:201
Stack trace:
#0 C:\xampp\htdocs\e-arsip_ci4\system\Database\MySQLi\Connection.php(201): mysqli->real_connect('localhost', 'root', Object(SensitiveParameterValue), 'e-arsip_ci4', 3306, '', 0)
#1 C:\xampp\htdocs\e-arsip_ci4\system\Database\BaseConnection.php(419): CodeIgniter\Database\MySQLi\Connection->connect(false)
#2 C:\xampp\htdocs\e-arsip_ci4\system\Database\BaseConnection.php(614): CodeIgniter\Database\BaseConnection->initialize()
#3 C:\xampp\htdocs\e-arsip_ci4\system\Database\BaseBuilder.php(1649): CodeIgniter\Database\BaseConnection->query('SELECT *\nFROM `...', Array, false)
#4 C:\xampp\htdocs\e-arsip_ci4\system\Model.php(286): CodeIgniter\Database\BaseBuilder->get()
#5 C:\xampp\htdocs\e-arsip_ci4\system\BaseModel.php(677): CodeIgniter\Model->doFindAll(0, 0)
#6 C:\xampp\htdocs\e-arsip_ci4\app\Controllers\BaseController.php(60): CodeIgniter\BaseModel->findAll()
#7 C:\xampp\htdocs\e-arsip_ci4\system\CodeIgniter.php(904): App\Controllers\BaseController->initController(Object(CodeIgniter\HTTP\IncomingRequest), Object(CodeIgniter\HTTP\Response), Object(CodeIgniter\Log\Logger))
#8 C:\xampp\htdocs\e-arsip_ci4\system\CodeIgniter.php(498): CodeIgniter\CodeIgniter->createController()
#9 C:\xampp\htdocs\e-arsip_ci4\system\CodeIgniter.php(354): CodeIgniter\CodeIgniter->handleRequest(NULL, Object(Config\Cache), false)
#10 C:\xampp\htdocs\e-arsip_ci4\system\Boot.php(363): CodeIgniter\CodeIgniter->run()
#11 C:\xampp\htdocs\e-arsip_ci4\system\Boot.php(68): CodeIgniter\Boot::runCodeIgniter(Object(CodeIgniter\CodeIgniter))
#12 C:\xampp\htdocs\e-arsip_ci4\index.php(59): CodeIgniter\Boot::bootWeb(Object(Config\Paths))
#13 {main}

Next CodeIgniter\Database\Exceptions\DatabaseException: No connection could be made because the target machine actively refused it in C:\xampp\htdocs\e-arsip_ci4\system\Database\MySQLi\Connection.php:246
Stack trace:
#0 C:\xampp\htdocs\e-arsip_ci4\system\Database\BaseConnection.php(419): CodeIgniter\Database\MySQLi\Connection->connect(false)
#1 C:\xampp\htdocs\e-arsip_ci4\system\Database\BaseConnection.php(614): CodeIgniter\Database\BaseConnection->initialize()
#2 C:\xampp\htdocs\e-arsip_ci4\system\Database\BaseBuilder.php(1649): CodeIgniter\Database\BaseConnection->query('SELECT *\nFROM `...', Array, false)
#3 C:\xampp\htdocs\e-arsip_ci4\system\Model.php(286): CodeIgniter\Database\BaseBuilder->get()
#4 C:\xampp\htdocs\e-arsip_ci4\system\BaseModel.php(677): CodeIgniter\Model->doFindAll(0, 0)
#5 C:\xampp\htdocs\e-arsip_ci4\app\Controllers\BaseController.php(60): CodeIgniter\BaseModel->findAll()
#6 C:\xampp\htdocs\e-arsip_ci4\system\CodeIgniter.php(904): App\Controllers\BaseController->initController(Object(CodeIgniter\HTTP\IncomingRequest), Object(CodeIgniter\HTTP\Response), Object(CodeIgniter\Log\Logger))
#7 C:\xampp\htdocs\e-arsip_ci4\system\CodeIgniter.php(498): CodeIgniter\CodeIgniter->createController()
#8 C:\xampp\htdocs\e-arsip_ci4\system\CodeIgniter.php(354): CodeIgniter\CodeIgniter->handleRequest(NULL, Object(Config\Cache), false)
#9 C:\xampp\htdocs\e-arsip_ci4\system\Boot.php(363): CodeIgniter\CodeIgniter->run()
#10 C:\xampp\htdocs\e-arsip_ci4\system\Boot.php(68): CodeIgniter\Boot::runCodeIgniter(Object(CodeIgniter\CodeIgniter))
#11 C:\xampp\htdocs\e-arsip_ci4\index.php(59): CodeIgniter\Boot::bootWeb(Object(Config\Paths))
#12 {main}
CRITICAL - 2025-11-08 01:32:51 --> CodeIgniter\Database\Exceptions\DatabaseException: Unable to connect to the database.
Main connection [MySQLi]: No connection could be made because the target machine actively refused it
[Method: GET, Route: auth/logout]
in SYSTEMPATH\Database\BaseConnection.php on line 465.
 1 SYSTEMPATH\Database\BaseConnection.php(614): CodeIgniter\Database\BaseConnection->initialize()
 2 SYSTEMPATH\Database\BaseBuilder.php(1649): CodeIgniter\Database\BaseConnection->query('SELECT *
FROM `tbl_dep`', [], false)
 3 SYSTEMPATH\Model.php(286): CodeIgniter\Database\BaseBuilder->get()
 4 SYSTEMPATH\BaseModel.php(677): CodeIgniter\Model->doFindAll(0, 0)
 5 APPPATH\Controllers\BaseController.php(60): CodeIgniter\BaseModel->findAll()
 6 SYSTEMPATH\CodeIgniter.php(904): App\Controllers\BaseController->initController(Object(CodeIgniter\HTTP\IncomingRequest), Object(CodeIgniter\HTTP\Response), Object(CodeIgniter\Log\Logger))
 7 SYSTEMPATH\CodeIgniter.php(498): CodeIgniter\CodeIgniter->createController()
 8 SYSTEMPATH\CodeIgniter.php(354): CodeIgniter\CodeIgniter->handleRequest(null, Object(Config\Cache), false)
 9 SYSTEMPATH\Boot.php(363): CodeIgniter\CodeIgniter->run()
10 SYSTEMPATH\Boot.php(68): CodeIgniter\Boot::runCodeIgniter(Object(CodeIgniter\CodeIgniter))
11 FCPATH\index.php(59): CodeIgniter\Boot::bootWeb(Object(Config\Paths))
ERROR - 2025-11-08 01:32:56 --> Error connecting to the database: mysqli_sql_exception: No connection could be made because the target machine actively refused it in C:\xampp\htdocs\e-arsip_ci4\system\Database\MySQLi\Connection.php:201
Stack trace:
#0 C:\xampp\htdocs\e-arsip_ci4\system\Database\MySQLi\Connection.php(201): mysqli->real_connect('localhost', 'root', Object(SensitiveParameterValue), 'e-arsip_ci4', 3306, '', 0)
#1 C:\xampp\htdocs\e-arsip_ci4\system\Database\BaseConnection.php(419): CodeIgniter\Database\MySQLi\Connection->connect(false)
#2 C:\xampp\htdocs\e-arsip_ci4\system\Database\BaseConnection.php(614): CodeIgniter\Database\BaseConnection->initialize()
#3 C:\xampp\htdocs\e-arsip_ci4\system\Database\BaseBuilder.php(1649): CodeIgniter\Database\BaseConnection->query('SELECT *\nFROM `...', Array, false)
#4 C:\xampp\htdocs\e-arsip_ci4\system\Model.php(286): CodeIgniter\Database\BaseBuilder->get()
#5 C:\xampp\htdocs\e-arsip_ci4\system\BaseModel.php(677): CodeIgniter\Model->doFindAll(0, 0)
#6 C:\xampp\htdocs\e-arsip_ci4\app\Controllers\BaseController.php(60): CodeIgniter\BaseModel->findAll()
#7 C:\xampp\htdocs\e-arsip_ci4\system\CodeIgniter.php(904): App\Controllers\BaseController->initController(Object(CodeIgniter\HTTP\IncomingRequest), Object(CodeIgniter\HTTP\Response), Object(CodeIgniter\Log\Logger))
#8 C:\xampp\htdocs\e-arsip_ci4\system\CodeIgniter.php(498): CodeIgniter\CodeIgniter->createController()
#9 C:\xampp\htdocs\e-arsip_ci4\system\CodeIgniter.php(354): CodeIgniter\CodeIgniter->handleRequest(NULL, Object(Config\Cache), false)
#10 C:\xampp\htdocs\e-arsip_ci4\system\Boot.php(363): CodeIgniter\CodeIgniter->run()
#11 C:\xampp\htdocs\e-arsip_ci4\system\Boot.php(68): CodeIgniter\Boot::runCodeIgniter(Object(CodeIgniter\CodeIgniter))
#12 C:\xampp\htdocs\e-arsip_ci4\index.php(59): CodeIgniter\Boot::bootWeb(Object(Config\Paths))
#13 {main}

Next CodeIgniter\Database\Exceptions\DatabaseException: No connection could be made because the target machine actively refused it in C:\xampp\htdocs\e-arsip_ci4\system\Database\MySQLi\Connection.php:246
Stack trace:
#0 C:\xampp\htdocs\e-arsip_ci4\system\Database\BaseConnection.php(419): CodeIgniter\Database\MySQLi\Connection->connect(false)
#1 C:\xampp\htdocs\e-arsip_ci4\system\Database\BaseConnection.php(614): CodeIgniter\Database\BaseConnection->initialize()
#2 C:\xampp\htdocs\e-arsip_ci4\system\Database\BaseBuilder.php(1649): CodeIgniter\Database\BaseConnection->query('SELECT *\nFROM `...', Array, false)
#3 C:\xampp\htdocs\e-arsip_ci4\system\Model.php(286): CodeIgniter\Database\BaseBuilder->get()
#4 C:\xampp\htdocs\e-arsip_ci4\system\BaseModel.php(677): CodeIgniter\Model->doFindAll(0, 0)
#5 C:\xampp\htdocs\e-arsip_ci4\app\Controllers\BaseController.php(60): CodeIgniter\BaseModel->findAll()
#6 C:\xampp\htdocs\e-arsip_ci4\system\CodeIgniter.php(904): App\Controllers\BaseController->initController(Object(CodeIgniter\HTTP\IncomingRequest), Object(CodeIgniter\HTTP\Response), Object(CodeIgniter\Log\Logger))
#7 C:\xampp\htdocs\e-arsip_ci4\system\CodeIgniter.php(498): CodeIgniter\CodeIgniter->createController()
#8 C:\xampp\htdocs\e-arsip_ci4\system\CodeIgniter.php(354): CodeIgniter\CodeIgniter->handleRequest(NULL, Object(Config\Cache), false)
#9 C:\xampp\htdocs\e-arsip_ci4\system\Boot.php(363): CodeIgniter\CodeIgniter->run()
#10 C:\xampp\htdocs\e-arsip_ci4\system\Boot.php(68): CodeIgniter\Boot::runCodeIgniter(Object(CodeIgniter\CodeIgniter))
#11 C:\xampp\htdocs\e-arsip_ci4\index.php(59): CodeIgniter\Boot::bootWeb(Object(Config\Paths))
#12 {main}
CRITICAL - 2025-11-08 01:32:56 --> CodeIgniter\Database\Exceptions\DatabaseException: Unable to connect to the database.
Main connection [MySQLi]: No connection could be made because the target machine actively refused it
[Method: GET, Route: /]
in SYSTEMPATH\Database\BaseConnection.php on line 465.
 1 SYSTEMPATH\Database\BaseConnection.php(614): CodeIgniter\Database\BaseConnection->initialize()
 2 SYSTEMPATH\Database\BaseBuilder.php(1649): CodeIgniter\Database\BaseConnection->query('SELECT *
FROM `tbl_dep`', [], false)
 3 SYSTEMPATH\Model.php(286): CodeIgniter\Database\BaseBuilder->get()
 4 SYSTEMPATH\BaseModel.php(677): CodeIgniter\Model->doFindAll(0, 0)
 5 APPPATH\Controllers\BaseController.php(60): CodeIgniter\BaseModel->findAll()
 6 SYSTEMPATH\CodeIgniter.php(904): App\Controllers\BaseController->initController(Object(CodeIgniter\HTTP\IncomingRequest), Object(CodeIgniter\HTTP\Response), Object(CodeIgniter\Log\Logger))
 7 SYSTEMPATH\CodeIgniter.php(498): CodeIgniter\CodeIgniter->createController()
 8 SYSTEMPATH\CodeIgniter.php(354): CodeIgniter\CodeIgniter->handleRequest(null, Object(Config\Cache), false)
 9 SYSTEMPATH\Boot.php(363): CodeIgniter\CodeIgniter->run()
10 SYSTEMPATH\Boot.php(68): CodeIgniter\Boot::runCodeIgniter(Object(CodeIgniter\CodeIgniter))
11 FCPATH\index.php(59): CodeIgniter\Boot::bootWeb(Object(Config\Paths))
DEBUG - 2025-11-08 01:33:13 --> Session: Class initialized using 'CodeIgniter\Session\Handlers\FileHandler' driver.
DEBUG - 2025-11-08 01:33:13 --> Session: Class initialized using 'CodeIgniter\Session\Handlers\FileHandler' driver.
DEBUG - 2025-11-08 01:33:29 --> Session: Class initialized using 'CodeIgniter\Session\Handlers\FileHandler' driver.
DEBUG - 2025-11-08 01:33:29 --> Session: Class initialized using 'CodeIgniter\Session\Handlers\FileHandler' driver.
DEBUG - 2025-11-08 01:34:12 --> Session: Class initialized using 'CodeIgniter\Session\Handlers\FileHandler' driver.
DEBUG - 2025-11-08 01:34:14 --> Session: Class initialized using 'CodeIgniter\Session\Handlers\FileHandler' driver.
DEBUG - 2025-11-08 01:34:15 --> Session: Class initialized using 'CodeIgniter\Session\Handlers\FileHandler' driver.
WARNING - 2025-11-08 01:34:15 --> [DEPRECATED] Optional parameter $filters declared before required parameter $id_dep is implicitly treated as a required parameter in APPPATH\Models\Model_arsip.php on line 303.
 1 SYSTEMPATH\Autoloader\Autoloader.php(315): include_once('C:\\xampp\\htdocs\\e-arsip_ci4\\system\\Debug\\Exceptions.php')
 2 SYSTEMPATH\Autoloader\Autoloader.php(295): CodeIgniter\Autoloader\Autoloader->includeFile('C:\\xampp\\htdocs\\e-arsip_ci4\\app\\Models\\Model_arsip.php')
 3 SYSTEMPATH\Autoloader\Autoloader.php(271): CodeIgniter\Autoloader\Autoloader->loadInNamespace('App\\Models\\Model_arsip')
 4 APPPATH\Controllers\Cari.php(20): CodeIgniter\Autoloader\Autoloader->loadClass('App\\Models\\Model_arsip')
 5 SYSTEMPATH\CodeIgniter.php(903): App\Controllers\Cari->__construct()
 6 SYSTEMPATH\CodeIgniter.php(498): CodeIgniter\CodeIgniter->createController()
 7 SYSTEMPATH\CodeIgniter.php(354): CodeIgniter\CodeIgniter->handleRequest(null, Object(Config\Cache), false)
 8 SYSTEMPATH\Boot.php(363): CodeIgniter\CodeIgniter->run()
 9 SYSTEMPATH\Boot.php(68): CodeIgniter\Boot::runCodeIgniter(Object(CodeIgniter\CodeIgniter))
10 FCPATH\index.php(59): CodeIgniter\Boot::bootWeb(Object(Config\Paths))
DEBUG - 2025-11-08 01:34:15 --> Session: Class initialized using 'CodeIgniter\Session\Handlers\FileHandler' driver.
DEBUG - 2025-11-08 01:34:19 --> Session: Class initialized using 'CodeIgniter\Session\Handlers\FileHandler' driver.
DEBUG - 2025-11-08 01:34:32 --> Session: Class initialized using 'CodeIgniter\Session\Handlers\FileHandler' driver.
DEBUG - 2025-11-08 01:34:33 --> Session: Class initialized using 'CodeIgniter\Session\Handlers\FileHandler' driver.
WARNING - 2025-11-08 01:34:33 --> [DEPRECATED] Optional parameter $filters declared before required parameter $id_dep is implicitly treated as a required parameter in APPPATH\Models\Model_arsip.php on line 303.
 1 SYSTEMPATH\Autoloader\Autoloader.php(315): include_once('C:\\xampp\\htdocs\\e-arsip_ci4\\system\\Debug\\Exceptions.php')
 2 SYSTEMPATH\Autoloader\Autoloader.php(295): CodeIgniter\Autoloader\Autoloader->includeFile('C:\\xampp\\htdocs\\e-arsip_ci4\\app\\Models\\Model_arsip.php')
 3 SYSTEMPATH\Autoloader\Autoloader.php(271): CodeIgniter\Autoloader\Autoloader->loadInNamespace('App\\Models\\Model_arsip')
 4 APPPATH\Controllers\Home.php(23): CodeIgniter\Autoloader\Autoloader->loadClass('App\\Models\\Model_arsip')
 5 SYSTEMPATH\CodeIgniter.php(903): App\Controllers\Home->__construct()
 6 SYSTEMPATH\CodeIgniter.php(498): CodeIgniter\CodeIgniter->createController()
 7 SYSTEMPATH\CodeIgniter.php(354): CodeIgniter\CodeIgniter->handleRequest(null, Object(Config\Cache), false)
 8 SYSTEMPATH\Boot.php(363): CodeIgniter\CodeIgniter->run()
 9 SYSTEMPATH\Boot.php(68): CodeIgniter\Boot::runCodeIgniter(Object(CodeIgniter\CodeIgniter))
10 FCPATH\index.php(59): CodeIgniter\Boot::bootWeb(Object(Config\Paths))
DEBUG - 2025-11-08 01:34:35 --> Session: Class initialized using 'CodeIgniter\Session\Handlers\FileHandler' driver.
WARNING - 2025-11-08 01:34:35 --> [DEPRECATED] Optional parameter $filters declared before required parameter $id_dep is implicitly treated as a required parameter in APPPATH\Models\Model_arsip.php on line 303.
 1 SYSTEMPATH\Autoloader\Autoloader.php(315): include_once('C:\\xampp\\htdocs\\e-arsip_ci4\\system\\Debug\\Exceptions.php')
 2 SYSTEMPATH\Autoloader\Autoloader.php(295): CodeIgniter\Autoloader\Autoloader->includeFile('C:\\xampp\\htdocs\\e-arsip_ci4\\app\\Models\\Model_arsip.php')
 3 SYSTEMPATH\Autoloader\Autoloader.php(271): CodeIgniter\Autoloader\Autoloader->loadInNamespace('App\\Models\\Model_arsip')
 4 APPPATH\Controllers\Arsip.php(26): CodeIgniter\Autoloader\Autoloader->loadClass('App\\Models\\Model_arsip')
 5 SYSTEMPATH\CodeIgniter.php(903): App\Controllers\Arsip->__construct()
 6 SYSTEMPATH\CodeIgniter.php(498): CodeIgniter\CodeIgniter->createController()
 7 SYSTEMPATH\CodeIgniter.php(354): CodeIgniter\CodeIgniter->handleRequest(null, Object(Config\Cache), false)
 8 SYSTEMPATH\Boot.php(363): CodeIgniter\CodeIgniter->run()
 9 SYSTEMPATH\Boot.php(68): CodeIgniter\Boot::runCodeIgniter(Object(CodeIgniter\CodeIgniter))
10 FCPATH\index.php(59): CodeIgniter\Boot::bootWeb(Object(Config\Paths))
DEBUG - 2025-11-08 01:36:46 --> Session: Class initialized using 'CodeIgniter\Session\Handlers\FileHandler' driver.
DEBUG - 2025-11-08 01:36:53 --> Session: Class initialized using 'CodeIgniter\Session\Handlers\FileHandler' driver.
DEBUG - 2025-11-08 01:36:53 --> Session: Class initialized using 'CodeIgniter\Session\Handlers\FileHandler' driver.
WARNING - 2025-11-08 01:36:53 --> [DEPRECATED] Optional parameter $filters declared before required parameter $id_dep is implicitly treated as a required parameter in APPPATH\Models\Model_arsip.php on line 303.
 1 SYSTEMPATH\Autoloader\Autoloader.php(315): include_once('C:\\xampp\\htdocs\\e-arsip_ci4\\system\\Debug\\Exceptions.php')
 2 SYSTEMPATH\Autoloader\Autoloader.php(295): CodeIgniter\Autoloader\Autoloader->includeFile('C:\\xampp\\htdocs\\e-arsip_ci4\\app\\Models\\Model_arsip.php')
 3 SYSTEMPATH\Autoloader\Autoloader.php(271): CodeIgniter\Autoloader\Autoloader->loadInNamespace('App\\Models\\Model_arsip')
 4 APPPATH\Controllers\Home.php(23): CodeIgniter\Autoloader\Autoloader->loadClass('App\\Models\\Model_arsip')
 5 SYSTEMPATH\CodeIgniter.php(903): App\Controllers\Home->__construct()
 6 SYSTEMPATH\CodeIgniter.php(498): CodeIgniter\CodeIgniter->createController()
 7 SYSTEMPATH\CodeIgniter.php(354): CodeIgniter\CodeIgniter->handleRequest(null, Object(Config\Cache), false)
 8 SYSTEMPATH\Boot.php(363): CodeIgniter\CodeIgniter->run()
 9 SYSTEMPATH\Boot.php(68): CodeIgniter\Boot::runCodeIgniter(Object(CodeIgniter\CodeIgniter))
10 FCPATH\index.php(59): CodeIgniter\Boot::bootWeb(Object(Config\Paths))
DEBUG - 2025-11-08 01:36:55 --> Session: Class initialized using 'CodeIgniter\Session\Handlers\FileHandler' driver.
DEBUG - 2025-11-08 01:36:57 --> Session: Class initialized using 'CodeIgniter\Session\Handlers\FileHandler' driver.
WARNING - 2025-11-08 01:36:57 --> [DEPRECATED] Optional parameter $filters declared before required parameter $id_dep is implicitly treated as a required parameter in APPPATH\Models\Model_arsip.php on line 303.
 1 SYSTEMPATH\Autoloader\Autoloader.php(315): include_once('C:\\xampp\\htdocs\\e-arsip_ci4\\system\\Debug\\Exceptions.php')
 2 SYSTEMPATH\Autoloader\Autoloader.php(295): CodeIgniter\Autoloader\Autoloader->includeFile('C:\\xampp\\htdocs\\e-arsip_ci4\\app\\Models\\Model_arsip.php')
 3 SYSTEMPATH\Autoloader\Autoloader.php(271): CodeIgniter\Autoloader\Autoloader->loadInNamespace('App\\Models\\Model_arsip')
 4 APPPATH\Controllers\Kategori.php(21): CodeIgniter\Autoloader\Autoloader->loadClass('App\\Models\\Model_arsip')
 5 SYSTEMPATH\CodeIgniter.php(903): App\Controllers\Kategori->__construct()
 6 SYSTEMPATH\CodeIgniter.php(498): CodeIgniter\CodeIgniter->createController()
 7 SYSTEMPATH\CodeIgniter.php(354): CodeIgniter\CodeIgniter->handleRequest(null, Object(Config\Cache), false)
 8 SYSTEMPATH\Boot.php(363): CodeIgniter\CodeIgniter->run()
 9 SYSTEMPATH\Boot.php(68): CodeIgniter\Boot::runCodeIgniter(Object(CodeIgniter\CodeIgniter))
10 FCPATH\index.php(59): CodeIgniter\Boot::bootWeb(Object(Config\Paths))
DEBUG - 2025-11-08 01:36:57 --> Session: Class initialized using 'CodeIgniter\Session\Handlers\FileHandler' driver.
WARNING - 2025-11-08 01:36:57 --> [DEPRECATED] Optional parameter $filters declared before required parameter $id_dep is implicitly treated as a required parameter in APPPATH\Models\Model_arsip.php on line 303.
 1 SYSTEMPATH\Autoloader\Autoloader.php(315): include_once('C:\\xampp\\htdocs\\e-arsip_ci4\\system\\Debug\\Exceptions.php')
 2 SYSTEMPATH\Autoloader\Autoloader.php(295): CodeIgniter\Autoloader\Autoloader->includeFile('C:\\xampp\\htdocs\\e-arsip_ci4\\app\\Models\\Model_arsip.php')
 3 SYSTEMPATH\Autoloader\Autoloader.php(271): CodeIgniter\Autoloader\Autoloader->loadInNamespace('App\\Models\\Model_arsip')
 4 APPPATH\Controllers\Arsip.php(26): CodeIgniter\Autoloader\Autoloader->loadClass('App\\Models\\Model_arsip')
 5 SYSTEMPATH\CodeIgniter.php(903): App\Controllers\Arsip->__construct()
 6 SYSTEMPATH\CodeIgniter.php(498): CodeIgniter\CodeIgniter->createController()
 7 SYSTEMPATH\CodeIgniter.php(354): CodeIgniter\CodeIgniter->handleRequest(null, Object(Config\Cache), false)
 8 SYSTEMPATH\Boot.php(363): CodeIgniter\CodeIgniter->run()
 9 SYSTEMPATH\Boot.php(68): CodeIgniter\Boot::runCodeIgniter(Object(CodeIgniter\CodeIgniter))
10 FCPATH\index.php(59): CodeIgniter\Boot::bootWeb(Object(Config\Paths))
DEBUG - 2025-11-08 01:36:58 --> Session: Class initialized using 'CodeIgniter\Session\Handlers\FileHandler' driver.
DEBUG - 2025-11-08 01:37:00 --> Session: Class initialized using 'CodeIgniter\Session\Handlers\FileHandler' driver.
WARNING - 2025-11-08 01:37:00 --> [DEPRECATED] Optional parameter $filters declared before required parameter $id_dep is implicitly treated as a required parameter in APPPATH\Models\Model_arsip.php on line 303.
 1 SYSTEMPATH\Autoloader\Autoloader.php(315): include_once('C:\\xampp\\htdocs\\e-arsip_ci4\\system\\Debug\\Exceptions.php')
 2 SYSTEMPATH\Autoloader\Autoloader.php(295): CodeIgniter\Autoloader\Autoloader->includeFile('C:\\xampp\\htdocs\\e-arsip_ci4\\app\\Models\\Model_arsip.php')
 3 SYSTEMPATH\Autoloader\Autoloader.php(271): CodeIgniter\Autoloader\Autoloader->loadInNamespace('App\\Models\\Model_arsip')
 4 APPPATH\Controllers\Arsip.php(26): CodeIgniter\Autoloader\Autoloader->loadClass('App\\Models\\Model_arsip')
 5 SYSTEMPATH\CodeIgniter.php(903): App\Controllers\Arsip->__construct()
 6 SYSTEMPATH\CodeIgniter.php(498): CodeIgniter\CodeIgniter->createController()
 7 SYSTEMPATH\CodeIgniter.php(354): CodeIgniter\CodeIgniter->handleRequest(null, Object(Config\Cache), false)
 8 SYSTEMPATH\Boot.php(363): CodeIgniter\CodeIgniter->run()
 9 SYSTEMPATH\Boot.php(68): CodeIgniter\Boot::runCodeIgniter(Object(CodeIgniter\CodeIgniter))
10 FCPATH\index.php(59): CodeIgniter\Boot::bootWeb(Object(Config\Paths))
DEBUG - 2025-11-08 01:37:00 --> Session: Class initialized using 'CodeIgniter\Session\Handlers\FileHandler' driver.
WARNING - 2025-11-08 01:37:00 --> [DEPRECATED] Optional parameter $filters declared before required parameter $id_dep is implicitly treated as a required parameter in APPPATH\Models\Model_arsip.php on line 303.
 1 SYSTEMPATH\Autoloader\Autoloader.php(315): include_once('C:\\xampp\\htdocs\\e-arsip_ci4\\system\\Debug\\Exceptions.php')
 2 SYSTEMPATH\Autoloader\Autoloader.php(295): CodeIgniter\Autoloader\Autoloader->includeFile('C:\\xampp\\htdocs\\e-arsip_ci4\\app\\Models\\Model_arsip.php')
 3 SYSTEMPATH\Autoloader\Autoloader.php(271): CodeIgniter\Autoloader\Autoloader->loadInNamespace('App\\Models\\Model_arsip')
 4 APPPATH\Controllers\Kategori.php(21): CodeIgniter\Autoloader\Autoloader->loadClass('App\\Models\\Model_arsip')
 5 SYSTEMPATH\CodeIgniter.php(903): App\Controllers\Kategori->__construct()
 6 SYSTEMPATH\CodeIgniter.php(498): CodeIgniter\CodeIgniter->createController()
 7 SYSTEMPATH\CodeIgniter.php(354): CodeIgniter\CodeIgniter->handleRequest(null, Object(Config\Cache), false)
 8 SYSTEMPATH\Boot.php(363): CodeIgniter\CodeIgniter->run()
 9 SYSTEMPATH\Boot.php(68): CodeIgniter\Boot::runCodeIgniter(Object(CodeIgniter\CodeIgniter))
10 FCPATH\index.php(59): CodeIgniter\Boot::bootWeb(Object(Config\Paths))
DEBUG - 2025-11-08 01:37:01 --> Session: Class initialized using 'CodeIgniter\Session\Handlers\FileHandler' driver.
DEBUG - 2025-11-08 01:37:02 --> Session: Class initialized using 'CodeIgniter\Session\Handlers\FileHandler' driver.
WARNING - 2025-11-08 01:37:02 --> [DEPRECATED] Optional parameter $filters declared before required parameter $id_dep is implicitly treated as a required parameter in APPPATH\Models\Model_arsip.php on line 303.
 1 SYSTEMPATH\Autoloader\Autoloader.php(315): include_once('C:\\xampp\\htdocs\\e-arsip_ci4\\system\\Debug\\Exceptions.php')
 2 SYSTEMPATH\Autoloader\Autoloader.php(295): CodeIgniter\Autoloader\Autoloader->includeFile('C:\\xampp\\htdocs\\e-arsip_ci4\\app\\Models\\Model_arsip.php')
 3 SYSTEMPATH\Autoloader\Autoloader.php(271): CodeIgniter\Autoloader\Autoloader->loadInNamespace('App\\Models\\Model_arsip')
 4 APPPATH\Controllers\Cari.php(20): CodeIgniter\Autoloader\Autoloader->loadClass('App\\Models\\Model_arsip')
 5 SYSTEMPATH\CodeIgniter.php(903): App\Controllers\Cari->__construct()
 6 SYSTEMPATH\CodeIgniter.php(498): CodeIgniter\CodeIgniter->createController()
 7 SYSTEMPATH\CodeIgniter.php(354): CodeIgniter\CodeIgniter->handleRequest(null, Object(Config\Cache), false)
 8 SYSTEMPATH\Boot.php(363): CodeIgniter\CodeIgniter->run()
 9 SYSTEMPATH\Boot.php(68): CodeIgniter\Boot::runCodeIgniter(Object(CodeIgniter\CodeIgniter))
10 FCPATH\index.php(59): CodeIgniter\Boot::bootWeb(Object(Config\Paths))
DEBUG - 2025-11-08 01:37:04 --> Session: Class initialized using 'CodeIgniter\Session\Handlers\FileHandler' driver.
WARNING - 2025-11-08 01:37:04 --> [DEPRECATED] Optional parameter $filters declared before required parameter $id_dep is implicitly treated as a required parameter in APPPATH\Models\Model_arsip.php on line 303.
 1 SYSTEMPATH\Autoloader\Autoloader.php(315): include_once('C:\\xampp\\htdocs\\e-arsip_ci4\\system\\Debug\\Exceptions.php')
 2 SYSTEMPATH\Autoloader\Autoloader.php(295): CodeIgniter\Autoloader\Autoloader->includeFile('C:\\xampp\\htdocs\\e-arsip_ci4\\app\\Models\\Model_arsip.php')
 3 SYSTEMPATH\Autoloader\Autoloader.php(271): CodeIgniter\Autoloader\Autoloader->loadInNamespace('App\\Models\\Model_arsip')
 4 APPPATH\Controllers\Kategori.php(21): CodeIgniter\Autoloader\Autoloader->loadClass('App\\Models\\Model_arsip')
 5 SYSTEMPATH\CodeIgniter.php(903): App\Controllers\Kategori->__construct()
 6 SYSTEMPATH\CodeIgniter.php(498): CodeIgniter\CodeIgniter->createController()
 7 SYSTEMPATH\CodeIgniter.php(354): CodeIgniter\CodeIgniter->handleRequest(null, Object(Config\Cache), false)
 8 SYSTEMPATH\Boot.php(363): CodeIgniter\CodeIgniter->run()
 9 SYSTEMPATH\Boot.php(68): CodeIgniter\Boot::runCodeIgniter(Object(CodeIgniter\CodeIgniter))
10 FCPATH\index.php(59): CodeIgniter\Boot::bootWeb(Object(Config\Paths))
DEBUG - 2025-11-08 01:37:09 --> Session: Class initialized using 'CodeIgniter\Session\Handlers\FileHandler' driver.
WARNING - 2025-11-08 01:37:09 --> [DEPRECATED] Optional parameter $filters declared before required parameter $id_dep is implicitly treated as a required parameter in APPPATH\Models\Model_arsip.php on line 303.
 1 SYSTEMPATH\Autoloader\Autoloader.php(315): include_once('C:\\xampp\\htdocs\\e-arsip_ci4\\system\\Debug\\Exceptions.php')
 2 SYSTEMPATH\Autoloader\Autoloader.php(295): CodeIgniter\Autoloader\Autoloader->includeFile('C:\\xampp\\htdocs\\e-arsip_ci4\\app\\Models\\Model_arsip.php')
 3 SYSTEMPATH\Autoloader\Autoloader.php(271): CodeIgniter\Autoloader\Autoloader->loadInNamespace('App\\Models\\Model_arsip')
 4 APPPATH\Controllers\Kategori.php(21): CodeIgniter\Autoloader\Autoloader->loadClass('App\\Models\\Model_arsip')
 5 SYSTEMPATH\CodeIgniter.php(903): App\Controllers\Kategori->__construct()
 6 SYSTEMPATH\CodeIgniter.php(498): CodeIgniter\CodeIgniter->createController()
 7 SYSTEMPATH\CodeIgniter.php(354): CodeIgniter\CodeIgniter->handleRequest(null, Object(Config\Cache), false)
 8 SYSTEMPATH\Boot.php(363): CodeIgniter\CodeIgniter->run()
 9 SYSTEMPATH\Boot.php(68): CodeIgniter\Boot::runCodeIgniter(Object(CodeIgniter\CodeIgniter))
10 FCPATH\index.php(59): CodeIgniter\Boot::bootWeb(Object(Config\Paths))
DEBUG - 2025-11-08 01:37:11 --> Session: Class initialized using 'CodeIgniter\Session\Handlers\FileHandler' driver.
WARNING - 2025-11-08 01:37:11 --> [DEPRECATED] Optional parameter $filters declared before required parameter $id_dep is implicitly treated as a required parameter in APPPATH\Models\Model_arsip.php on line 303.
 1 SYSTEMPATH\Autoloader\Autoloader.php(315): include_once('C:\\xampp\\htdocs\\e-arsip_ci4\\system\\Debug\\Exceptions.php')
 2 SYSTEMPATH\Autoloader\Autoloader.php(295): CodeIgniter\Autoloader\Autoloader->includeFile('C:\\xampp\\htdocs\\e-arsip_ci4\\app\\Models\\Model_arsip.php')
 3 SYSTEMPATH\Autoloader\Autoloader.php(271): CodeIgniter\Autoloader\Autoloader->loadInNamespace('App\\Models\\Model_arsip')
 4 APPPATH\Controllers\Arsip.php(26): CodeIgniter\Autoloader\Autoloader->loadClass('App\\Models\\Model_arsip')
 5 SYSTEMPATH\CodeIgniter.php(903): App\Controllers\Arsip->__construct()
 6 SYSTEMPATH\CodeIgniter.php(498): CodeIgniter\CodeIgniter->createController()
 7 SYSTEMPATH\CodeIgniter.php(354): CodeIgniter\CodeIgniter->handleRequest(null, Object(Config\Cache), false)
 8 SYSTEMPATH\Boot.php(363): CodeIgniter\CodeIgniter->run()
 9 SYSTEMPATH\Boot.php(68): CodeIgniter\Boot::runCodeIgniter(Object(CodeIgniter\CodeIgniter))
10 FCPATH\index.php(59): CodeIgniter\Boot::bootWeb(Object(Config\Paths))
DEBUG - 2025-11-08 01:37:12 --> Session: Class initialized using 'CodeIgniter\Session\Handlers\FileHandler' driver.
DEBUG - 2025-11-08 01:37:14 --> Session: Class initialized using 'CodeIgniter\Session\Handlers\FileHandler' driver.
WARNING - 2025-11-08 01:37:14 --> [DEPRECATED] Optional parameter $filters declared before required parameter $id_dep is implicitly treated as a required parameter in APPPATH\Models\Model_arsip.php on line 303.
 1 SYSTEMPATH\Autoloader\Autoloader.php(315): include_once('C:\\xampp\\htdocs\\e-arsip_ci4\\system\\Debug\\Exceptions.php')
 2 SYSTEMPATH\Autoloader\Autoloader.php(295): CodeIgniter\Autoloader\Autoloader->includeFile('C:\\xampp\\htdocs\\e-arsip_ci4\\app\\Models\\Model_arsip.php')
 3 SYSTEMPATH\Autoloader\Autoloader.php(271): CodeIgniter\Autoloader\Autoloader->loadInNamespace('App\\Models\\Model_arsip')
 4 APPPATH\Controllers\Home.php(23): CodeIgniter\Autoloader\Autoloader->loadClass('App\\Models\\Model_arsip')
 5 SYSTEMPATH\CodeIgniter.php(903): App\Controllers\Home->__construct()
 6 SYSTEMPATH\CodeIgniter.php(498): CodeIgniter\CodeIgniter->createController()
 7 SYSTEMPATH\CodeIgniter.php(354): CodeIgniter\CodeIgniter->handleRequest(null, Object(Config\Cache), false)
 8 SYSTEMPATH\Boot.php(363): CodeIgniter\CodeIgniter->run()
 9 SYSTEMPATH\Boot.php(68): CodeIgniter\Boot::runCodeIgniter(Object(CodeIgniter\CodeIgniter))
10 FCPATH\index.php(59): CodeIgniter\Boot::bootWeb(Object(Config\Paths))
DEBUG - 2025-11-08 01:37:18 --> Session: Class initialized using 'CodeIgniter\Session\Handlers\FileHandler' driver.
DEBUG - 2025-11-08 01:37:25 --> Session: Class initialized using 'CodeIgniter\Session\Handlers\FileHandler' driver.
DEBUG - 2025-11-08 01:37:25 --> Session: Class initialized using 'CodeIgniter\Session\Handlers\FileHandler' driver.
DEBUG - 2025-11-08 01:37:26 --> Session: Class initialized using 'CodeIgniter\Session\Handlers\FileHandler' driver.
DEBUG - 2025-11-08 01:37:26 --> Session: Class initialized using 'CodeIgniter\Session\Handlers\FileHandler' driver.
DEBUG - 2025-11-08 01:37:27 --> Session: Class initialized using 'CodeIgniter\Session\Handlers\FileHandler' driver.
WARNING - 2025-11-08 01:37:27 --> [DEPRECATED] Optional parameter $filters declared before required parameter $id_dep is implicitly treated as a required parameter in APPPATH\Models\Model_arsip.php on line 303.
 1 SYSTEMPATH\Autoloader\Autoloader.php(315): include_once('C:\\xampp\\htdocs\\e-arsip_ci4\\system\\Debug\\Exceptions.php')
 2 SYSTEMPATH\Autoloader\Autoloader.php(295): CodeIgniter\Autoloader\Autoloader->includeFile('C:\\xampp\\htdocs\\e-arsip_ci4\\app\\Models\\Model_arsip.php')
 3 SYSTEMPATH\Autoloader\Autoloader.php(271): CodeIgniter\Autoloader\Autoloader->loadInNamespace('App\\Models\\Model_arsip')
 4 APPPATH\Controllers\Cari.php(20): CodeIgniter\Autoloader\Autoloader->loadClass('App\\Models\\Model_arsip')
 5 SYSTEMPATH\CodeIgniter.php(903): App\Controllers\Cari->__construct()
 6 SYSTEMPATH\CodeIgniter.php(498): CodeIgniter\CodeIgniter->createController()
 7 SYSTEMPATH\CodeIgniter.php(354): CodeIgniter\CodeIgniter->handleRequest(null, Object(Config\Cache), false)
 8 SYSTEMPATH\Boot.php(363): CodeIgniter\CodeIgniter->run()
 9 SYSTEMPATH\Boot.php(68): CodeIgniter\Boot::runCodeIgniter(Object(CodeIgniter\CodeIgniter))
10 FCPATH\index.php(59): CodeIgniter\Boot::bootWeb(Object(Config\Paths))
DEBUG - 2025-11-08 01:37:27 --> Session: Class initialized using 'CodeIgniter\Session\Handlers\FileHandler' driver.
DEBUG - 2025-11-08 01:37:29 --> Session: Class initialized using 'CodeIgniter\Session\Handlers\FileHandler' driver.
WARNING - 2025-11-08 01:37:29 --> [DEPRECATED] Optional parameter $filters declared before required parameter $id_dep is implicitly treated as a required parameter in APPPATH\Models\Model_arsip.php on line 303.
 1 SYSTEMPATH\Autoloader\Autoloader.php(315): include_once('C:\\xampp\\htdocs\\e-arsip_ci4\\system\\Debug\\Exceptions.php')
 2 SYSTEMPATH\Autoloader\Autoloader.php(295): CodeIgniter\Autoloader\Autoloader->includeFile('C:\\xampp\\htdocs\\e-arsip_ci4\\app\\Models\\Model_arsip.php')
 3 SYSTEMPATH\Autoloader\Autoloader.php(271): CodeIgniter\Autoloader\Autoloader->loadInNamespace('App\\Models\\Model_arsip')
 4 APPPATH\Controllers\Cari.php(20): CodeIgniter\Autoloader\Autoloader->loadClass('App\\Models\\Model_arsip')
 5 SYSTEMPATH\CodeIgniter.php(903): App\Controllers\Cari->__construct()
 6 SYSTEMPATH\CodeIgniter.php(498): CodeIgniter\CodeIgniter->createController()
 7 SYSTEMPATH\CodeIgniter.php(354): CodeIgniter\CodeIgniter->handleRequest(null, Object(Config\Cache), false)
 8 SYSTEMPATH\Boot.php(363): CodeIgniter\CodeIgniter->run()
 9 SYSTEMPATH\Boot.php(68): CodeIgniter\Boot::runCodeIgniter(Object(CodeIgniter\CodeIgniter))
10 FCPATH\index.php(59): CodeIgniter\Boot::bootWeb(Object(Config\Paths))
DEBUG - 2025-11-08 01:37:32 --> Session: Class initialized using 'CodeIgniter\Session\Handlers\FileHandler' driver.
WARNING - 2025-11-08 01:37:32 --> [DEPRECATED] Optional parameter $filters declared before required parameter $id_dep is implicitly treated as a required parameter in APPPATH\Models\Model_arsip.php on line 303.
 1 SYSTEMPATH\Autoloader\Autoloader.php(315): include_once('C:\\xampp\\htdocs\\e-arsip_ci4\\system\\Debug\\Exceptions.php')
 2 SYSTEMPATH\Autoloader\Autoloader.php(295): CodeIgniter\Autoloader\Autoloader->includeFile('C:\\xampp\\htdocs\\e-arsip_ci4\\app\\Models\\Model_arsip.php')
 3 SYSTEMPATH\Autoloader\Autoloader.php(271): CodeIgniter\Autoloader\Autoloader->loadInNamespace('App\\Models\\Model_arsip')
 4 APPPATH\Controllers\Arsip.php(26): CodeIgniter\Autoloader\Autoloader->loadClass('App\\Models\\Model_arsip')
 5 SYSTEMPATH\CodeIgniter.php(903): App\Controllers\Arsip->__construct()
 6 SYSTEMPATH\CodeIgniter.php(498): CodeIgniter\CodeIgniter->createController()
 7 SYSTEMPATH\CodeIgniter.php(354): CodeIgniter\CodeIgniter->handleRequest(null, Object(Config\Cache), false)
 8 SYSTEMPATH\Boot.php(363): CodeIgniter\CodeIgniter->run()
 9 SYSTEMPATH\Boot.php(68): CodeIgniter\Boot::runCodeIgniter(Object(CodeIgniter\CodeIgniter))
10 FCPATH\index.php(59): CodeIgniter\Boot::bootWeb(Object(Config\Paths))
DEBUG - 2025-11-08 01:37:33 --> Session: Class initialized using 'CodeIgniter\Session\Handlers\FileHandler' driver.
WARNING - 2025-11-08 01:37:33 --> [DEPRECATED] Optional parameter $filters declared before required parameter $id_dep is implicitly treated as a required parameter in APPPATH\Models\Model_arsip.php on line 303.
 1 SYSTEMPATH\Autoloader\Autoloader.php(315): include_once('C:\\xampp\\htdocs\\e-arsip_ci4\\system\\Debug\\Exceptions.php')
 2 SYSTEMPATH\Autoloader\Autoloader.php(295): CodeIgniter\Autoloader\Autoloader->includeFile('C:\\xampp\\htdocs\\e-arsip_ci4\\app\\Models\\Model_arsip.php')
 3 SYSTEMPATH\Autoloader\Autoloader.php(271): CodeIgniter\Autoloader\Autoloader->loadInNamespace('App\\Models\\Model_arsip')
 4 APPPATH\Controllers\Kategori.php(21): CodeIgniter\Autoloader\Autoloader->loadClass('App\\Models\\Model_arsip')
 5 SYSTEMPATH\CodeIgniter.php(903): App\Controllers\Kategori->__construct()
 6 SYSTEMPATH\CodeIgniter.php(498): CodeIgniter\CodeIgniter->createController()
 7 SYSTEMPATH\CodeIgniter.php(354): CodeIgniter\CodeIgniter->handleRequest(null, Object(Config\Cache), false)
 8 SYSTEMPATH\Boot.php(363): CodeIgniter\CodeIgniter->run()
 9 SYSTEMPATH\Boot.php(68): CodeIgniter\Boot::runCodeIgniter(Object(CodeIgniter\CodeIgniter))
10 FCPATH\index.php(59): CodeIgniter\Boot::bootWeb(Object(Config\Paths))
DEBUG - 2025-11-08 01:37:33 --> Session: Class initialized using 'CodeIgniter\Session\Handlers\FileHandler' driver.
WARNING - 2025-11-08 01:37:33 --> [DEPRECATED] Optional parameter $filters declared before required parameter $id_dep is implicitly treated as a required parameter in APPPATH\Models\Model_arsip.php on line 303.
 1 SYSTEMPATH\Autoloader\Autoloader.php(315): include_once('C:\\xampp\\htdocs\\e-arsip_ci4\\system\\Debug\\Exceptions.php')
 2 SYSTEMPATH\Autoloader\Autoloader.php(295): CodeIgniter\Autoloader\Autoloader->includeFile('C:\\xampp\\htdocs\\e-arsip_ci4\\app\\Models\\Model_arsip.php')
 3 SYSTEMPATH\Autoloader\Autoloader.php(271): CodeIgniter\Autoloader\Autoloader->loadInNamespace('App\\Models\\Model_arsip')
 4 APPPATH\Controllers\Arsip.php(26): CodeIgniter\Autoloader\Autoloader->loadClass('App\\Models\\Model_arsip')
 5 SYSTEMPATH\CodeIgniter.php(903): App\Controllers\Arsip->__construct()
 6 SYSTEMPATH\CodeIgniter.php(498): CodeIgniter\CodeIgniter->createController()
 7 SYSTEMPATH\CodeIgniter.php(354): CodeIgniter\CodeIgniter->handleRequest(null, Object(Config\Cache), false)
 8 SYSTEMPATH\Boot.php(363): CodeIgniter\CodeIgniter->run()
 9 SYSTEMPATH\Boot.php(68): CodeIgniter\Boot::runCodeIgniter(Object(CodeIgniter\CodeIgniter))
10 FCPATH\index.php(59): CodeIgniter\Boot::bootWeb(Object(Config\Paths))
DEBUG - 2025-11-08 01:37:34 --> Session: Class initialized using 'CodeIgniter\Session\Handlers\FileHandler' driver.
WARNING - 2025-11-08 01:37:34 --> [DEPRECATED] Optional parameter $filters declared before required parameter $id_dep is implicitly treated as a required parameter in APPPATH\Models\Model_arsip.php on line 303.
 1 SYSTEMPATH\Autoloader\Autoloader.php(315): include_once('C:\\xampp\\htdocs\\e-arsip_ci4\\system\\Debug\\Exceptions.php')
 2 SYSTEMPATH\Autoloader\Autoloader.php(295): CodeIgniter\Autoloader\Autoloader->includeFile('C:\\xampp\\htdocs\\e-arsip_ci4\\app\\Models\\Model_arsip.php')
 3 SYSTEMPATH\Autoloader\Autoloader.php(271): CodeIgniter\Autoloader\Autoloader->loadInNamespace('App\\Models\\Model_arsip')
 4 APPPATH\Controllers\Home.php(23): CodeIgniter\Autoloader\Autoloader->loadClass('App\\Models\\Model_arsip')
 5 SYSTEMPATH\CodeIgniter.php(903): App\Controllers\Home->__construct()
 6 SYSTEMPATH\CodeIgniter.php(498): CodeIgniter\CodeIgniter->createController()
 7 SYSTEMPATH\CodeIgniter.php(354): CodeIgniter\CodeIgniter->handleRequest(null, Object(Config\Cache), false)
 8 SYSTEMPATH\Boot.php(363): CodeIgniter\CodeIgniter->run()
 9 SYSTEMPATH\Boot.php(68): CodeIgniter\Boot::runCodeIgniter(Object(CodeIgniter\CodeIgniter))
10 FCPATH\index.php(59): CodeIgniter\Boot::bootWeb(Object(Config\Paths))
DEBUG - 2025-11-08 01:37:34 --> Session: Class initialized using 'CodeIgniter\Session\Handlers\FileHandler' driver.
WARNING - 2025-11-08 01:37:35 --> [DEPRECATED] Optional parameter $filters declared before required parameter $id_dep is implicitly treated as a required parameter in APPPATH\Models\Model_arsip.php on line 303.
 1 SYSTEMPATH\Autoloader\Autoloader.php(315): include_once('C:\\xampp\\htdocs\\e-arsip_ci4\\system\\Debug\\Exceptions.php')
 2 SYSTEMPATH\Autoloader\Autoloader.php(295): CodeIgniter\Autoloader\Autoloader->includeFile('C:\\xampp\\htdocs\\e-arsip_ci4\\app\\Models\\Model_arsip.php')
 3 SYSTEMPATH\Autoloader\Autoloader.php(271): CodeIgniter\Autoloader\Autoloader->loadInNamespace('App\\Models\\Model_arsip')
 4 APPPATH\Controllers\Home.php(23): CodeIgniter\Autoloader\Autoloader->loadClass('App\\Models\\Model_arsip')
 5 SYSTEMPATH\CodeIgniter.php(903): App\Controllers\Home->__construct()
 6 SYSTEMPATH\CodeIgniter.php(498): CodeIgniter\CodeIgniter->createController()
 7 SYSTEMPATH\CodeIgniter.php(354): CodeIgniter\CodeIgniter->handleRequest(null, Object(Config\Cache), false)
 8 SYSTEMPATH\Boot.php(363): CodeIgniter\CodeIgniter->run()
 9 SYSTEMPATH\Boot.php(68): CodeIgniter\Boot::runCodeIgniter(Object(CodeIgniter\CodeIgniter))
10 FCPATH\index.php(59): CodeIgniter\Boot::bootWeb(Object(Config\Paths))
DEBUG - 2025-11-08 01:37:37 --> Session: Class initialized using 'CodeIgniter\Session\Handlers\FileHandler' driver.
DEBUG - 2025-11-08 01:37:40 --> Session: Class initialized using 'CodeIgniter\Session\Handlers\FileHandler' driver.
WARNING - 2025-11-08 01:37:40 --> [DEPRECATED] Optional parameter $filters declared before required parameter $id_dep is implicitly treated as a required parameter in APPPATH\Models\Model_arsip.php on line 303.
 1 SYSTEMPATH\Autoloader\Autoloader.php(315): include_once('C:\\xampp\\htdocs\\e-arsip_ci4\\system\\Debug\\Exceptions.php')
 2 SYSTEMPATH\Autoloader\Autoloader.php(295): CodeIgniter\Autoloader\Autoloader->includeFile('C:\\xampp\\htdocs\\e-arsip_ci4\\app\\Models\\Model_arsip.php')
 3 SYSTEMPATH\Autoloader\Autoloader.php(271): CodeIgniter\Autoloader\Autoloader->loadInNamespace('App\\Models\\Model_arsip')
 4 APPPATH\Controllers\Arsip.php(26): CodeIgniter\Autoloader\Autoloader->loadClass('App\\Models\\Model_arsip')
 5 SYSTEMPATH\CodeIgniter.php(903): App\Controllers\Arsip->__construct()
 6 SYSTEMPATH\CodeIgniter.php(498): CodeIgniter\CodeIgniter->createController()
 7 SYSTEMPATH\CodeIgniter.php(354): CodeIgniter\CodeIgniter->handleRequest(null, Object(Config\Cache), false)
 8 SYSTEMPATH\Boot.php(363): CodeIgniter\CodeIgniter->run()
 9 SYSTEMPATH\Boot.php(68): CodeIgniter\Boot::runCodeIgniter(Object(CodeIgniter\CodeIgniter))
10 FCPATH\index.php(59): CodeIgniter\Boot::bootWeb(Object(Config\Paths))
DEBUG - 2025-11-08 01:37:49 --> Session: Class initialized using 'CodeIgniter\Session\Handlers\FileHandler' driver.
WARNING - 2025-11-08 01:37:49 --> [DEPRECATED] Optional parameter $filters declared before required parameter $id_dep is implicitly treated as a required parameter in APPPATH\Models\Model_arsip.php on line 303.
 1 SYSTEMPATH\Autoloader\Autoloader.php(315): include_once('C:\\xampp\\htdocs\\e-arsip_ci4\\system\\Debug\\Exceptions.php')
 2 SYSTEMPATH\Autoloader\Autoloader.php(295): CodeIgniter\Autoloader\Autoloader->includeFile('C:\\xampp\\htdocs\\e-arsip_ci4\\app\\Models\\Model_arsip.php')
 3 SYSTEMPATH\Autoloader\Autoloader.php(271): CodeIgniter\Autoloader\Autoloader->loadInNamespace('App\\Models\\Model_arsip')
 4 APPPATH\Controllers\Cari.php(20): CodeIgniter\Autoloader\Autoloader->loadClass('App\\Models\\Model_arsip')
 5 SYSTEMPATH\CodeIgniter.php(903): App\Controllers\Cari->__construct()
 6 SYSTEMPATH\CodeIgniter.php(498): CodeIgniter\CodeIgniter->createController()
 7 SYSTEMPATH\CodeIgniter.php(354): CodeIgniter\CodeIgniter->handleRequest(null, Object(Config\Cache), false)
 8 SYSTEMPATH\Boot.php(363): CodeIgniter\CodeIgniter->run()
 9 SYSTEMPATH\Boot.php(68): CodeIgniter\Boot::runCodeIgniter(Object(CodeIgniter\CodeIgniter))
10 FCPATH\index.php(59): CodeIgniter\Boot::bootWeb(Object(Config\Paths))
DEBUG - 2025-11-08 01:37:50 --> Session: Class initialized using 'CodeIgniter\Session\Handlers\FileHandler' driver.
DEBUG - 2025-11-08 01:37:51 --> Session: Class initialized using 'CodeIgniter\Session\Handlers\FileHandler' driver.
WARNING - 2025-11-08 01:37:51 --> [DEPRECATED] Optional parameter $filters declared before required parameter $id_dep is implicitly treated as a required parameter in APPPATH\Models\Model_arsip.php on line 303.
 1 SYSTEMPATH\Autoloader\Autoloader.php(315): include_once('C:\\xampp\\htdocs\\e-arsip_ci4\\system\\Debug\\Exceptions.php')
 2 SYSTEMPATH\Autoloader\Autoloader.php(295): CodeIgniter\Autoloader\Autoloader->includeFile('C:\\xampp\\htdocs\\e-arsip_ci4\\app\\Models\\Model_arsip.php')
 3 SYSTEMPATH\Autoloader\Autoloader.php(271): CodeIgniter\Autoloader\Autoloader->loadInNamespace('App\\Models\\Model_arsip')
 4 APPPATH\Controllers\Arsip.php(26): CodeIgniter\Autoloader\Autoloader->loadClass('App\\Models\\Model_arsip')
 5 SYSTEMPATH\CodeIgniter.php(903): App\Controllers\Arsip->__construct()
 6 SYSTEMPATH\CodeIgniter.php(498): CodeIgniter\CodeIgniter->createController()
 7 SYSTEMPATH\CodeIgniter.php(354): CodeIgniter\CodeIgniter->handleRequest(null, Object(Config\Cache), false)
 8 SYSTEMPATH\Boot.php(363): CodeIgniter\CodeIgniter->run()
 9 SYSTEMPATH\Boot.php(68): CodeIgniter\Boot::runCodeIgniter(Object(CodeIgniter\CodeIgniter))
10 FCPATH\index.php(59): CodeIgniter\Boot::bootWeb(Object(Config\Paths))
DEBUG - 2025-11-08 01:38:13 --> Session: Class initialized using 'CodeIgniter\Session\Handlers\FileHandler' driver.
DEBUG - 2025-11-08 01:38:13 --> Session: Class initialized using 'CodeIgniter\Session\Handlers\FileHandler' driver.
DEBUG - 2025-11-08 01:38:25 --> Session: Class initialized using 'CodeIgniter\Session\Handlers\FileHandler' driver.
DEBUG - 2025-11-08 01:38:25 --> Session: Class initialized using 'CodeIgniter\Session\Handlers\FileHandler' driver.
WARNING - 2025-11-08 01:38:25 --> [DEPRECATED] Optional parameter $filters declared before required parameter $id_dep is implicitly treated as a required parameter in APPPATH\Models\Model_arsip.php on line 303.
 1 SYSTEMPATH\Autoloader\Autoloader.php(315): include_once('C:\\xampp\\htdocs\\e-arsip_ci4\\system\\Debug\\Exceptions.php')
 2 SYSTEMPATH\Autoloader\Autoloader.php(295): CodeIgniter\Autoloader\Autoloader->includeFile('C:\\xampp\\htdocs\\e-arsip_ci4\\app\\Models\\Model_arsip.php')
 3 SYSTEMPATH\Autoloader\Autoloader.php(271): CodeIgniter\Autoloader\Autoloader->loadInNamespace('App\\Models\\Model_arsip')
 4 APPPATH\Controllers\Home.php(23): CodeIgniter\Autoloader\Autoloader->loadClass('App\\Models\\Model_arsip')
 5 SYSTEMPATH\CodeIgniter.php(903): App\Controllers\Home->__construct()
 6 SYSTEMPATH\CodeIgniter.php(498): CodeIgniter\CodeIgniter->createController()
 7 SYSTEMPATH\CodeIgniter.php(354): CodeIgniter\CodeIgniter->handleRequest(null, Object(Config\Cache), false)
 8 SYSTEMPATH\Boot.php(363): CodeIgniter\CodeIgniter->run()
 9 SYSTEMPATH\Boot.php(68): CodeIgniter\Boot::runCodeIgniter(Object(CodeIgniter\CodeIgniter))
10 FCPATH\index.php(59): CodeIgniter\Boot::bootWeb(Object(Config\Paths))
DEBUG - 2025-11-08 01:38:26 --> Session: Class initialized using 'CodeIgniter\Session\Handlers\FileHandler' driver.
DEBUG - 2025-11-08 01:38:26 --> Session: Class initialized using 'CodeIgniter\Session\Handlers\FileHandler' driver.
DEBUG - 2025-11-08 01:38:27 --> Session: Class initialized using 'CodeIgniter\Session\Handlers\FileHandler' driver.
DEBUG - 2025-11-08 01:38:28 --> Session: Class initialized using 'CodeIgniter\Session\Handlers\FileHandler' driver.
DEBUG - 2025-11-08 01:38:29 --> Session: Class initialized using 'CodeIgniter\Session\Handlers\FileHandler' driver.
DEBUG - 2025-11-08 01:38:31 --> Session: Class initialized using 'CodeIgniter\Session\Handlers\FileHandler' driver.
DEBUG - 2025-11-08 01:38:32 --> Session: Class initialized using 'CodeIgniter\Session\Handlers\FileHandler' driver.
DEBUG - 2025-11-08 01:38:32 --> Session: Class initialized using 'CodeIgniter\Session\Handlers\FileHandler' driver.
DEBUG - 2025-11-08 01:38:32 --> Session: Class initialized using 'CodeIgniter\Session\Handlers\FileHandler' driver.
DEBUG - 2025-11-08 01:38:33 --> Session: Class initialized using 'CodeIgniter\Session\Handlers\FileHandler' driver.
DEBUG - 2025-11-08 01:38:34 --> Session: Class initialized using 'CodeIgniter\Session\Handlers\FileHandler' driver.
DEBUG - 2025-11-08 01:38:34 --> Session: Class initialized using 'CodeIgniter\Session\Handlers\FileHandler' driver.
DEBUG - 2025-11-08 01:38:35 --> Session: Class initialized using 'CodeIgniter\Session\Handlers\FileHandler' driver.
DEBUG - 2025-11-08 01:38:35 --> Session: Class initialized using 'CodeIgniter\Session\Handlers\FileHandler' driver.
DEBUG - 2025-11-08 01:38:36 --> Session: Class initialized using 'CodeIgniter\Session\Handlers\FileHandler' driver.
DEBUG - 2025-11-08 01:38:37 --> Session: Class initialized using 'CodeIgniter\Session\Handlers\FileHandler' driver.
DEBUG - 2025-11-08 01:38:37 --> Session: Class initialized using 'CodeIgniter\Session\Handlers\FileHandler' driver.
DEBUG - 2025-11-08 01:38:38 --> Session: Class initialized using 'CodeIgniter\Session\Handlers\FileHandler' driver.
DEBUG - 2025-11-08 01:38:39 --> Session: Class initialized using 'CodeIgniter\Session\Handlers\FileHandler' driver.
DEBUG - 2025-11-08 01:38:39 --> Session: Class initialized using 'CodeIgniter\Session\Handlers\FileHandler' driver.
DEBUG - 2025-11-08 01:38:40 --> Session: Class initialized using 'CodeIgniter\Session\Handlers\FileHandler' driver.
DEBUG - 2025-11-08 01:38:40 --> Session: Class initialized using 'CodeIgniter\Session\Handlers\FileHandler' driver.
DEBUG - 2025-11-08 01:38:41 --> Session: Class initialized using 'CodeIgniter\Session\Handlers\FileHandler' driver.
DEBUG - 2025-11-08 01:38:41 --> Session: Class initialized using 'CodeIgniter\Session\Handlers\FileHandler' driver.
DEBUG - 2025-11-08 01:38:42 --> Session: Class initialized using 'CodeIgniter\Session\Handlers\FileHandler' driver.
DEBUG - 2025-11-08 01:38:43 --> Session: Class initialized using 'CodeIgniter\Session\Handlers\FileHandler' driver.
DEBUG - 2025-11-08 01:38:43 --> Session: Class initialized using 'CodeIgniter\Session\Handlers\FileHandler' driver.
DEBUG - 2025-11-08 01:38:44 --> Session: Class initialized using 'CodeIgniter\Session\Handlers\FileHandler' driver.
DEBUG - 2025-11-08 01:38:44 --> Session: Class initialized using 'CodeIgniter\Session\Handlers\FileHandler' driver.
DEBUG - 2025-11-08 01:38:45 --> Session: Class initialized using 'CodeIgniter\Session\Handlers\FileHandler' driver.
DEBUG - 2025-11-08 01:38:45 --> Session: Class initialized using 'CodeIgniter\Session\Handlers\FileHandler' driver.
DEBUG - 2025-11-08 01:38:46 --> Session: Class initialized using 'CodeIgniter\Session\Handlers\FileHandler' driver.
DEBUG - 2025-11-08 01:38:47 --> Session: Class initialized using 'CodeIgniter\Session\Handlers\FileHandler' driver.
DEBUG - 2025-11-08 01:38:47 --> Session: Class initialized using 'CodeIgniter\Session\Handlers\FileHandler' driver.
DEBUG - 2025-11-08 01:38:48 --> Session: Class initialized using 'CodeIgniter\Session\Handlers\FileHandler' driver.
DEBUG - 2025-11-08 01:38:49 --> Session: Class initialized using 'CodeIgniter\Session\Handlers\FileHandler' driver.
DEBUG - 2025-11-08 01:38:49 --> Session: Class initialized using 'CodeIgniter\Session\Handlers\FileHandler' driver.
DEBUG - 2025-11-08 01:38:50 --> Session: Class initialized using 'CodeIgniter\Session\Handlers\FileHandler' driver.
DEBUG - 2025-11-08 01:38:50 --> Session: Class initialized using 'CodeIgniter\Session\Handlers\FileHandler' driver.
DEBUG - 2025-11-08 01:38:51 --> Session: Class initialized using 'CodeIgniter\Session\Handlers\FileHandler' driver.
DEBUG - 2025-11-08 01:38:51 --> Session: Class initialized using 'CodeIgniter\Session\Handlers\FileHandler' driver.
DEBUG - 2025-11-08 01:38:53 --> Session: Class initialized using 'CodeIgniter\Session\Handlers\FileHandler' driver.
DEBUG - 2025-11-08 01:38:53 --> Session: Class initialized using 'CodeIgniter\Session\Handlers\FileHandler' driver.
DEBUG - 2025-11-08 01:38:53 --> AUDIT DEBUG -> id_user: 18, username: administrator
DEBUG - 2025-11-08 01:38:53 --> Session: Class initialized using 'CodeIgniter\Session\Handlers\FileHandler' driver.
DEBUG - 2025-11-08 01:38:53 --> Session: Class initialized using 'CodeIgniter\Session\Handlers\FileHandler' driver.
DEBUG - 2025-11-08 01:38:54 --> Session: Class initialized using 'CodeIgniter\Session\Handlers\FileHandler' driver.
DEBUG - 2025-11-08 01:38:54 --> Session: Class initialized using 'CodeIgniter\Session\Handlers\FileHandler' driver.
DEBUG - 2025-11-08 01:38:55 --> Session: Class initialized using 'CodeIgniter\Session\Handlers\FileHandler' driver.
DEBUG - 2025-11-08 01:38:55 --> Session: Class initialized using 'CodeIgniter\Session\Handlers\FileHandler' driver.
DEBUG - 2025-11-08 01:38:56 --> Session: Class initialized using 'CodeIgniter\Session\Handlers\FileHandler' driver.
DEBUG - 2025-11-08 01:38:57 --> Session: Class initialized using 'CodeIgniter\Session\Handlers\FileHandler' driver.
DEBUG - 2025-11-08 01:38:57 --> Session: Class initialized using 'CodeIgniter\Session\Handlers\FileHandler' driver.
DEBUG - 2025-11-08 01:38:57 --> Session: Class initialized using 'CodeIgniter\Session\Handlers\FileHandler' driver.
DEBUG - 2025-11-08 01:38:57 --> Session: Class initialized using 'CodeIgniter\Session\Handlers\FileHandler' driver.
DEBUG - 2025-11-08 01:38:58 --> Session: Class initialized using 'CodeIgniter\Session\Handlers\FileHandler' driver.
DEBUG - 2025-11-08 01:38:59 --> Session: Class initialized using 'CodeIgniter\Session\Handlers\FileHandler' driver.
DEBUG - 2025-11-08 01:38:59 --> Session: Class initialized using 'CodeIgniter\Session\Handlers\FileHandler' driver.
DEBUG - 2025-11-08 01:39:00 --> Session: Class initialized using 'CodeIgniter\Session\Handlers\FileHandler' driver.
DEBUG - 2025-11-08 01:39:01 --> Session: Class initialized using 'CodeIgniter\Session\Handlers\FileHandler' driver.
DEBUG - 2025-11-08 01:39:01 --> Session: Class initialized using 'CodeIgniter\Session\Handlers\FileHandler' driver.
DEBUG - 2025-11-08 01:39:02 --> Session: Class initialized using 'CodeIgniter\Session\Handlers\FileHandler' driver.
DEBUG - 2025-11-08 01:39:02 --> Session: Class initialized using 'CodeIgniter\Session\Handlers\FileHandler' driver.
DEBUG - 2025-11-08 01:39:03 --> Session: Class initialized using 'CodeIgniter\Session\Handlers\FileHandler' driver.
DEBUG - 2025-11-08 01:39:03 --> Session: Class initialized using 'CodeIgniter\Session\Handlers\FileHandler' driver.
DEBUG - 2025-11-08 01:39:03 --> Session: Class initialized using 'CodeIgniter\Session\Handlers\FileHandler' driver.
DEBUG - 2025-11-08 01:39:03 --> Session: Class initialized using 'CodeIgniter\Session\Handlers\FileHandler' driver.
WARNING - 2025-11-08 01:39:03 --> [DEPRECATED] Optional parameter $filters declared before required parameter $id_dep is implicitly treated as a required parameter in APPPATH\Models\Model_arsip.php on line 303.
 1 SYSTEMPATH\Autoloader\Autoloader.php(315): include_once('C:\\xampp\\htdocs\\e-arsip_ci4\\system\\Debug\\Exceptions.php')
 2 SYSTEMPATH\Autoloader\Autoloader.php(295): CodeIgniter\Autoloader\Autoloader->includeFile('C:\\xampp\\htdocs\\e-arsip_ci4\\app\\Models\\Model_arsip.php')
 3 SYSTEMPATH\Autoloader\Autoloader.php(271): CodeIgniter\Autoloader\Autoloader->loadInNamespace('App\\Models\\Model_arsip')
 4 APPPATH\Controllers\Home.php(23): CodeIgniter\Autoloader\Autoloader->loadClass('App\\Models\\Model_arsip')
 5 SYSTEMPATH\CodeIgniter.php(903): App\Controllers\Home->__construct()
 6 SYSTEMPATH\CodeIgniter.php(498): CodeIgniter\CodeIgniter->createController()
 7 SYSTEMPATH\CodeIgniter.php(354): CodeIgniter\CodeIgniter->handleRequest(null, Object(Config\Cache), false)
 8 SYSTEMPATH\Boot.php(363): CodeIgniter\CodeIgniter->run()
 9 SYSTEMPATH\Boot.php(68): CodeIgniter\Boot::runCodeIgniter(Object(CodeIgniter\CodeIgniter))
10 FCPATH\index.php(59): CodeIgniter\Boot::bootWeb(Object(Config\Paths))
DEBUG - 2025-11-08 01:39:04 --> Session: Class initialized using 'CodeIgniter\Session\Handlers\FileHandler' driver.
DEBUG - 2025-11-08 01:39:05 --> Session: Class initialized using 'CodeIgniter\Session\Handlers\FileHandler' driver.
DEBUG - 2025-11-08 01:39:05 --> Session: Class initialized using 'CodeIgniter\Session\Handlers\FileHandler' driver.
WARNING - 2025-11-08 01:39:05 --> [DEPRECATED] Optional parameter $filters declared before required parameter $id_dep is implicitly treated as a required parameter in APPPATH\Models\Model_arsip.php on line 303.
 1 SYSTEMPATH\Autoloader\Autoloader.php(315): include_once('C:\\xampp\\htdocs\\e-arsip_ci4\\system\\Debug\\Exceptions.php')
 2 SYSTEMPATH\Autoloader\Autoloader.php(295): CodeIgniter\Autoloader\Autoloader->includeFile('C:\\xampp\\htdocs\\e-arsip_ci4\\app\\Models\\Model_arsip.php')
 3 SYSTEMPATH\Autoloader\Autoloader.php(271): CodeIgniter\Autoloader\Autoloader->loadInNamespace('App\\Models\\Model_arsip')
 4 APPPATH\Controllers\Cari.php(20): CodeIgniter\Autoloader\Autoloader->loadClass('App\\Models\\Model_arsip')
 5 SYSTEMPATH\CodeIgniter.php(903): App\Controllers\Cari->__construct()
 6 SYSTEMPATH\CodeIgniter.php(498): CodeIgniter\CodeIgniter->createController()
 7 SYSTEMPATH\CodeIgniter.php(354): CodeIgniter\CodeIgniter->handleRequest(null, Object(Config\Cache), false)
 8 SYSTEMPATH\Boot.php(363): CodeIgniter\CodeIgniter->run()
 9 SYSTEMPATH\Boot.php(68): CodeIgniter\Boot::runCodeIgniter(Object(CodeIgniter\CodeIgniter))
10 FCPATH\index.php(59): CodeIgniter\Boot::bootWeb(Object(Config\Paths))
DEBUG - 2025-11-08 01:39:05 --> Session: Class initialized using 'CodeIgniter\Session\Handlers\FileHandler' driver.
DEBUG - 2025-11-08 01:39:05 --> Session: Class initialized using 'CodeIgniter\Session\Handlers\FileHandler' driver.
DEBUG - 2025-11-08 01:39:06 --> Session: Class initialized using 'CodeIgniter\Session\Handlers\FileHandler' driver.
DEBUG - 2025-11-08 01:39:07 --> Session: Class initialized using 'CodeIgniter\Session\Handlers\FileHandler' driver.
DEBUG - 2025-11-08 01:39:07 --> Session: Class initialized using 'CodeIgniter\Session\Handlers\FileHandler' driver.
DEBUG - 2025-11-08 01:39:07 --> Session: Class initialized using 'CodeIgniter\Session\Handlers\FileHandler' driver.
WARNING - 2025-11-08 01:39:07 --> [DEPRECATED] Optional parameter $filters declared before required parameter $id_dep is implicitly treated as a required parameter in APPPATH\Models\Model_arsip.php on line 303.
 1 SYSTEMPATH\Autoloader\Autoloader.php(315): include_once('C:\\xampp\\htdocs\\e-arsip_ci4\\system\\Debug\\Exceptions.php')
 2 SYSTEMPATH\Autoloader\Autoloader.php(295): CodeIgniter\Autoloader\Autoloader->includeFile('C:\\xampp\\htdocs\\e-arsip_ci4\\app\\Models\\Model_arsip.php')
 3 SYSTEMPATH\Autoloader\Autoloader.php(271): CodeIgniter\Autoloader\Autoloader->loadInNamespace('App\\Models\\Model_arsip')
 4 APPPATH\Controllers\Arsip.php(26): CodeIgniter\Autoloader\Autoloader->loadClass('App\\Models\\Model_arsip')
 5 SYSTEMPATH\CodeIgniter.php(903): App\Controllers\Arsip->__construct()
 6 SYSTEMPATH\CodeIgniter.php(498): CodeIgniter\CodeIgniter->createController()
 7 SYSTEMPATH\CodeIgniter.php(354): CodeIgniter\CodeIgniter->handleRequest(null, Object(Config\Cache), false)
 8 SYSTEMPATH\Boot.php(363): CodeIgniter\CodeIgniter->run()
 9 SYSTEMPATH\Boot.php(68): CodeIgniter\Boot::runCodeIgniter(Object(CodeIgniter\CodeIgniter))
10 FCPATH\index.php(59): CodeIgniter\Boot::bootWeb(Object(Config\Paths))
DEBUG - 2025-11-08 01:39:08 --> Session: Class initialized using 'CodeIgniter\Session\Handlers\FileHandler' driver.
WARNING - 2025-11-08 01:39:08 --> [DEPRECATED] Optional parameter $filters declared before required parameter $id_dep is implicitly treated as a required parameter in APPPATH\Models\Model_arsip.php on line 303.
 1 SYSTEMPATH\Autoloader\Autoloader.php(315): include_once('C:\\xampp\\htdocs\\e-arsip_ci4\\system\\Debug\\Exceptions.php')
 2 SYSTEMPATH\Autoloader\Autoloader.php(295): CodeIgniter\Autoloader\Autoloader->includeFile('C:\\xampp\\htdocs\\e-arsip_ci4\\app\\Models\\Model_arsip.php')
 3 SYSTEMPATH\Autoloader\Autoloader.php(271): CodeIgniter\Autoloader\Autoloader->loadInNamespace('App\\Models\\Model_arsip')
 4 APPPATH\Controllers\Arsip.php(26): CodeIgniter\Autoloader\Autoloader->loadClass('App\\Models\\Model_arsip')
 5 SYSTEMPATH\CodeIgniter.php(903): App\Controllers\Arsip->__construct()
 6 SYSTEMPATH\CodeIgniter.php(498): CodeIgniter\CodeIgniter->createController()
 7 SYSTEMPATH\CodeIgniter.php(354): CodeIgniter\CodeIgniter->handleRequest(null, Object(Config\Cache), false)
 8 SYSTEMPATH\Boot.php(363): CodeIgniter\CodeIgniter->run()
 9 SYSTEMPATH\Boot.php(68): CodeIgniter\Boot::runCodeIgniter(Object(CodeIgniter\CodeIgniter))
10 FCPATH\index.php(59): CodeIgniter\Boot::bootWeb(Object(Config\Paths))
DEBUG - 2025-11-08 01:39:08 --> Session: Class initialized using 'CodeIgniter\Session\Handlers\FileHandler' driver.
DEBUG - 2025-11-08 01:39:08 --> Session: Class initialized using 'CodeIgniter\Session\Handlers\FileHandler' driver.
DEBUG - 2025-11-08 01:39:09 --> Session: Class initialized using 'CodeIgniter\Session\Handlers\FileHandler' driver.
DEBUG - 2025-11-08 01:39:09 --> Session: Class initialized using 'CodeIgniter\Session\Handlers\FileHandler' driver.
DEBUG - 2025-11-08 01:39:09 --> Session: Class initialized using 'CodeIgniter\Session\Handlers\FileHandler' driver.
WARNING - 2025-11-08 01:39:09 --> [DEPRECATED] Optional parameter $filters declared before required parameter $id_dep is implicitly treated as a required parameter in APPPATH\Models\Model_arsip.php on line 303.
 1 SYSTEMPATH\Autoloader\Autoloader.php(315): include_once('C:\\xampp\\htdocs\\e-arsip_ci4\\system\\Debug\\Exceptions.php')
 2 SYSTEMPATH\Autoloader\Autoloader.php(295): CodeIgniter\Autoloader\Autoloader->includeFile('C:\\xampp\\htdocs\\e-arsip_ci4\\app\\Models\\Model_arsip.php')
 3 SYSTEMPATH\Autoloader\Autoloader.php(271): CodeIgniter\Autoloader\Autoloader->loadInNamespace('App\\Models\\Model_arsip')
 4 APPPATH\Controllers\Arsip.php(26): CodeIgniter\Autoloader\Autoloader->loadClass('App\\Models\\Model_arsip')
 5 SYSTEMPATH\CodeIgniter.php(903): App\Controllers\Arsip->__construct()
 6 SYSTEMPATH\CodeIgniter.php(498): CodeIgniter\CodeIgniter->createController()
 7 SYSTEMPATH\CodeIgniter.php(354): CodeIgniter\CodeIgniter->handleRequest(null, Object(Config\Cache), false)
 8 SYSTEMPATH\Boot.php(363): CodeIgniter\CodeIgniter->run()
 9 SYSTEMPATH\Boot.php(68): CodeIgniter\Boot::runCodeIgniter(Object(CodeIgniter\CodeIgniter))
10 FCPATH\index.php(59): CodeIgniter\Boot::bootWeb(Object(Config\Paths))
DEBUG - 2025-11-08 01:39:10 --> Session: Class initialized using 'CodeIgniter\Session\Handlers\FileHandler' driver.
DEBUG - 2025-11-08 01:39:10 --> Session: Class initialized using 'CodeIgniter\Session\Handlers\FileHandler' driver.
WARNING - 2025-11-08 01:39:10 --> [DEPRECATED] Optional parameter $filters declared before required parameter $id_dep is implicitly treated as a required parameter in APPPATH\Models\Model_arsip.php on line 303.
 1 SYSTEMPATH\Autoloader\Autoloader.php(315): include_once('C:\\xampp\\htdocs\\e-arsip_ci4\\system\\Debug\\Exceptions.php')
 2 SYSTEMPATH\Autoloader\Autoloader.php(295): CodeIgniter\Autoloader\Autoloader->includeFile('C:\\xampp\\htdocs\\e-arsip_ci4\\app\\Models\\Model_arsip.php')
 3 SYSTEMPATH\Autoloader\Autoloader.php(271): CodeIgniter\Autoloader\Autoloader->loadInNamespace('App\\Models\\Model_arsip')
 4 APPPATH\Controllers\Arsip.php(26): CodeIgniter\Autoloader\Autoloader->loadClass('App\\Models\\Model_arsip')
 5 SYSTEMPATH\CodeIgniter.php(903): App\Controllers\Arsip->__construct()
 6 SYSTEMPATH\CodeIgniter.php(498): CodeIgniter\CodeIgniter->createController()
 7 SYSTEMPATH\CodeIgniter.php(354): CodeIgniter\CodeIgniter->handleRequest(null, Object(Config\Cache), false)
 8 SYSTEMPATH\Boot.php(363): CodeIgniter\CodeIgniter->run()
 9 SYSTEMPATH\Boot.php(68): CodeIgniter\Boot::runCodeIgniter(Object(CodeIgniter\CodeIgniter))
10 FCPATH\index.php(59): CodeIgniter\Boot::bootWeb(Object(Config\Paths))
DEBUG - 2025-11-08 01:39:11 --> Session: Class initialized using 'CodeIgniter\Session\Handlers\FileHandler' driver.
WARNING - 2025-11-08 01:39:11 --> [DEPRECATED] Optional parameter $filters declared before required parameter $id_dep is implicitly treated as a required parameter in APPPATH\Models\Model_arsip.php on line 303.
 1 SYSTEMPATH\Autoloader\Autoloader.php(315): include_once('C:\\xampp\\htdocs\\e-arsip_ci4\\system\\Debug\\Exceptions.php')
 2 SYSTEMPATH\Autoloader\Autoloader.php(295): CodeIgniter\Autoloader\Autoloader->includeFile('C:\\xampp\\htdocs\\e-arsip_ci4\\app\\Models\\Model_arsip.php')
 3 SYSTEMPATH\Autoloader\Autoloader.php(271): CodeIgniter\Autoloader\Autoloader->loadInNamespace('App\\Models\\Model_arsip')
 4 APPPATH\Controllers\Arsip.php(26): CodeIgniter\Autoloader\Autoloader->loadClass('App\\Models\\Model_arsip')
 5 SYSTEMPATH\CodeIgniter.php(903): App\Controllers\Arsip->__construct()
 6 SYSTEMPATH\CodeIgniter.php(498): CodeIgniter\CodeIgniter->createController()
 7 SYSTEMPATH\CodeIgniter.php(354): CodeIgniter\CodeIgniter->handleRequest(null, Object(Config\Cache), false)
 8 SYSTEMPATH\Boot.php(363): CodeIgniter\CodeIgniter->run()
 9 SYSTEMPATH\Boot.php(68): CodeIgniter\Boot::runCodeIgniter(Object(CodeIgniter\CodeIgniter))
10 FCPATH\index.php(59): CodeIgniter\Boot::bootWeb(Object(Config\Paths))
DEBUG - 2025-11-08 01:39:11 --> Session: Class initialized using 'CodeIgniter\Session\Handlers\FileHandler' driver.
WARNING - 2025-11-08 01:39:11 --> [DEPRECATED] Optional parameter $filters declared before required parameter $id_dep is implicitly treated as a required parameter in APPPATH\Models\Model_arsip.php on line 303.
 1 SYSTEMPATH\Autoloader\Autoloader.php(315): include_once('C:\\xampp\\htdocs\\e-arsip_ci4\\system\\Debug\\Exceptions.php')
 2 SYSTEMPATH\Autoloader\Autoloader.php(295): CodeIgniter\Autoloader\Autoloader->includeFile('C:\\xampp\\htdocs\\e-arsip_ci4\\app\\Models\\Model_arsip.php')
 3 SYSTEMPATH\Autoloader\Autoloader.php(271): CodeIgniter\Autoloader\Autoloader->loadInNamespace('App\\Models\\Model_arsip')
 4 APPPATH\Controllers\Arsip.php(26): CodeIgniter\Autoloader\Autoloader->loadClass('App\\Models\\Model_arsip')
 5 SYSTEMPATH\CodeIgniter.php(903): App\Controllers\Arsip->__construct()
 6 SYSTEMPATH\CodeIgniter.php(498): CodeIgniter\CodeIgniter->createController()
 7 SYSTEMPATH\CodeIgniter.php(354): CodeIgniter\CodeIgniter->handleRequest(null, Object(Config\Cache), false)
 8 SYSTEMPATH\Boot.php(363): CodeIgniter\CodeIgniter->run()
 9 SYSTEMPATH\Boot.php(68): CodeIgniter\Boot::runCodeIgniter(Object(CodeIgniter\CodeIgniter))
10 FCPATH\index.php(59): CodeIgniter\Boot::bootWeb(Object(Config\Paths))
DEBUG - 2025-11-08 01:39:11 --> Session: Class initialized using 'CodeIgniter\Session\Handlers\FileHandler' driver.
DEBUG - 2025-11-08 01:39:11 --> Session: Class initialized using 'CodeIgniter\Session\Handlers\FileHandler' driver.
DEBUG - 2025-11-08 01:39:12 --> Session: Class initialized using 'CodeIgniter\Session\Handlers\FileHandler' driver.
DEBUG - 2025-11-08 01:39:13 --> Session: Class initialized using 'CodeIgniter\Session\Handlers\FileHandler' driver.
DEBUG - 2025-11-08 01:39:13 --> Session: Class initialized using 'CodeIgniter\Session\Handlers\FileHandler' driver.
DEBUG - 2025-11-08 01:39:14 --> Session: Class initialized using 'CodeIgniter\Session\Handlers\FileHandler' driver.
DEBUG - 2025-11-08 01:39:14 --> Session: Class initialized using 'CodeIgniter\Session\Handlers\FileHandler' driver.
DEBUG - 2025-11-08 01:39:15 --> Session: Class initialized using 'CodeIgniter\Session\Handlers\FileHandler' driver.
DEBUG - 2025-11-08 01:39:15 --> Session: Class initialized using 'CodeIgniter\Session\Handlers\FileHandler' driver.
DEBUG - 2025-11-08 01:39:16 --> Session: Class initialized using 'CodeIgniter\Session\Handlers\FileHandler' driver.
DEBUG - 2025-11-08 01:39:17 --> Session: Class initialized using 'CodeIgniter\Session\Handlers\FileHandler' driver.
DEBUG - 2025-11-08 01:39:17 --> Session: Class initialized using 'CodeIgniter\Session\Handlers\FileHandler' driver.
DEBUG - 2025-11-08 01:39:18 --> Session: Class initialized using 'CodeIgniter\Session\Handlers\FileHandler' driver.
DEBUG - 2025-11-08 01:39:19 --> Session: Class initialized using 'CodeIgniter\Session\Handlers\FileHandler' driver.
DEBUG - 2025-11-08 01:39:19 --> Session: Class initialized using 'CodeIgniter\Session\Handlers\FileHandler' driver.
DEBUG - 2025-11-08 01:39:20 --> Session: Class initialized using 'CodeIgniter\Session\Handlers\FileHandler' driver.
DEBUG - 2025-11-08 01:39:20 --> Session: Class initialized using 'CodeIgniter\Session\Handlers\FileHandler' driver.
DEBUG - 2025-11-08 01:39:21 --> Session: Class initialized using 'CodeIgniter\Session\Handlers\FileHandler' driver.
DEBUG - 2025-11-08 01:39:21 --> Session: Class initialized using 'CodeIgniter\Session\Handlers\FileHandler' driver.
DEBUG - 2025-11-08 01:39:22 --> Session: Class initialized using 'CodeIgniter\Session\Handlers\FileHandler' driver.
DEBUG - 2025-11-08 01:39:23 --> Session: Class initialized using 'CodeIgniter\Session\Handlers\FileHandler' driver.
DEBUG - 2025-11-08 01:39:23 --> Session: Class initialized using 'CodeIgniter\Session\Handlers\FileHandler' driver.
DEBUG - 2025-11-08 01:39:24 --> Session: Class initialized using 'CodeIgniter\Session\Handlers\FileHandler' driver.
DEBUG - 2025-11-08 01:39:25 --> Session: Class initialized using 'CodeIgniter\Session\Handlers\FileHandler' driver.
DEBUG - 2025-11-08 01:39:25 --> Session: Class initialized using 'CodeIgniter\Session\Handlers\FileHandler' driver.
DEBUG - 2025-11-08 01:39:26 --> Session: Class initialized using 'CodeIgniter\Session\Handlers\FileHandler' driver.
DEBUG - 2025-11-08 01:39:26 --> Session: Class initialized using 'CodeIgniter\Session\Handlers\FileHandler' driver.
DEBUG - 2025-11-08 01:39:27 --> Session: Class initialized using 'CodeIgniter\Session\Handlers\FileHandler' driver.
DEBUG - 2025-11-08 01:39:27 --> Session: Class initialized using 'CodeIgniter\Session\Handlers\FileHandler' driver.
DEBUG - 2025-11-08 01:39:28 --> Session: Class initialized using 'CodeIgniter\Session\Handlers\FileHandler' driver.
DEBUG - 2025-11-08 01:39:29 --> Session: Class initialized using 'CodeIgniter\Session\Handlers\FileHandler' driver.
DEBUG - 2025-11-08 01:39:29 --> Session: Class initialized using 'CodeIgniter\Session\Handlers\FileHandler' driver.
DEBUG - 2025-11-08 01:39:30 --> Session: Class initialized using 'CodeIgniter\Session\Handlers\FileHandler' driver.
DEBUG - 2025-11-08 01:39:31 --> Session: Class initialized using 'CodeIgniter\Session\Handlers\FileHandler' driver.
DEBUG - 2025-11-08 01:39:31 --> Session: Class initialized using 'CodeIgniter\Session\Handlers\FileHandler' driver.
DEBUG - 2025-11-08 01:39:32 --> Session: Class initialized using 'CodeIgniter\Session\Handlers\FileHandler' driver.
DEBUG - 2025-11-08 01:39:32 --> Session: Class initialized using 'CodeIgniter\Session\Handlers\FileHandler' driver.
DEBUG - 2025-11-08 01:39:33 --> Session: Class initialized using 'CodeIgniter\Session\Handlers\FileHandler' driver.
DEBUG - 2025-11-08 01:39:33 --> Session: Class initialized using 'CodeIgniter\Session\Handlers\FileHandler' driver.
DEBUG - 2025-11-08 01:39:34 --> Session: Class initialized using 'CodeIgniter\Session\Handlers\FileHandler' driver.
DEBUG - 2025-11-08 01:39:35 --> Session: Class initialized using 'CodeIgniter\Session\Handlers\FileHandler' driver.
DEBUG - 2025-11-08 01:39:35 --> Session: Class initialized using 'CodeIgniter\Session\Handlers\FileHandler' driver.
DEBUG - 2025-11-08 01:39:36 --> Session: Class initialized using 'CodeIgniter\Session\Handlers\FileHandler' driver.
DEBUG - 2025-11-08 01:39:37 --> Session: Class initialized using 'CodeIgniter\Session\Handlers\FileHandler' driver.
DEBUG - 2025-11-08 01:39:37 --> Session: Class initialized using 'CodeIgniter\Session\Handlers\FileHandler' driver.
DEBUG - 2025-11-08 01:39:38 --> Session: Class initialized using 'CodeIgniter\Session\Handlers\FileHandler' driver.
DEBUG - 2025-11-08 01:39:38 --> Session: Class initialized using 'CodeIgniter\Session\Handlers\FileHandler' driver.
DEBUG - 2025-11-08 01:39:39 --> Session: Class initialized using 'CodeIgniter\Session\Handlers\FileHandler' driver.
DEBUG - 2025-11-08 01:39:39 --> Session: Class initialized using 'CodeIgniter\Session\Handlers\FileHandler' driver.
DEBUG - 2025-11-08 01:39:40 --> Session: Class initialized using 'CodeIgniter\Session\Handlers\FileHandler' driver.
DEBUG - 2025-11-08 01:39:41 --> Session: Class initialized using 'CodeIgniter\Session\Handlers\FileHandler' driver.
DEBUG - 2025-11-08 01:39:41 --> Session: Class initialized using 'CodeIgniter\Session\Handlers\FileHandler' driver.
DEBUG - 2025-11-08 01:39:42 --> Session: Class initialized using 'CodeIgniter\Session\Handlers\FileHandler' driver.
DEBUG - 2025-11-08 01:39:43 --> Session: Class initialized using 'CodeIgniter\Session\Handlers\FileHandler' driver.
DEBUG - 2025-11-08 01:39:43 --> Session: Class initialized using 'CodeIgniter\Session\Handlers\FileHandler' driver.
DEBUG - 2025-11-08 01:39:44 --> Session: Class initialized using 'CodeIgniter\Session\Handlers\FileHandler' driver.
DEBUG - 2025-11-08 01:39:44 --> Session: Class initialized using 'CodeIgniter\Session\Handlers\FileHandler' driver.
DEBUG - 2025-11-08 01:39:45 --> Session: Class initialized using 'CodeIgniter\Session\Handlers\FileHandler' driver.
DEBUG - 2025-11-08 01:39:45 --> Session: Class initialized using 'CodeIgniter\Session\Handlers\FileHandler' driver.
DEBUG - 2025-11-08 01:39:46 --> Session: Class initialized using 'CodeIgniter\Session\Handlers\FileHandler' driver.
DEBUG - 2025-11-08 01:39:47 --> Session: Class initialized using 'CodeIgniter\Session\Handlers\FileHandler' driver.
DEBUG - 2025-11-08 01:39:47 --> Session: Class initialized using 'CodeIgniter\Session\Handlers\FileHandler' driver.
DEBUG - 2025-11-08 01:39:48 --> Session: Class initialized using 'CodeIgniter\Session\Handlers\FileHandler' driver.
DEBUG - 2025-11-08 01:39:49 --> Session: Class initialized using 'CodeIgniter\Session\Handlers\FileHandler' driver.
DEBUG - 2025-11-08 01:39:49 --> Session: Class initialized using 'CodeIgniter\Session\Handlers\FileHandler' driver.
DEBUG - 2025-11-08 01:39:50 --> Session: Class initialized using 'CodeIgniter\Session\Handlers\FileHandler' driver.
DEBUG - 2025-11-08 01:39:50 --> Session: Class initialized using 'CodeIgniter\Session\Handlers\FileHandler' driver.
DEBUG - 2025-11-08 01:39:51 --> Session: Class initialized using 'CodeIgniter\Session\Handlers\FileHandler' driver.
DEBUG - 2025-11-08 01:39:51 --> Session: Class initialized using 'CodeIgniter\Session\Handlers\FileHandler' driver.
DEBUG - 2025-11-08 01:39:52 --> Session: Class initialized using 'CodeIgniter\Session\Handlers\FileHandler' driver.
DEBUG - 2025-11-08 01:39:53 --> Session: Class initialized using 'CodeIgniter\Session\Handlers\FileHandler' driver.
DEBUG - 2025-11-08 01:39:53 --> Session: Class initialized using 'CodeIgniter\Session\Handlers\FileHandler' driver.
DEBUG - 2025-11-08 01:39:54 --> Session: Class initialized using 'CodeIgniter\Session\Handlers\FileHandler' driver.
DEBUG - 2025-11-08 01:39:55 --> Session: Class initialized using 'CodeIgniter\Session\Handlers\FileHandler' driver.
DEBUG - 2025-11-08 01:39:55 --> Session: Class initialized using 'CodeIgniter\Session\Handlers\FileHandler' driver.
DEBUG - 2025-11-08 01:39:56 --> Session: Class initialized using 'CodeIgniter\Session\Handlers\FileHandler' driver.
DEBUG - 2025-11-08 01:39:56 --> Session: Class initialized using 'CodeIgniter\Session\Handlers\FileHandler' driver.
DEBUG - 2025-11-08 01:39:57 --> Session: Class initialized using 'CodeIgniter\Session\Handlers\FileHandler' driver.
DEBUG - 2025-11-08 01:40:25 --> Session: Class initialized using 'CodeIgniter\Session\Handlers\FileHandler' driver.
DEBUG - 2025-11-08 01:40:25 --> Session: Class initialized using 'CodeIgniter\Session\Handlers\FileHandler' driver.
DEBUG - 2025-11-08 01:40:30 --> Session: Class initialized using 'CodeIgniter\Session\Handlers\FileHandler' driver.
DEBUG - 2025-11-08 01:40:32 --> Session: Class initialized using 'CodeIgniter\Session\Handlers\FileHandler' driver.
DEBUG - 2025-11-08 01:40:33 --> Session: Class initialized using 'CodeIgniter\Session\Handlers\FileHandler' driver.
DEBUG - 2025-11-08 01:40:34 --> Session: Class initialized using 'CodeIgniter\Session\Handlers\FileHandler' driver.
DEBUG - 2025-11-08 01:40:35 --> Session: Class initialized using 'CodeIgniter\Session\Handlers\FileHandler' driver.
DEBUG - 2025-11-08 01:40:37 --> Session: Class initialized using 'CodeIgniter\Session\Handlers\FileHandler' driver.
DEBUG - 2025-11-08 01:40:38 --> Session: Class initialized using 'CodeIgniter\Session\Handlers\FileHandler' driver.
DEBUG - 2025-11-08 01:40:39 --> Session: Class initialized using 'CodeIgniter\Session\Handlers\FileHandler' driver.
DEBUG - 2025-11-08 01:40:39 --> Session: Class initialized using 'CodeIgniter\Session\Handlers\FileHandler' driver.
DEBUG - 2025-11-08 01:40:39 --> Session: Class initialized using 'CodeIgniter\Session\Handlers\FileHandler' driver.
DEBUG - 2025-11-08 01:40:40 --> Session: Class initialized using 'CodeIgniter\Session\Handlers\FileHandler' driver.
DEBUG - 2025-11-08 01:40:41 --> Session: Class initialized using 'CodeIgniter\Session\Handlers\FileHandler' driver.
DEBUG - 2025-11-08 01:40:43 --> Session: Class initialized using 'CodeIgniter\Session\Handlers\FileHandler' driver.
DEBUG - 2025-11-08 01:40:44 --> Session: Class initialized using 'CodeIgniter\Session\Handlers\FileHandler' driver.
DEBUG - 2025-11-08 01:40:45 --> Session: Class initialized using 'CodeIgniter\Session\Handlers\FileHandler' driver.
DEBUG - 2025-11-08 01:40:46 --> Session: Class initialized using 'CodeIgniter\Session\Handlers\FileHandler' driver.
DEBUG - 2025-11-08 01:40:47 --> Session: Class initialized using 'CodeIgniter\Session\Handlers\FileHandler' driver.
DEBUG - 2025-11-08 01:40:48 --> Session: Class initialized using 'CodeIgniter\Session\Handlers\FileHandler' driver.
DEBUG - 2025-11-08 01:40:48 --> Session: Class initialized using 'CodeIgniter\Session\Handlers\FileHandler' driver.
WARNING - 2025-11-08 01:40:48 --> [DEPRECATED] Optional parameter $filters declared before required parameter $id_dep is implicitly treated as a required parameter in APPPATH\Models\Model_arsip.php on line 303.
 1 SYSTEMPATH\Autoloader\Autoloader.php(315): include_once('C:\\xampp\\htdocs\\e-arsip_ci4\\system\\Debug\\Exceptions.php')
 2 SYSTEMPATH\Autoloader\Autoloader.php(295): CodeIgniter\Autoloader\Autoloader->includeFile('C:\\xampp\\htdocs\\e-arsip_ci4\\app\\Models\\Model_arsip.php')
 3 SYSTEMPATH\Autoloader\Autoloader.php(271): CodeIgniter\Autoloader\Autoloader->loadInNamespace('App\\Models\\Model_arsip')
 4 APPPATH\Controllers\Home.php(23): CodeIgniter\Autoloader\Autoloader->loadClass('App\\Models\\Model_arsip')
 5 SYSTEMPATH\CodeIgniter.php(903): App\Controllers\Home->__construct()
 6 SYSTEMPATH\CodeIgniter.php(498): CodeIgniter\CodeIgniter->createController()
 7 SYSTEMPATH\CodeIgniter.php(354): CodeIgniter\CodeIgniter->handleRequest(null, Object(Config\Cache), false)
 8 SYSTEMPATH\Boot.php(363): CodeIgniter\CodeIgniter->run()
 9 SYSTEMPATH\Boot.php(68): CodeIgniter\Boot::runCodeIgniter(Object(CodeIgniter\CodeIgniter))
10 FCPATH\index.php(59): CodeIgniter\Boot::bootWeb(Object(Config\Paths))
DEBUG - 2025-11-08 01:40:49 --> Session: Class initialized using 'CodeIgniter\Session\Handlers\FileHandler' driver.
DEBUG - 2025-11-08 01:40:50 --> Session: Class initialized using 'CodeIgniter\Session\Handlers\FileHandler' driver.
DEBUG - 2025-11-08 01:40:51 --> Session: Class initialized using 'CodeIgniter\Session\Handlers\FileHandler' driver.
WARNING - 2025-11-08 01:40:51 --> [DEPRECATED] Optional parameter $filters declared before required parameter $id_dep is implicitly treated as a required parameter in APPPATH\Models\Model_arsip.php on line 303.
 1 SYSTEMPATH\Autoloader\Autoloader.php(315): include_once('C:\\xampp\\htdocs\\e-arsip_ci4\\system\\Debug\\Exceptions.php')
 2 SYSTEMPATH\Autoloader\Autoloader.php(295): CodeIgniter\Autoloader\Autoloader->includeFile('C:\\xampp\\htdocs\\e-arsip_ci4\\app\\Models\\Model_arsip.php')
 3 SYSTEMPATH\Autoloader\Autoloader.php(271): CodeIgniter\Autoloader\Autoloader->loadInNamespace('App\\Models\\Model_arsip')
 4 APPPATH\Controllers\Arsip.php(26): CodeIgniter\Autoloader\Autoloader->loadClass('App\\Models\\Model_arsip')
 5 SYSTEMPATH\CodeIgniter.php(903): App\Controllers\Arsip->__construct()
 6 SYSTEMPATH\CodeIgniter.php(498): CodeIgniter\CodeIgniter->createController()
 7 SYSTEMPATH\CodeIgniter.php(354): CodeIgniter\CodeIgniter->handleRequest(null, Object(Config\Cache), false)
 8 SYSTEMPATH\Boot.php(363): CodeIgniter\CodeIgniter->run()
 9 SYSTEMPATH\Boot.php(68): CodeIgniter\Boot::runCodeIgniter(Object(CodeIgniter\CodeIgniter))
10 FCPATH\index.php(59): CodeIgniter\Boot::bootWeb(Object(Config\Paths))
DEBUG - 2025-11-08 01:40:51 --> Session: Class initialized using 'CodeIgniter\Session\Handlers\FileHandler' driver.
DEBUG - 2025-11-08 01:40:51 --> Session: Class initialized using 'CodeIgniter\Session\Handlers\FileHandler' driver.
DEBUG - 2025-11-08 01:40:53 --> Session: Class initialized using 'CodeIgniter\Session\Handlers\FileHandler' driver.
DEBUG - 2025-11-08 01:40:55 --> Session: Class initialized using 'CodeIgniter\Session\Handlers\FileHandler' driver.
DEBUG - 2025-11-08 01:40:56 --> Session: Class initialized using 'CodeIgniter\Session\Handlers\FileHandler' driver.
DEBUG - 2025-11-08 01:40:57 --> Session: Class initialized using 'CodeIgniter\Session\Handlers\FileHandler' driver.
DEBUG - 2025-11-08 01:40:58 --> Session: Class initialized using 'CodeIgniter\Session\Handlers\FileHandler' driver.
DEBUG - 2025-11-08 01:40:59 --> Session: Class initialized using 'CodeIgniter\Session\Handlers\FileHandler' driver.
DEBUG - 2025-11-08 01:41:01 --> Session: Class initialized using 'CodeIgniter\Session\Handlers\FileHandler' driver.
DEBUG - 2025-11-08 01:41:02 --> Session: Class initialized using 'CodeIgniter\Session\Handlers\FileHandler' driver.
DEBUG - 2025-11-08 01:41:03 --> Session: Class initialized using 'CodeIgniter\Session\Handlers\FileHandler' driver.
DEBUG - 2025-11-08 01:41:04 --> Session: Class initialized using 'CodeIgniter\Session\Handlers\FileHandler' driver.
DEBUG - 2025-11-08 01:41:05 --> Session: Class initialized using 'CodeIgniter\Session\Handlers\FileHandler' driver.
DEBUG - 2025-11-08 01:41:06 --> Session: Class initialized using 'CodeIgniter\Session\Handlers\FileHandler' driver.
DEBUG - 2025-11-08 01:41:07 --> Session: Class initialized using 'CodeIgniter\Session\Handlers\FileHandler' driver.
DEBUG - 2025-11-08 01:41:08 --> Session: Class initialized using 'CodeIgniter\Session\Handlers\FileHandler' driver.
DEBUG - 2025-11-08 01:41:09 --> Session: Class initialized using 'CodeIgniter\Session\Handlers\FileHandler' driver.
DEBUG - 2025-11-08 01:41:10 --> Session: Class initialized using 'CodeIgniter\Session\Handlers\FileHandler' driver.
DEBUG - 2025-11-08 01:41:11 --> Session: Class initialized using 'CodeIgniter\Session\Handlers\FileHandler' driver.
DEBUG - 2025-11-08 01:41:13 --> Session: Class initialized using 'CodeIgniter\Session\Handlers\FileHandler' driver.
DEBUG - 2025-11-08 01:41:14 --> Session: Class initialized using 'CodeIgniter\Session\Handlers\FileHandler' driver.
DEBUG - 2025-11-08 01:41:15 --> Session: Class initialized using 'CodeIgniter\Session\Handlers\FileHandler' driver.
DEBUG - 2025-11-08 01:41:16 --> Session: Class initialized using 'CodeIgniter\Session\Handlers\FileHandler' driver.
DEBUG - 2025-11-08 01:41:17 --> Session: Class initialized using 'CodeIgniter\Session\Handlers\FileHandler' driver.
DEBUG - 2025-11-08 01:41:19 --> Session: Class initialized using 'CodeIgniter\Session\Handlers\FileHandler' driver.
DEBUG - 2025-11-08 01:41:20 --> Session: Class initialized using 'CodeIgniter\Session\Handlers\FileHandler' driver.
DEBUG - 2025-11-08 01:41:21 --> Session: Class initialized using 'CodeIgniter\Session\Handlers\FileHandler' driver.
DEBUG - 2025-11-08 01:41:22 --> Session: Class initialized using 'CodeIgniter\Session\Handlers\FileHandler' driver.
DEBUG - 2025-11-08 01:41:23 --> Session: Class initialized using 'CodeIgniter\Session\Handlers\FileHandler' driver.
DEBUG - 2025-11-08 01:41:25 --> Session: Class initialized using 'CodeIgniter\Session\Handlers\FileHandler' driver.
DEBUG - 2025-11-08 01:41:25 --> Session: Class initialized using 'CodeIgniter\Session\Handlers\FileHandler' driver.
DEBUG - 2025-11-08 01:41:25 --> Session: Class initialized using 'CodeIgniter\Session\Handlers\FileHandler' driver.
DEBUG - 2025-11-08 01:41:25 --> AUDIT DEBUG -> id_user: 18, username: administrator
DEBUG - 2025-11-08 01:41:25 --> Session: Class initialized using 'CodeIgniter\Session\Handlers\FileHandler' driver.
DEBUG - 2025-11-08 01:41:26 --> Session: Class initialized using 'CodeIgniter\Session\Handlers\FileHandler' driver.
DEBUG - 2025-11-08 01:41:27 --> Session: Class initialized using 'CodeIgniter\Session\Handlers\FileHandler' driver.
DEBUG - 2025-11-08 01:41:27 --> Session: Class initialized using 'CodeIgniter\Session\Handlers\FileHandler' driver.
DEBUG - 2025-11-08 01:41:27 --> Session: Class initialized using 'CodeIgniter\Session\Handlers\FileHandler' driver.
DEBUG - 2025-11-08 01:41:28 --> Session: Class initialized using 'CodeIgniter\Session\Handlers\FileHandler' driver.
DEBUG - 2025-11-08 01:41:29 --> Session: Class initialized using 'CodeIgniter\Session\Handlers\FileHandler' driver.
DEBUG - 2025-11-08 01:41:30 --> Session: Class initialized using 'CodeIgniter\Session\Handlers\FileHandler' driver.
DEBUG - 2025-11-08 01:41:31 --> Session: Class initialized using 'CodeIgniter\Session\Handlers\FileHandler' driver.
WARNING - 2025-11-08 01:41:31 --> [DEPRECATED] Optional parameter $filters declared before required parameter $id_dep is implicitly treated as a required parameter in APPPATH\Models\Model_arsip.php on line 303.
 1 SYSTEMPATH\Autoloader\Autoloader.php(315): include_once('C:\\xampp\\htdocs\\e-arsip_ci4\\system\\Debug\\Exceptions.php')
 2 SYSTEMPATH\Autoloader\Autoloader.php(295): CodeIgniter\Autoloader\Autoloader->includeFile('C:\\xampp\\htdocs\\e-arsip_ci4\\app\\Models\\Model_arsip.php')
 3 SYSTEMPATH\Autoloader\Autoloader.php(271): CodeIgniter\Autoloader\Autoloader->loadInNamespace('App\\Models\\Model_arsip')
 4 APPPATH\Controllers\Home.php(23): CodeIgniter\Autoloader\Autoloader->loadClass('App\\Models\\Model_arsip')
 5 SYSTEMPATH\CodeIgniter.php(903): App\Controllers\Home->__construct()
 6 SYSTEMPATH\CodeIgniter.php(498): CodeIgniter\CodeIgniter->createController()
 7 SYSTEMPATH\CodeIgniter.php(354): CodeIgniter\CodeIgniter->handleRequest(null, Object(Config\Cache), false)
 8 SYSTEMPATH\Boot.php(363): CodeIgniter\CodeIgniter->run()
 9 SYSTEMPATH\Boot.php(68): CodeIgniter\Boot::runCodeIgniter(Object(CodeIgniter\CodeIgniter))
10 FCPATH\index.php(59): CodeIgniter\Boot::bootWeb(Object(Config\Paths))
DEBUG - 2025-11-08 01:41:31 --> Session: Class initialized using 'CodeIgniter\Session\Handlers\FileHandler' driver.
DEBUG - 2025-11-08 01:41:32 --> Session: Class initialized using 'CodeIgniter\Session\Handlers\FileHandler' driver.
DEBUG - 2025-11-08 01:41:33 --> Session: Class initialized using 'CodeIgniter\Session\Handlers\FileHandler' driver.
DEBUG - 2025-11-08 01:41:34 --> Session: Class initialized using 'CodeIgniter\Session\Handlers\FileHandler' driver.
DEBUG - 2025-11-08 01:41:34 --> Session: Class initialized using 'CodeIgniter\Session\Handlers\FileHandler' driver.
WARNING - 2025-11-08 01:41:34 --> [DEPRECATED] Optional parameter $filters declared before required parameter $id_dep is implicitly treated as a required parameter in APPPATH\Models\Model_arsip.php on line 303.
 1 SYSTEMPATH\Autoloader\Autoloader.php(315): include_once('C:\\xampp\\htdocs\\e-arsip_ci4\\system\\Debug\\Exceptions.php')
 2 SYSTEMPATH\Autoloader\Autoloader.php(295): CodeIgniter\Autoloader\Autoloader->includeFile('C:\\xampp\\htdocs\\e-arsip_ci4\\app\\Models\\Model_arsip.php')
 3 SYSTEMPATH\Autoloader\Autoloader.php(271): CodeIgniter\Autoloader\Autoloader->loadInNamespace('App\\Models\\Model_arsip')
 4 APPPATH\Controllers\Arsip.php(26): CodeIgniter\Autoloader\Autoloader->loadClass('App\\Models\\Model_arsip')
 5 SYSTEMPATH\CodeIgniter.php(903): App\Controllers\Arsip->__construct()
 6 SYSTEMPATH\CodeIgniter.php(498): CodeIgniter\CodeIgniter->createController()
 7 SYSTEMPATH\CodeIgniter.php(354): CodeIgniter\CodeIgniter->handleRequest(null, Object(Config\Cache), false)
 8 SYSTEMPATH\Boot.php(363): CodeIgniter\CodeIgniter->run()
 9 SYSTEMPATH\Boot.php(68): CodeIgniter\Boot::runCodeIgniter(Object(CodeIgniter\CodeIgniter))
10 FCPATH\index.php(59): CodeIgniter\Boot::bootWeb(Object(Config\Paths))
DEBUG - 2025-11-08 01:41:35 --> Session: Class initialized using 'CodeIgniter\Session\Handlers\FileHandler' driver.
DEBUG - 2025-11-08 01:41:37 --> Session: Class initialized using 'CodeIgniter\Session\Handlers\FileHandler' driver.
DEBUG - 2025-11-08 01:41:38 --> Session: Class initialized using 'CodeIgniter\Session\Handlers\FileHandler' driver.
DEBUG - 2025-11-08 01:41:39 --> Session: Class initialized using 'CodeIgniter\Session\Handlers\FileHandler' driver.
DEBUG - 2025-11-08 01:41:40 --> Session: Class initialized using 'CodeIgniter\Session\Handlers\FileHandler' driver.
DEBUG - 2025-11-08 01:41:41 --> Session: Class initialized using 'CodeIgniter\Session\Handlers\FileHandler' driver.
DEBUG - 2025-11-08 01:41:43 --> Session: Class initialized using 'CodeIgniter\Session\Handlers\FileHandler' driver.
DEBUG - 2025-11-08 01:41:44 --> Session: Class initialized using 'CodeIgniter\Session\Handlers\FileHandler' driver.
DEBUG - 2025-11-08 01:41:45 --> Session: Class initialized using 'CodeIgniter\Session\Handlers\FileHandler' driver.
DEBUG - 2025-11-08 01:41:46 --> Session: Class initialized using 'CodeIgniter\Session\Handlers\FileHandler' driver.
DEBUG - 2025-11-08 01:41:47 --> Session: Class initialized using 'CodeIgniter\Session\Handlers\FileHandler' driver.
DEBUG - 2025-11-08 01:41:49 --> Session: Class initialized using 'CodeIgniter\Session\Handlers\FileHandler' driver.
DEBUG - 2025-11-08 01:41:50 --> Session: Class initialized using 'CodeIgniter\Session\Handlers\FileHandler' driver.
DEBUG - 2025-11-08 01:41:51 --> Session: Class initialized using 'CodeIgniter\Session\Handlers\FileHandler' driver.
DEBUG - 2025-11-08 01:41:52 --> Session: Class initialized using 'CodeIgniter\Session\Handlers\FileHandler' driver.
DEBUG - 2025-11-08 01:42:00 --> Session: Class initialized using 'CodeIgniter\Session\Handlers\FileHandler' driver.
DEBUG - 2025-11-08 01:42:00 --> Session: Class initialized using 'CodeIgniter\Session\Handlers\FileHandler' driver.
DEBUG - 2025-11-08 01:42:01 --> Session: Class initialized using 'CodeIgniter\Session\Handlers\FileHandler' driver.
DEBUG - 2025-11-08 01:42:02 --> Session: Class initialized using 'CodeIgniter\Session\Handlers\FileHandler' driver.
DEBUG - 2025-11-08 01:42:04 --> Session: Class initialized using 'CodeIgniter\Session\Handlers\FileHandler' driver.
DEBUG - 2025-11-08 01:42:05 --> Session: Class initialized using 'CodeIgniter\Session\Handlers\FileHandler' driver.
DEBUG - 2025-11-08 01:42:06 --> Session: Class initialized using 'CodeIgniter\Session\Handlers\FileHandler' driver.
DEBUG - 2025-11-08 01:42:07 --> Session: Class initialized using 'CodeIgniter\Session\Handlers\FileHandler' driver.
DEBUG - 2025-11-08 01:42:09 --> Session: Class initialized using 'CodeIgniter\Session\Handlers\FileHandler' driver.
DEBUG - 2025-11-08 01:42:10 --> Session: Class initialized using 'CodeIgniter\Session\Handlers\FileHandler' driver.
DEBUG - 2025-11-08 01:42:11 --> Session: Class initialized using 'CodeIgniter\Session\Handlers\FileHandler' driver.
DEBUG - 2025-11-08 01:42:13 --> Session: Class initialized using 'CodeIgniter\Session\Handlers\FileHandler' driver.
DEBUG - 2025-11-08 01:42:14 --> Session: Class initialized using 'CodeIgniter\Session\Handlers\FileHandler' driver.
DEBUG - 2025-11-08 01:42:14 --> Session: Class initialized using 'CodeIgniter\Session\Handlers\FileHandler' driver.
DEBUG - 2025-11-08 01:42:16 --> Session: Class initialized using 'CodeIgniter\Session\Handlers\FileHandler' driver.
DEBUG - 2025-11-08 01:42:17 --> Session: Class initialized using 'CodeIgniter\Session\Handlers\FileHandler' driver.
DEBUG - 2025-11-08 01:42:18 --> Session: Class initialized using 'CodeIgniter\Session\Handlers\FileHandler' driver.
DEBUG - 2025-11-08 01:42:20 --> Session: Class initialized using 'CodeIgniter\Session\Handlers\FileHandler' driver.
DEBUG - 2025-11-08 01:42:21 --> Session: Class initialized using 'CodeIgniter\Session\Handlers\FileHandler' driver.
DEBUG - 2025-11-08 01:42:22 --> Session: Class initialized using 'CodeIgniter\Session\Handlers\FileHandler' driver.
DEBUG - 2025-11-08 01:42:23 --> Session: Class initialized using 'CodeIgniter\Session\Handlers\FileHandler' driver.
DEBUG - 2025-11-08 01:42:25 --> Session: Class initialized using 'CodeIgniter\Session\Handlers\FileHandler' driver.
DEBUG - 2025-11-08 01:42:25 --> Session: Class initialized using 'CodeIgniter\Session\Handlers\FileHandler' driver.
DEBUG - 2025-11-08 01:42:26 --> Session: Class initialized using 'CodeIgniter\Session\Handlers\FileHandler' driver.
DEBUG - 2025-11-08 01:42:26 --> Session: Class initialized using 'CodeIgniter\Session\Handlers\FileHandler' driver.
WARNING - 2025-11-08 01:42:26 --> [DEPRECATED] Optional parameter $filters declared before required parameter $id_dep is implicitly treated as a required parameter in APPPATH\Models\Model_arsip.php on line 303.
 1 SYSTEMPATH\Autoloader\Autoloader.php(315): include_once('C:\\xampp\\htdocs\\e-arsip_ci4\\system\\Debug\\Exceptions.php')
 2 SYSTEMPATH\Autoloader\Autoloader.php(295): CodeIgniter\Autoloader\Autoloader->includeFile('C:\\xampp\\htdocs\\e-arsip_ci4\\app\\Models\\Model_arsip.php')
 3 SYSTEMPATH\Autoloader\Autoloader.php(271): CodeIgniter\Autoloader\Autoloader->loadInNamespace('App\\Models\\Model_arsip')
 4 APPPATH\Controllers\Arsip.php(26): CodeIgniter\Autoloader\Autoloader->loadClass('App\\Models\\Model_arsip')
 5 SYSTEMPATH\CodeIgniter.php(903): App\Controllers\Arsip->__construct()
 6 SYSTEMPATH\CodeIgniter.php(498): CodeIgniter\CodeIgniter->createController()
 7 SYSTEMPATH\CodeIgniter.php(354): CodeIgniter\CodeIgniter->handleRequest(null, Object(Config\Cache), false)
 8 SYSTEMPATH\Boot.php(363): CodeIgniter\CodeIgniter->run()
 9 SYSTEMPATH\Boot.php(68): CodeIgniter\Boot::runCodeIgniter(Object(CodeIgniter\CodeIgniter))
10 FCPATH\index.php(59): CodeIgniter\Boot::bootWeb(Object(Config\Paths))
DEBUG - 2025-11-08 01:42:26 --> AUDIT DEBUG -> id_user: 42, username: dwiky_keu
DEBUG - 2025-11-08 01:42:26 --> Session: Class initialized using 'CodeIgniter\Session\Handlers\FileHandler' driver.
WARNING - 2025-11-08 01:42:26 --> [DEPRECATED] Optional parameter $filters declared before required parameter $id_dep is implicitly treated as a required parameter in APPPATH\Models\Model_arsip.php on line 303.
 1 SYSTEMPATH\Autoloader\Autoloader.php(315): include_once('C:\\xampp\\htdocs\\e-arsip_ci4\\system\\Debug\\Exceptions.php')
 2 SYSTEMPATH\Autoloader\Autoloader.php(295): CodeIgniter\Autoloader\Autoloader->includeFile('C:\\xampp\\htdocs\\e-arsip_ci4\\app\\Models\\Model_arsip.php')
 3 SYSTEMPATH\Autoloader\Autoloader.php(271): CodeIgniter\Autoloader\Autoloader->loadInNamespace('App\\Models\\Model_arsip')
 4 APPPATH\Controllers\Arsip.php(26): CodeIgniter\Autoloader\Autoloader->loadClass('App\\Models\\Model_arsip')
 5 SYSTEMPATH\CodeIgniter.php(903): App\Controllers\Arsip->__construct()
 6 SYSTEMPATH\CodeIgniter.php(498): CodeIgniter\CodeIgniter->createController()
 7 SYSTEMPATH\CodeIgniter.php(354): CodeIgniter\CodeIgniter->handleRequest(null, Object(Config\Cache), false)
 8 SYSTEMPATH\Boot.php(363): CodeIgniter\CodeIgniter->run()
 9 SYSTEMPATH\Boot.php(68): CodeIgniter\Boot::runCodeIgniter(Object(CodeIgniter\CodeIgniter))
10 FCPATH\index.php(59): CodeIgniter\Boot::bootWeb(Object(Config\Paths))
DEBUG - 2025-11-08 01:42:26 --> Session: Class initialized using 'CodeIgniter\Session\Handlers\FileHandler' driver.
WARNING - 2025-11-08 01:42:26 --> [DEPRECATED] Optional parameter $filters declared before required parameter $id_dep is implicitly treated as a required parameter in APPPATH\Models\Model_arsip.php on line 303.
 1 SYSTEMPATH\Autoloader\Autoloader.php(315): include_once('C:\\xampp\\htdocs\\e-arsip_ci4\\system\\Debug\\Exceptions.php')
 2 SYSTEMPATH\Autoloader\Autoloader.php(295): CodeIgniter\Autoloader\Autoloader->includeFile('C:\\xampp\\htdocs\\e-arsip_ci4\\app\\Models\\Model_arsip.php')
 3 SYSTEMPATH\Autoloader\Autoloader.php(271): CodeIgniter\Autoloader\Autoloader->loadInNamespace('App\\Models\\Model_arsip')
 4 APPPATH\Controllers\Arsip.php(26): CodeIgniter\Autoloader\Autoloader->loadClass('App\\Models\\Model_arsip')
 5 SYSTEMPATH\CodeIgniter.php(903): App\Controllers\Arsip->__construct()
 6 SYSTEMPATH\CodeIgniter.php(498): CodeIgniter\CodeIgniter->createController()
 7 SYSTEMPATH\CodeIgniter.php(354): CodeIgniter\CodeIgniter->handleRequest(null, Object(Config\Cache), false)
 8 SYSTEMPATH\Boot.php(363): CodeIgniter\CodeIgniter->run()
 9 SYSTEMPATH\Boot.php(68): CodeIgniter\Boot::runCodeIgniter(Object(CodeIgniter\CodeIgniter))
10 FCPATH\index.php(59): CodeIgniter\Boot::bootWeb(Object(Config\Paths))
DEBUG - 2025-11-08 01:42:27 --> Session: Class initialized using 'CodeIgniter\Session\Handlers\FileHandler' driver.
DEBUG - 2025-11-08 01:42:28 --> Session: Class initialized using 'CodeIgniter\Session\Handlers\FileHandler' driver.
DEBUG - 2025-11-08 01:42:29 --> Session: Class initialized using 'CodeIgniter\Session\Handlers\FileHandler' driver.
DEBUG - 2025-11-08 01:42:31 --> Session: Class initialized using 'CodeIgniter\Session\Handlers\FileHandler' driver.
DEBUG - 2025-11-08 01:42:32 --> Session: Class initialized using 'CodeIgniter\Session\Handlers\FileHandler' driver.
DEBUG - 2025-11-08 01:42:33 --> Session: Class initialized using 'CodeIgniter\Session\Handlers\FileHandler' driver.
DEBUG - 2025-11-08 01:42:34 --> Session: Class initialized using 'CodeIgniter\Session\Handlers\FileHandler' driver.
DEBUG - 2025-11-08 01:42:34 --> Session: Class initialized using 'CodeIgniter\Session\Handlers\FileHandler' driver.
DEBUG - 2025-11-08 01:42:34 --> Session: Class initialized using 'CodeIgniter\Session\Handlers\FileHandler' driver.
DEBUG - 2025-11-08 01:42:35 --> Session: Class initialized using 'CodeIgniter\Session\Handlers\FileHandler' driver.
DEBUG - 2025-11-08 01:42:37 --> Session: Class initialized using 'CodeIgniter\Session\Handlers\FileHandler' driver.
DEBUG - 2025-11-08 01:42:38 --> Session: Class initialized using 'CodeIgniter\Session\Handlers\FileHandler' driver.
DEBUG - 2025-11-08 01:42:39 --> Session: Class initialized using 'CodeIgniter\Session\Handlers\FileHandler' driver.
DEBUG - 2025-11-08 01:42:40 --> Session: Class initialized using 'CodeIgniter\Session\Handlers\FileHandler' driver.
DEBUG - 2025-11-08 01:42:40 --> Session: Class initialized using 'CodeIgniter\Session\Handlers\FileHandler' driver.
DEBUG - 2025-11-08 01:42:40 --> Session: Class initialized using 'CodeIgniter\Session\Handlers\FileHandler' driver.
WARNING - 2025-11-08 01:42:40 --> [DEPRECATED] Optional parameter $filters declared before required parameter $id_dep is implicitly treated as a required parameter in APPPATH\Models\Model_arsip.php on line 303.
 1 SYSTEMPATH\Autoloader\Autoloader.php(315): include_once('C:\\xampp\\htdocs\\e-arsip_ci4\\system\\Debug\\Exceptions.php')
 2 SYSTEMPATH\Autoloader\Autoloader.php(295): CodeIgniter\Autoloader\Autoloader->includeFile('C:\\xampp\\htdocs\\e-arsip_ci4\\app\\Models\\Model_arsip.php')
 3 SYSTEMPATH\Autoloader\Autoloader.php(271): CodeIgniter\Autoloader\Autoloader->loadInNamespace('App\\Models\\Model_arsip')
 4 APPPATH\Controllers\Home.php(23): CodeIgniter\Autoloader\Autoloader->loadClass('App\\Models\\Model_arsip')
 5 SYSTEMPATH\CodeIgniter.php(903): App\Controllers\Home->__construct()
 6 SYSTEMPATH\CodeIgniter.php(498): CodeIgniter\CodeIgniter->createController()
 7 SYSTEMPATH\CodeIgniter.php(354): CodeIgniter\CodeIgniter->handleRequest(null, Object(Config\Cache), false)
 8 SYSTEMPATH\Boot.php(363): CodeIgniter\CodeIgniter->run()
 9 SYSTEMPATH\Boot.php(68): CodeIgniter\Boot::runCodeIgniter(Object(CodeIgniter\CodeIgniter))
10 FCPATH\index.php(59): CodeIgniter\Boot::bootWeb(Object(Config\Paths))
DEBUG - 2025-11-08 01:42:41 --> Session: Class initialized using 'CodeIgniter\Session\Handlers\FileHandler' driver.
DEBUG - 2025-11-08 01:42:41 --> Session: Class initialized using 'CodeIgniter\Session\Handlers\FileHandler' driver.
WARNING - 2025-11-08 01:42:41 --> [DEPRECATED] Optional parameter $filters declared before required parameter $id_dep is implicitly treated as a required parameter in APPPATH\Models\Model_arsip.php on line 303.
 1 SYSTEMPATH\Autoloader\Autoloader.php(315): include_once('C:\\xampp\\htdocs\\e-arsip_ci4\\system\\Debug\\Exceptions.php')
 2 SYSTEMPATH\Autoloader\Autoloader.php(295): CodeIgniter\Autoloader\Autoloader->includeFile('C:\\xampp\\htdocs\\e-arsip_ci4\\app\\Models\\Model_arsip.php')
 3 SYSTEMPATH\Autoloader\Autoloader.php(271): CodeIgniter\Autoloader\Autoloader->loadInNamespace('App\\Models\\Model_arsip')
 4 APPPATH\Controllers\Cari.php(20): CodeIgniter\Autoloader\Autoloader->loadClass('App\\Models\\Model_arsip')
 5 SYSTEMPATH\CodeIgniter.php(903): App\Controllers\Cari->__construct()
 6 SYSTEMPATH\CodeIgniter.php(498): CodeIgniter\CodeIgniter->createController()
 7 SYSTEMPATH\CodeIgniter.php(354): CodeIgniter\CodeIgniter->handleRequest(null, Object(Config\Cache), false)
 8 SYSTEMPATH\Boot.php(363): CodeIgniter\CodeIgniter->run()
 9 SYSTEMPATH\Boot.php(68): CodeIgniter\Boot::runCodeIgniter(Object(CodeIgniter\CodeIgniter))
10 FCPATH\index.php(59): CodeIgniter\Boot::bootWeb(Object(Config\Paths))
DEBUG - 2025-11-08 01:42:43 --> Session: Class initialized using 'CodeIgniter\Session\Handlers\FileHandler' driver.
DEBUG - 2025-11-08 01:42:44 --> Session: Class initialized using 'CodeIgniter\Session\Handlers\FileHandler' driver.
DEBUG - 2025-11-08 01:42:45 --> Session: Class initialized using 'CodeIgniter\Session\Handlers\FileHandler' driver.
DEBUG - 2025-11-08 01:42:46 --> Session: Class initialized using 'CodeIgniter\Session\Handlers\FileHandler' driver.
DEBUG - 2025-11-08 01:42:47 --> Session: Class initialized using 'CodeIgniter\Session\Handlers\FileHandler' driver.
DEBUG - 2025-11-08 01:42:49 --> Session: Class initialized using 'CodeIgniter\Session\Handlers\FileHandler' driver.
DEBUG - 2025-11-08 01:42:50 --> Session: Class initialized using 'CodeIgniter\Session\Handlers\FileHandler' driver.
DEBUG - 2025-11-08 01:42:51 --> Session: Class initialized using 'CodeIgniter\Session\Handlers\FileHandler' driver.
DEBUG - 2025-11-08 01:42:52 --> Session: Class initialized using 'CodeIgniter\Session\Handlers\FileHandler' driver.
DEBUG - 2025-11-08 01:42:53 --> Session: Class initialized using 'CodeIgniter\Session\Handlers\FileHandler' driver.
DEBUG - 2025-11-08 01:42:55 --> Session: Class initialized using 'CodeIgniter\Session\Handlers\FileHandler' driver.
DEBUG - 2025-11-08 01:42:55 --> Session: Class initialized using 'CodeIgniter\Session\Handlers\FileHandler' driver.
DEBUG - 2025-11-08 01:42:55 --> Session: Class initialized using 'CodeIgniter\Session\Handlers\FileHandler' driver.
DEBUG - 2025-11-08 01:42:56 --> Session: Class initialized using 'CodeIgniter\Session\Handlers\FileHandler' driver.
DEBUG - 2025-11-08 01:42:57 --> Session: Class initialized using 'CodeIgniter\Session\Handlers\FileHandler' driver.
DEBUG - 2025-11-08 01:42:58 --> Session: Class initialized using 'CodeIgniter\Session\Handlers\FileHandler' driver.
DEBUG - 2025-11-08 01:42:59 --> Session: Class initialized using 'CodeIgniter\Session\Handlers\FileHandler' driver.
DEBUG - 2025-11-08 01:43:00 --> Session: Class initialized using 'CodeIgniter\Session\Handlers\FileHandler' driver.
DEBUG - 2025-11-08 01:43:01 --> Session: Class initialized using 'CodeIgniter\Session\Handlers\FileHandler' driver.
DEBUG - 2025-11-08 01:43:01 --> Session: Class initialized using 'CodeIgniter\Session\Handlers\FileHandler' driver.
WARNING - 2025-11-08 01:43:01 --> [DEPRECATED] Optional parameter $filters declared before required parameter $id_dep is implicitly treated as a required parameter in APPPATH\Models\Model_arsip.php on line 303.
 1 SYSTEMPATH\Autoloader\Autoloader.php(315): include_once('C:\\xampp\\htdocs\\e-arsip_ci4\\system\\Debug\\Exceptions.php')
 2 SYSTEMPATH\Autoloader\Autoloader.php(295): CodeIgniter\Autoloader\Autoloader->includeFile('C:\\xampp\\htdocs\\e-arsip_ci4\\app\\Models\\Model_arsip.php')
 3 SYSTEMPATH\Autoloader\Autoloader.php(271): CodeIgniter\Autoloader\Autoloader->loadInNamespace('App\\Models\\Model_arsip')
 4 APPPATH\Controllers\Cari.php(20): CodeIgniter\Autoloader\Autoloader->loadClass('App\\Models\\Model_arsip')
 5 SYSTEMPATH\CodeIgniter.php(903): App\Controllers\Cari->__construct()
 6 SYSTEMPATH\CodeIgniter.php(498): CodeIgniter\CodeIgniter->createController()
 7 SYSTEMPATH\CodeIgniter.php(354): CodeIgniter\CodeIgniter->handleRequest(null, Object(Config\Cache), false)
 8 SYSTEMPATH\Boot.php(363): CodeIgniter\CodeIgniter->run()
 9 SYSTEMPATH\Boot.php(68): CodeIgniter\Boot::runCodeIgniter(Object(CodeIgniter\CodeIgniter))
10 FCPATH\index.php(59): CodeIgniter\Boot::bootWeb(Object(Config\Paths))
DEBUG - 2025-11-08 01:43:01 --> Session: Class initialized using 'CodeIgniter\Session\Handlers\FileHandler' driver.
DEBUG - 2025-11-08 01:43:01 --> Session: Class initialized using 'CodeIgniter\Session\Handlers\FileHandler' driver.
WARNING - 2025-11-08 01:43:01 --> [DEPRECATED] Optional parameter $filters declared before required parameter $id_dep is implicitly treated as a required parameter in APPPATH\Models\Model_arsip.php on line 303.
 1 SYSTEMPATH\Autoloader\Autoloader.php(315): include_once('C:\\xampp\\htdocs\\e-arsip_ci4\\system\\Debug\\Exceptions.php')
 2 SYSTEMPATH\Autoloader\Autoloader.php(295): CodeIgniter\Autoloader\Autoloader->includeFile('C:\\xampp\\htdocs\\e-arsip_ci4\\app\\Models\\Model_arsip.php')
 3 SYSTEMPATH\Autoloader\Autoloader.php(271): CodeIgniter\Autoloader\Autoloader->loadInNamespace('App\\Models\\Model_arsip')
 4 APPPATH\Controllers\Home.php(23): CodeIgniter\Autoloader\Autoloader->loadClass('App\\Models\\Model_arsip')
 5 SYSTEMPATH\CodeIgniter.php(903): App\Controllers\Home->__construct()
 6 SYSTEMPATH\CodeIgniter.php(498): CodeIgniter\CodeIgniter->createController()
 7 SYSTEMPATH\CodeIgniter.php(354): CodeIgniter\CodeIgniter->handleRequest(null, Object(Config\Cache), false)
 8 SYSTEMPATH\Boot.php(363): CodeIgniter\CodeIgniter->run()
 9 SYSTEMPATH\Boot.php(68): CodeIgniter\Boot::runCodeIgniter(Object(CodeIgniter\CodeIgniter))
10 FCPATH\index.php(59): CodeIgniter\Boot::bootWeb(Object(Config\Paths))
DEBUG - 2025-11-08 01:43:02 --> Session: Class initialized using 'CodeIgniter\Session\Handlers\FileHandler' driver.
WARNING - 2025-11-08 01:43:02 --> [DEPRECATED] Optional parameter $filters declared before required parameter $id_dep is implicitly treated as a required parameter in APPPATH\Models\Model_arsip.php on line 303.
 1 SYSTEMPATH\Autoloader\Autoloader.php(315): include_once('C:\\xampp\\htdocs\\e-arsip_ci4\\system\\Debug\\Exceptions.php')
 2 SYSTEMPATH\Autoloader\Autoloader.php(295): CodeIgniter\Autoloader\Autoloader->includeFile('C:\\xampp\\htdocs\\e-arsip_ci4\\app\\Models\\Model_arsip.php')
 3 SYSTEMPATH\Autoloader\Autoloader.php(271): CodeIgniter\Autoloader\Autoloader->loadInNamespace('App\\Models\\Model_arsip')
 4 APPPATH\Controllers\Cari.php(20): CodeIgniter\Autoloader\Autoloader->loadClass('App\\Models\\Model_arsip')
 5 SYSTEMPATH\CodeIgniter.php(903): App\Controllers\Cari->__construct()
 6 SYSTEMPATH\CodeIgniter.php(498): CodeIgniter\CodeIgniter->createController()
 7 SYSTEMPATH\CodeIgniter.php(354): CodeIgniter\CodeIgniter->handleRequest(null, Object(Config\Cache), false)
 8 SYSTEMPATH\Boot.php(363): CodeIgniter\CodeIgniter->run()
 9 SYSTEMPATH\Boot.php(68): CodeIgniter\Boot::runCodeIgniter(Object(CodeIgniter\CodeIgniter))
10 FCPATH\index.php(59): CodeIgniter\Boot::bootWeb(Object(Config\Paths))
DEBUG - 2025-11-08 01:43:03 --> Session: Class initialized using 'CodeIgniter\Session\Handlers\FileHandler' driver.
WARNING - 2025-11-08 01:43:03 --> [DEPRECATED] Optional parameter $filters declared before required parameter $id_dep is implicitly treated as a required parameter in APPPATH\Models\Model_arsip.php on line 303.
 1 SYSTEMPATH\Autoloader\Autoloader.php(315): include_once('C:\\xampp\\htdocs\\e-arsip_ci4\\system\\Debug\\Exceptions.php')
 2 SYSTEMPATH\Autoloader\Autoloader.php(295): CodeIgniter\Autoloader\Autoloader->includeFile('C:\\xampp\\htdocs\\e-arsip_ci4\\app\\Models\\Model_arsip.php')
 3 SYSTEMPATH\Autoloader\Autoloader.php(271): CodeIgniter\Autoloader\Autoloader->loadInNamespace('App\\Models\\Model_arsip')
 4 APPPATH\Controllers\Arsip.php(26): CodeIgniter\Autoloader\Autoloader->loadClass('App\\Models\\Model_arsip')
 5 SYSTEMPATH\CodeIgniter.php(903): App\Controllers\Arsip->__construct()
 6 SYSTEMPATH\CodeIgniter.php(498): CodeIgniter\CodeIgniter->createController()
 7 SYSTEMPATH\CodeIgniter.php(354): CodeIgniter\CodeIgniter->handleRequest(null, Object(Config\Cache), false)
 8 SYSTEMPATH\Boot.php(363): CodeIgniter\CodeIgniter->run()
 9 SYSTEMPATH\Boot.php(68): CodeIgniter\Boot::runCodeIgniter(Object(CodeIgniter\CodeIgniter))
10 FCPATH\index.php(59): CodeIgniter\Boot::bootWeb(Object(Config\Paths))
DEBUG - 2025-11-08 01:43:04 --> Session: Class initialized using 'CodeIgniter\Session\Handlers\FileHandler' driver.
WARNING - 2025-11-08 01:43:04 --> [DEPRECATED] Optional parameter $filters declared before required parameter $id_dep is implicitly treated as a required parameter in APPPATH\Models\Model_arsip.php on line 303.
 1 SYSTEMPATH\Autoloader\Autoloader.php(315): include_once('C:\\xampp\\htdocs\\e-arsip_ci4\\system\\Debug\\Exceptions.php')
 2 SYSTEMPATH\Autoloader\Autoloader.php(295): CodeIgniter\Autoloader\Autoloader->includeFile('C:\\xampp\\htdocs\\e-arsip_ci4\\app\\Models\\Model_arsip.php')
 3 SYSTEMPATH\Autoloader\Autoloader.php(271): CodeIgniter\Autoloader\Autoloader->loadInNamespace('App\\Models\\Model_arsip')
 4 APPPATH\Controllers\Cari.php(20): CodeIgniter\Autoloader\Autoloader->loadClass('App\\Models\\Model_arsip')
 5 SYSTEMPATH\CodeIgniter.php(903): App\Controllers\Cari->__construct()
 6 SYSTEMPATH\CodeIgniter.php(498): CodeIgniter\CodeIgniter->createController()
 7 SYSTEMPATH\CodeIgniter.php(354): CodeIgniter\CodeIgniter->handleRequest(null, Object(Config\Cache), false)
 8 SYSTEMPATH\Boot.php(363): CodeIgniter\CodeIgniter->run()
 9 SYSTEMPATH\Boot.php(68): CodeIgniter\Boot::runCodeIgniter(Object(CodeIgniter\CodeIgniter))
10 FCPATH\index.php(59): CodeIgniter\Boot::bootWeb(Object(Config\Paths))
DEBUG - 2025-11-08 01:43:10 --> Session: Class initialized using 'CodeIgniter\Session\Handlers\FileHandler' driver.
WARNING - 2025-11-08 01:43:10 --> [DEPRECATED] Optional parameter $filters declared before required parameter $id_dep is implicitly treated as a required parameter in APPPATH\Models\Model_arsip.php on line 303.
 1 SYSTEMPATH\Autoloader\Autoloader.php(315): include_once('C:\\xampp\\htdocs\\e-arsip_ci4\\system\\Debug\\Exceptions.php')
 2 SYSTEMPATH\Autoloader\Autoloader.php(295): CodeIgniter\Autoloader\Autoloader->includeFile('C:\\xampp\\htdocs\\e-arsip_ci4\\app\\Models\\Model_arsip.php')
 3 SYSTEMPATH\Autoloader\Autoloader.php(271): CodeIgniter\Autoloader\Autoloader->loadInNamespace('App\\Models\\Model_arsip')
 4 APPPATH\Controllers\Home.php(23): CodeIgniter\Autoloader\Autoloader->loadClass('App\\Models\\Model_arsip')
 5 SYSTEMPATH\CodeIgniter.php(903): App\Controllers\Home->__construct()
 6 SYSTEMPATH\CodeIgniter.php(498): CodeIgniter\CodeIgniter->createController()
 7 SYSTEMPATH\CodeIgniter.php(354): CodeIgniter\CodeIgniter->handleRequest(null, Object(Config\Cache), false)
 8 SYSTEMPATH\Boot.php(363): CodeIgniter\CodeIgniter->run()
 9 SYSTEMPATH\Boot.php(68): CodeIgniter\Boot::runCodeIgniter(Object(CodeIgniter\CodeIgniter))
10 FCPATH\index.php(59): CodeIgniter\Boot::bootWeb(Object(Config\Paths))
DEBUG - 2025-11-08 01:43:12 --> Session: Class initialized using 'CodeIgniter\Session\Handlers\FileHandler' driver.
DEBUG - 2025-11-08 01:43:12 --> Session: Class initialized using 'CodeIgniter\Session\Handlers\FileHandler' driver.
DEBUG - 2025-11-08 01:43:17 --> Session: Class initialized using 'CodeIgniter\Session\Handlers\FileHandler' driver.
DEBUG - 2025-11-08 01:43:17 --> Session: Class initialized using 'CodeIgniter\Session\Handlers\FileHandler' driver.
DEBUG - 2025-11-08 01:43:23 --> Session: Class initialized using 'CodeIgniter\Session\Handlers\FileHandler' driver.
DEBUG - 2025-11-08 01:43:23 --> Session: Class initialized using 'CodeIgniter\Session\Handlers\FileHandler' driver.
WARNING - 2025-11-08 01:43:23 --> [DEPRECATED] Optional parameter $filters declared before required parameter $id_dep is implicitly treated as a required parameter in APPPATH\Models\Model_arsip.php on line 303.
 1 SYSTEMPATH\Autoloader\Autoloader.php(315): include_once('C:\\xampp\\htdocs\\e-arsip_ci4\\system\\Debug\\Exceptions.php')
 2 SYSTEMPATH\Autoloader\Autoloader.php(295): CodeIgniter\Autoloader\Autoloader->includeFile('C:\\xampp\\htdocs\\e-arsip_ci4\\app\\Models\\Model_arsip.php')
 3 SYSTEMPATH\Autoloader\Autoloader.php(271): CodeIgniter\Autoloader\Autoloader->loadInNamespace('App\\Models\\Model_arsip')
 4 APPPATH\Controllers\Home.php(23): CodeIgniter\Autoloader\Autoloader->loadClass('App\\Models\\Model_arsip')
 5 SYSTEMPATH\CodeIgniter.php(903): App\Controllers\Home->__construct()
 6 SYSTEMPATH\CodeIgniter.php(498): CodeIgniter\CodeIgniter->createController()
 7 SYSTEMPATH\CodeIgniter.php(354): CodeIgniter\CodeIgniter->handleRequest(null, Object(Config\Cache), false)
 8 SYSTEMPATH\Boot.php(363): CodeIgniter\CodeIgniter->run()
 9 SYSTEMPATH\Boot.php(68): CodeIgniter\Boot::runCodeIgniter(Object(CodeIgniter\CodeIgniter))
10 FCPATH\index.php(59): CodeIgniter\Boot::bootWeb(Object(Config\Paths))
DEBUG - 2025-11-08 01:43:24 --> Session: Class initialized using 'CodeIgniter\Session\Handlers\FileHandler' driver.
WARNING - 2025-11-08 01:43:24 --> [DEPRECATED] Optional parameter $filters declared before required parameter $id_dep is implicitly treated as a required parameter in APPPATH\Models\Model_arsip.php on line 303.
 1 SYSTEMPATH\Autoloader\Autoloader.php(315): include_once('C:\\xampp\\htdocs\\e-arsip_ci4\\system\\Debug\\Exceptions.php')
 2 SYSTEMPATH\Autoloader\Autoloader.php(295): CodeIgniter\Autoloader\Autoloader->includeFile('C:\\xampp\\htdocs\\e-arsip_ci4\\app\\Models\\Model_arsip.php')
 3 SYSTEMPATH\Autoloader\Autoloader.php(271): CodeIgniter\Autoloader\Autoloader->loadInNamespace('App\\Models\\Model_arsip')
 4 APPPATH\Controllers\Arsip.php(26): CodeIgniter\Autoloader\Autoloader->loadClass('App\\Models\\Model_arsip')
 5 SYSTEMPATH\CodeIgniter.php(903): App\Controllers\Arsip->__construct()
 6 SYSTEMPATH\CodeIgniter.php(498): CodeIgniter\CodeIgniter->createController()
 7 SYSTEMPATH\CodeIgniter.php(354): CodeIgniter\CodeIgniter->handleRequest(null, Object(Config\Cache), false)
 8 SYSTEMPATH\Boot.php(363): CodeIgniter\CodeIgniter->run()
 9 SYSTEMPATH\Boot.php(68): CodeIgniter\Boot::runCodeIgniter(Object(CodeIgniter\CodeIgniter))
10 FCPATH\index.php(59): CodeIgniter\Boot::bootWeb(Object(Config\Paths))
DEBUG - 2025-11-08 01:43:25 --> Session: Class initialized using 'CodeIgniter\Session\Handlers\FileHandler' driver.
DEBUG - 2025-11-08 01:43:25 --> Session: Class initialized using 'CodeIgniter\Session\Handlers\FileHandler' driver.
WARNING - 2025-11-08 01:43:25 --> [DEPRECATED] Optional parameter $filters declared before required parameter $id_dep is implicitly treated as a required parameter in APPPATH\Models\Model_arsip.php on line 303.
 1 SYSTEMPATH\Autoloader\Autoloader.php(315): include_once('C:\\xampp\\htdocs\\e-arsip_ci4\\system\\Debug\\Exceptions.php')
 2 SYSTEMPATH\Autoloader\Autoloader.php(295): CodeIgniter\Autoloader\Autoloader->includeFile('C:\\xampp\\htdocs\\e-arsip_ci4\\app\\Models\\Model_arsip.php')
 3 SYSTEMPATH\Autoloader\Autoloader.php(271): CodeIgniter\Autoloader\Autoloader->loadInNamespace('App\\Models\\Model_arsip')
 4 APPPATH\Controllers\Cari.php(20): CodeIgniter\Autoloader\Autoloader->loadClass('App\\Models\\Model_arsip')
 5 SYSTEMPATH\CodeIgniter.php(903): App\Controllers\Cari->__construct()
 6 SYSTEMPATH\CodeIgniter.php(498): CodeIgniter\CodeIgniter->createController()
 7 SYSTEMPATH\CodeIgniter.php(354): CodeIgniter\CodeIgniter->handleRequest(null, Object(Config\Cache), false)
 8 SYSTEMPATH\Boot.php(363): CodeIgniter\CodeIgniter->run()
 9 SYSTEMPATH\Boot.php(68): CodeIgniter\Boot::runCodeIgniter(Object(CodeIgniter\CodeIgniter))
10 FCPATH\index.php(59): CodeIgniter\Boot::bootWeb(Object(Config\Paths))
DEBUG - 2025-11-08 01:43:26 --> Session: Class initialized using 'CodeIgniter\Session\Handlers\FileHandler' driver.
DEBUG - 2025-11-08 01:43:26 --> Session: Class initialized using 'CodeIgniter\Session\Handlers\FileHandler' driver.
WARNING - 2025-11-08 01:43:26 --> [DEPRECATED] Optional parameter $filters declared before required parameter $id_dep is implicitly treated as a required parameter in APPPATH\Models\Model_arsip.php on line 303.
 1 SYSTEMPATH\Autoloader\Autoloader.php(315): include_once('C:\\xampp\\htdocs\\e-arsip_ci4\\system\\Debug\\Exceptions.php')
 2 SYSTEMPATH\Autoloader\Autoloader.php(295): CodeIgniter\Autoloader\Autoloader->includeFile('C:\\xampp\\htdocs\\e-arsip_ci4\\app\\Models\\Model_arsip.php')
 3 SYSTEMPATH\Autoloader\Autoloader.php(271): CodeIgniter\Autoloader\Autoloader->loadInNamespace('App\\Models\\Model_arsip')
 4 APPPATH\Controllers\Home.php(23): CodeIgniter\Autoloader\Autoloader->loadClass('App\\Models\\Model_arsip')
 5 SYSTEMPATH\CodeIgniter.php(903): App\Controllers\Home->__construct()
 6 SYSTEMPATH\CodeIgniter.php(498): CodeIgniter\CodeIgniter->createController()
 7 SYSTEMPATH\CodeIgniter.php(354): CodeIgniter\CodeIgniter->handleRequest(null, Object(Config\Cache), false)
 8 SYSTEMPATH\Boot.php(363): CodeIgniter\CodeIgniter->run()
 9 SYSTEMPATH\Boot.php(68): CodeIgniter\Boot::runCodeIgniter(Object(CodeIgniter\CodeIgniter))
10 FCPATH\index.php(59): CodeIgniter\Boot::bootWeb(Object(Config\Paths))
DEBUG - 2025-11-08 01:43:27 --> Session: Class initialized using 'CodeIgniter\Session\Handlers\FileHandler' driver.
DEBUG - 2025-11-08 01:43:27 --> Session: Class initialized using 'CodeIgniter\Session\Handlers\FileHandler' driver.
DEBUG - 2025-11-08 01:43:32 --> Session: Class initialized using 'CodeIgniter\Session\Handlers\FileHandler' driver.
DEBUG - 2025-11-08 01:43:32 --> Session: Class initialized using 'CodeIgniter\Session\Handlers\FileHandler' driver.
DEBUG - 2025-11-08 01:43:33 --> Session: Class initialized using 'CodeIgniter\Session\Handlers\FileHandler' driver.
DEBUG - 2025-11-08 01:43:35 --> Session: Class initialized using 'CodeIgniter\Session\Handlers\FileHandler' driver.
DEBUG - 2025-11-08 01:43:36 --> Session: Class initialized using 'CodeIgniter\Session\Handlers\FileHandler' driver.
DEBUG - 2025-11-08 01:43:36 --> Session: Class initialized using 'CodeIgniter\Session\Handlers\FileHandler' driver.
DEBUG - 2025-11-08 01:43:36 --> Session: Class initialized using 'CodeIgniter\Session\Handlers\FileHandler' driver.
WARNING - 2025-11-08 01:43:36 --> [DEPRECATED] Optional parameter $filters declared before required parameter $id_dep is implicitly treated as a required parameter in APPPATH\Models\Model_arsip.php on line 303.
 1 SYSTEMPATH\Autoloader\Autoloader.php(315): include_once('C:\\xampp\\htdocs\\e-arsip_ci4\\system\\Debug\\Exceptions.php')
 2 SYSTEMPATH\Autoloader\Autoloader.php(295): CodeIgniter\Autoloader\Autoloader->includeFile('C:\\xampp\\htdocs\\e-arsip_ci4\\app\\Models\\Model_arsip.php')
 3 SYSTEMPATH\Autoloader\Autoloader.php(271): CodeIgniter\Autoloader\Autoloader->loadInNamespace('App\\Models\\Model_arsip')
 4 APPPATH\Controllers\Home.php(23): CodeIgniter\Autoloader\Autoloader->loadClass('App\\Models\\Model_arsip')
 5 SYSTEMPATH\CodeIgniter.php(903): App\Controllers\Home->__construct()
 6 SYSTEMPATH\CodeIgniter.php(498): CodeIgniter\CodeIgniter->createController()
 7 SYSTEMPATH\CodeIgniter.php(354): CodeIgniter\CodeIgniter->handleRequest(null, Object(Config\Cache), false)
 8 SYSTEMPATH\Boot.php(363): CodeIgniter\CodeIgniter->run()
 9 SYSTEMPATH\Boot.php(68): CodeIgniter\Boot::runCodeIgniter(Object(CodeIgniter\CodeIgniter))
10 FCPATH\index.php(59): CodeIgniter\Boot::bootWeb(Object(Config\Paths))
DEBUG - 2025-11-08 01:43:37 --> Session: Class initialized using 'CodeIgniter\Session\Handlers\FileHandler' driver.
DEBUG - 2025-11-08 01:43:38 --> Session: Class initialized using 'CodeIgniter\Session\Handlers\FileHandler' driver.
DEBUG - 2025-11-08 01:43:38 --> Session: Class initialized using 'CodeIgniter\Session\Handlers\FileHandler' driver.
DEBUG - 2025-11-08 01:43:39 --> Session: Class initialized using 'CodeIgniter\Session\Handlers\FileHandler' driver.
DEBUG - 2025-11-08 01:43:39 --> Session: Class initialized using 'CodeIgniter\Session\Handlers\FileHandler' driver.
DEBUG - 2025-11-08 01:43:40 --> Session: Class initialized using 'CodeIgniter\Session\Handlers\FileHandler' driver.
DEBUG - 2025-11-08 01:43:41 --> Session: Class initialized using 'CodeIgniter\Session\Handlers\FileHandler' driver.
DEBUG - 2025-11-08 01:43:41 --> Session: Class initialized using 'CodeIgniter\Session\Handlers\FileHandler' driver.
DEBUG - 2025-11-08 01:43:41 --> Session: Class initialized using 'CodeIgniter\Session\Handlers\FileHandler' driver.
DEBUG - 2025-11-08 01:43:41 --> Session: Class initialized using 'CodeIgniter\Session\Handlers\FileHandler' driver.
DEBUG - 2025-11-08 01:43:42 --> Session: Class initialized using 'CodeIgniter\Session\Handlers\FileHandler' driver.
DEBUG - 2025-11-08 01:43:43 --> Session: Class initialized using 'CodeIgniter\Session\Handlers\FileHandler' driver.
DEBUG - 2025-11-08 01:43:44 --> Session: Class initialized using 'CodeIgniter\Session\Handlers\FileHandler' driver.
DEBUG - 2025-11-08 01:43:45 --> Session: Class initialized using 'CodeIgniter\Session\Handlers\FileHandler' driver.
DEBUG - 2025-11-08 01:43:45 --> Session: Class initialized using 'CodeIgniter\Session\Handlers\FileHandler' driver.
DEBUG - 2025-11-08 01:43:46 --> Session: Class initialized using 'CodeIgniter\Session\Handlers\FileHandler' driver.
DEBUG - 2025-11-08 01:43:46 --> Session: Class initialized using 'CodeIgniter\Session\Handlers\FileHandler' driver.
DEBUG - 2025-11-08 01:43:46 --> Session: Class initialized using 'CodeIgniter\Session\Handlers\FileHandler' driver.
DEBUG - 2025-11-08 01:43:48 --> Session: Class initialized using 'CodeIgniter\Session\Handlers\FileHandler' driver.
DEBUG - 2025-11-08 01:43:48 --> Session: Class initialized using 'CodeIgniter\Session\Handlers\FileHandler' driver.
DEBUG - 2025-11-08 01:43:48 --> Session: Class initialized using 'CodeIgniter\Session\Handlers\FileHandler' driver.
DEBUG - 2025-11-08 01:43:48 --> Session: Class initialized using 'CodeIgniter\Session\Handlers\FileHandler' driver.
WARNING - 2025-11-08 01:43:48 --> [DEPRECATED] Optional parameter $filters declared before required parameter $id_dep is implicitly treated as a required parameter in APPPATH\Models\Model_arsip.php on line 303.
 1 SYSTEMPATH\Autoloader\Autoloader.php(315): include_once('C:\\xampp\\htdocs\\e-arsip_ci4\\system\\Debug\\Exceptions.php')
 2 SYSTEMPATH\Autoloader\Autoloader.php(295): CodeIgniter\Autoloader\Autoloader->includeFile('C:\\xampp\\htdocs\\e-arsip_ci4\\app\\Models\\Model_arsip.php')
 3 SYSTEMPATH\Autoloader\Autoloader.php(271): CodeIgniter\Autoloader\Autoloader->loadInNamespace('App\\Models\\Model_arsip')
 4 APPPATH\Controllers\Arsip.php(26): CodeIgniter\Autoloader\Autoloader->loadClass('App\\Models\\Model_arsip')
 5 SYSTEMPATH\CodeIgniter.php(903): App\Controllers\Arsip->__construct()
 6 SYSTEMPATH\CodeIgniter.php(498): CodeIgniter\CodeIgniter->createController()
 7 SYSTEMPATH\CodeIgniter.php(354): CodeIgniter\CodeIgniter->handleRequest(null, Object(Config\Cache), false)
 8 SYSTEMPATH\Boot.php(363): CodeIgniter\CodeIgniter->run()
 9 SYSTEMPATH\Boot.php(68): CodeIgniter\Boot::runCodeIgniter(Object(CodeIgniter\CodeIgniter))
10 FCPATH\index.php(59): CodeIgniter\Boot::bootWeb(Object(Config\Paths))
DEBUG - 2025-11-08 01:43:49 --> Session: Class initialized using 'CodeIgniter\Session\Handlers\FileHandler' driver.
DEBUG - 2025-11-08 01:43:50 --> Session: Class initialized using 'CodeIgniter\Session\Handlers\FileHandler' driver.
DEBUG - 2025-11-08 01:43:51 --> Session: Class initialized using 'CodeIgniter\Session\Handlers\FileHandler' driver.
DEBUG - 2025-11-08 01:43:51 --> Session: Class initialized using 'CodeIgniter\Session\Handlers\FileHandler' driver.
DEBUG - 2025-11-08 01:43:52 --> Session: Class initialized using 'CodeIgniter\Session\Handlers\FileHandler' driver.
DEBUG - 2025-11-08 01:43:52 --> Session: Class initialized using 'CodeIgniter\Session\Handlers\FileHandler' driver.
DEBUG - 2025-11-08 01:43:52 --> Session: Class initialized using 'CodeIgniter\Session\Handlers\FileHandler' driver.
DEBUG - 2025-11-08 01:43:54 --> Session: Class initialized using 'CodeIgniter\Session\Handlers\FileHandler' driver.
DEBUG - 2025-11-08 01:43:54 --> Session: Class initialized using 'CodeIgniter\Session\Handlers\FileHandler' driver.
DEBUG - 2025-11-08 01:43:55 --> Session: Class initialized using 'CodeIgniter\Session\Handlers\FileHandler' driver.
DEBUG - 2025-11-08 01:43:56 --> Session: Class initialized using 'CodeIgniter\Session\Handlers\FileHandler' driver.
DEBUG - 2025-11-08 01:43:56 --> Session: Class initialized using 'CodeIgniter\Session\Handlers\FileHandler' driver.
DEBUG - 2025-11-08 01:43:57 --> Session: Class initialized using 'CodeIgniter\Session\Handlers\FileHandler' driver.
DEBUG - 2025-11-08 01:43:57 --> Session: Class initialized using 'CodeIgniter\Session\Handlers\FileHandler' driver.
DEBUG - 2025-11-08 01:43:57 --> Session: Class initialized using 'CodeIgniter\Session\Handlers\FileHandler' driver.
DEBUG - 2025-11-08 01:43:58 --> Session: Class initialized using 'CodeIgniter\Session\Handlers\FileHandler' driver.
DEBUG - 2025-11-08 01:43:58 --> Session: Class initialized using 'CodeIgniter\Session\Handlers\FileHandler' driver.
DEBUG - 2025-11-08 01:43:59 --> Session: Class initialized using 'CodeIgniter\Session\Handlers\FileHandler' driver.
DEBUG - 2025-11-08 01:44:00 --> Session: Class initialized using 'CodeIgniter\Session\Handlers\FileHandler' driver.
DEBUG - 2025-11-08 01:44:00 --> Session: Class initialized using 'CodeIgniter\Session\Handlers\FileHandler' driver.
DEBUG - 2025-11-08 01:44:01 --> Session: Class initialized using 'CodeIgniter\Session\Handlers\FileHandler' driver.
DEBUG - 2025-11-08 01:44:01 --> Session: Class initialized using 'CodeIgniter\Session\Handlers\FileHandler' driver.
DEBUG - 2025-11-08 01:44:01 --> Session: Class initialized using 'CodeIgniter\Session\Handlers\FileHandler' driver.
DEBUG - 2025-11-08 01:44:02 --> Session: Class initialized using 'CodeIgniter\Session\Handlers\FileHandler' driver.
DEBUG - 2025-11-08 01:44:02 --> Session: Class initialized using 'CodeIgniter\Session\Handlers\FileHandler' driver.
DEBUG - 2025-11-08 01:44:03 --> Session: Class initialized using 'CodeIgniter\Session\Handlers\FileHandler' driver.
DEBUG - 2025-11-08 01:44:03 --> Session: Class initialized using 'CodeIgniter\Session\Handlers\FileHandler' driver.
DEBUG - 2025-11-08 01:44:04 --> Session: Class initialized using 'CodeIgniter\Session\Handlers\FileHandler' driver.
DEBUG - 2025-11-08 01:44:04 --> Session: Class initialized using 'CodeIgniter\Session\Handlers\FileHandler' driver.
DEBUG - 2025-11-08 01:44:05 --> Session: Class initialized using 'CodeIgniter\Session\Handlers\FileHandler' driver.
DEBUG - 2025-11-08 01:44:05 --> Session: Class initialized using 'CodeIgniter\Session\Handlers\FileHandler' driver.
DEBUG - 2025-11-08 01:44:05 --> Session: Class initialized using 'CodeIgniter\Session\Handlers\FileHandler' driver.
DEBUG - 2025-11-08 01:44:06 --> Session: Class initialized using 'CodeIgniter\Session\Handlers\FileHandler' driver.
DEBUG - 2025-11-08 01:44:06 --> Session: Class initialized using 'CodeIgniter\Session\Handlers\FileHandler' driver.
DEBUG - 2025-11-08 01:44:07 --> Session: Class initialized using 'CodeIgniter\Session\Handlers\FileHandler' driver.
DEBUG - 2025-11-08 01:44:08 --> Session: Class initialized using 'CodeIgniter\Session\Handlers\FileHandler' driver.
DEBUG - 2025-11-08 01:44:08 --> Session: Class initialized using 'CodeIgniter\Session\Handlers\FileHandler' driver.
DEBUG - 2025-11-08 01:44:09 --> Session: Class initialized using 'CodeIgniter\Session\Handlers\FileHandler' driver.
DEBUG - 2025-11-08 01:44:09 --> Session: Class initialized using 'CodeIgniter\Session\Handlers\FileHandler' driver.
DEBUG - 2025-11-08 01:44:10 --> Session: Class initialized using 'CodeIgniter\Session\Handlers\FileHandler' driver.
DEBUG - 2025-11-08 01:44:10 --> Session: Class initialized using 'CodeIgniter\Session\Handlers\FileHandler' driver.
DEBUG - 2025-11-08 01:44:10 --> Session: Class initialized using 'CodeIgniter\Session\Handlers\FileHandler' driver.
DEBUG - 2025-11-08 01:44:10 --> Session: Class initialized using 'CodeIgniter\Session\Handlers\FileHandler' driver.
WARNING - 2025-11-08 01:44:10 --> [DEPRECATED] Optional parameter $filters declared before required parameter $id_dep is implicitly treated as a required parameter in APPPATH\Models\Model_arsip.php on line 303.
 1 SYSTEMPATH\Autoloader\Autoloader.php(315): include_once('C:\\xampp\\htdocs\\e-arsip_ci4\\system\\Debug\\Exceptions.php')
 2 SYSTEMPATH\Autoloader\Autoloader.php(295): CodeIgniter\Autoloader\Autoloader->includeFile('C:\\xampp\\htdocs\\e-arsip_ci4\\app\\Models\\Model_arsip.php')
 3 SYSTEMPATH\Autoloader\Autoloader.php(271): CodeIgniter\Autoloader\Autoloader->loadInNamespace('App\\Models\\Model_arsip')
 4 APPPATH\Controllers\Home.php(23): CodeIgniter\Autoloader\Autoloader->loadClass('App\\Models\\Model_arsip')
 5 SYSTEMPATH\CodeIgniter.php(903): App\Controllers\Home->__construct()
 6 SYSTEMPATH\CodeIgniter.php(498): CodeIgniter\CodeIgniter->createController()
 7 SYSTEMPATH\CodeIgniter.php(354): CodeIgniter\CodeIgniter->handleRequest(null, Object(Config\Cache), false)
 8 SYSTEMPATH\Boot.php(363): CodeIgniter\CodeIgniter->run()
 9 SYSTEMPATH\Boot.php(68): CodeIgniter\Boot::runCodeIgniter(Object(CodeIgniter\CodeIgniter))
10 FCPATH\index.php(59): CodeIgniter\Boot::bootWeb(Object(Config\Paths))
DEBUG - 2025-11-08 01:44:11 --> Session: Class initialized using 'CodeIgniter\Session\Handlers\FileHandler' driver.
DEBUG - 2025-11-08 01:44:11 --> Session: Class initialized using 'CodeIgniter\Session\Handlers\FileHandler' driver.
WARNING - 2025-11-08 01:44:11 --> [DEPRECATED] Optional parameter $filters declared before required parameter $id_dep is implicitly treated as a required parameter in APPPATH\Models\Model_arsip.php on line 303.
 1 SYSTEMPATH\Autoloader\Autoloader.php(315): include_once('C:\\xampp\\htdocs\\e-arsip_ci4\\system\\Debug\\Exceptions.php')
 2 SYSTEMPATH\Autoloader\Autoloader.php(295): CodeIgniter\Autoloader\Autoloader->includeFile('C:\\xampp\\htdocs\\e-arsip_ci4\\app\\Models\\Model_arsip.php')
 3 SYSTEMPATH\Autoloader\Autoloader.php(271): CodeIgniter\Autoloader\Autoloader->loadInNamespace('App\\Models\\Model_arsip')
 4 APPPATH\Controllers\Cari.php(20): CodeIgniter\Autoloader\Autoloader->loadClass('App\\Models\\Model_arsip')
 5 SYSTEMPATH\CodeIgniter.php(903): App\Controllers\Cari->__construct()
 6 SYSTEMPATH\CodeIgniter.php(498): CodeIgniter\CodeIgniter->createController()
 7 SYSTEMPATH\CodeIgniter.php(354): CodeIgniter\CodeIgniter->handleRequest(null, Object(Config\Cache), false)
 8 SYSTEMPATH\Boot.php(363): CodeIgniter\CodeIgniter->run()
 9 SYSTEMPATH\Boot.php(68): CodeIgniter\Boot::runCodeIgniter(Object(CodeIgniter\CodeIgniter))
10 FCPATH\index.php(59): CodeIgniter\Boot::bootWeb(Object(Config\Paths))
DEBUG - 2025-11-08 01:44:12 --> Session: Class initialized using 'CodeIgniter\Session\Handlers\FileHandler' driver.
DEBUG - 2025-11-08 01:44:12 --> Session: Class initialized using 'CodeIgniter\Session\Handlers\FileHandler' driver.
DEBUG - 2025-11-08 01:44:13 --> Session: Class initialized using 'CodeIgniter\Session\Handlers\FileHandler' driver.
DEBUG - 2025-11-08 01:44:13 --> Session: Class initialized using 'CodeIgniter\Session\Handlers\FileHandler' driver.
DEBUG - 2025-11-08 01:44:13 --> Session: Class initialized using 'CodeIgniter\Session\Handlers\FileHandler' driver.
DEBUG - 2025-11-08 01:44:14 --> Session: Class initialized using 'CodeIgniter\Session\Handlers\FileHandler' driver.
DEBUG - 2025-11-08 01:44:14 --> Session: Class initialized using 'CodeIgniter\Session\Handlers\FileHandler' driver.
DEBUG - 2025-11-08 01:44:15 --> Session: Class initialized using 'CodeIgniter\Session\Handlers\FileHandler' driver.
DEBUG - 2025-11-08 01:44:15 --> Session: Class initialized using 'CodeIgniter\Session\Handlers\FileHandler' driver.
DEBUG - 2025-11-08 01:44:16 --> Session: Class initialized using 'CodeIgniter\Session\Handlers\FileHandler' driver.
DEBUG - 2025-11-08 01:44:16 --> Session: Class initialized using 'CodeIgniter\Session\Handlers\FileHandler' driver.
DEBUG - 2025-11-08 01:44:17 --> Session: Class initialized using 'CodeIgniter\Session\Handlers\FileHandler' driver.
DEBUG - 2025-11-08 01:44:18 --> Session: Class initialized using 'CodeIgniter\Session\Handlers\FileHandler' driver.
DEBUG - 2025-11-08 01:44:18 --> Session: Class initialized using 'CodeIgniter\Session\Handlers\FileHandler' driver.
DEBUG - 2025-11-08 01:44:19 --> Session: Class initialized using 'CodeIgniter\Session\Handlers\FileHandler' driver.
DEBUG - 2025-11-08 01:44:19 --> Session: Class initialized using 'CodeIgniter\Session\Handlers\FileHandler' driver.
DEBUG - 2025-11-08 01:44:19 --> Session: Class initialized using 'CodeIgniter\Session\Handlers\FileHandler' driver.
WARNING - 2025-11-08 01:44:19 --> [DEPRECATED] Optional parameter $filters declared before required parameter $id_dep is implicitly treated as a required parameter in APPPATH\Models\Model_arsip.php on line 303.
 1 SYSTEMPATH\Autoloader\Autoloader.php(315): include_once('C:\\xampp\\htdocs\\e-arsip_ci4\\system\\Debug\\Exceptions.php')
 2 SYSTEMPATH\Autoloader\Autoloader.php(295): CodeIgniter\Autoloader\Autoloader->includeFile('C:\\xampp\\htdocs\\e-arsip_ci4\\app\\Models\\Model_arsip.php')
 3 SYSTEMPATH\Autoloader\Autoloader.php(271): CodeIgniter\Autoloader\Autoloader->loadInNamespace('App\\Models\\Model_arsip')
 4 APPPATH\Controllers\Home.php(23): CodeIgniter\Autoloader\Autoloader->loadClass('App\\Models\\Model_arsip')
 5 SYSTEMPATH\CodeIgniter.php(903): App\Controllers\Home->__construct()
 6 SYSTEMPATH\CodeIgniter.php(498): CodeIgniter\CodeIgniter->createController()
 7 SYSTEMPATH\CodeIgniter.php(354): CodeIgniter\CodeIgniter->handleRequest(null, Object(Config\Cache), false)
 8 SYSTEMPATH\Boot.php(363): CodeIgniter\CodeIgniter->run()
 9 SYSTEMPATH\Boot.php(68): CodeIgniter\Boot::runCodeIgniter(Object(CodeIgniter\CodeIgniter))
10 FCPATH\index.php(59): CodeIgniter\Boot::bootWeb(Object(Config\Paths))
DEBUG - 2025-11-08 01:44:20 --> Session: Class initialized using 'CodeIgniter\Session\Handlers\FileHandler' driver.
DEBUG - 2025-11-08 01:44:20 --> Session: Class initialized using 'CodeIgniter\Session\Handlers\FileHandler' driver.
DEBUG - 2025-11-08 01:44:21 --> Session: Class initialized using 'CodeIgniter\Session\Handlers\FileHandler' driver.
WARNING - 2025-11-08 01:44:21 --> [DEPRECATED] Optional parameter $filters declared before required parameter $id_dep is implicitly treated as a required parameter in APPPATH\Models\Model_arsip.php on line 303.
 1 SYSTEMPATH\Autoloader\Autoloader.php(315): include_once('C:\\xampp\\htdocs\\e-arsip_ci4\\system\\Debug\\Exceptions.php')
 2 SYSTEMPATH\Autoloader\Autoloader.php(295): CodeIgniter\Autoloader\Autoloader->includeFile('C:\\xampp\\htdocs\\e-arsip_ci4\\app\\Models\\Model_arsip.php')
 3 SYSTEMPATH\Autoloader\Autoloader.php(271): CodeIgniter\Autoloader\Autoloader->loadInNamespace('App\\Models\\Model_arsip')
 4 APPPATH\Controllers\Cari.php(20): CodeIgniter\Autoloader\Autoloader->loadClass('App\\Models\\Model_arsip')
 5 SYSTEMPATH\CodeIgniter.php(903): App\Controllers\Cari->__construct()
 6 SYSTEMPATH\CodeIgniter.php(498): CodeIgniter\CodeIgniter->createController()
 7 SYSTEMPATH\CodeIgniter.php(354): CodeIgniter\CodeIgniter->handleRequest(null, Object(Config\Cache), false)
 8 SYSTEMPATH\Boot.php(363): CodeIgniter\CodeIgniter->run()
 9 SYSTEMPATH\Boot.php(68): CodeIgniter\Boot::runCodeIgniter(Object(CodeIgniter\CodeIgniter))
10 FCPATH\index.php(59): CodeIgniter\Boot::bootWeb(Object(Config\Paths))
DEBUG - 2025-11-08 01:44:21 --> Session: Class initialized using 'CodeIgniter\Session\Handlers\FileHandler' driver.
DEBUG - 2025-11-08 01:44:21 --> Session: Class initialized using 'CodeIgniter\Session\Handlers\FileHandler' driver.
DEBUG - 2025-11-08 01:44:22 --> Session: Class initialized using 'CodeIgniter\Session\Handlers\FileHandler' driver.
DEBUG - 2025-11-08 01:44:22 --> Session: Class initialized using 'CodeIgniter\Session\Handlers\FileHandler' driver.
DEBUG - 2025-11-08 01:44:23 --> Session: Class initialized using 'CodeIgniter\Session\Handlers\FileHandler' driver.
DEBUG - 2025-11-08 01:44:24 --> Session: Class initialized using 'CodeIgniter\Session\Handlers\FileHandler' driver.
DEBUG - 2025-11-08 01:44:24 --> Session: Class initialized using 'CodeIgniter\Session\Handlers\FileHandler' driver.
DEBUG - 2025-11-08 01:44:25 --> Session: Class initialized using 'CodeIgniter\Session\Handlers\FileHandler' driver.
DEBUG - 2025-11-08 01:44:26 --> Session: Class initialized using 'CodeIgniter\Session\Handlers\FileHandler' driver.
DEBUG - 2025-11-08 01:44:26 --> Session: Class initialized using 'CodeIgniter\Session\Handlers\FileHandler' driver.
DEBUG - 2025-11-08 01:44:26 --> Session: Class initialized using 'CodeIgniter\Session\Handlers\FileHandler' driver.
DEBUG - 2025-11-08 01:44:26 --> Session: Class initialized using 'CodeIgniter\Session\Handlers\FileHandler' driver.
DEBUG - 2025-11-08 01:44:26 --> Session: Class initialized using 'CodeIgniter\Session\Handlers\FileHandler' driver.
DEBUG - 2025-11-08 01:44:27 --> Session: Class initialized using 'CodeIgniter\Session\Handlers\FileHandler' driver.
DEBUG - 2025-11-08 01:44:28 --> Session: Class initialized using 'CodeIgniter\Session\Handlers\FileHandler' driver.
DEBUG - 2025-11-08 01:44:28 --> Session: Class initialized using 'CodeIgniter\Session\Handlers\FileHandler' driver.
DEBUG - 2025-11-08 01:44:29 --> Session: Class initialized using 'CodeIgniter\Session\Handlers\FileHandler' driver.
DEBUG - 2025-11-08 01:44:30 --> Session: Class initialized using 'CodeIgniter\Session\Handlers\FileHandler' driver.
DEBUG - 2025-11-08 01:44:30 --> Session: Class initialized using 'CodeIgniter\Session\Handlers\FileHandler' driver.
DEBUG - 2025-11-08 01:44:31 --> Session: Class initialized using 'CodeIgniter\Session\Handlers\FileHandler' driver.
DEBUG - 2025-11-08 01:44:32 --> Session: Class initialized using 'CodeIgniter\Session\Handlers\FileHandler' driver.
DEBUG - 2025-11-08 01:44:32 --> Session: Class initialized using 'CodeIgniter\Session\Handlers\FileHandler' driver.
DEBUG - 2025-11-08 01:44:33 --> Session: Class initialized using 'CodeIgniter\Session\Handlers\FileHandler' driver.
DEBUG - 2025-11-08 01:44:33 --> Session: Class initialized using 'CodeIgniter\Session\Handlers\FileHandler' driver.
DEBUG - 2025-11-08 01:44:34 --> Session: Class initialized using 'CodeIgniter\Session\Handlers\FileHandler' driver.
DEBUG - 2025-11-08 01:44:34 --> Session: Class initialized using 'CodeIgniter\Session\Handlers\FileHandler' driver.
DEBUG - 2025-11-08 01:44:35 --> Session: Class initialized using 'CodeIgniter\Session\Handlers\FileHandler' driver.
DEBUG - 2025-11-08 01:44:36 --> Session: Class initialized using 'CodeIgniter\Session\Handlers\FileHandler' driver.
DEBUG - 2025-11-08 01:44:36 --> Session: Class initialized using 'CodeIgniter\Session\Handlers\FileHandler' driver.
DEBUG - 2025-11-08 01:44:36 --> Session: Class initialized using 'CodeIgniter\Session\Handlers\FileHandler' driver.
DEBUG - 2025-11-08 01:44:38 --> Session: Class initialized using 'CodeIgniter\Session\Handlers\FileHandler' driver.
DEBUG - 2025-11-08 01:44:38 --> Session: Class initialized using 'CodeIgniter\Session\Handlers\FileHandler' driver.
DEBUG - 2025-11-08 01:44:39 --> Session: Class initialized using 'CodeIgniter\Session\Handlers\FileHandler' driver.
DEBUG - 2025-11-08 01:44:39 --> Session: Class initialized using 'CodeIgniter\Session\Handlers\FileHandler' driver.
DEBUG - 2025-11-08 01:44:40 --> Session: Class initialized using 'CodeIgniter\Session\Handlers\FileHandler' driver.
DEBUG - 2025-11-08 01:44:40 --> Session: Class initialized using 'CodeIgniter\Session\Handlers\FileHandler' driver.
DEBUG - 2025-11-08 01:44:41 --> Session: Class initialized using 'CodeIgniter\Session\Handlers\FileHandler' driver.
DEBUG - 2025-11-08 01:44:42 --> Session: Class initialized using 'CodeIgniter\Session\Handlers\FileHandler' driver.
DEBUG - 2025-11-08 01:44:42 --> Session: Class initialized using 'CodeIgniter\Session\Handlers\FileHandler' driver.
DEBUG - 2025-11-08 01:44:43 --> Session: Class initialized using 'CodeIgniter\Session\Handlers\FileHandler' driver.
DEBUG - 2025-11-08 01:44:44 --> Session: Class initialized using 'CodeIgniter\Session\Handlers\FileHandler' driver.
DEBUG - 2025-11-08 01:44:44 --> Session: Class initialized using 'CodeIgniter\Session\Handlers\FileHandler' driver.
DEBUG - 2025-11-08 01:44:45 --> Session: Class initialized using 'CodeIgniter\Session\Handlers\FileHandler' driver.
DEBUG - 2025-11-08 01:44:45 --> Session: Class initialized using 'CodeIgniter\Session\Handlers\FileHandler' driver.
DEBUG - 2025-11-08 01:44:46 --> Session: Class initialized using 'CodeIgniter\Session\Handlers\FileHandler' driver.
DEBUG - 2025-11-08 01:44:46 --> Session: Class initialized using 'CodeIgniter\Session\Handlers\FileHandler' driver.
DEBUG - 2025-11-08 01:44:47 --> Session: Class initialized using 'CodeIgniter\Session\Handlers\FileHandler' driver.
DEBUG - 2025-11-08 01:44:48 --> Session: Class initialized using 'CodeIgniter\Session\Handlers\FileHandler' driver.
DEBUG - 2025-11-08 01:44:48 --> Session: Class initialized using 'CodeIgniter\Session\Handlers\FileHandler' driver.
DEBUG - 2025-11-08 01:44:49 --> Session: Class initialized using 'CodeIgniter\Session\Handlers\FileHandler' driver.
DEBUG - 2025-11-08 01:44:50 --> Session: Class initialized using 'CodeIgniter\Session\Handlers\FileHandler' driver.
DEBUG - 2025-11-08 01:44:50 --> Session: Class initialized using 'CodeIgniter\Session\Handlers\FileHandler' driver.
DEBUG - 2025-11-08 01:44:51 --> Session: Class initialized using 'CodeIgniter\Session\Handlers\FileHandler' driver.
DEBUG - 2025-11-08 01:44:51 --> Session: Class initialized using 'CodeIgniter\Session\Handlers\FileHandler' driver.
DEBUG - 2025-11-08 01:44:52 --> Session: Class initialized using 'CodeIgniter\Session\Handlers\FileHandler' driver.
DEBUG - 2025-11-08 01:44:52 --> Session: Class initialized using 'CodeIgniter\Session\Handlers\FileHandler' driver.
CRITICAL - 2025-11-08 01:44:52 --> ErrorException: Undefined array key "id"
[Method: GET, Route: bantuan/chat/18/default]
in APPPATH\Views\pages\bantuan_chat.php on line 47.
 1 APPPATH\Views\pages\bantuan_chat.php(47): CodeIgniter\Debug\Exceptions->errorHandler(2, 'Undefined array key "id"', 'C:\\xampp\\htdocs\\e-arsip_ci4\\app\\Views\\pages\\bantuan_chat.php', 47)
 2 SYSTEMPATH\View\View.php(226): include('C:\\xampp\\htdocs\\e-arsip_ci4\\app\\Views\\pages\\bantuan_chat.php')
 3 SYSTEMPATH\View\View.php(229): CodeIgniter\View\View->CodeIgniter\View\{closure}()
 4 SYSTEMPATH\Common.php(1167): CodeIgniter\View\View->render('pages/bantuan_chat', [], true)
 5 APPPATH\Controllers\Bantuan.php(114): view('pages/bantuan_chat', [...])
 6 SYSTEMPATH\CodeIgniter.php(933): App\Controllers\Bantuan->chat('18', 'default')
 7 SYSTEMPATH\CodeIgniter.php(507): CodeIgniter\CodeIgniter->runController(Object(App\Controllers\Bantuan))
 8 SYSTEMPATH\CodeIgniter.php(354): CodeIgniter\CodeIgniter->handleRequest(null, Object(Config\Cache), false)
 9 SYSTEMPATH\Boot.php(363): CodeIgniter\CodeIgniter->run()
10 SYSTEMPATH\Boot.php(68): CodeIgniter\Boot::runCodeIgniter(Object(CodeIgniter\CodeIgniter))
11 FCPATH\index.php(59): CodeIgniter\Boot::bootWeb(Object(Config\Paths))
DEBUG - 2025-11-08 01:44:54 --> Session: Class initialized using 'CodeIgniter\Session\Handlers\FileHandler' driver.
DEBUG - 2025-11-08 01:44:54 --> Session: Class initialized using 'CodeIgniter\Session\Handlers\FileHandler' driver.
DEBUG - 2025-11-08 01:44:55 --> Session: Class initialized using 'CodeIgniter\Session\Handlers\FileHandler' driver.
DEBUG - 2025-11-08 01:44:56 --> Session: Class initialized using 'CodeIgniter\Session\Handlers\FileHandler' driver.
DEBUG - 2025-11-08 01:44:57 --> Session: Class initialized using 'CodeIgniter\Session\Handlers\FileHandler' driver.
DEBUG - 2025-11-08 01:45:00 --> Session: Class initialized using 'CodeIgniter\Session\Handlers\FileHandler' driver.
DEBUG - 2025-11-08 01:45:02 --> Session: Class initialized using 'CodeIgniter\Session\Handlers\FileHandler' driver.
DEBUG - 2025-11-08 01:45:02 --> Session: Class initialized using 'CodeIgniter\Session\Handlers\FileHandler' driver.
DEBUG - 2025-11-08 01:45:03 --> Session: Class initialized using 'CodeIgniter\Session\Handlers\FileHandler' driver.
DEBUG - 2025-11-08 01:45:05 --> Session: Class initialized using 'CodeIgniter\Session\Handlers\FileHandler' driver.
DEBUG - 2025-11-08 01:45:07 --> Session: Class initialized using 'CodeIgniter\Session\Handlers\FileHandler' driver.
DEBUG - 2025-11-08 01:45:08 --> Session: Class initialized using 'CodeIgniter\Session\Handlers\FileHandler' driver.
DEBUG - 2025-11-08 01:45:09 --> Session: Class initialized using 'CodeIgniter\Session\Handlers\FileHandler' driver.
DEBUG - 2025-11-08 01:45:10 --> Session: Class initialized using 'CodeIgniter\Session\Handlers\FileHandler' driver.
DEBUG - 2025-11-08 01:45:11 --> Session: Class initialized using 'CodeIgniter\Session\Handlers\FileHandler' driver.
DEBUG - 2025-11-08 01:45:12 --> Session: Class initialized using 'CodeIgniter\Session\Handlers\FileHandler' driver.
DEBUG - 2025-11-08 01:45:12 --> Session: Class initialized using 'CodeIgniter\Session\Handlers\FileHandler' driver.
WARNING - 2025-11-08 01:45:12 --> [DEPRECATED] Optional parameter $filters declared before required parameter $id_dep is implicitly treated as a required parameter in APPPATH\Models\Model_arsip.php on line 303.
 1 SYSTEMPATH\Autoloader\Autoloader.php(315): include_once('C:\\xampp\\htdocs\\e-arsip_ci4\\system\\Debug\\Exceptions.php')
 2 SYSTEMPATH\Autoloader\Autoloader.php(295): CodeIgniter\Autoloader\Autoloader->includeFile('C:\\xampp\\htdocs\\e-arsip_ci4\\app\\Models\\Model_arsip.php')
 3 SYSTEMPATH\Autoloader\Autoloader.php(271): CodeIgniter\Autoloader\Autoloader->loadInNamespace('App\\Models\\Model_arsip')
 4 APPPATH\Controllers\Cari.php(20): CodeIgniter\Autoloader\Autoloader->loadClass('App\\Models\\Model_arsip')
 5 SYSTEMPATH\CodeIgniter.php(903): App\Controllers\Cari->__construct()
 6 SYSTEMPATH\CodeIgniter.php(498): CodeIgniter\CodeIgniter->createController()
 7 SYSTEMPATH\CodeIgniter.php(354): CodeIgniter\CodeIgniter->handleRequest(null, Object(Config\Cache), false)
 8 SYSTEMPATH\Boot.php(363): CodeIgniter\CodeIgniter->run()
 9 SYSTEMPATH\Boot.php(68): CodeIgniter\Boot::runCodeIgniter(Object(CodeIgniter\CodeIgniter))
10 FCPATH\index.php(59): CodeIgniter\Boot::bootWeb(Object(Config\Paths))
DEBUG - 2025-11-08 01:45:17 --> Session: Class initialized using 'CodeIgniter\Session\Handlers\FileHandler' driver.
DEBUG - 2025-11-08 01:45:25 --> Session: Class initialized using 'CodeIgniter\Session\Handlers\FileHandler' driver.
CRITICAL - 2025-11-08 01:45:25 --> ErrorException: Undefined array key "id"
[Method: GET, Route: bantuan/chat/18/default]
in APPPATH\Views\pages\bantuan_chat.php on line 47.
 1 APPPATH\Views\pages\bantuan_chat.php(47): CodeIgniter\Debug\Exceptions->errorHandler(2, 'Undefined array key "id"', 'C:\\xampp\\htdocs\\e-arsip_ci4\\app\\Views\\pages\\bantuan_chat.php', 47)
 2 SYSTEMPATH\View\View.php(226): include('C:\\xampp\\htdocs\\e-arsip_ci4\\app\\Views\\pages\\bantuan_chat.php')
 3 SYSTEMPATH\View\View.php(229): CodeIgniter\View\View->CodeIgniter\View\{closure}()
 4 SYSTEMPATH\Common.php(1167): CodeIgniter\View\View->render('pages/bantuan_chat', [], true)
 5 APPPATH\Controllers\Bantuan.php(114): view('pages/bantuan_chat', [...])
 6 SYSTEMPATH\CodeIgniter.php(933): App\Controllers\Bantuan->chat('18', 'default')
 7 SYSTEMPATH\CodeIgniter.php(507): CodeIgniter\CodeIgniter->runController(Object(App\Controllers\Bantuan))
 8 SYSTEMPATH\CodeIgniter.php(354): CodeIgniter\CodeIgniter->handleRequest(null, Object(Config\Cache), false)
 9 SYSTEMPATH\Boot.php(363): CodeIgniter\CodeIgniter->run()
10 SYSTEMPATH\Boot.php(68): CodeIgniter\Boot::runCodeIgniter(Object(CodeIgniter\CodeIgniter))
11 FCPATH\index.php(59): CodeIgniter\Boot::bootWeb(Object(Config\Paths))
DEBUG - 2025-11-08 01:45:28 --> Session: Class initialized using 'CodeIgniter\Session\Handlers\FileHandler' driver.
CRITICAL - 2025-11-08 01:45:28 --> ErrorException: Undefined array key "id"
[Method: GET, Route: bantuan/chat/18/default]
in APPPATH\Views\pages\bantuan_chat.php on line 47.
 1 APPPATH\Views\pages\bantuan_chat.php(47): CodeIgniter\Debug\Exceptions->errorHandler(2, 'Undefined array key "id"', 'C:\\xampp\\htdocs\\e-arsip_ci4\\app\\Views\\pages\\bantuan_chat.php', 47)
 2 SYSTEMPATH\View\View.php(226): include('C:\\xampp\\htdocs\\e-arsip_ci4\\app\\Views\\pages\\bantuan_chat.php')
 3 SYSTEMPATH\View\View.php(229): CodeIgniter\View\View->CodeIgniter\View\{closure}()
 4 SYSTEMPATH\Common.php(1167): CodeIgniter\View\View->render('pages/bantuan_chat', [], true)
 5 APPPATH\Controllers\Bantuan.php(114): view('pages/bantuan_chat', [...])
 6 SYSTEMPATH\CodeIgniter.php(933): App\Controllers\Bantuan->chat('18', 'default')
 7 SYSTEMPATH\CodeIgniter.php(507): CodeIgniter\CodeIgniter->runController(Object(App\Controllers\Bantuan))
 8 SYSTEMPATH\CodeIgniter.php(354): CodeIgniter\CodeIgniter->handleRequest(null, Object(Config\Cache), false)
 9 SYSTEMPATH\Boot.php(363): CodeIgniter\CodeIgniter->run()
10 SYSTEMPATH\Boot.php(68): CodeIgniter\Boot::runCodeIgniter(Object(CodeIgniter\CodeIgniter))
11 FCPATH\index.php(59): CodeIgniter\Boot::bootWeb(Object(Config\Paths))
DEBUG - 2025-11-08 01:45:28 --> Session: Class initialized using 'CodeIgniter\Session\Handlers\FileHandler' driver.
CRITICAL - 2025-11-08 01:45:28 --> ErrorException: Undefined array key "id"
[Method: GET, Route: bantuan/chat/18/default]
in APPPATH\Views\pages\bantuan_chat.php on line 47.
 1 APPPATH\Views\pages\bantuan_chat.php(47): CodeIgniter\Debug\Exceptions->errorHandler(2, 'Undefined array key "id"', 'C:\\xampp\\htdocs\\e-arsip_ci4\\app\\Views\\pages\\bantuan_chat.php', 47)
 2 SYSTEMPATH\View\View.php(226): include('C:\\xampp\\htdocs\\e-arsip_ci4\\app\\Views\\pages\\bantuan_chat.php')
 3 SYSTEMPATH\View\View.php(229): CodeIgniter\View\View->CodeIgniter\View\{closure}()
 4 SYSTEMPATH\Common.php(1167): CodeIgniter\View\View->render('pages/bantuan_chat', [], true)
 5 APPPATH\Controllers\Bantuan.php(114): view('pages/bantuan_chat', [...])
 6 SYSTEMPATH\CodeIgniter.php(933): App\Controllers\Bantuan->chat('18', 'default')
 7 SYSTEMPATH\CodeIgniter.php(507): CodeIgniter\CodeIgniter->runController(Object(App\Controllers\Bantuan))
 8 SYSTEMPATH\CodeIgniter.php(354): CodeIgniter\CodeIgniter->handleRequest(null, Object(Config\Cache), false)
 9 SYSTEMPATH\Boot.php(363): CodeIgniter\CodeIgniter->run()
10 SYSTEMPATH\Boot.php(68): CodeIgniter\Boot::runCodeIgniter(Object(CodeIgniter\CodeIgniter))
11 FCPATH\index.php(59): CodeIgniter\Boot::bootWeb(Object(Config\Paths))
DEBUG - 2025-11-08 01:45:30 --> Session: Class initialized using 'CodeIgniter\Session\Handlers\FileHandler' driver.
CRITICAL - 2025-11-08 01:45:30 --> ErrorException: Undefined array key "id"
[Method: GET, Route: bantuan/chat/18/default]
in APPPATH\Views\pages\bantuan_chat.php on line 47.
 1 APPPATH\Views\pages\bantuan_chat.php(47): CodeIgniter\Debug\Exceptions->errorHandler(2, 'Undefined array key "id"', 'C:\\xampp\\htdocs\\e-arsip_ci4\\app\\Views\\pages\\bantuan_chat.php', 47)
 2 SYSTEMPATH\View\View.php(226): include('C:\\xampp\\htdocs\\e-arsip_ci4\\app\\Views\\pages\\bantuan_chat.php')
 3 SYSTEMPATH\View\View.php(229): CodeIgniter\View\View->CodeIgniter\View\{closure}()
 4 SYSTEMPATH\Common.php(1167): CodeIgniter\View\View->render('pages/bantuan_chat', [], true)
 5 APPPATH\Controllers\Bantuan.php(114): view('pages/bantuan_chat', [...])
 6 SYSTEMPATH\CodeIgniter.php(933): App\Controllers\Bantuan->chat('18', 'default')
 7 SYSTEMPATH\CodeIgniter.php(507): CodeIgniter\CodeIgniter->runController(Object(App\Controllers\Bantuan))
 8 SYSTEMPATH\CodeIgniter.php(354): CodeIgniter\CodeIgniter->handleRequest(null, Object(Config\Cache), false)
 9 SYSTEMPATH\Boot.php(363): CodeIgniter\CodeIgniter->run()
10 SYSTEMPATH\Boot.php(68): CodeIgniter\Boot::runCodeIgniter(Object(CodeIgniter\CodeIgniter))
11 FCPATH\index.php(59): CodeIgniter\Boot::bootWeb(Object(Config\Paths))
DEBUG - 2025-11-08 01:45:31 --> Session: Class initialized using 'CodeIgniter\Session\Handlers\FileHandler' driver.
CRITICAL - 2025-11-08 01:45:31 --> ErrorException: Undefined array key "id"
[Method: GET, Route: bantuan/chat/18/default]
in APPPATH\Views\pages\bantuan_chat.php on line 47.
 1 APPPATH\Views\pages\bantuan_chat.php(47): CodeIgniter\Debug\Exceptions->errorHandler(2, 'Undefined array key "id"', 'C:\\xampp\\htdocs\\e-arsip_ci4\\app\\Views\\pages\\bantuan_chat.php', 47)
 2 SYSTEMPATH\View\View.php(226): include('C:\\xampp\\htdocs\\e-arsip_ci4\\app\\Views\\pages\\bantuan_chat.php')
 3 SYSTEMPATH\View\View.php(229): CodeIgniter\View\View->CodeIgniter\View\{closure}()
 4 SYSTEMPATH\Common.php(1167): CodeIgniter\View\View->render('pages/bantuan_chat', [], true)
 5 APPPATH\Controllers\Bantuan.php(114): view('pages/bantuan_chat', [...])
 6 SYSTEMPATH\CodeIgniter.php(933): App\Controllers\Bantuan->chat('18', 'default')
 7 SYSTEMPATH\CodeIgniter.php(507): CodeIgniter\CodeIgniter->runController(Object(App\Controllers\Bantuan))
 8 SYSTEMPATH\CodeIgniter.php(354): CodeIgniter\CodeIgniter->handleRequest(null, Object(Config\Cache), false)
 9 SYSTEMPATH\Boot.php(363): CodeIgniter\CodeIgniter->run()
10 SYSTEMPATH\Boot.php(68): CodeIgniter\Boot::runCodeIgniter(Object(CodeIgniter\CodeIgniter))
11 FCPATH\index.php(59): CodeIgniter\Boot::bootWeb(Object(Config\Paths))
DEBUG - 2025-11-08 01:45:32 --> Session: Class initialized using 'CodeIgniter\Session\Handlers\FileHandler' driver.
CRITICAL - 2025-11-08 01:45:32 --> ErrorException: Undefined array key "id"
[Method: GET, Route: bantuan/chat/18/default]
in APPPATH\Views\pages\bantuan_chat.php on line 47.
 1 APPPATH\Views\pages\bantuan_chat.php(47): CodeIgniter\Debug\Exceptions->errorHandler(2, 'Undefined array key "id"', 'C:\\xampp\\htdocs\\e-arsip_ci4\\app\\Views\\pages\\bantuan_chat.php', 47)
 2 SYSTEMPATH\View\View.php(226): include('C:\\xampp\\htdocs\\e-arsip_ci4\\app\\Views\\pages\\bantuan_chat.php')
 3 SYSTEMPATH\View\View.php(229): CodeIgniter\View\View->CodeIgniter\View\{closure}()
 4 SYSTEMPATH\Common.php(1167): CodeIgniter\View\View->render('pages/bantuan_chat', [], true)
 5 APPPATH\Controllers\Bantuan.php(114): view('pages/bantuan_chat', [...])
 6 SYSTEMPATH\CodeIgniter.php(933): App\Controllers\Bantuan->chat('18', 'default')
 7 SYSTEMPATH\CodeIgniter.php(507): CodeIgniter\CodeIgniter->runController(Object(App\Controllers\Bantuan))
 8 SYSTEMPATH\CodeIgniter.php(354): CodeIgniter\CodeIgniter->handleRequest(null, Object(Config\Cache), false)
 9 SYSTEMPATH\Boot.php(363): CodeIgniter\CodeIgniter->run()
10 SYSTEMPATH\Boot.php(68): CodeIgniter\Boot::runCodeIgniter(Object(CodeIgniter\CodeIgniter))
11 FCPATH\index.php(59): CodeIgniter\Boot::bootWeb(Object(Config\Paths))
DEBUG - 2025-11-08 01:45:33 --> Session: Class initialized using 'CodeIgniter\Session\Handlers\FileHandler' driver.
DEBUG - 2025-11-08 01:45:33 --> Session: Class initialized using 'CodeIgniter\Session\Handlers\FileHandler' driver.
DEBUG - 2025-11-08 01:45:33 --> Session: Class initialized using 'CodeIgniter\Session\Handlers\FileHandler' driver.
DEBUG - 2025-11-08 01:45:42 --> Session: Class initialized using 'CodeIgniter\Session\Handlers\FileHandler' driver.
DEBUG - 2025-11-08 01:45:42 --> Session: Class initialized using 'CodeIgniter\Session\Handlers\FileHandler' driver.
WARNING - 2025-11-08 01:45:42 --> [DEPRECATED] Optional parameter $filters declared before required parameter $id_dep is implicitly treated as a required parameter in APPPATH\Models\Model_arsip.php on line 303.
 1 SYSTEMPATH\Autoloader\Autoloader.php(315): include_once('C:\\xampp\\htdocs\\e-arsip_ci4\\system\\Debug\\Exceptions.php')
 2 SYSTEMPATH\Autoloader\Autoloader.php(295): CodeIgniter\Autoloader\Autoloader->includeFile('C:\\xampp\\htdocs\\e-arsip_ci4\\app\\Models\\Model_arsip.php')
 3 SYSTEMPATH\Autoloader\Autoloader.php(271): CodeIgniter\Autoloader\Autoloader->loadInNamespace('App\\Models\\Model_arsip')
 4 APPPATH\Controllers\Home.php(23): CodeIgniter\Autoloader\Autoloader->loadClass('App\\Models\\Model_arsip')
 5 SYSTEMPATH\CodeIgniter.php(903): App\Controllers\Home->__construct()
 6 SYSTEMPATH\CodeIgniter.php(498): CodeIgniter\CodeIgniter->createController()
 7 SYSTEMPATH\CodeIgniter.php(354): CodeIgniter\CodeIgniter->handleRequest(null, Object(Config\Cache), false)
 8 SYSTEMPATH\Boot.php(363): CodeIgniter\CodeIgniter->run()
 9 SYSTEMPATH\Boot.php(68): CodeIgniter\Boot::runCodeIgniter(Object(CodeIgniter\CodeIgniter))
10 FCPATH\index.php(59): CodeIgniter\Boot::bootWeb(Object(Config\Paths))
DEBUG - 2025-11-08 01:45:44 --> Session: Class initialized using 'CodeIgniter\Session\Handlers\FileHandler' driver.
DEBUG - 2025-11-08 01:45:44 --> Session: Class initialized using 'CodeIgniter\Session\Handlers\FileHandler' driver.
DEBUG - 2025-11-08 01:45:45 --> Session: Class initialized using 'CodeIgniter\Session\Handlers\FileHandler' driver.
DEBUG - 2025-11-08 01:45:46 --> Session: Class initialized using 'CodeIgniter\Session\Handlers\FileHandler' driver.
DEBUG - 2025-11-08 01:45:48 --> Session: Class initialized using 'CodeIgniter\Session\Handlers\FileHandler' driver.
DEBUG - 2025-11-08 01:45:48 --> Session: Class initialized using 'CodeIgniter\Session\Handlers\FileHandler' driver.
CRITICAL - 2025-11-08 01:45:48 --> ErrorException: Undefined array key "id"
[Method: GET, Route: bantuan/chat/18/default]
in APPPATH\Views\pages\bantuan_chat.php on line 47.
 1 APPPATH\Views\pages\bantuan_chat.php(47): CodeIgniter\Debug\Exceptions->errorHandler(2, 'Undefined array key "id"', 'C:\\xampp\\htdocs\\e-arsip_ci4\\app\\Views\\pages\\bantuan_chat.php', 47)
 2 SYSTEMPATH\View\View.php(226): include('C:\\xampp\\htdocs\\e-arsip_ci4\\app\\Views\\pages\\bantuan_chat.php')
 3 SYSTEMPATH\View\View.php(229): CodeIgniter\View\View->CodeIgniter\View\{closure}()
 4 SYSTEMPATH\Common.php(1167): CodeIgniter\View\View->render('pages/bantuan_chat', [], true)
 5 APPPATH\Controllers\Bantuan.php(114): view('pages/bantuan_chat', [...])
 6 SYSTEMPATH\CodeIgniter.php(933): App\Controllers\Bantuan->chat('18', 'default')
 7 SYSTEMPATH\CodeIgniter.php(507): CodeIgniter\CodeIgniter->runController(Object(App\Controllers\Bantuan))
 8 SYSTEMPATH\CodeIgniter.php(354): CodeIgniter\CodeIgniter->handleRequest(null, Object(Config\Cache), false)
 9 SYSTEMPATH\Boot.php(363): CodeIgniter\CodeIgniter->run()
10 SYSTEMPATH\Boot.php(68): CodeIgniter\Boot::runCodeIgniter(Object(CodeIgniter\CodeIgniter))
11 FCPATH\index.php(59): CodeIgniter\Boot::bootWeb(Object(Config\Paths))
DEBUG - 2025-11-08 01:45:48 --> Session: Class initialized using 'CodeIgniter\Session\Handlers\FileHandler' driver.
CRITICAL - 2025-11-08 01:45:48 --> ErrorException: Undefined array key "id"
[Method: GET, Route: bantuan/chat/18/default]
in APPPATH\Views\pages\bantuan_chat.php on line 47.
 1 APPPATH\Views\pages\bantuan_chat.php(47): CodeIgniter\Debug\Exceptions->errorHandler(2, 'Undefined array key "id"', 'C:\\xampp\\htdocs\\e-arsip_ci4\\app\\Views\\pages\\bantuan_chat.php', 47)
 2 SYSTEMPATH\View\View.php(226): include('C:\\xampp\\htdocs\\e-arsip_ci4\\app\\Views\\pages\\bantuan_chat.php')
 3 SYSTEMPATH\View\View.php(229): CodeIgniter\View\View->CodeIgniter\View\{closure}()
 4 SYSTEMPATH\Common.php(1167): CodeIgniter\View\View->render('pages/bantuan_chat', [], true)
 5 APPPATH\Controllers\Bantuan.php(114): view('pages/bantuan_chat', [...])
 6 SYSTEMPATH\CodeIgniter.php(933): App\Controllers\Bantuan->chat('18', 'default')
 7 SYSTEMPATH\CodeIgniter.php(507): CodeIgniter\CodeIgniter->runController(Object(App\Controllers\Bantuan))
 8 SYSTEMPATH\CodeIgniter.php(354): CodeIgniter\CodeIgniter->handleRequest(null, Object(Config\Cache), false)
 9 SYSTEMPATH\Boot.php(363): CodeIgniter\CodeIgniter->run()
10 SYSTEMPATH\Boot.php(68): CodeIgniter\Boot::runCodeIgniter(Object(CodeIgniter\CodeIgniter))
11 FCPATH\index.php(59): CodeIgniter\Boot::bootWeb(Object(Config\Paths))
DEBUG - 2025-11-08 01:46:41 --> Session: Class initialized using 'CodeIgniter\Session\Handlers\FileHandler' driver.
DEBUG - 2025-11-08 01:46:41 --> Session: Class initialized using 'CodeIgniter\Session\Handlers\FileHandler' driver.
WARNING - 2025-11-08 01:46:41 --> [DEPRECATED] Optional parameter $filters declared before required parameter $id_dep is implicitly treated as a required parameter in APPPATH\Models\Model_arsip.php on line 303.
 1 SYSTEMPATH\Autoloader\Autoloader.php(315): include_once('C:\\xampp\\htdocs\\e-arsip_ci4\\system\\Debug\\Exceptions.php')
 2 SYSTEMPATH\Autoloader\Autoloader.php(295): CodeIgniter\Autoloader\Autoloader->includeFile('C:\\xampp\\htdocs\\e-arsip_ci4\\app\\Models\\Model_arsip.php')
 3 SYSTEMPATH\Autoloader\Autoloader.php(271): CodeIgniter\Autoloader\Autoloader->loadInNamespace('App\\Models\\Model_arsip')
 4 APPPATH\Controllers\Home.php(23): CodeIgniter\Autoloader\Autoloader->loadClass('App\\Models\\Model_arsip')
 5 SYSTEMPATH\CodeIgniter.php(903): App\Controllers\Home->__construct()
 6 SYSTEMPATH\CodeIgniter.php(498): CodeIgniter\CodeIgniter->createController()
 7 SYSTEMPATH\CodeIgniter.php(354): CodeIgniter\CodeIgniter->handleRequest(null, Object(Config\Cache), false)
 8 SYSTEMPATH\Boot.php(363): CodeIgniter\CodeIgniter->run()
 9 SYSTEMPATH\Boot.php(68): CodeIgniter\Boot::runCodeIgniter(Object(CodeIgniter\CodeIgniter))
10 FCPATH\index.php(59): CodeIgniter\Boot::bootWeb(Object(Config\Paths))
DEBUG - 2025-11-08 01:46:42 --> Session: Class initialized using 'CodeIgniter\Session\Handlers\FileHandler' driver.
DEBUG - 2025-11-08 01:46:42 --> Session: Class initialized using 'CodeIgniter\Session\Handlers\FileHandler' driver.
CRITICAL - 2025-11-08 01:46:42 --> ErrorException: Undefined array key "id"
[Method: GET, Route: bantuan/chat/18/default]
in APPPATH\Views\pages\bantuan_chat.php on line 47.
 1 APPPATH\Views\pages\bantuan_chat.php(47): CodeIgniter\Debug\Exceptions->errorHandler(2, 'Undefined array key "id"', 'C:\\xampp\\htdocs\\e-arsip_ci4\\app\\Views\\pages\\bantuan_chat.php', 47)
 2 SYSTEMPATH\View\View.php(226): include('C:\\xampp\\htdocs\\e-arsip_ci4\\app\\Views\\pages\\bantuan_chat.php')
 3 SYSTEMPATH\View\View.php(229): CodeIgniter\View\View->CodeIgniter\View\{closure}()
 4 SYSTEMPATH\Common.php(1167): CodeIgniter\View\View->render('pages/bantuan_chat', [], true)
 5 APPPATH\Controllers\Bantuan.php(114): view('pages/bantuan_chat', [...])
 6 SYSTEMPATH\CodeIgniter.php(933): App\Controllers\Bantuan->chat('18', 'default')
 7 SYSTEMPATH\CodeIgniter.php(507): CodeIgniter\CodeIgniter->runController(Object(App\Controllers\Bantuan))
 8 SYSTEMPATH\CodeIgniter.php(354): CodeIgniter\CodeIgniter->handleRequest(null, Object(Config\Cache), false)
 9 SYSTEMPATH\Boot.php(363): CodeIgniter\CodeIgniter->run()
10 SYSTEMPATH\Boot.php(68): CodeIgniter\Boot::runCodeIgniter(Object(CodeIgniter\CodeIgniter))
11 FCPATH\index.php(59): CodeIgniter\Boot::bootWeb(Object(Config\Paths))
DEBUG - 2025-11-08 01:46:44 --> Session: Class initialized using 'CodeIgniter\Session\Handlers\FileHandler' driver.
WARNING - 2025-11-08 01:46:44 --> [DEPRECATED] Optional parameter $filters declared before required parameter $id_dep is implicitly treated as a required parameter in APPPATH\Models\Model_arsip.php on line 303.
 1 SYSTEMPATH\Autoloader\Autoloader.php(315): include_once('C:\\xampp\\htdocs\\e-arsip_ci4\\system\\Debug\\Exceptions.php')
 2 SYSTEMPATH\Autoloader\Autoloader.php(295): CodeIgniter\Autoloader\Autoloader->includeFile('C:\\xampp\\htdocs\\e-arsip_ci4\\app\\Models\\Model_arsip.php')
 3 SYSTEMPATH\Autoloader\Autoloader.php(271): CodeIgniter\Autoloader\Autoloader->loadInNamespace('App\\Models\\Model_arsip')
 4 APPPATH\Controllers\Cari.php(20): CodeIgniter\Autoloader\Autoloader->loadClass('App\\Models\\Model_arsip')
 5 SYSTEMPATH\CodeIgniter.php(903): App\Controllers\Cari->__construct()
 6 SYSTEMPATH\CodeIgniter.php(498): CodeIgniter\CodeIgniter->createController()
 7 SYSTEMPATH\CodeIgniter.php(354): CodeIgniter\CodeIgniter->handleRequest(null, Object(Config\Cache), false)
 8 SYSTEMPATH\Boot.php(363): CodeIgniter\CodeIgniter->run()
 9 SYSTEMPATH\Boot.php(68): CodeIgniter\Boot::runCodeIgniter(Object(CodeIgniter\CodeIgniter))
10 FCPATH\index.php(59): CodeIgniter\Boot::bootWeb(Object(Config\Paths))
DEBUG - 2025-11-08 01:46:50 --> Session: Class initialized using 'CodeIgniter\Session\Handlers\FileHandler' driver.
WARNING - 2025-11-08 01:46:50 --> [DEPRECATED] Optional parameter $filters declared before required parameter $id_dep is implicitly treated as a required parameter in APPPATH\Models\Model_arsip.php on line 303.
 1 SYSTEMPATH\Autoloader\Autoloader.php(315): include_once('C:\\xampp\\htdocs\\e-arsip_ci4\\system\\Debug\\Exceptions.php')
 2 SYSTEMPATH\Autoloader\Autoloader.php(295): CodeIgniter\Autoloader\Autoloader->includeFile('C:\\xampp\\htdocs\\e-arsip_ci4\\app\\Models\\Model_arsip.php')
 3 SYSTEMPATH\Autoloader\Autoloader.php(271): CodeIgniter\Autoloader\Autoloader->loadInNamespace('App\\Models\\Model_arsip')
 4 APPPATH\Controllers\Cari.php(20): CodeIgniter\Autoloader\Autoloader->loadClass('App\\Models\\Model_arsip')
 5 SYSTEMPATH\CodeIgniter.php(903): App\Controllers\Cari->__construct()
 6 SYSTEMPATH\CodeIgniter.php(498): CodeIgniter\CodeIgniter->createController()
 7 SYSTEMPATH\CodeIgniter.php(354): CodeIgniter\CodeIgniter->handleRequest(null, Object(Config\Cache), false)
 8 SYSTEMPATH\Boot.php(363): CodeIgniter\CodeIgniter->run()
 9 SYSTEMPATH\Boot.php(68): CodeIgniter\Boot::runCodeIgniter(Object(CodeIgniter\CodeIgniter))
10 FCPATH\index.php(59): CodeIgniter\Boot::bootWeb(Object(Config\Paths))
DEBUG - 2025-11-08 01:46:51 --> Session: Class initialized using 'CodeIgniter\Session\Handlers\FileHandler' driver.
DEBUG - 2025-11-08 01:46:52 --> Session: Class initialized using 'CodeIgniter\Session\Handlers\FileHandler' driver.
WARNING - 2025-11-08 01:46:52 --> [DEPRECATED] Optional parameter $filters declared before required parameter $id_dep is implicitly treated as a required parameter in APPPATH\Models\Model_arsip.php on line 303.
 1 SYSTEMPATH\Autoloader\Autoloader.php(315): include_once('C:\\xampp\\htdocs\\e-arsip_ci4\\system\\Debug\\Exceptions.php')
 2 SYSTEMPATH\Autoloader\Autoloader.php(295): CodeIgniter\Autoloader\Autoloader->includeFile('C:\\xampp\\htdocs\\e-arsip_ci4\\app\\Models\\Model_arsip.php')
 3 SYSTEMPATH\Autoloader\Autoloader.php(271): CodeIgniter\Autoloader\Autoloader->loadInNamespace('App\\Models\\Model_arsip')
 4 APPPATH\Controllers\Arsip.php(26): CodeIgniter\Autoloader\Autoloader->loadClass('App\\Models\\Model_arsip')
 5 SYSTEMPATH\CodeIgniter.php(903): App\Controllers\Arsip->__construct()
 6 SYSTEMPATH\CodeIgniter.php(498): CodeIgniter\CodeIgniter->createController()
 7 SYSTEMPATH\CodeIgniter.php(354): CodeIgniter\CodeIgniter->handleRequest(null, Object(Config\Cache), false)
 8 SYSTEMPATH\Boot.php(363): CodeIgniter\CodeIgniter->run()
 9 SYSTEMPATH\Boot.php(68): CodeIgniter\Boot::runCodeIgniter(Object(CodeIgniter\CodeIgniter))
10 FCPATH\index.php(59): CodeIgniter\Boot::bootWeb(Object(Config\Paths))
DEBUG - 2025-11-08 01:46:53 --> Session: Class initialized using 'CodeIgniter\Session\Handlers\FileHandler' driver.
WARNING - 2025-11-08 01:46:53 --> [DEPRECATED] Optional parameter $filters declared before required parameter $id_dep is implicitly treated as a required parameter in APPPATH\Models\Model_arsip.php on line 303.
 1 SYSTEMPATH\Autoloader\Autoloader.php(315): include_once('C:\\xampp\\htdocs\\e-arsip_ci4\\system\\Debug\\Exceptions.php')
 2 SYSTEMPATH\Autoloader\Autoloader.php(295): CodeIgniter\Autoloader\Autoloader->includeFile('C:\\xampp\\htdocs\\e-arsip_ci4\\app\\Models\\Model_arsip.php')
 3 SYSTEMPATH\Autoloader\Autoloader.php(271): CodeIgniter\Autoloader\Autoloader->loadInNamespace('App\\Models\\Model_arsip')
 4 APPPATH\Controllers\Kategori.php(21): CodeIgniter\Autoloader\Autoloader->loadClass('App\\Models\\Model_arsip')
 5 SYSTEMPATH\CodeIgniter.php(903): App\Controllers\Kategori->__construct()
 6 SYSTEMPATH\CodeIgniter.php(498): CodeIgniter\CodeIgniter->createController()
 7 SYSTEMPATH\CodeIgniter.php(354): CodeIgniter\CodeIgniter->handleRequest(null, Object(Config\Cache), false)
 8 SYSTEMPATH\Boot.php(363): CodeIgniter\CodeIgniter->run()
 9 SYSTEMPATH\Boot.php(68): CodeIgniter\Boot::runCodeIgniter(Object(CodeIgniter\CodeIgniter))
10 FCPATH\index.php(59): CodeIgniter\Boot::bootWeb(Object(Config\Paths))
DEBUG - 2025-11-08 01:46:53 --> Session: Class initialized using 'CodeIgniter\Session\Handlers\FileHandler' driver.
DEBUG - 2025-11-08 01:46:54 --> Session: Class initialized using 'CodeIgniter\Session\Handlers\FileHandler' driver.
DEBUG - 2025-11-08 01:46:55 --> Session: Class initialized using 'CodeIgniter\Session\Handlers\FileHandler' driver.
WARNING - 2025-11-08 01:46:55 --> [DEPRECATED] Optional parameter $filters declared before required parameter $id_dep is implicitly treated as a required parameter in APPPATH\Models\Model_arsip.php on line 303.
 1 SYSTEMPATH\Autoloader\Autoloader.php(315): include_once('C:\\xampp\\htdocs\\e-arsip_ci4\\system\\Debug\\Exceptions.php')
 2 SYSTEMPATH\Autoloader\Autoloader.php(295): CodeIgniter\Autoloader\Autoloader->includeFile('C:\\xampp\\htdocs\\e-arsip_ci4\\app\\Models\\Model_arsip.php')
 3 SYSTEMPATH\Autoloader\Autoloader.php(271): CodeIgniter\Autoloader\Autoloader->loadInNamespace('App\\Models\\Model_arsip')
 4 APPPATH\Controllers\Home.php(23): CodeIgniter\Autoloader\Autoloader->loadClass('App\\Models\\Model_arsip')
 5 SYSTEMPATH\CodeIgniter.php(903): App\Controllers\Home->__construct()
 6 SYSTEMPATH\CodeIgniter.php(498): CodeIgniter\CodeIgniter->createController()
 7 SYSTEMPATH\CodeIgniter.php(354): CodeIgniter\CodeIgniter->handleRequest(null, Object(Config\Cache), false)
 8 SYSTEMPATH\Boot.php(363): CodeIgniter\CodeIgniter->run()
 9 SYSTEMPATH\Boot.php(68): CodeIgniter\Boot::runCodeIgniter(Object(CodeIgniter\CodeIgniter))
10 FCPATH\index.php(59): CodeIgniter\Boot::bootWeb(Object(Config\Paths))
DEBUG - 2025-11-08 01:46:55 --> Session: Class initialized using 'CodeIgniter\Session\Handlers\FileHandler' driver.
DEBUG - 2025-11-08 01:46:56 --> Session: Class initialized using 'CodeIgniter\Session\Handlers\FileHandler' driver.
WARNING - 2025-11-08 01:46:56 --> [DEPRECATED] Optional parameter $filters declared before required parameter $id_dep is implicitly treated as a required parameter in APPPATH\Models\Model_arsip.php on line 303.
 1 SYSTEMPATH\Autoloader\Autoloader.php(315): include_once('C:\\xampp\\htdocs\\e-arsip_ci4\\system\\Debug\\Exceptions.php')
 2 SYSTEMPATH\Autoloader\Autoloader.php(295): CodeIgniter\Autoloader\Autoloader->includeFile('C:\\xampp\\htdocs\\e-arsip_ci4\\app\\Models\\Model_arsip.php')
 3 SYSTEMPATH\Autoloader\Autoloader.php(271): CodeIgniter\Autoloader\Autoloader->loadInNamespace('App\\Models\\Model_arsip')
 4 APPPATH\Controllers\Home.php(23): CodeIgniter\Autoloader\Autoloader->loadClass('App\\Models\\Model_arsip')
 5 SYSTEMPATH\CodeIgniter.php(903): App\Controllers\Home->__construct()
 6 SYSTEMPATH\CodeIgniter.php(498): CodeIgniter\CodeIgniter->createController()
 7 SYSTEMPATH\CodeIgniter.php(354): CodeIgniter\CodeIgniter->handleRequest(null, Object(Config\Cache), false)
 8 SYSTEMPATH\Boot.php(363): CodeIgniter\CodeIgniter->run()
 9 SYSTEMPATH\Boot.php(68): CodeIgniter\Boot::runCodeIgniter(Object(CodeIgniter\CodeIgniter))
10 FCPATH\index.php(59): CodeIgniter\Boot::bootWeb(Object(Config\Paths))
DEBUG - 2025-11-08 01:46:57 --> Session: Class initialized using 'CodeIgniter\Session\Handlers\FileHandler' driver.
DEBUG - 2025-11-08 01:46:57 --> Session: Class initialized using 'CodeIgniter\Session\Handlers\FileHandler' driver.
DEBUG - 2025-11-08 01:46:58 --> Session: Class initialized using 'CodeIgniter\Session\Handlers\FileHandler' driver.
WARNING - 2025-11-08 01:46:58 --> [DEPRECATED] Optional parameter $filters declared before required parameter $id_dep is implicitly treated as a required parameter in APPPATH\Models\Model_arsip.php on line 303.
 1 SYSTEMPATH\Autoloader\Autoloader.php(315): include_once('C:\\xampp\\htdocs\\e-arsip_ci4\\system\\Debug\\Exceptions.php')
 2 SYSTEMPATH\Autoloader\Autoloader.php(295): CodeIgniter\Autoloader\Autoloader->includeFile('C:\\xampp\\htdocs\\e-arsip_ci4\\app\\Models\\Model_arsip.php')
 3 SYSTEMPATH\Autoloader\Autoloader.php(271): CodeIgniter\Autoloader\Autoloader->loadInNamespace('App\\Models\\Model_arsip')
 4 APPPATH\Controllers\Kategori.php(21): CodeIgniter\Autoloader\Autoloader->loadClass('App\\Models\\Model_arsip')
 5 SYSTEMPATH\CodeIgniter.php(903): App\Controllers\Kategori->__construct()
 6 SYSTEMPATH\CodeIgniter.php(498): CodeIgniter\CodeIgniter->createController()
 7 SYSTEMPATH\CodeIgniter.php(354): CodeIgniter\CodeIgniter->handleRequest(null, Object(Config\Cache), false)
 8 SYSTEMPATH\Boot.php(363): CodeIgniter\CodeIgniter->run()
 9 SYSTEMPATH\Boot.php(68): CodeIgniter\Boot::runCodeIgniter(Object(CodeIgniter\CodeIgniter))
10 FCPATH\index.php(59): CodeIgniter\Boot::bootWeb(Object(Config\Paths))
DEBUG - 2025-11-08 01:46:59 --> Session: Class initialized using 'CodeIgniter\Session\Handlers\FileHandler' driver.
WARNING - 2025-11-08 01:46:59 --> [DEPRECATED] Optional parameter $filters declared before required parameter $id_dep is implicitly treated as a required parameter in APPPATH\Models\Model_arsip.php on line 303.
 1 SYSTEMPATH\Autoloader\Autoloader.php(315): include_once('C:\\xampp\\htdocs\\e-arsip_ci4\\system\\Debug\\Exceptions.php')
 2 SYSTEMPATH\Autoloader\Autoloader.php(295): CodeIgniter\Autoloader\Autoloader->includeFile('C:\\xampp\\htdocs\\e-arsip_ci4\\app\\Models\\Model_arsip.php')
 3 SYSTEMPATH\Autoloader\Autoloader.php(271): CodeIgniter\Autoloader\Autoloader->loadInNamespace('App\\Models\\Model_arsip')
 4 APPPATH\Controllers\Arsip.php(26): CodeIgniter\Autoloader\Autoloader->loadClass('App\\Models\\Model_arsip')
 5 SYSTEMPATH\CodeIgniter.php(903): App\Controllers\Arsip->__construct()
 6 SYSTEMPATH\CodeIgniter.php(498): CodeIgniter\CodeIgniter->createController()
 7 SYSTEMPATH\CodeIgniter.php(354): CodeIgniter\CodeIgniter->handleRequest(null, Object(Config\Cache), false)
 8 SYSTEMPATH\Boot.php(363): CodeIgniter\CodeIgniter->run()
 9 SYSTEMPATH\Boot.php(68): CodeIgniter\Boot::runCodeIgniter(Object(CodeIgniter\CodeIgniter))
10 FCPATH\index.php(59): CodeIgniter\Boot::bootWeb(Object(Config\Paths))
DEBUG - 2025-11-08 01:47:00 --> Session: Class initialized using 'CodeIgniter\Session\Handlers\FileHandler' driver.
WARNING - 2025-11-08 01:47:00 --> [DEPRECATED] Optional parameter $filters declared before required parameter $id_dep is implicitly treated as a required parameter in APPPATH\Models\Model_arsip.php on line 303.
 1 SYSTEMPATH\Autoloader\Autoloader.php(315): include_once('C:\\xampp\\htdocs\\e-arsip_ci4\\system\\Debug\\Exceptions.php')
 2 SYSTEMPATH\Autoloader\Autoloader.php(295): CodeIgniter\Autoloader\Autoloader->includeFile('C:\\xampp\\htdocs\\e-arsip_ci4\\app\\Models\\Model_arsip.php')
 3 SYSTEMPATH\Autoloader\Autoloader.php(271): CodeIgniter\Autoloader\Autoloader->loadInNamespace('App\\Models\\Model_arsip')
 4 APPPATH\Controllers\Cari.php(20): CodeIgniter\Autoloader\Autoloader->loadClass('App\\Models\\Model_arsip')
 5 SYSTEMPATH\CodeIgniter.php(903): App\Controllers\Cari->__construct()
 6 SYSTEMPATH\CodeIgniter.php(498): CodeIgniter\CodeIgniter->createController()
 7 SYSTEMPATH\CodeIgniter.php(354): CodeIgniter\CodeIgniter->handleRequest(null, Object(Config\Cache), false)
 8 SYSTEMPATH\Boot.php(363): CodeIgniter\CodeIgniter->run()
 9 SYSTEMPATH\Boot.php(68): CodeIgniter\Boot::runCodeIgniter(Object(CodeIgniter\CodeIgniter))
10 FCPATH\index.php(59): CodeIgniter\Boot::bootWeb(Object(Config\Paths))
DEBUG - 2025-11-08 01:47:00 --> Session: Class initialized using 'CodeIgniter\Session\Handlers\FileHandler' driver.
DEBUG - 2025-11-08 01:47:00 --> Session: Class initialized using 'CodeIgniter\Session\Handlers\FileHandler' driver.
CRITICAL - 2025-11-08 01:47:00 --> CodeIgniter\Exceptions\BadMethodCallException: Call to undefined method App\Models\Model_bantuan::getChat
[Method: GET, Route: bantuan/chat/18/default]
in SYSTEMPATH\Model.php on line 927.
 1 APPPATH\Controllers\Bantuan.php(76): CodeIgniter\Model->__call('getChat', [...])
 2 SYSTEMPATH\CodeIgniter.php(933): App\Controllers\Bantuan->chat('18', 'default')
 3 SYSTEMPATH\CodeIgniter.php(507): CodeIgniter\CodeIgniter->runController(Object(App\Controllers\Bantuan))
 4 SYSTEMPATH\CodeIgniter.php(354): CodeIgniter\CodeIgniter->handleRequest(null, Object(Config\Cache), false)
 5 SYSTEMPATH\Boot.php(363): CodeIgniter\CodeIgniter->run()
 6 SYSTEMPATH\Boot.php(68): CodeIgniter\Boot::runCodeIgniter(Object(CodeIgniter\CodeIgniter))
 7 FCPATH\index.php(59): CodeIgniter\Boot::bootWeb(Object(Config\Paths))
DEBUG - 2025-11-08 01:47:02 --> Session: Class initialized using 'CodeIgniter\Session\Handlers\FileHandler' driver.
DEBUG - 2025-11-08 01:47:31 --> Session: Class initialized using 'CodeIgniter\Session\Handlers\FileHandler' driver.
CRITICAL - 2025-11-08 01:47:31 --> CodeIgniter\Exceptions\BadMethodCallException: Call to undefined method App\Models\Model_bantuan::getChat
[Method: GET, Route: bantuan/chat/18/default]
in SYSTEMPATH\Model.php on line 927.
 1 APPPATH\Controllers\Bantuan.php(76): CodeIgniter\Model->__call('getChat', [...])
 2 SYSTEMPATH\CodeIgniter.php(933): App\Controllers\Bantuan->chat('18', 'default')
 3 SYSTEMPATH\CodeIgniter.php(507): CodeIgniter\CodeIgniter->runController(Object(App\Controllers\Bantuan))
 4 SYSTEMPATH\CodeIgniter.php(354): CodeIgniter\CodeIgniter->handleRequest(null, Object(Config\Cache), false)
 5 SYSTEMPATH\Boot.php(363): CodeIgniter\CodeIgniter->run()
 6 SYSTEMPATH\Boot.php(68): CodeIgniter\Boot::runCodeIgniter(Object(CodeIgniter\CodeIgniter))
 7 FCPATH\index.php(59): CodeIgniter\Boot::bootWeb(Object(Config\Paths))
DEBUG - 2025-11-08 01:47:32 --> Session: Class initialized using 'CodeIgniter\Session\Handlers\FileHandler' driver.
WARNING - 2025-11-08 01:47:32 --> [DEPRECATED] Optional parameter $filters declared before required parameter $id_dep is implicitly treated as a required parameter in APPPATH\Models\Model_arsip.php on line 303.
 1 SYSTEMPATH\Autoloader\Autoloader.php(315): include_once('C:\\xampp\\htdocs\\e-arsip_ci4\\system\\Debug\\Exceptions.php')
 2 SYSTEMPATH\Autoloader\Autoloader.php(295): CodeIgniter\Autoloader\Autoloader->includeFile('C:\\xampp\\htdocs\\e-arsip_ci4\\app\\Models\\Model_arsip.php')
 3 SYSTEMPATH\Autoloader\Autoloader.php(271): CodeIgniter\Autoloader\Autoloader->loadInNamespace('App\\Models\\Model_arsip')
 4 APPPATH\Controllers\Home.php(23): CodeIgniter\Autoloader\Autoloader->loadClass('App\\Models\\Model_arsip')
 5 SYSTEMPATH\CodeIgniter.php(903): App\Controllers\Home->__construct()
 6 SYSTEMPATH\CodeIgniter.php(498): CodeIgniter\CodeIgniter->createController()
 7 SYSTEMPATH\CodeIgniter.php(354): CodeIgniter\CodeIgniter->handleRequest(null, Object(Config\Cache), false)
 8 SYSTEMPATH\Boot.php(363): CodeIgniter\CodeIgniter->run()
 9 SYSTEMPATH\Boot.php(68): CodeIgniter\Boot::runCodeIgniter(Object(CodeIgniter\CodeIgniter))
10 FCPATH\index.php(59): CodeIgniter\Boot::bootWeb(Object(Config\Paths))
DEBUG - 2025-11-08 01:47:33 --> Session: Class initialized using 'CodeIgniter\Session\Handlers\FileHandler' driver.
DEBUG - 2025-11-08 01:47:33 --> Session: Class initialized using 'CodeIgniter\Session\Handlers\FileHandler' driver.
CRITICAL - 2025-11-08 01:47:33 --> CodeIgniter\Exceptions\BadMethodCallException: Call to undefined method App\Models\Model_bantuan::getChat
[Method: GET, Route: bantuan/chat/18/default]
in SYSTEMPATH\Model.php on line 927.
 1 APPPATH\Controllers\Bantuan.php(76): CodeIgniter\Model->__call('getChat', [...])
 2 SYSTEMPATH\CodeIgniter.php(933): App\Controllers\Bantuan->chat('18', 'default')
 3 SYSTEMPATH\CodeIgniter.php(507): CodeIgniter\CodeIgniter->runController(Object(App\Controllers\Bantuan))
 4 SYSTEMPATH\CodeIgniter.php(354): CodeIgniter\CodeIgniter->handleRequest(null, Object(Config\Cache), false)
 5 SYSTEMPATH\Boot.php(363): CodeIgniter\CodeIgniter->run()
 6 SYSTEMPATH\Boot.php(68): CodeIgniter\Boot::runCodeIgniter(Object(CodeIgniter\CodeIgniter))
 7 FCPATH\index.php(59): CodeIgniter\Boot::bootWeb(Object(Config\Paths))
DEBUG - 2025-11-08 01:49:00 --> Session: Class initialized using 'CodeIgniter\Session\Handlers\FileHandler' driver.
WARNING - 2025-11-08 01:49:00 --> [DEPRECATED] Optional parameter $filters declared before required parameter $id_dep is implicitly treated as a required parameter in APPPATH\Models\Model_arsip.php on line 303.
 1 SYSTEMPATH\Autoloader\Autoloader.php(315): include_once('C:\\xampp\\htdocs\\e-arsip_ci4\\system\\Debug\\Exceptions.php')
 2 SYSTEMPATH\Autoloader\Autoloader.php(295): CodeIgniter\Autoloader\Autoloader->includeFile('C:\\xampp\\htdocs\\e-arsip_ci4\\app\\Models\\Model_arsip.php')
 3 SYSTEMPATH\Autoloader\Autoloader.php(271): CodeIgniter\Autoloader\Autoloader->loadInNamespace('App\\Models\\Model_arsip')
 4 APPPATH\Controllers\Home.php(23): CodeIgniter\Autoloader\Autoloader->loadClass('App\\Models\\Model_arsip')
 5 SYSTEMPATH\CodeIgniter.php(903): App\Controllers\Home->__construct()
 6 SYSTEMPATH\CodeIgniter.php(498): CodeIgniter\CodeIgniter->createController()
 7 SYSTEMPATH\CodeIgniter.php(354): CodeIgniter\CodeIgniter->handleRequest(null, Object(Config\Cache), false)
 8 SYSTEMPATH\Boot.php(363): CodeIgniter\CodeIgniter->run()
 9 SYSTEMPATH\Boot.php(68): CodeIgniter\Boot::runCodeIgniter(Object(CodeIgniter\CodeIgniter))
10 FCPATH\index.php(59): CodeIgniter\Boot::bootWeb(Object(Config\Paths))
DEBUG - 2025-11-08 01:49:06 --> Session: Class initialized using 'CodeIgniter\Session\Handlers\FileHandler' driver.
DEBUG - 2025-11-08 01:49:06 --> Session: Class initialized using 'CodeIgniter\Session\Handlers\FileHandler' driver.
DEBUG - 2025-11-08 01:49:13 --> Session: Class initialized using 'CodeIgniter\Session\Handlers\FileHandler' driver.
DEBUG - 2025-11-08 01:49:13 --> Session: Class initialized using 'CodeIgniter\Session\Handlers\FileHandler' driver.
WARNING - 2025-11-08 01:49:13 --> [DEPRECATED] Optional parameter $filters declared before required parameter $id_dep is implicitly treated as a required parameter in APPPATH\Models\Model_arsip.php on line 303.
 1 SYSTEMPATH\Autoloader\Autoloader.php(315): include_once('C:\\xampp\\htdocs\\e-arsip_ci4\\system\\Debug\\Exceptions.php')
 2 SYSTEMPATH\Autoloader\Autoloader.php(295): CodeIgniter\Autoloader\Autoloader->includeFile('C:\\xampp\\htdocs\\e-arsip_ci4\\app\\Models\\Model_arsip.php')
 3 SYSTEMPATH\Autoloader\Autoloader.php(271): CodeIgniter\Autoloader\Autoloader->loadInNamespace('App\\Models\\Model_arsip')
 4 APPPATH\Controllers\Home.php(23): CodeIgniter\Autoloader\Autoloader->loadClass('App\\Models\\Model_arsip')
 5 SYSTEMPATH\CodeIgniter.php(903): App\Controllers\Home->__construct()
 6 SYSTEMPATH\CodeIgniter.php(498): CodeIgniter\CodeIgniter->createController()
 7 SYSTEMPATH\CodeIgniter.php(354): CodeIgniter\CodeIgniter->handleRequest(null, Object(Config\Cache), false)
 8 SYSTEMPATH\Boot.php(363): CodeIgniter\CodeIgniter->run()
 9 SYSTEMPATH\Boot.php(68): CodeIgniter\Boot::runCodeIgniter(Object(CodeIgniter\CodeIgniter))
10 FCPATH\index.php(59): CodeIgniter\Boot::bootWeb(Object(Config\Paths))
DEBUG - 2025-11-08 01:49:18 --> Session: Class initialized using 'CodeIgniter\Session\Handlers\FileHandler' driver.
CRITICAL - 2025-11-08 01:49:18 --> CodeIgniter\View\Exceptions\ViewException: Invalid file: "bantuan/chat.php"
[Method: GET, Route: bantuan/chat/18/default]
in SYSTEMPATH\Exceptions\FrameworkException.php on line 39.
 1 SYSTEMPATH\View\View.php(214): CodeIgniter\Exceptions\FrameworkException::forInvalidFile('bantuan/chat.php')
 2 SYSTEMPATH\Common.php(1167): CodeIgniter\View\View->render('bantuan/chat', [], true)
 3 APPPATH\Controllers\Bantuan.php(80): view('bantuan/chat', [...])
 4 SYSTEMPATH\CodeIgniter.php(933): App\Controllers\Bantuan->chat('18', 'default')
 5 SYSTEMPATH\CodeIgniter.php(507): CodeIgniter\CodeIgniter->runController(Object(App\Controllers\Bantuan))
 6 SYSTEMPATH\CodeIgniter.php(354): CodeIgniter\CodeIgniter->handleRequest(null, Object(Config\Cache), false)
 7 SYSTEMPATH\Boot.php(363): CodeIgniter\CodeIgniter->run()
 8 SYSTEMPATH\Boot.php(68): CodeIgniter\Boot::runCodeIgniter(Object(CodeIgniter\CodeIgniter))
 9 FCPATH\index.php(59): CodeIgniter\Boot::bootWeb(Object(Config\Paths))
DEBUG - 2025-11-08 01:49:18 --> Session: Class initialized using 'CodeIgniter\Session\Handlers\FileHandler' driver.
CRITICAL - 2025-11-08 01:49:18 --> Error: Class "ZipArchive" not found
[Method: GET, Route: backupdb]
in APPPATH\Controllers\BackupDB.php on line 90.
 1 SYSTEMPATH\CodeIgniter.php(933): App\Controllers\Backupdb->index()
 2 SYSTEMPATH\CodeIgniter.php(507): CodeIgniter\CodeIgniter->runController(Object(App\Controllers\Backupdb))
 3 SYSTEMPATH\CodeIgniter.php(354): CodeIgniter\CodeIgniter->handleRequest(null, Object(Config\Cache), false)
 4 SYSTEMPATH\Boot.php(363): CodeIgniter\CodeIgniter->run()
 5 SYSTEMPATH\Boot.php(68): CodeIgniter\Boot::runCodeIgniter(Object(CodeIgniter\CodeIgniter))
 6 FCPATH\index.php(59): CodeIgniter\Boot::bootWeb(Object(Config\Paths))
DEBUG - 2025-11-08 01:50:20 --> Session: Class initialized using 'CodeIgniter\Session\Handlers\FileHandler' driver.
CRITICAL - 2025-11-08 01:50:20 --> CodeIgniter\View\Exceptions\ViewException: Invalid file: "bantuan/chat.php"
[Method: GET, Route: bantuan/chat/18/default]
in SYSTEMPATH\Exceptions\FrameworkException.php on line 39.
 1 SYSTEMPATH\View\View.php(214): CodeIgniter\Exceptions\FrameworkException::forInvalidFile('bantuan/chat.php')
 2 SYSTEMPATH\Common.php(1167): CodeIgniter\View\View->render('bantuan/chat', [], true)
 3 APPPATH\Controllers\Bantuan.php(80): view('bantuan/chat', [...])
 4 SYSTEMPATH\CodeIgniter.php(933): App\Controllers\Bantuan->chat('18', 'default')
 5 SYSTEMPATH\CodeIgniter.php(507): CodeIgniter\CodeIgniter->runController(Object(App\Controllers\Bantuan))
 6 SYSTEMPATH\CodeIgniter.php(354): CodeIgniter\CodeIgniter->handleRequest(null, Object(Config\Cache), false)
 7 SYSTEMPATH\Boot.php(363): CodeIgniter\CodeIgniter->run()
 8 SYSTEMPATH\Boot.php(68): CodeIgniter\Boot::runCodeIgniter(Object(CodeIgniter\CodeIgniter))
 9 FCPATH\index.php(59): CodeIgniter\Boot::bootWeb(Object(Config\Paths))
DEBUG - 2025-11-08 01:50:31 --> Session: Class initialized using 'CodeIgniter\Session\Handlers\FileHandler' driver.
CRITICAL - 2025-11-08 01:50:31 --> CodeIgniter\View\Exceptions\ViewException: Invalid file: "bantuan/chat.php"
[Method: GET, Route: bantuan/chat/18/default]
in SYSTEMPATH\Exceptions\FrameworkException.php on line 39.
 1 SYSTEMPATH\View\View.php(214): CodeIgniter\Exceptions\FrameworkException::forInvalidFile('bantuan/chat.php')
 2 SYSTEMPATH\Common.php(1167): CodeIgniter\View\View->render('bantuan/chat', [], true)
 3 APPPATH\Controllers\Bantuan.php(80): view('bantuan/chat', [...])
 4 SYSTEMPATH\CodeIgniter.php(933): App\Controllers\Bantuan->chat('18', 'default')
 5 SYSTEMPATH\CodeIgniter.php(507): CodeIgniter\CodeIgniter->runController(Object(App\Controllers\Bantuan))
 6 SYSTEMPATH\CodeIgniter.php(354): CodeIgniter\CodeIgniter->handleRequest(null, Object(Config\Cache), false)
 7 SYSTEMPATH\Boot.php(363): CodeIgniter\CodeIgniter->run()
 8 SYSTEMPATH\Boot.php(68): CodeIgniter\Boot::runCodeIgniter(Object(CodeIgniter\CodeIgniter))
 9 FCPATH\index.php(59): CodeIgniter\Boot::bootWeb(Object(Config\Paths))
DEBUG - 2025-11-08 01:51:11 --> Session: Class initialized using 'CodeIgniter\Session\Handlers\FileHandler' driver.
CRITICAL - 2025-11-08 01:51:11 --> CodeIgniter\View\Exceptions\ViewException: Invalid file: "bantuan_chat.php"
[Method: GET, Route: bantuan/chat/18/default]
in SYSTEMPATH\Exceptions\FrameworkException.php on line 39.
 1 SYSTEMPATH\View\View.php(214): CodeIgniter\Exceptions\FrameworkException::forInvalidFile('bantuan_chat.php')
 2 SYSTEMPATH\Common.php(1167): CodeIgniter\View\View->render('bantuan_chat', [], true)
 3 APPPATH\Controllers\Bantuan.php(80): view('bantuan_chat', [...])
 4 SYSTEMPATH\CodeIgniter.php(933): App\Controllers\Bantuan->chat('18', 'default')
 5 SYSTEMPATH\CodeIgniter.php(507): CodeIgniter\CodeIgniter->runController(Object(App\Controllers\Bantuan))
 6 SYSTEMPATH\CodeIgniter.php(354): CodeIgniter\CodeIgniter->handleRequest(null, Object(Config\Cache), false)
 7 SYSTEMPATH\Boot.php(363): CodeIgniter\CodeIgniter->run()
 8 SYSTEMPATH\Boot.php(68): CodeIgniter\Boot::runCodeIgniter(Object(CodeIgniter\CodeIgniter))
 9 FCPATH\index.php(59): CodeIgniter\Boot::bootWeb(Object(Config\Paths))
DEBUG - 2025-11-08 01:51:13 --> Session: Class initialized using 'CodeIgniter\Session\Handlers\FileHandler' driver.
CRITICAL - 2025-11-08 01:51:13 --> CodeIgniter\View\Exceptions\ViewException: Invalid file: "bantuan_chat.php"
[Method: GET, Route: bantuan/chat/18/default]
in SYSTEMPATH\Exceptions\FrameworkException.php on line 39.
 1 SYSTEMPATH\View\View.php(214): CodeIgniter\Exceptions\FrameworkException::forInvalidFile('bantuan_chat.php')
 2 SYSTEMPATH\Common.php(1167): CodeIgniter\View\View->render('bantuan_chat', [], true)
 3 APPPATH\Controllers\Bantuan.php(80): view('bantuan_chat', [...])
 4 SYSTEMPATH\CodeIgniter.php(933): App\Controllers\Bantuan->chat('18', 'default')
 5 SYSTEMPATH\CodeIgniter.php(507): CodeIgniter\CodeIgniter->runController(Object(App\Controllers\Bantuan))
 6 SYSTEMPATH\CodeIgniter.php(354): CodeIgniter\CodeIgniter->handleRequest(null, Object(Config\Cache), false)
 7 SYSTEMPATH\Boot.php(363): CodeIgniter\CodeIgniter->run()
 8 SYSTEMPATH\Boot.php(68): CodeIgniter\Boot::runCodeIgniter(Object(CodeIgniter\CodeIgniter))
 9 FCPATH\index.php(59): CodeIgniter\Boot::bootWeb(Object(Config\Paths))
DEBUG - 2025-11-08 01:51:43 --> Session: Class initialized using 'CodeIgniter\Session\Handlers\FileHandler' driver.
CRITICAL - 2025-11-08 01:51:43 --> CodeIgniter\View\Exceptions\ViewException: Invalid file: "bantuan_chat.php"
[Method: GET, Route: bantuan/chat/18/default]
in SYSTEMPATH\Exceptions\FrameworkException.php on line 39.
 1 SYSTEMPATH\View\View.php(214): CodeIgniter\Exceptions\FrameworkException::forInvalidFile('bantuan_chat.php')
 2 SYSTEMPATH\Common.php(1167): CodeIgniter\View\View->render('bantuan_chat', [], true)
 3 APPPATH\Controllers\Bantuan.php(80): view('bantuan_chat', [...])
 4 SYSTEMPATH\CodeIgniter.php(933): App\Controllers\Bantuan->chat('18', 'default')
 5 SYSTEMPATH\CodeIgniter.php(507): CodeIgniter\CodeIgniter->runController(Object(App\Controllers\Bantuan))
 6 SYSTEMPATH\CodeIgniter.php(354): CodeIgniter\CodeIgniter->handleRequest(null, Object(Config\Cache), false)
 7 SYSTEMPATH\Boot.php(363): CodeIgniter\CodeIgniter->run()
 8 SYSTEMPATH\Boot.php(68): CodeIgniter\Boot::runCodeIgniter(Object(CodeIgniter\CodeIgniter))
 9 FCPATH\index.php(59): CodeIgniter\Boot::bootWeb(Object(Config\Paths))
DEBUG - 2025-11-08 01:51:48 --> Session: Class initialized using 'CodeIgniter\Session\Handlers\FileHandler' driver.
WARNING - 2025-11-08 01:51:48 --> [DEPRECATED] Optional parameter $filters declared before required parameter $id_dep is implicitly treated as a required parameter in APPPATH\Models\Model_arsip.php on line 303.
 1 SYSTEMPATH\Autoloader\Autoloader.php(315): include_once('C:\\xampp\\htdocs\\e-arsip_ci4\\system\\Debug\\Exceptions.php')
 2 SYSTEMPATH\Autoloader\Autoloader.php(295): CodeIgniter\Autoloader\Autoloader->includeFile('C:\\xampp\\htdocs\\e-arsip_ci4\\app\\Models\\Model_arsip.php')
 3 SYSTEMPATH\Autoloader\Autoloader.php(271): CodeIgniter\Autoloader\Autoloader->loadInNamespace('App\\Models\\Model_arsip')
 4 APPPATH\Controllers\Home.php(23): CodeIgniter\Autoloader\Autoloader->loadClass('App\\Models\\Model_arsip')
 5 SYSTEMPATH\CodeIgniter.php(903): App\Controllers\Home->__construct()
 6 SYSTEMPATH\CodeIgniter.php(498): CodeIgniter\CodeIgniter->createController()
 7 SYSTEMPATH\CodeIgniter.php(354): CodeIgniter\CodeIgniter->handleRequest(null, Object(Config\Cache), false)
 8 SYSTEMPATH\Boot.php(363): CodeIgniter\CodeIgniter->run()
 9 SYSTEMPATH\Boot.php(68): CodeIgniter\Boot::runCodeIgniter(Object(CodeIgniter\CodeIgniter))
10 FCPATH\index.php(59): CodeIgniter\Boot::bootWeb(Object(Config\Paths))
DEBUG - 2025-11-08 01:52:47 --> Session: Class initialized using 'CodeIgniter\Session\Handlers\FileHandler' driver.
CRITICAL - 2025-11-08 01:52:47 --> CodeIgniter\View\Exceptions\ViewException: Invalid file: "bantuan_chat.php"
[Method: GET, Route: bantuan/chat/18/default]
in SYSTEMPATH\Exceptions\FrameworkException.php on line 39.
 1 SYSTEMPATH\View\View.php(214): CodeIgniter\Exceptions\FrameworkException::forInvalidFile('bantuan_chat.php')
 2 SYSTEMPATH\Common.php(1167): CodeIgniter\View\View->render('bantuan_chat', [], true)
 3 APPPATH\Controllers\Bantuan.php(68): view('bantuan_chat', [...])
 4 SYSTEMPATH\CodeIgniter.php(933): App\Controllers\Bantuan->chat('18', 'default')
 5 SYSTEMPATH\CodeIgniter.php(507): CodeIgniter\CodeIgniter->runController(Object(App\Controllers\Bantuan))
 6 SYSTEMPATH\CodeIgniter.php(354): CodeIgniter\CodeIgniter->handleRequest(null, Object(Config\Cache), false)
 7 SYSTEMPATH\Boot.php(363): CodeIgniter\CodeIgniter->run()
 8 SYSTEMPATH\Boot.php(68): CodeIgniter\Boot::runCodeIgniter(Object(CodeIgniter\CodeIgniter))
 9 FCPATH\index.php(59): CodeIgniter\Boot::bootWeb(Object(Config\Paths))
DEBUG - 2025-11-08 01:52:48 --> Session: Class initialized using 'CodeIgniter\Session\Handlers\FileHandler' driver.
CRITICAL - 2025-11-08 01:52:48 --> CodeIgniter\View\Exceptions\ViewException: Invalid file: "bantuan_chat.php"
[Method: GET, Route: bantuan/chat/18/default]
in SYSTEMPATH\Exceptions\FrameworkException.php on line 39.
 1 SYSTEMPATH\View\View.php(214): CodeIgniter\Exceptions\FrameworkException::forInvalidFile('bantuan_chat.php')
 2 SYSTEMPATH\Common.php(1167): CodeIgniter\View\View->render('bantuan_chat', [], true)
 3 APPPATH\Controllers\Bantuan.php(68): view('bantuan_chat', [...])
 4 SYSTEMPATH\CodeIgniter.php(933): App\Controllers\Bantuan->chat('18', 'default')
 5 SYSTEMPATH\CodeIgniter.php(507): CodeIgniter\CodeIgniter->runController(Object(App\Controllers\Bantuan))
 6 SYSTEMPATH\CodeIgniter.php(354): CodeIgniter\CodeIgniter->handleRequest(null, Object(Config\Cache), false)
 7 SYSTEMPATH\Boot.php(363): CodeIgniter\CodeIgniter->run()
 8 SYSTEMPATH\Boot.php(68): CodeIgniter\Boot::runCodeIgniter(Object(CodeIgniter\CodeIgniter))
 9 FCPATH\index.php(59): CodeIgniter\Boot::bootWeb(Object(Config\Paths))
DEBUG - 2025-11-08 01:53:53 --> Session: Class initialized using 'CodeIgniter\Session\Handlers\FileHandler' driver.
CRITICAL - 2025-11-08 01:53:53 --> CodeIgniter\View\Exceptions\ViewException: Invalid file: "bantuan_chat.php"
[Method: GET, Route: bantuan/chat/18/default]
in SYSTEMPATH\Exceptions\FrameworkException.php on line 39.
 1 SYSTEMPATH\View\View.php(214): CodeIgniter\Exceptions\FrameworkException::forInvalidFile('bantuan_chat.php')
 2 SYSTEMPATH\Common.php(1167): CodeIgniter\View\View->render('bantuan_chat', [], true)
 3 APPPATH\Controllers\Bantuan.php(69): view('bantuan_chat', [...])
 4 SYSTEMPATH\CodeIgniter.php(933): App\Controllers\Bantuan->chat('18', 'default')
 5 SYSTEMPATH\CodeIgniter.php(507): CodeIgniter\CodeIgniter->runController(Object(App\Controllers\Bantuan))
 6 SYSTEMPATH\CodeIgniter.php(354): CodeIgniter\CodeIgniter->handleRequest(null, Object(Config\Cache), false)
 7 SYSTEMPATH\Boot.php(363): CodeIgniter\CodeIgniter->run()
 8 SYSTEMPATH\Boot.php(68): CodeIgniter\Boot::runCodeIgniter(Object(CodeIgniter\CodeIgniter))
 9 FCPATH\index.php(59): CodeIgniter\Boot::bootWeb(Object(Config\Paths))
DEBUG - 2025-11-08 01:55:17 --> Session: Class initialized using 'CodeIgniter\Session\Handlers\FileHandler' driver.
DEBUG - 2025-11-08 01:55:19 --> Session: Class initialized using 'CodeIgniter\Session\Handlers\FileHandler' driver.
DEBUG - 2025-11-08 01:55:20 --> Session: Class initialized using 'CodeIgniter\Session\Handlers\FileHandler' driver.
DEBUG - 2025-11-08 01:55:21 --> Session: Class initialized using 'CodeIgniter\Session\Handlers\FileHandler' driver.
DEBUG - 2025-11-08 01:55:22 --> Session: Class initialized using 'CodeIgniter\Session\Handlers\FileHandler' driver.
DEBUG - 2025-11-08 01:55:23 --> Session: Class initialized using 'CodeIgniter\Session\Handlers\FileHandler' driver.
DEBUG - 2025-11-08 01:55:24 --> Session: Class initialized using 'CodeIgniter\Session\Handlers\FileHandler' driver.
DEBUG - 2025-11-08 01:55:24 --> Session: Class initialized using 'CodeIgniter\Session\Handlers\FileHandler' driver.
DEBUG - 2025-11-08 01:55:26 --> Session: Class initialized using 'CodeIgniter\Session\Handlers\FileHandler' driver.
DEBUG - 2025-11-08 01:55:27 --> Session: Class initialized using 'CodeIgniter\Session\Handlers\FileHandler' driver.
DEBUG - 2025-11-08 01:55:29 --> Session: Class initialized using 'CodeIgniter\Session\Handlers\FileHandler' driver.
DEBUG - 2025-11-08 01:55:30 --> Session: Class initialized using 'CodeIgniter\Session\Handlers\FileHandler' driver.
DEBUG - 2025-11-08 01:55:31 --> Session: Class initialized using 'CodeIgniter\Session\Handlers\FileHandler' driver.
DEBUG - 2025-11-08 01:55:32 --> Session: Class initialized using 'CodeIgniter\Session\Handlers\FileHandler' driver.
DEBUG - 2025-11-08 01:55:32 --> Session: Class initialized using 'CodeIgniter\Session\Handlers\FileHandler' driver.
CRITICAL - 2025-11-08 01:55:32 --> ErrorException: Undefined array key "nama"
[Method: GET, Route: bantuan/chat/42]
in APPPATH\Controllers\Bantuan.php on line 49.
 1 APPPATH\Controllers\Bantuan.php(49): CodeIgniter\Debug\Exceptions->errorHandler(2, 'Undefined array key "nama"', 'C:\\xampp\\htdocs\\e-arsip_ci4\\app\\Controllers\\Bantuan.php', 49)
 2 SYSTEMPATH\CodeIgniter.php(933): App\Controllers\Bantuan->chat('42')
 3 SYSTEMPATH\CodeIgniter.php(507): CodeIgniter\CodeIgniter->runController(Object(App\Controllers\Bantuan))
 4 SYSTEMPATH\CodeIgniter.php(354): CodeIgniter\CodeIgniter->handleRequest(null, Object(Config\Cache), false)
 5 SYSTEMPATH\Boot.php(363): CodeIgniter\CodeIgniter->run()
 6 SYSTEMPATH\Boot.php(68): CodeIgniter\Boot::runCodeIgniter(Object(CodeIgniter\CodeIgniter))
 7 FCPATH\index.php(59): CodeIgniter\Boot::bootWeb(Object(Config\Paths))
DEBUG - 2025-11-08 01:55:33 --> Session: Class initialized using 'CodeIgniter\Session\Handlers\FileHandler' driver.
DEBUG - 2025-11-08 01:55:34 --> Session: Class initialized using 'CodeIgniter\Session\Handlers\FileHandler' driver.
DEBUG - 2025-11-08 01:55:35 --> Session: Class initialized using 'CodeIgniter\Session\Handlers\FileHandler' driver.
DEBUG - 2025-11-08 01:55:36 --> Session: Class initialized using 'CodeIgniter\Session\Handlers\FileHandler' driver.
DEBUG - 2025-11-08 01:55:36 --> Session: Class initialized using 'CodeIgniter\Session\Handlers\FileHandler' driver.
CRITICAL - 2025-11-08 01:55:36 --> ErrorException: Undefined array key "nama"
[Method: GET, Route: bantuan/chat/42]
in APPPATH\Controllers\Bantuan.php on line 49.
 1 APPPATH\Controllers\Bantuan.php(49): CodeIgniter\Debug\Exceptions->errorHandler(2, 'Undefined array key "nama"', 'C:\\xampp\\htdocs\\e-arsip_ci4\\app\\Controllers\\Bantuan.php', 49)
 2 SYSTEMPATH\CodeIgniter.php(933): App\Controllers\Bantuan->chat('42')
 3 SYSTEMPATH\CodeIgniter.php(507): CodeIgniter\CodeIgniter->runController(Object(App\Controllers\Bantuan))
 4 SYSTEMPATH\CodeIgniter.php(354): CodeIgniter\CodeIgniter->handleRequest(null, Object(Config\Cache), false)
 5 SYSTEMPATH\Boot.php(363): CodeIgniter\CodeIgniter->run()
 6 SYSTEMPATH\Boot.php(68): CodeIgniter\Boot::runCodeIgniter(Object(CodeIgniter\CodeIgniter))
 7 FCPATH\index.php(59): CodeIgniter\Boot::bootWeb(Object(Config\Paths))
DEBUG - 2025-11-08 01:55:37 --> Session: Class initialized using 'CodeIgniter\Session\Handlers\FileHandler' driver.
DEBUG - 2025-11-08 01:55:39 --> Session: Class initialized using 'CodeIgniter\Session\Handlers\FileHandler' driver.
DEBUG - 2025-11-08 01:55:40 --> Session: Class initialized using 'CodeIgniter\Session\Handlers\FileHandler' driver.
DEBUG - 2025-11-08 01:55:40 --> Session: Class initialized using 'CodeIgniter\Session\Handlers\FileHandler' driver.
DEBUG - 2025-11-08 01:55:42 --> Session: Class initialized using 'CodeIgniter\Session\Handlers\FileHandler' driver.
DEBUG - 2025-11-08 01:55:43 --> Session: Class initialized using 'CodeIgniter\Session\Handlers\FileHandler' driver.
DEBUG - 2025-11-08 01:55:45 --> Session: Class initialized using 'CodeIgniter\Session\Handlers\FileHandler' driver.
DEBUG - 2025-11-08 01:55:46 --> Session: Class initialized using 'CodeIgniter\Session\Handlers\FileHandler' driver.
DEBUG - 2025-11-08 01:55:47 --> Session: Class initialized using 'CodeIgniter\Session\Handlers\FileHandler' driver.
DEBUG - 2025-11-08 01:55:48 --> Session: Class initialized using 'CodeIgniter\Session\Handlers\FileHandler' driver.
DEBUG - 2025-11-08 01:55:49 --> Session: Class initialized using 'CodeIgniter\Session\Handlers\FileHandler' driver.
DEBUG - 2025-11-08 01:55:51 --> Session: Class initialized using 'CodeIgniter\Session\Handlers\FileHandler' driver.
DEBUG - 2025-11-08 01:55:52 --> Session: Class initialized using 'CodeIgniter\Session\Handlers\FileHandler' driver.
DEBUG - 2025-11-08 01:55:53 --> Session: Class initialized using 'CodeIgniter\Session\Handlers\FileHandler' driver.
DEBUG - 2025-11-08 01:55:54 --> Session: Class initialized using 'CodeIgniter\Session\Handlers\FileHandler' driver.
DEBUG - 2025-11-08 01:55:55 --> Session: Class initialized using 'CodeIgniter\Session\Handlers\FileHandler' driver.
DEBUG - 2025-11-08 01:55:57 --> Session: Class initialized using 'CodeIgniter\Session\Handlers\FileHandler' driver.
DEBUG - 2025-11-08 01:55:58 --> Session: Class initialized using 'CodeIgniter\Session\Handlers\FileHandler' driver.
DEBUG - 2025-11-08 01:55:59 --> Session: Class initialized using 'CodeIgniter\Session\Handlers\FileHandler' driver.
DEBUG - 2025-11-08 01:56:00 --> Session: Class initialized using 'CodeIgniter\Session\Handlers\FileHandler' driver.
DEBUG - 2025-11-08 01:56:01 --> Session: Class initialized using 'CodeIgniter\Session\Handlers\FileHandler' driver.
DEBUG - 2025-11-08 01:56:03 --> Session: Class initialized using 'CodeIgniter\Session\Handlers\FileHandler' driver.
DEBUG - 2025-11-08 01:56:04 --> Session: Class initialized using 'CodeIgniter\Session\Handlers\FileHandler' driver.
DEBUG - 2025-11-08 01:56:05 --> Session: Class initialized using 'CodeIgniter\Session\Handlers\FileHandler' driver.
DEBUG - 2025-11-08 01:56:06 --> Session: Class initialized using 'CodeIgniter\Session\Handlers\FileHandler' driver.
DEBUG - 2025-11-08 01:56:07 --> Session: Class initialized using 'CodeIgniter\Session\Handlers\FileHandler' driver.
DEBUG - 2025-11-08 01:56:09 --> Session: Class initialized using 'CodeIgniter\Session\Handlers\FileHandler' driver.
DEBUG - 2025-11-08 01:56:10 --> Session: Class initialized using 'CodeIgniter\Session\Handlers\FileHandler' driver.
DEBUG - 2025-11-08 01:56:11 --> Session: Class initialized using 'CodeIgniter\Session\Handlers\FileHandler' driver.
DEBUG - 2025-11-08 01:56:12 --> Session: Class initialized using 'CodeIgniter\Session\Handlers\FileHandler' driver.
DEBUG - 2025-11-08 01:56:13 --> Session: Class initialized using 'CodeIgniter\Session\Handlers\FileHandler' driver.
DEBUG - 2025-11-08 01:56:15 --> Session: Class initialized using 'CodeIgniter\Session\Handlers\FileHandler' driver.
DEBUG - 2025-11-08 01:56:16 --> Session: Class initialized using 'CodeIgniter\Session\Handlers\FileHandler' driver.
DEBUG - 2025-11-08 01:56:17 --> Session: Class initialized using 'CodeIgniter\Session\Handlers\FileHandler' driver.
DEBUG - 2025-11-08 01:56:18 --> Session: Class initialized using 'CodeIgniter\Session\Handlers\FileHandler' driver.
DEBUG - 2025-11-08 01:56:19 --> Session: Class initialized using 'CodeIgniter\Session\Handlers\FileHandler' driver.
DEBUG - 2025-11-08 01:56:21 --> Session: Class initialized using 'CodeIgniter\Session\Handlers\FileHandler' driver.
CRITICAL - 2025-11-08 01:56:21 --> ErrorException: Cannot redeclare App\Models\Model_bantuan::listAdmin()
[Method: GET, Route: bantuan/chat/18/default]
in APPPATH\Models\Model_bantuan.php on line 62.
 1 [internal function]: CodeIgniter\Debug\Exceptions->shutdownHandler()
DEBUG - 2025-11-08 01:56:22 --> Session: Class initialized using 'CodeIgniter\Session\Handlers\FileHandler' driver.
CRITICAL - 2025-11-08 01:56:22 --> ErrorException: Cannot redeclare App\Models\Model_bantuan::listAdmin()
[Method: GET, Route: bantuan/chat/18/default]
in APPPATH\Models\Model_bantuan.php on line 62.
 1 [internal function]: CodeIgniter\Debug\Exceptions->shutdownHandler()
DEBUG - 2025-11-08 01:56:23 --> Session: Class initialized using 'CodeIgniter\Session\Handlers\FileHandler' driver.
CRITICAL - 2025-11-08 01:56:23 --> ErrorException: Cannot redeclare App\Models\Model_bantuan::listAdmin()
[Method: GET, Route: bantuan/chat/18/default]
in APPPATH\Models\Model_bantuan.php on line 62.
 1 [internal function]: CodeIgniter\Debug\Exceptions->shutdownHandler()
DEBUG - 2025-11-08 01:56:24 --> Session: Class initialized using 'CodeIgniter\Session\Handlers\FileHandler' driver.
CRITICAL - 2025-11-08 01:56:24 --> ErrorException: Cannot redeclare App\Models\Model_bantuan::listAdmin()
[Method: GET, Route: bantuan/chat/18/default]
in APPPATH\Models\Model_bantuan.php on line 62.
 1 [internal function]: CodeIgniter\Debug\Exceptions->shutdownHandler()
DEBUG - 2025-11-08 01:56:25 --> Session: Class initialized using 'CodeIgniter\Session\Handlers\FileHandler' driver.
CRITICAL - 2025-11-08 01:56:25 --> ErrorException: Cannot redeclare App\Models\Model_bantuan::listAdmin()
[Method: GET, Route: bantuan/chat/18/default]
in APPPATH\Models\Model_bantuan.php on line 62.
 1 [internal function]: CodeIgniter\Debug\Exceptions->shutdownHandler()
DEBUG - 2025-11-08 01:56:27 --> Session: Class initialized using 'CodeIgniter\Session\Handlers\FileHandler' driver.
CRITICAL - 2025-11-08 01:56:27 --> ErrorException: Cannot redeclare App\Models\Model_bantuan::listAdmin()
[Method: GET, Route: bantuan/chat/18/default]
in APPPATH\Models\Model_bantuan.php on line 62.
 1 [internal function]: CodeIgniter\Debug\Exceptions->shutdownHandler()
DEBUG - 2025-11-08 01:56:28 --> Session: Class initialized using 'CodeIgniter\Session\Handlers\FileHandler' driver.
CRITICAL - 2025-11-08 01:56:28 --> ErrorException: Cannot redeclare App\Models\Model_bantuan::listAdmin()
[Method: GET, Route: bantuan/chat/18/default]
in APPPATH\Models\Model_bantuan.php on line 62.
 1 [internal function]: CodeIgniter\Debug\Exceptions->shutdownHandler()
DEBUG - 2025-11-08 01:56:29 --> Session: Class initialized using 'CodeIgniter\Session\Handlers\FileHandler' driver.
CRITICAL - 2025-11-08 01:56:29 --> ErrorException: Cannot redeclare App\Models\Model_bantuan::listAdmin()
[Method: GET, Route: bantuan/chat/18/default]
in APPPATH\Models\Model_bantuan.php on line 62.
 1 [internal function]: CodeIgniter\Debug\Exceptions->shutdownHandler()
DEBUG - 2025-11-08 01:56:30 --> Session: Class initialized using 'CodeIgniter\Session\Handlers\FileHandler' driver.
CRITICAL - 2025-11-08 01:56:30 --> ErrorException: Cannot redeclare App\Models\Model_bantuan::listAdmin()
[Method: GET, Route: bantuan/chat/18/default]
in APPPATH\Models\Model_bantuan.php on line 62.
 1 [internal function]: CodeIgniter\Debug\Exceptions->shutdownHandler()
DEBUG - 2025-11-08 01:56:31 --> Session: Class initialized using 'CodeIgniter\Session\Handlers\FileHandler' driver.
CRITICAL - 2025-11-08 01:56:31 --> ErrorException: Cannot redeclare App\Models\Model_bantuan::listAdmin()
[Method: GET, Route: bantuan/chat/18/default]
in APPPATH\Models\Model_bantuan.php on line 62.
 1 [internal function]: CodeIgniter\Debug\Exceptions->shutdownHandler()
DEBUG - 2025-11-08 01:56:33 --> Session: Class initialized using 'CodeIgniter\Session\Handlers\FileHandler' driver.
CRITICAL - 2025-11-08 01:56:33 --> ErrorException: Cannot redeclare App\Models\Model_bantuan::listAdmin()
[Method: GET, Route: bantuan/chat/18/default]
in APPPATH\Models\Model_bantuan.php on line 62.
 1 [internal function]: CodeIgniter\Debug\Exceptions->shutdownHandler()
DEBUG - 2025-11-08 01:56:34 --> Session: Class initialized using 'CodeIgniter\Session\Handlers\FileHandler' driver.
CRITICAL - 2025-11-08 01:56:34 --> ErrorException: Cannot redeclare App\Models\Model_bantuan::listAdmin()
[Method: GET, Route: bantuan/chat/18/default]
in APPPATH\Models\Model_bantuan.php on line 62.
 1 [internal function]: CodeIgniter\Debug\Exceptions->shutdownHandler()
DEBUG - 2025-11-08 01:56:35 --> Session: Class initialized using 'CodeIgniter\Session\Handlers\FileHandler' driver.
CRITICAL - 2025-11-08 01:56:35 --> ErrorException: Cannot redeclare App\Models\Model_bantuan::listAdmin()
[Method: GET, Route: bantuan/chat/18/default]
in APPPATH\Models\Model_bantuan.php on line 62.
 1 [internal function]: CodeIgniter\Debug\Exceptions->shutdownHandler()
DEBUG - 2025-11-08 01:56:36 --> Session: Class initialized using 'CodeIgniter\Session\Handlers\FileHandler' driver.
CRITICAL - 2025-11-08 01:56:36 --> ErrorException: Cannot redeclare App\Models\Model_bantuan::listAdmin()
[Method: GET, Route: bantuan/chat/18/default]
in APPPATH\Models\Model_bantuan.php on line 62.
 1 [internal function]: CodeIgniter\Debug\Exceptions->shutdownHandler()
DEBUG - 2025-11-08 01:56:37 --> Session: Class initialized using 'CodeIgniter\Session\Handlers\FileHandler' driver.
CRITICAL - 2025-11-08 01:56:37 --> ErrorException: Cannot redeclare App\Models\Model_bantuan::listAdmin()
[Method: GET, Route: bantuan/chat/18/default]
in APPPATH\Models\Model_bantuan.php on line 62.
 1 [internal function]: CodeIgniter\Debug\Exceptions->shutdownHandler()
DEBUG - 2025-11-08 01:56:39 --> Session: Class initialized using 'CodeIgniter\Session\Handlers\FileHandler' driver.
CRITICAL - 2025-11-08 01:56:39 --> ErrorException: Cannot redeclare App\Models\Model_bantuan::listAdmin()
[Method: GET, Route: bantuan/chat/18/default]
in APPPATH\Models\Model_bantuan.php on line 62.
 1 [internal function]: CodeIgniter\Debug\Exceptions->shutdownHandler()
DEBUG - 2025-11-08 01:56:40 --> Session: Class initialized using 'CodeIgniter\Session\Handlers\FileHandler' driver.
CRITICAL - 2025-11-08 01:56:40 --> ErrorException: Cannot redeclare App\Models\Model_bantuan::listAdmin()
[Method: GET, Route: bantuan/chat/18/default]
in APPPATH\Models\Model_bantuan.php on line 62.
 1 [internal function]: CodeIgniter\Debug\Exceptions->shutdownHandler()
DEBUG - 2025-11-08 01:56:40 --> Session: Class initialized using 'CodeIgniter\Session\Handlers\FileHandler' driver.
DEBUG - 2025-11-08 01:56:40 --> Session: Class initialized using 'CodeIgniter\Session\Handlers\FileHandler' driver.
DEBUG - 2025-11-08 01:56:41 --> Session: Class initialized using 'CodeIgniter\Session\Handlers\FileHandler' driver.
CRITICAL - 2025-11-08 01:56:41 --> ErrorException: Cannot redeclare App\Models\Model_bantuan::listAdmin()
[Method: GET, Route: bantuan/chat/18/default]
in APPPATH\Models\Model_bantuan.php on line 62.
 1 [internal function]: CodeIgniter\Debug\Exceptions->shutdownHandler()
DEBUG - 2025-11-08 01:57:21 --> Session: Class initialized using 'CodeIgniter\Session\Handlers\FileHandler' driver.
DEBUG - 2025-11-08 01:57:25 --> Session: Class initialized using 'CodeIgniter\Session\Handlers\FileHandler' driver.
CRITICAL - 2025-11-08 01:57:25 --> ErrorException: Cannot redeclare App\Models\Model_bantuan::listAdmin()
[Method: GET, Route: bantuan/chat/18/default]
in APPPATH\Models\Model_bantuan.php on line 62.
 1 [internal function]: CodeIgniter\Debug\Exceptions->shutdownHandler()
DEBUG - 2025-11-08 01:57:31 --> Session: Class initialized using 'CodeIgniter\Session\Handlers\FileHandler' driver.
DEBUG - 2025-11-08 01:58:25 --> Session: Class initialized using 'CodeIgniter\Session\Handlers\FileHandler' driver.
CRITICAL - 2025-11-08 01:58:25 --> ErrorException: Cannot redeclare App\Models\Model_bantuan::listAdmin()
[Method: GET, Route: bantuan/chat/18/default]
in APPPATH\Models\Model_bantuan.php on line 62.
 1 [internal function]: CodeIgniter\Debug\Exceptions->shutdownHandler()
DEBUG - 2025-11-08 01:59:25 --> Session: Class initialized using 'CodeIgniter\Session\Handlers\FileHandler' driver.
DEBUG - 2025-11-08 01:59:49 --> Session: Class initialized using 'CodeIgniter\Session\Handlers\FileHandler' driver.
CRITICAL - 2025-11-08 01:59:49 --> ErrorException: Cannot redeclare App\Models\Model_bantuan::getChat()
[Method: GET, Route: bantuan/chat/18/default]
in APPPATH\Models\Model_bantuan.php on line 69.
 1 [internal function]: CodeIgniter\Debug\Exceptions->shutdownHandler()
DEBUG - 2025-11-08 01:59:50 --> Session: Class initialized using 'CodeIgniter\Session\Handlers\FileHandler' driver.
CRITICAL - 2025-11-08 01:59:50 --> ErrorException: Cannot redeclare App\Models\Model_bantuan::getChat()
[Method: GET, Route: bantuan/chat/18/default]
in APPPATH\Models\Model_bantuan.php on line 69.
 1 [internal function]: CodeIgniter\Debug\Exceptions->shutdownHandler()
DEBUG - 2025-11-08 01:59:52 --> Session: Class initialized using 'CodeIgniter\Session\Handlers\FileHandler' driver.
CRITICAL - 2025-11-08 01:59:52 --> ErrorException: Cannot redeclare App\Models\Model_bantuan::getChat()
[Method: GET, Route: bantuan/chat/18/default]
in APPPATH\Models\Model_bantuan.php on line 69.
 1 [internal function]: CodeIgniter\Debug\Exceptions->shutdownHandler()
DEBUG - 2025-11-08 01:59:52 --> Session: Class initialized using 'CodeIgniter\Session\Handlers\FileHandler' driver.
CRITICAL - 2025-11-08 01:59:52 --> ErrorException: Cannot redeclare App\Models\Model_bantuan::getChat()
[Method: GET, Route: bantuan/chat/18/default]
in APPPATH\Models\Model_bantuan.php on line 69.
 1 [internal function]: CodeIgniter\Debug\Exceptions->shutdownHandler()
DEBUG - 2025-11-08 01:59:53 --> Session: Class initialized using 'CodeIgniter\Session\Handlers\FileHandler' driver.
CRITICAL - 2025-11-08 01:59:53 --> ErrorException: Cannot redeclare App\Models\Model_bantuan::getChat()
[Method: GET, Route: bantuan/chat/18/default]
in APPPATH\Models\Model_bantuan.php on line 69.
 1 [internal function]: CodeIgniter\Debug\Exceptions->shutdownHandler()
DEBUG - 2025-11-08 02:02:12 --> Session: Class initialized using 'CodeIgniter\Session\Handlers\FileHandler' driver.
DEBUG - 2025-11-08 02:02:12 --> Session: Class initialized using 'CodeIgniter\Session\Handlers\FileHandler' driver.
DEBUG - 2025-11-08 02:02:27 --> Session: Class initialized using 'CodeIgniter\Session\Handlers\FileHandler' driver.
DEBUG - 2025-11-08 02:02:27 --> Session: Class initialized using 'CodeIgniter\Session\Handlers\FileHandler' driver.
WARNING - 2025-11-08 02:02:27 --> [DEPRECATED] Optional parameter $filters declared before required parameter $id_dep is implicitly treated as a required parameter in APPPATH\Models\Model_arsip.php on line 303.
 1 SYSTEMPATH\Autoloader\Autoloader.php(315): include_once('C:\\xampp\\htdocs\\e-arsip_ci4\\system\\Debug\\Exceptions.php')
 2 SYSTEMPATH\Autoloader\Autoloader.php(295): CodeIgniter\Autoloader\Autoloader->includeFile('C:\\xampp\\htdocs\\e-arsip_ci4\\app\\Models\\Model_arsip.php')
 3 SYSTEMPATH\Autoloader\Autoloader.php(271): CodeIgniter\Autoloader\Autoloader->loadInNamespace('App\\Models\\Model_arsip')
 4 APPPATH\Controllers\Home.php(23): CodeIgniter\Autoloader\Autoloader->loadClass('App\\Models\\Model_arsip')
 5 SYSTEMPATH\CodeIgniter.php(903): App\Controllers\Home->__construct()
 6 SYSTEMPATH\CodeIgniter.php(498): CodeIgniter\CodeIgniter->createController()
 7 SYSTEMPATH\CodeIgniter.php(354): CodeIgniter\CodeIgniter->handleRequest(null, Object(Config\Cache), false)
 8 SYSTEMPATH\Boot.php(363): CodeIgniter\CodeIgniter->run()
 9 SYSTEMPATH\Boot.php(68): CodeIgniter\Boot::runCodeIgniter(Object(CodeIgniter\CodeIgniter))
10 FCPATH\index.php(59): CodeIgniter\Boot::bootWeb(Object(Config\Paths))
DEBUG - 2025-11-08 02:02:29 --> Session: Class initialized using 'CodeIgniter\Session\Handlers\FileHandler' driver.
WARNING - 2025-11-08 02:02:29 --> [DEPRECATED] Optional parameter $filters declared before required parameter $id_dep is implicitly treated as a required parameter in APPPATH\Models\Model_arsip.php on line 303.
 1 SYSTEMPATH\Autoloader\Autoloader.php(315): include_once('C:\\xampp\\htdocs\\e-arsip_ci4\\system\\Debug\\Exceptions.php')
 2 SYSTEMPATH\Autoloader\Autoloader.php(295): CodeIgniter\Autoloader\Autoloader->includeFile('C:\\xampp\\htdocs\\e-arsip_ci4\\app\\Models\\Model_arsip.php')
 3 SYSTEMPATH\Autoloader\Autoloader.php(271): CodeIgniter\Autoloader\Autoloader->loadInNamespace('App\\Models\\Model_arsip')
 4 APPPATH\Controllers\Kategori.php(21): CodeIgniter\Autoloader\Autoloader->loadClass('App\\Models\\Model_arsip')
 5 SYSTEMPATH\CodeIgniter.php(903): App\Controllers\Kategori->__construct()
 6 SYSTEMPATH\CodeIgniter.php(498): CodeIgniter\CodeIgniter->createController()
 7 SYSTEMPATH\CodeIgniter.php(354): CodeIgniter\CodeIgniter->handleRequest(null, Object(Config\Cache), false)
 8 SYSTEMPATH\Boot.php(363): CodeIgniter\CodeIgniter->run()
 9 SYSTEMPATH\Boot.php(68): CodeIgniter\Boot::runCodeIgniter(Object(CodeIgniter\CodeIgniter))
10 FCPATH\index.php(59): CodeIgniter\Boot::bootWeb(Object(Config\Paths))
DEBUG - 2025-11-08 02:02:44 --> Session: Class initialized using 'CodeIgniter\Session\Handlers\FileHandler' driver.
DEBUG - 2025-11-08 02:02:45 --> Session: Class initialized using 'CodeIgniter\Session\Handlers\FileHandler' driver.
WARNING - 2025-11-08 02:02:45 --> [DEPRECATED] Optional parameter $filters declared before required parameter $id_dep is implicitly treated as a required parameter in APPPATH\Models\Model_arsip.php on line 303.
 1 SYSTEMPATH\Autoloader\Autoloader.php(315): include_once('C:\\xampp\\htdocs\\e-arsip_ci4\\system\\Debug\\Exceptions.php')
 2 SYSTEMPATH\Autoloader\Autoloader.php(295): CodeIgniter\Autoloader\Autoloader->includeFile('C:\\xampp\\htdocs\\e-arsip_ci4\\app\\Models\\Model_arsip.php')
 3 SYSTEMPATH\Autoloader\Autoloader.php(271): CodeIgniter\Autoloader\Autoloader->loadInNamespace('App\\Models\\Model_arsip')
 4 APPPATH\Controllers\Cari.php(20): CodeIgniter\Autoloader\Autoloader->loadClass('App\\Models\\Model_arsip')
 5 SYSTEMPATH\CodeIgniter.php(903): App\Controllers\Cari->__construct()
 6 SYSTEMPATH\CodeIgniter.php(498): CodeIgniter\CodeIgniter->createController()
 7 SYSTEMPATH\CodeIgniter.php(354): CodeIgniter\CodeIgniter->handleRequest(null, Object(Config\Cache), false)
 8 SYSTEMPATH\Boot.php(363): CodeIgniter\CodeIgniter->run()
 9 SYSTEMPATH\Boot.php(68): CodeIgniter\Boot::runCodeIgniter(Object(CodeIgniter\CodeIgniter))
10 FCPATH\index.php(59): CodeIgniter\Boot::bootWeb(Object(Config\Paths))
DEBUG - 2025-11-08 02:02:46 --> Session: Class initialized using 'CodeIgniter\Session\Handlers\FileHandler' driver.
WARNING - 2025-11-08 02:02:46 --> [DEPRECATED] Optional parameter $filters declared before required parameter $id_dep is implicitly treated as a required parameter in APPPATH\Models\Model_arsip.php on line 303.
 1 SYSTEMPATH\Autoloader\Autoloader.php(315): include_once('C:\\xampp\\htdocs\\e-arsip_ci4\\system\\Debug\\Exceptions.php')
 2 SYSTEMPATH\Autoloader\Autoloader.php(295): CodeIgniter\Autoloader\Autoloader->includeFile('C:\\xampp\\htdocs\\e-arsip_ci4\\app\\Models\\Model_arsip.php')
 3 SYSTEMPATH\Autoloader\Autoloader.php(271): CodeIgniter\Autoloader\Autoloader->loadInNamespace('App\\Models\\Model_arsip')
 4 APPPATH\Controllers\Kategori.php(21): CodeIgniter\Autoloader\Autoloader->loadClass('App\\Models\\Model_arsip')
 5 SYSTEMPATH\CodeIgniter.php(903): App\Controllers\Kategori->__construct()
 6 SYSTEMPATH\CodeIgniter.php(498): CodeIgniter\CodeIgniter->createController()
 7 SYSTEMPATH\CodeIgniter.php(354): CodeIgniter\CodeIgniter->handleRequest(null, Object(Config\Cache), false)
 8 SYSTEMPATH\Boot.php(363): CodeIgniter\CodeIgniter->run()
 9 SYSTEMPATH\Boot.php(68): CodeIgniter\Boot::runCodeIgniter(Object(CodeIgniter\CodeIgniter))
10 FCPATH\index.php(59): CodeIgniter\Boot::bootWeb(Object(Config\Paths))
DEBUG - 2025-11-08 02:03:28 --> Session: Class initialized using 'CodeIgniter\Session\Handlers\FileHandler' driver.
DEBUG - 2025-11-08 02:03:28 --> Session: Class initialized using 'CodeIgniter\Session\Handlers\FileHandler' driver.
DEBUG - 2025-11-08 02:03:31 --> Session: Class initialized using 'CodeIgniter\Session\Handlers\FileHandler' driver.
DEBUG - 2025-11-08 02:03:32 --> Session: Class initialized using 'CodeIgniter\Session\Handlers\FileHandler' driver.
WARNING - 2025-11-08 02:03:32 --> [DEPRECATED] Optional parameter $filters declared before required parameter $id_dep is implicitly treated as a required parameter in APPPATH\Models\Model_arsip.php on line 303.
 1 SYSTEMPATH\Autoloader\Autoloader.php(315): include_once('C:\\xampp\\htdocs\\e-arsip_ci4\\system\\Debug\\Exceptions.php')
 2 SYSTEMPATH\Autoloader\Autoloader.php(295): CodeIgniter\Autoloader\Autoloader->includeFile('C:\\xampp\\htdocs\\e-arsip_ci4\\app\\Models\\Model_arsip.php')
 3 SYSTEMPATH\Autoloader\Autoloader.php(271): CodeIgniter\Autoloader\Autoloader->loadInNamespace('App\\Models\\Model_arsip')
 4 APPPATH\Controllers\Home.php(23): CodeIgniter\Autoloader\Autoloader->loadClass('App\\Models\\Model_arsip')
 5 SYSTEMPATH\CodeIgniter.php(903): App\Controllers\Home->__construct()
 6 SYSTEMPATH\CodeIgniter.php(498): CodeIgniter\CodeIgniter->createController()
 7 SYSTEMPATH\CodeIgniter.php(354): CodeIgniter\CodeIgniter->handleRequest(null, Object(Config\Cache), false)
 8 SYSTEMPATH\Boot.php(363): CodeIgniter\CodeIgniter->run()
 9 SYSTEMPATH\Boot.php(68): CodeIgniter\Boot::runCodeIgniter(Object(CodeIgniter\CodeIgniter))
10 FCPATH\index.php(59): CodeIgniter\Boot::bootWeb(Object(Config\Paths))
DEBUG - 2025-11-08 02:03:35 --> Session: Class initialized using 'CodeIgniter\Session\Handlers\FileHandler' driver.
DEBUG - 2025-11-08 02:03:36 --> Session: Class initialized using 'CodeIgniter\Session\Handlers\FileHandler' driver.
WARNING - 2025-11-08 02:03:36 --> [DEPRECATED] Optional parameter $filters declared before required parameter $id_dep is implicitly treated as a required parameter in APPPATH\Models\Model_arsip.php on line 303.
 1 SYSTEMPATH\Autoloader\Autoloader.php(315): include_once('C:\\xampp\\htdocs\\e-arsip_ci4\\system\\Debug\\Exceptions.php')
 2 SYSTEMPATH\Autoloader\Autoloader.php(295): CodeIgniter\Autoloader\Autoloader->includeFile('C:\\xampp\\htdocs\\e-arsip_ci4\\app\\Models\\Model_arsip.php')
 3 SYSTEMPATH\Autoloader\Autoloader.php(271): CodeIgniter\Autoloader\Autoloader->loadInNamespace('App\\Models\\Model_arsip')
 4 APPPATH\Controllers\Kategori.php(21): CodeIgniter\Autoloader\Autoloader->loadClass('App\\Models\\Model_arsip')
 5 SYSTEMPATH\CodeIgniter.php(903): App\Controllers\Kategori->__construct()
 6 SYSTEMPATH\CodeIgniter.php(498): CodeIgniter\CodeIgniter->createController()
 7 SYSTEMPATH\CodeIgniter.php(354): CodeIgniter\CodeIgniter->handleRequest(null, Object(Config\Cache), false)
 8 SYSTEMPATH\Boot.php(363): CodeIgniter\CodeIgniter->run()
 9 SYSTEMPATH\Boot.php(68): CodeIgniter\Boot::runCodeIgniter(Object(CodeIgniter\CodeIgniter))
10 FCPATH\index.php(59): CodeIgniter\Boot::bootWeb(Object(Config\Paths))
DEBUG - 2025-11-08 02:04:22 --> Session: Class initialized using 'CodeIgniter\Session\Handlers\FileHandler' driver.
WARNING - 2025-11-08 02:04:22 --> [DEPRECATED] Optional parameter $filters declared before required parameter $id_dep is implicitly treated as a required parameter in APPPATH\Models\Model_arsip.php on line 303.
 1 SYSTEMPATH\Autoloader\Autoloader.php(315): include_once('C:\\xampp\\htdocs\\e-arsip_ci4\\system\\Debug\\Exceptions.php')
 2 SYSTEMPATH\Autoloader\Autoloader.php(295): CodeIgniter\Autoloader\Autoloader->includeFile('C:\\xampp\\htdocs\\e-arsip_ci4\\app\\Models\\Model_arsip.php')
 3 SYSTEMPATH\Autoloader\Autoloader.php(271): CodeIgniter\Autoloader\Autoloader->loadInNamespace('App\\Models\\Model_arsip')
 4 APPPATH\Controllers\Kategori.php(21): CodeIgniter\Autoloader\Autoloader->loadClass('App\\Models\\Model_arsip')
 5 SYSTEMPATH\CodeIgniter.php(903): App\Controllers\Kategori->__construct()
 6 SYSTEMPATH\CodeIgniter.php(498): CodeIgniter\CodeIgniter->createController()
 7 SYSTEMPATH\CodeIgniter.php(354): CodeIgniter\CodeIgniter->handleRequest(null, Object(Config\Cache), false)
 8 SYSTEMPATH\Boot.php(363): CodeIgniter\CodeIgniter->run()
 9 SYSTEMPATH\Boot.php(68): CodeIgniter\Boot::runCodeIgniter(Object(CodeIgniter\CodeIgniter))
10 FCPATH\index.php(59): CodeIgniter\Boot::bootWeb(Object(Config\Paths))
ERROR - 2025-11-08 02:04:22 --> mysqli_sql_exception: Duplicate entry 'Lunas' for key 'nama_kategori' in C:\xampp\htdocs\e-arsip_ci4\system\Database\MySQLi\Connection.php:327
Stack trace:
#0 C:\xampp\htdocs\e-arsip_ci4\system\Database\MySQLi\Connection.php(327): mysqli->query('INSERT INTO `tb...', 0)
#1 C:\xampp\htdocs\e-arsip_ci4\system\Database\BaseConnection.php(729): CodeIgniter\Database\MySQLi\Connection->execute('INSERT INTO `tb...')
#2 C:\xampp\htdocs\e-arsip_ci4\system\Database\BaseConnection.php(646): CodeIgniter\Database\BaseConnection->simpleQuery('INSERT INTO `tb...')
#3 C:\xampp\htdocs\e-arsip_ci4\system\Database\BaseBuilder.php(2345): CodeIgniter\Database\BaseConnection->query('INSERT INTO `tb...', Array, false)
#4 C:\xampp\htdocs\e-arsip_ci4\system\Model.php(394): CodeIgniter\Database\BaseBuilder->insert()
#5 C:\xampp\htdocs\e-arsip_ci4\system\BaseModel.php(838): CodeIgniter\Model->doInsert(Array)
#6 C:\xampp\htdocs\e-arsip_ci4\system\Model.php(797): CodeIgniter\BaseModel->insert(Array, false)
#7 C:\xampp\htdocs\e-arsip_ci4\system\BaseModel.php(751): CodeIgniter\Model->insert(Array, false)
#8 C:\xampp\htdocs\e-arsip_ci4\app\Controllers\Kategori.php(81): CodeIgniter\BaseModel->save(Array)
#9 C:\xampp\htdocs\e-arsip_ci4\system\CodeIgniter.php(933): App\Controllers\Kategori->add()
#10 C:\xampp\htdocs\e-arsip_ci4\system\CodeIgniter.php(507): CodeIgniter\CodeIgniter->runController(Object(App\Controllers\Kategori))
#11 C:\xampp\htdocs\e-arsip_ci4\system\CodeIgniter.php(354): CodeIgniter\CodeIgniter->handleRequest(NULL, Object(Config\Cache), false)
#12 C:\xampp\htdocs\e-arsip_ci4\system\Boot.php(363): CodeIgniter\CodeIgniter->run()
#13 C:\xampp\htdocs\e-arsip_ci4\system\Boot.php(68): CodeIgniter\Boot::runCodeIgniter(Object(CodeIgniter\CodeIgniter))
#14 C:\xampp\htdocs\e-arsip_ci4\index.php(59): CodeIgniter\Boot::bootWeb(Object(Config\Paths))
#15 {main}
CRITICAL - 2025-11-08 02:04:22 --> CodeIgniter\Database\Exceptions\DatabaseException: Duplicate entry 'Lunas' for key 'nama_kategori'
[Method: POST, Route: kategori/add]
in SYSTEMPATH\Database\BaseConnection.php on line 684.
 1 SYSTEMPATH\Database\BaseBuilder.php(2345): CodeIgniter\Database\BaseConnection->query('INSERT INTO `tbl_kategori` (`nama_kategori`, `id_dep`, `parent_id`) VALUES (:nama_kategori:, :id_dep:, :parent_id:)', [...], false)
 2 SYSTEMPATH\Model.php(394): CodeIgniter\Database\BaseBuilder->insert()
 3 SYSTEMPATH\BaseModel.php(838): CodeIgniter\Model->doInsert([...])
 4 SYSTEMPATH\Model.php(797): CodeIgniter\BaseModel->insert([...], false)
 5 SYSTEMPATH\BaseModel.php(751): CodeIgniter\Model->insert([...], false)
 6 APPPATH\Controllers\Kategori.php(81): CodeIgniter\BaseModel->save([...])
 7 SYSTEMPATH\CodeIgniter.php(933): App\Controllers\Kategori->add()
 8 SYSTEMPATH\CodeIgniter.php(507): CodeIgniter\CodeIgniter->runController(Object(App\Controllers\Kategori))
 9 SYSTEMPATH\CodeIgniter.php(354): CodeIgniter\CodeIgniter->handleRequest(null, Object(Config\Cache), false)
10 SYSTEMPATH\Boot.php(363): CodeIgniter\CodeIgniter->run()
11 SYSTEMPATH\Boot.php(68): CodeIgniter\Boot::runCodeIgniter(Object(CodeIgniter\CodeIgniter))
12 FCPATH\index.php(59): CodeIgniter\Boot::bootWeb(Object(Config\Paths))
CRITICAL - 2025-11-08 02:04:22 --> [Caused by] CodeIgniter\Database\Exceptions\DatabaseException: Duplicate entry 'Lunas' for key 'nama_kategori'
in SYSTEMPATH\Database\MySQLi\Connection.php on line 332.
 1 SYSTEMPATH\Database\BaseConnection.php(729): CodeIgniter\Database\MySQLi\Connection->execute('INSERT INTO `tbl_kategori` (`nama_kategori`, `id_dep`, `parent_id`) VALUES (\'Lunas\', \'27\', \'89\')')
 2 SYSTEMPATH\Database\BaseConnection.php(646): CodeIgniter\Database\BaseConnection->simpleQuery('INSERT INTO `tbl_kategori` (`nama_kategori`, `id_dep`, `parent_id`) VALUES (\'Lunas\', \'27\', \'89\')')
 3 SYSTEMPATH\Database\BaseBuilder.php(2345): CodeIgniter\Database\BaseConnection->query('INSERT INTO `tbl_kategori` (`nama_kategori`, `id_dep`, `parent_id`) VALUES (:nama_kategori:, :id_dep:, :parent_id:)', [...], false)
 4 SYSTEMPATH\Model.php(394): CodeIgniter\Database\BaseBuilder->insert()
 5 SYSTEMPATH\BaseModel.php(838): CodeIgniter\Model->doInsert([...])
 6 SYSTEMPATH\Model.php(797): CodeIgniter\BaseModel->insert([...], false)
 7 SYSTEMPATH\BaseModel.php(751): CodeIgniter\Model->insert([...], false)
 8 APPPATH\Controllers\Kategori.php(81): CodeIgniter\BaseModel->save([...])
 9 SYSTEMPATH\CodeIgniter.php(933): App\Controllers\Kategori->add()
10 SYSTEMPATH\CodeIgniter.php(507): CodeIgniter\CodeIgniter->runController(Object(App\Controllers\Kategori))
11 SYSTEMPATH\CodeIgniter.php(354): CodeIgniter\CodeIgniter->handleRequest(null, Object(Config\Cache), false)
12 SYSTEMPATH\Boot.php(363): CodeIgniter\CodeIgniter->run()
13 SYSTEMPATH\Boot.php(68): CodeIgniter\Boot::runCodeIgniter(Object(CodeIgniter\CodeIgniter))
14 FCPATH\index.php(59): CodeIgniter\Boot::bootWeb(Object(Config\Paths))
CRITICAL - 2025-11-08 02:04:22 --> [Caused by] mysqli_sql_exception: Duplicate entry 'Lunas' for key 'nama_kategori'
in SYSTEMPATH\Database\MySQLi\Connection.php on line 327.
 1 SYSTEMPATH\Database\MySQLi\Connection.php(327): mysqli->query('INSERT INTO `tbl_kategori` (`nama_kategori`, `id_dep`, `parent_id`) VALUES (\'Lunas\', \'27\', \'89\')', 0)
 2 SYSTEMPATH\Database\BaseConnection.php(729): CodeIgniter\Database\MySQLi\Connection->execute('INSERT INTO `tbl_kategori` (`nama_kategori`, `id_dep`, `parent_id`) VALUES (\'Lunas\', \'27\', \'89\')')
 3 SYSTEMPATH\Database\BaseConnection.php(646): CodeIgniter\Database\BaseConnection->simpleQuery('INSERT INTO `tbl_kategori` (`nama_kategori`, `id_dep`, `parent_id`) VALUES (\'Lunas\', \'27\', \'89\')')
 4 SYSTEMPATH\Database\BaseBuilder.php(2345): CodeIgniter\Database\BaseConnection->query('INSERT INTO `tbl_kategori` (`nama_kategori`, `id_dep`, `parent_id`) VALUES (:nama_kategori:, :id_dep:, :parent_id:)', [...], false)
 5 SYSTEMPATH\Model.php(394): CodeIgniter\Database\BaseBuilder->insert()
 6 SYSTEMPATH\BaseModel.php(838): CodeIgniter\Model->doInsert([...])
 7 SYSTEMPATH\Model.php(797): CodeIgniter\BaseModel->insert([...], false)
 8 SYSTEMPATH\BaseModel.php(751): CodeIgniter\Model->insert([...], false)
 9 APPPATH\Controllers\Kategori.php(81): CodeIgniter\BaseModel->save([...])
10 SYSTEMPATH\CodeIgniter.php(933): App\Controllers\Kategori->add()
11 SYSTEMPATH\CodeIgniter.php(507): CodeIgniter\CodeIgniter->runController(Object(App\Controllers\Kategori))
12 SYSTEMPATH\CodeIgniter.php(354): CodeIgniter\CodeIgniter->handleRequest(null, Object(Config\Cache), false)
13 SYSTEMPATH\Boot.php(363): CodeIgniter\CodeIgniter->run()
14 SYSTEMPATH\Boot.php(68): CodeIgniter\Boot::runCodeIgniter(Object(CodeIgniter\CodeIgniter))
15 FCPATH\index.php(59): CodeIgniter\Boot::bootWeb(Object(Config\Paths))
DEBUG - 2025-11-08 02:04:38 --> Session: Class initialized using 'CodeIgniter\Session\Handlers\FileHandler' driver.
WARNING - 2025-11-08 02:04:38 --> [DEPRECATED] Optional parameter $filters declared before required parameter $id_dep is implicitly treated as a required parameter in APPPATH\Models\Model_arsip.php on line 303.
 1 SYSTEMPATH\Autoloader\Autoloader.php(315): include_once('C:\\xampp\\htdocs\\e-arsip_ci4\\system\\Debug\\Exceptions.php')
 2 SYSTEMPATH\Autoloader\Autoloader.php(295): CodeIgniter\Autoloader\Autoloader->includeFile('C:\\xampp\\htdocs\\e-arsip_ci4\\app\\Models\\Model_arsip.php')
 3 SYSTEMPATH\Autoloader\Autoloader.php(271): CodeIgniter\Autoloader\Autoloader->loadInNamespace('App\\Models\\Model_arsip')
 4 APPPATH\Controllers\Arsip.php(26): CodeIgniter\Autoloader\Autoloader->loadClass('App\\Models\\Model_arsip')
 5 SYSTEMPATH\CodeIgniter.php(903): App\Controllers\Arsip->__construct()
 6 SYSTEMPATH\CodeIgniter.php(498): CodeIgniter\CodeIgniter->createController()
 7 SYSTEMPATH\CodeIgniter.php(354): CodeIgniter\CodeIgniter->handleRequest(null, Object(Config\Cache), false)
 8 SYSTEMPATH\Boot.php(363): CodeIgniter\CodeIgniter->run()
 9 SYSTEMPATH\Boot.php(68): CodeIgniter\Boot::runCodeIgniter(Object(CodeIgniter\CodeIgniter))
10 FCPATH\index.php(59): CodeIgniter\Boot::bootWeb(Object(Config\Paths))
DEBUG - 2025-11-08 02:05:07 --> Session: Class initialized using 'CodeIgniter\Session\Handlers\FileHandler' driver.
WARNING - 2025-11-08 02:05:07 --> [DEPRECATED] Optional parameter $filters declared before required parameter $id_dep is implicitly treated as a required parameter in APPPATH\Models\Model_arsip.php on line 303.
 1 SYSTEMPATH\Autoloader\Autoloader.php(315): include_once('C:\\xampp\\htdocs\\e-arsip_ci4\\system\\Debug\\Exceptions.php')
 2 SYSTEMPATH\Autoloader\Autoloader.php(295): CodeIgniter\Autoloader\Autoloader->includeFile('C:\\xampp\\htdocs\\e-arsip_ci4\\app\\Models\\Model_arsip.php')
 3 SYSTEMPATH\Autoloader\Autoloader.php(271): CodeIgniter\Autoloader\Autoloader->loadInNamespace('App\\Models\\Model_arsip')
 4 APPPATH\Controllers\Arsip.php(26): CodeIgniter\Autoloader\Autoloader->loadClass('App\\Models\\Model_arsip')
 5 SYSTEMPATH\CodeIgniter.php(903): App\Controllers\Arsip->__construct()
 6 SYSTEMPATH\CodeIgniter.php(498): CodeIgniter\CodeIgniter->createController()
 7 SYSTEMPATH\CodeIgniter.php(354): CodeIgniter\CodeIgniter->handleRequest(null, Object(Config\Cache), false)
 8 SYSTEMPATH\Boot.php(363): CodeIgniter\CodeIgniter->run()
 9 SYSTEMPATH\Boot.php(68): CodeIgniter\Boot::runCodeIgniter(Object(CodeIgniter\CodeIgniter))
10 FCPATH\index.php(59): CodeIgniter\Boot::bootWeb(Object(Config\Paths))
DEBUG - 2025-11-08 02:05:07 --> Session: Class initialized using 'CodeIgniter\Session\Handlers\FileHandler' driver.
WARNING - 2025-11-08 02:05:07 --> [DEPRECATED] Optional parameter $filters declared before required parameter $id_dep is implicitly treated as a required parameter in APPPATH\Models\Model_arsip.php on line 303.
 1 SYSTEMPATH\Autoloader\Autoloader.php(315): include_once('C:\\xampp\\htdocs\\e-arsip_ci4\\system\\Debug\\Exceptions.php')
 2 SYSTEMPATH\Autoloader\Autoloader.php(295): CodeIgniter\Autoloader\Autoloader->includeFile('C:\\xampp\\htdocs\\e-arsip_ci4\\app\\Models\\Model_arsip.php')
 3 SYSTEMPATH\Autoloader\Autoloader.php(271): CodeIgniter\Autoloader\Autoloader->loadInNamespace('App\\Models\\Model_arsip')
 4 APPPATH\Controllers\Kategori.php(21): CodeIgniter\Autoloader\Autoloader->loadClass('App\\Models\\Model_arsip')
 5 SYSTEMPATH\CodeIgniter.php(903): App\Controllers\Kategori->__construct()
 6 SYSTEMPATH\CodeIgniter.php(498): CodeIgniter\CodeIgniter->createController()
 7 SYSTEMPATH\CodeIgniter.php(354): CodeIgniter\CodeIgniter->handleRequest(null, Object(Config\Cache), false)
 8 SYSTEMPATH\Boot.php(363): CodeIgniter\CodeIgniter->run()
 9 SYSTEMPATH\Boot.php(68): CodeIgniter\Boot::runCodeIgniter(Object(CodeIgniter\CodeIgniter))
10 FCPATH\index.php(59): CodeIgniter\Boot::bootWeb(Object(Config\Paths))
DEBUG - 2025-11-08 02:05:20 --> Session: Class initialized using 'CodeIgniter\Session\Handlers\FileHandler' driver.
DEBUG - 2025-11-08 02:05:22 --> Session: Class initialized using 'CodeIgniter\Session\Handlers\FileHandler' driver.
DEBUG - 2025-11-08 02:05:23 --> Session: Class initialized using 'CodeIgniter\Session\Handlers\FileHandler' driver.
DEBUG - 2025-11-08 02:05:24 --> Session: Class initialized using 'CodeIgniter\Session\Handlers\FileHandler' driver.
DEBUG - 2025-11-08 02:05:26 --> Session: Class initialized using 'CodeIgniter\Session\Handlers\FileHandler' driver.
DEBUG - 2025-11-08 02:05:27 --> Session: Class initialized using 'CodeIgniter\Session\Handlers\FileHandler' driver.
DEBUG - 2025-11-08 02:05:27 --> Session: Class initialized using 'CodeIgniter\Session\Handlers\FileHandler' driver.
DEBUG - 2025-11-08 02:05:28 --> Session: Class initialized using 'CodeIgniter\Session\Handlers\FileHandler' driver.
DEBUG - 2025-11-08 02:05:28 --> Session: Class initialized using 'CodeIgniter\Session\Handlers\FileHandler' driver.
DEBUG - 2025-11-08 02:05:29 --> Session: Class initialized using 'CodeIgniter\Session\Handlers\FileHandler' driver.
DEBUG - 2025-11-08 02:05:30 --> Session: Class initialized using 'CodeIgniter\Session\Handlers\FileHandler' driver.
DEBUG - 2025-11-08 02:05:31 --> Session: Class initialized using 'CodeIgniter\Session\Handlers\FileHandler' driver.
DEBUG - 2025-11-08 02:05:31 --> Session: Class initialized using 'CodeIgniter\Session\Handlers\FileHandler' driver.
DEBUG - 2025-11-08 02:05:32 --> Session: Class initialized using 'CodeIgniter\Session\Handlers\FileHandler' driver.
DEBUG - 2025-11-08 02:05:32 --> Session: Class initialized using 'CodeIgniter\Session\Handlers\FileHandler' driver.
DEBUG - 2025-11-08 02:05:33 --> Session: Class initialized using 'CodeIgniter\Session\Handlers\FileHandler' driver.
DEBUG - 2025-11-08 02:05:34 --> Session: Class initialized using 'CodeIgniter\Session\Handlers\FileHandler' driver.
DEBUG - 2025-11-08 02:05:35 --> Session: Class initialized using 'CodeIgniter\Session\Handlers\FileHandler' driver.
DEBUG - 2025-11-08 02:05:36 --> Session: Class initialized using 'CodeIgniter\Session\Handlers\FileHandler' driver.
DEBUG - 2025-11-08 02:05:37 --> Session: Class initialized using 'CodeIgniter\Session\Handlers\FileHandler' driver.
DEBUG - 2025-11-08 02:05:37 --> Session: Class initialized using 'CodeIgniter\Session\Handlers\FileHandler' driver.
DEBUG - 2025-11-08 02:05:37 --> Session: Class initialized using 'CodeIgniter\Session\Handlers\FileHandler' driver.
DEBUG - 2025-11-08 02:05:37 --> Session: Class initialized using 'CodeIgniter\Session\Handlers\FileHandler' driver.
DEBUG - 2025-11-08 02:05:38 --> Session: Class initialized using 'CodeIgniter\Session\Handlers\FileHandler' driver.
DEBUG - 2025-11-08 02:05:39 --> Session: Class initialized using 'CodeIgniter\Session\Handlers\FileHandler' driver.
DEBUG - 2025-11-08 02:05:40 --> Session: Class initialized using 'CodeIgniter\Session\Handlers\FileHandler' driver.
DEBUG - 2025-11-08 02:05:40 --> Session: Class initialized using 'CodeIgniter\Session\Handlers\FileHandler' driver.
DEBUG - 2025-11-08 02:05:42 --> Session: Class initialized using 'CodeIgniter\Session\Handlers\FileHandler' driver.
DEBUG - 2025-11-08 02:05:42 --> Session: Class initialized using 'CodeIgniter\Session\Handlers\FileHandler' driver.
DEBUG - 2025-11-08 02:05:43 --> Session: Class initialized using 'CodeIgniter\Session\Handlers\FileHandler' driver.
DEBUG - 2025-11-08 02:05:43 --> Session: Class initialized using 'CodeIgniter\Session\Handlers\FileHandler' driver.
DEBUG - 2025-11-08 02:05:44 --> Session: Class initialized using 'CodeIgniter\Session\Handlers\FileHandler' driver.
DEBUG - 2025-11-08 02:05:44 --> Session: Class initialized using 'CodeIgniter\Session\Handlers\FileHandler' driver.
DEBUG - 2025-11-08 02:05:45 --> Session: Class initialized using 'CodeIgniter\Session\Handlers\FileHandler' driver.
DEBUG - 2025-11-08 02:05:45 --> Session: Class initialized using 'CodeIgniter\Session\Handlers\FileHandler' driver.
DEBUG - 2025-11-08 02:05:46 --> Session: Class initialized using 'CodeIgniter\Session\Handlers\FileHandler' driver.
DEBUG - 2025-11-08 02:05:46 --> Session: Class initialized using 'CodeIgniter\Session\Handlers\FileHandler' driver.
DEBUG - 2025-11-08 02:05:48 --> Session: Class initialized using 'CodeIgniter\Session\Handlers\FileHandler' driver.
DEBUG - 2025-11-08 02:05:48 --> Session: Class initialized using 'CodeIgniter\Session\Handlers\FileHandler' driver.
DEBUG - 2025-11-08 02:05:49 --> Session: Class initialized using 'CodeIgniter\Session\Handlers\FileHandler' driver.
DEBUG - 2025-11-08 02:05:49 --> Session: Class initialized using 'CodeIgniter\Session\Handlers\FileHandler' driver.
DEBUG - 2025-11-08 02:05:50 --> Session: Class initialized using 'CodeIgniter\Session\Handlers\FileHandler' driver.
DEBUG - 2025-11-08 02:05:50 --> Session: Class initialized using 'CodeIgniter\Session\Handlers\FileHandler' driver.
DEBUG - 2025-11-08 02:05:51 --> Session: Class initialized using 'CodeIgniter\Session\Handlers\FileHandler' driver.
DEBUG - 2025-11-08 02:05:51 --> Session: Class initialized using 'CodeIgniter\Session\Handlers\FileHandler' driver.
DEBUG - 2025-11-08 02:05:52 --> Session: Class initialized using 'CodeIgniter\Session\Handlers\FileHandler' driver.
DEBUG - 2025-11-08 02:05:52 --> Session: Class initialized using 'CodeIgniter\Session\Handlers\FileHandler' driver.
DEBUG - 2025-11-08 02:05:54 --> Session: Class initialized using 'CodeIgniter\Session\Handlers\FileHandler' driver.
DEBUG - 2025-11-08 02:05:54 --> Session: Class initialized using 'CodeIgniter\Session\Handlers\FileHandler' driver.
DEBUG - 2025-11-08 02:05:55 --> Session: Class initialized using 'CodeIgniter\Session\Handlers\FileHandler' driver.
DEBUG - 2025-11-08 02:05:55 --> Session: Class initialized using 'CodeIgniter\Session\Handlers\FileHandler' driver.
DEBUG - 2025-11-08 02:05:56 --> Session: Class initialized using 'CodeIgniter\Session\Handlers\FileHandler' driver.
DEBUG - 2025-11-08 02:05:56 --> Session: Class initialized using 'CodeIgniter\Session\Handlers\FileHandler' driver.
DEBUG - 2025-11-08 02:05:57 --> Session: Class initialized using 'CodeIgniter\Session\Handlers\FileHandler' driver.
DEBUG - 2025-11-08 02:05:57 --> Session: Class initialized using 'CodeIgniter\Session\Handlers\FileHandler' driver.
DEBUG - 2025-11-08 02:05:58 --> Session: Class initialized using 'CodeIgniter\Session\Handlers\FileHandler' driver.
DEBUG - 2025-11-08 02:05:58 --> Session: Class initialized using 'CodeIgniter\Session\Handlers\FileHandler' driver.
DEBUG - 2025-11-08 02:06:00 --> Session: Class initialized using 'CodeIgniter\Session\Handlers\FileHandler' driver.
DEBUG - 2025-11-08 02:06:00 --> Session: Class initialized using 'CodeIgniter\Session\Handlers\FileHandler' driver.
DEBUG - 2025-11-08 02:06:01 --> Session: Class initialized using 'CodeIgniter\Session\Handlers\FileHandler' driver.
DEBUG - 2025-11-08 02:06:01 --> Session: Class initialized using 'CodeIgniter\Session\Handlers\FileHandler' driver.
DEBUG - 2025-11-08 02:06:02 --> Session: Class initialized using 'CodeIgniter\Session\Handlers\FileHandler' driver.
DEBUG - 2025-11-08 02:06:02 --> Session: Class initialized using 'CodeIgniter\Session\Handlers\FileHandler' driver.
DEBUG - 2025-11-08 02:06:03 --> Session: Class initialized using 'CodeIgniter\Session\Handlers\FileHandler' driver.
DEBUG - 2025-11-08 02:06:03 --> Session: Class initialized using 'CodeIgniter\Session\Handlers\FileHandler' driver.
DEBUG - 2025-11-08 02:06:04 --> Session: Class initialized using 'CodeIgniter\Session\Handlers\FileHandler' driver.
DEBUG - 2025-11-08 02:06:04 --> Session: Class initialized using 'CodeIgniter\Session\Handlers\FileHandler' driver.
DEBUG - 2025-11-08 02:06:06 --> Session: Class initialized using 'CodeIgniter\Session\Handlers\FileHandler' driver.
DEBUG - 2025-11-08 02:06:06 --> Session: Class initialized using 'CodeIgniter\Session\Handlers\FileHandler' driver.
DEBUG - 2025-11-08 02:06:07 --> Session: Class initialized using 'CodeIgniter\Session\Handlers\FileHandler' driver.
DEBUG - 2025-11-08 02:06:07 --> Session: Class initialized using 'CodeIgniter\Session\Handlers\FileHandler' driver.
DEBUG - 2025-11-08 02:06:08 --> Session: Class initialized using 'CodeIgniter\Session\Handlers\FileHandler' driver.
DEBUG - 2025-11-08 02:06:08 --> Session: Class initialized using 'CodeIgniter\Session\Handlers\FileHandler' driver.
DEBUG - 2025-11-08 02:06:09 --> Session: Class initialized using 'CodeIgniter\Session\Handlers\FileHandler' driver.
DEBUG - 2025-11-08 02:06:09 --> Session: Class initialized using 'CodeIgniter\Session\Handlers\FileHandler' driver.
DEBUG - 2025-11-08 02:06:10 --> Session: Class initialized using 'CodeIgniter\Session\Handlers\FileHandler' driver.
DEBUG - 2025-11-08 02:06:10 --> Session: Class initialized using 'CodeIgniter\Session\Handlers\FileHandler' driver.
DEBUG - 2025-11-08 02:06:12 --> Session: Class initialized using 'CodeIgniter\Session\Handlers\FileHandler' driver.
DEBUG - 2025-11-08 02:06:12 --> Session: Class initialized using 'CodeIgniter\Session\Handlers\FileHandler' driver.
DEBUG - 2025-11-08 02:06:13 --> Session: Class initialized using 'CodeIgniter\Session\Handlers\FileHandler' driver.
DEBUG - 2025-11-08 02:06:13 --> Session: Class initialized using 'CodeIgniter\Session\Handlers\FileHandler' driver.
DEBUG - 2025-11-08 02:06:14 --> Session: Class initialized using 'CodeIgniter\Session\Handlers\FileHandler' driver.
DEBUG - 2025-11-08 02:06:14 --> Session: Class initialized using 'CodeIgniter\Session\Handlers\FileHandler' driver.
DEBUG - 2025-11-08 02:06:14 --> Session: Class initialized using 'CodeIgniter\Session\Handlers\FileHandler' driver.
DEBUG - 2025-11-08 02:06:15 --> Session: Class initialized using 'CodeIgniter\Session\Handlers\FileHandler' driver.
DEBUG - 2025-11-08 02:06:16 --> Session: Class initialized using 'CodeIgniter\Session\Handlers\FileHandler' driver.
DEBUG - 2025-11-08 02:06:16 --> Session: Class initialized using 'CodeIgniter\Session\Handlers\FileHandler' driver.
DEBUG - 2025-11-08 02:06:18 --> Session: Class initialized using 'CodeIgniter\Session\Handlers\FileHandler' driver.
DEBUG - 2025-11-08 02:06:18 --> Session: Class initialized using 'CodeIgniter\Session\Handlers\FileHandler' driver.
DEBUG - 2025-11-08 02:06:19 --> Session: Class initialized using 'CodeIgniter\Session\Handlers\FileHandler' driver.
DEBUG - 2025-11-08 02:06:19 --> Session: Class initialized using 'CodeIgniter\Session\Handlers\FileHandler' driver.
DEBUG - 2025-11-08 02:06:20 --> Session: Class initialized using 'CodeIgniter\Session\Handlers\FileHandler' driver.
DEBUG - 2025-11-08 02:06:20 --> Session: Class initialized using 'CodeIgniter\Session\Handlers\FileHandler' driver.
DEBUG - 2025-11-08 02:06:21 --> Session: Class initialized using 'CodeIgniter\Session\Handlers\FileHandler' driver.
DEBUG - 2025-11-08 02:06:21 --> Session: Class initialized using 'CodeIgniter\Session\Handlers\FileHandler' driver.
DEBUG - 2025-11-08 02:06:22 --> Session: Class initialized using 'CodeIgniter\Session\Handlers\FileHandler' driver.
DEBUG - 2025-11-08 02:06:22 --> Session: Class initialized using 'CodeIgniter\Session\Handlers\FileHandler' driver.
DEBUG - 2025-11-08 02:06:24 --> Session: Class initialized using 'CodeIgniter\Session\Handlers\FileHandler' driver.
DEBUG - 2025-11-08 02:06:24 --> Session: Class initialized using 'CodeIgniter\Session\Handlers\FileHandler' driver.
DEBUG - 2025-11-08 02:06:25 --> Session: Class initialized using 'CodeIgniter\Session\Handlers\FileHandler' driver.
DEBUG - 2025-11-08 02:06:25 --> Session: Class initialized using 'CodeIgniter\Session\Handlers\FileHandler' driver.
DEBUG - 2025-11-08 02:06:26 --> Session: Class initialized using 'CodeIgniter\Session\Handlers\FileHandler' driver.
DEBUG - 2025-11-08 02:06:26 --> Session: Class initialized using 'CodeIgniter\Session\Handlers\FileHandler' driver.
DEBUG - 2025-11-08 02:06:27 --> Session: Class initialized using 'CodeIgniter\Session\Handlers\FileHandler' driver.
DEBUG - 2025-11-08 02:06:27 --> Session: Class initialized using 'CodeIgniter\Session\Handlers\FileHandler' driver.
DEBUG - 2025-11-08 02:06:28 --> Session: Class initialized using 'CodeIgniter\Session\Handlers\FileHandler' driver.
DEBUG - 2025-11-08 02:06:28 --> Session: Class initialized using 'CodeIgniter\Session\Handlers\FileHandler' driver.
DEBUG - 2025-11-08 02:06:30 --> Session: Class initialized using 'CodeIgniter\Session\Handlers\FileHandler' driver.
DEBUG - 2025-11-08 02:06:30 --> Session: Class initialized using 'CodeIgniter\Session\Handlers\FileHandler' driver.
DEBUG - 2025-11-08 02:06:31 --> Session: Class initialized using 'CodeIgniter\Session\Handlers\FileHandler' driver.
DEBUG - 2025-11-08 02:06:31 --> Session: Class initialized using 'CodeIgniter\Session\Handlers\FileHandler' driver.
DEBUG - 2025-11-08 02:06:32 --> Session: Class initialized using 'CodeIgniter\Session\Handlers\FileHandler' driver.
DEBUG - 2025-11-08 02:06:32 --> Session: Class initialized using 'CodeIgniter\Session\Handlers\FileHandler' driver.
DEBUG - 2025-11-08 02:06:33 --> Session: Class initialized using 'CodeIgniter\Session\Handlers\FileHandler' driver.
DEBUG - 2025-11-08 02:06:33 --> Session: Class initialized using 'CodeIgniter\Session\Handlers\FileHandler' driver.
DEBUG - 2025-11-08 02:06:34 --> Session: Class initialized using 'CodeIgniter\Session\Handlers\FileHandler' driver.
DEBUG - 2025-11-08 02:06:34 --> Session: Class initialized using 'CodeIgniter\Session\Handlers\FileHandler' driver.
DEBUG - 2025-11-08 02:06:36 --> Session: Class initialized using 'CodeIgniter\Session\Handlers\FileHandler' driver.
DEBUG - 2025-11-08 02:06:36 --> Session: Class initialized using 'CodeIgniter\Session\Handlers\FileHandler' driver.
DEBUG - 2025-11-08 02:06:37 --> Session: Class initialized using 'CodeIgniter\Session\Handlers\FileHandler' driver.
DEBUG - 2025-11-08 02:06:37 --> Session: Class initialized using 'CodeIgniter\Session\Handlers\FileHandler' driver.
DEBUG - 2025-11-08 02:06:38 --> Session: Class initialized using 'CodeIgniter\Session\Handlers\FileHandler' driver.
DEBUG - 2025-11-08 02:06:38 --> Session: Class initialized using 'CodeIgniter\Session\Handlers\FileHandler' driver.
DEBUG - 2025-11-08 02:06:39 --> Session: Class initialized using 'CodeIgniter\Session\Handlers\FileHandler' driver.
DEBUG - 2025-11-08 02:06:39 --> Session: Class initialized using 'CodeIgniter\Session\Handlers\FileHandler' driver.
DEBUG - 2025-11-08 02:06:40 --> Session: Class initialized using 'CodeIgniter\Session\Handlers\FileHandler' driver.
DEBUG - 2025-11-08 02:06:42 --> Session: Class initialized using 'CodeIgniter\Session\Handlers\FileHandler' driver.
DEBUG - 2025-11-08 02:06:43 --> Session: Class initialized using 'CodeIgniter\Session\Handlers\FileHandler' driver.
DEBUG - 2025-11-08 02:06:44 --> Session: Class initialized using 'CodeIgniter\Session\Handlers\FileHandler' driver.
DEBUG - 2025-11-08 02:06:45 --> Session: Class initialized using 'CodeIgniter\Session\Handlers\FileHandler' driver.
DEBUG - 2025-11-08 02:06:46 --> Session: Class initialized using 'CodeIgniter\Session\Handlers\FileHandler' driver.
DEBUG - 2025-11-08 02:06:48 --> Session: Class initialized using 'CodeIgniter\Session\Handlers\FileHandler' driver.
DEBUG - 2025-11-08 02:06:49 --> Session: Class initialized using 'CodeIgniter\Session\Handlers\FileHandler' driver.
DEBUG - 2025-11-08 02:06:50 --> Session: Class initialized using 'CodeIgniter\Session\Handlers\FileHandler' driver.
DEBUG - 2025-11-08 02:06:51 --> Session: Class initialized using 'CodeIgniter\Session\Handlers\FileHandler' driver.
DEBUG - 2025-11-08 02:06:52 --> Session: Class initialized using 'CodeIgniter\Session\Handlers\FileHandler' driver.
DEBUG - 2025-11-08 02:06:54 --> Session: Class initialized using 'CodeIgniter\Session\Handlers\FileHandler' driver.
DEBUG - 2025-11-08 02:06:55 --> Session: Class initialized using 'CodeIgniter\Session\Handlers\FileHandler' driver.
DEBUG - 2025-11-08 02:06:56 --> Session: Class initialized using 'CodeIgniter\Session\Handlers\FileHandler' driver.
DEBUG - 2025-11-08 02:06:57 --> Session: Class initialized using 'CodeIgniter\Session\Handlers\FileHandler' driver.
DEBUG - 2025-11-08 02:06:58 --> Session: Class initialized using 'CodeIgniter\Session\Handlers\FileHandler' driver.
DEBUG - 2025-11-08 02:07:00 --> Session: Class initialized using 'CodeIgniter\Session\Handlers\FileHandler' driver.
DEBUG - 2025-11-08 02:07:01 --> Session: Class initialized using 'CodeIgniter\Session\Handlers\FileHandler' driver.
DEBUG - 2025-11-08 02:07:02 --> Session: Class initialized using 'CodeIgniter\Session\Handlers\FileHandler' driver.
DEBUG - 2025-11-08 02:07:03 --> Session: Class initialized using 'CodeIgniter\Session\Handlers\FileHandler' driver.
DEBUG - 2025-11-08 02:07:04 --> Session: Class initialized using 'CodeIgniter\Session\Handlers\FileHandler' driver.
DEBUG - 2025-11-08 02:07:06 --> Session: Class initialized using 'CodeIgniter\Session\Handlers\FileHandler' driver.
DEBUG - 2025-11-08 02:07:07 --> Session: Class initialized using 'CodeIgniter\Session\Handlers\FileHandler' driver.
DEBUG - 2025-11-08 02:07:08 --> Session: Class initialized using 'CodeIgniter\Session\Handlers\FileHandler' driver.
DEBUG - 2025-11-08 02:07:09 --> Session: Class initialized using 'CodeIgniter\Session\Handlers\FileHandler' driver.
DEBUG - 2025-11-08 02:07:10 --> Session: Class initialized using 'CodeIgniter\Session\Handlers\FileHandler' driver.
DEBUG - 2025-11-08 02:07:12 --> Session: Class initialized using 'CodeIgniter\Session\Handlers\FileHandler' driver.
DEBUG - 2025-11-08 02:07:13 --> Session: Class initialized using 'CodeIgniter\Session\Handlers\FileHandler' driver.
DEBUG - 2025-11-08 02:07:14 --> Session: Class initialized using 'CodeIgniter\Session\Handlers\FileHandler' driver.
DEBUG - 2025-11-08 02:07:15 --> Session: Class initialized using 'CodeIgniter\Session\Handlers\FileHandler' driver.
DEBUG - 2025-11-08 02:07:25 --> Session: Class initialized using 'CodeIgniter\Session\Handlers\FileHandler' driver.
DEBUG - 2025-11-08 02:07:25 --> Session: Class initialized using 'CodeIgniter\Session\Handlers\FileHandler' driver.
DEBUG - 2025-11-08 02:08:01 --> Session: Class initialized using 'CodeIgniter\Session\Handlers\FileHandler' driver.
CRITICAL - 2025-11-08 02:08:01 --> ErrorException: Undefined variable $messages
[Method: GET, Route: bantuan/chat/18/default]
in APPPATH\Views\pages\bantuan_chat.php on line 51.
 1 APPPATH\Views\pages\bantuan_chat.php(51): CodeIgniter\Debug\Exceptions->errorHandler(2, 'Undefined variable $messages', 'C:\\xampp\\htdocs\\e-arsip_ci4\\app\\Views\\pages\\bantuan_chat.php', 51)
 2 SYSTEMPATH\View\View.php(226): include('C:\\xampp\\htdocs\\e-arsip_ci4\\app\\Views\\pages\\bantuan_chat.php')
 3 SYSTEMPATH\View\View.php(229): CodeIgniter\View\View->CodeIgniter\View\{closure}()
 4 SYSTEMPATH\Common.php(1167): CodeIgniter\View\View->render('pages/bantuan_chat', [], true)
 5 APPPATH\Controllers\Bantuan.php(69): view('pages/bantuan_chat', [...])
 6 SYSTEMPATH\CodeIgniter.php(933): App\Controllers\Bantuan->chat('18', 'default')
 7 SYSTEMPATH\CodeIgniter.php(507): CodeIgniter\CodeIgniter->runController(Object(App\Controllers\Bantuan))
 8 SYSTEMPATH\CodeIgniter.php(354): CodeIgniter\CodeIgniter->handleRequest(null, Object(Config\Cache), false)
 9 SYSTEMPATH\Boot.php(363): CodeIgniter\CodeIgniter->run()
10 SYSTEMPATH\Boot.php(68): CodeIgniter\Boot::runCodeIgniter(Object(CodeIgniter\CodeIgniter))
11 FCPATH\index.php(59): CodeIgniter\Boot::bootWeb(Object(Config\Paths))
DEBUG - 2025-11-08 02:08:01 --> Session: Class initialized using 'CodeIgniter\Session\Handlers\FileHandler' driver.
CRITICAL - 2025-11-08 02:08:01 --> ErrorException: Undefined variable $messages
[Method: GET, Route: bantuan/chat/18/default]
in APPPATH\Views\pages\bantuan_chat.php on line 51.
 1 APPPATH\Views\pages\bantuan_chat.php(51): CodeIgniter\Debug\Exceptions->errorHandler(2, 'Undefined variable $messages', 'C:\\xampp\\htdocs\\e-arsip_ci4\\app\\Views\\pages\\bantuan_chat.php', 51)
 2 SYSTEMPATH\View\View.php(226): include('C:\\xampp\\htdocs\\e-arsip_ci4\\app\\Views\\pages\\bantuan_chat.php')
 3 SYSTEMPATH\View\View.php(229): CodeIgniter\View\View->CodeIgniter\View\{closure}()
 4 SYSTEMPATH\Common.php(1167): CodeIgniter\View\View->render('pages/bantuan_chat', [], true)
 5 APPPATH\Controllers\Bantuan.php(69): view('pages/bantuan_chat', [...])
 6 SYSTEMPATH\CodeIgniter.php(933): App\Controllers\Bantuan->chat('18', 'default')
 7 SYSTEMPATH\CodeIgniter.php(507): CodeIgniter\CodeIgniter->runController(Object(App\Controllers\Bantuan))
 8 SYSTEMPATH\CodeIgniter.php(354): CodeIgniter\CodeIgniter->handleRequest(null, Object(Config\Cache), false)
 9 SYSTEMPATH\Boot.php(363): CodeIgniter\CodeIgniter->run()
10 SYSTEMPATH\Boot.php(68): CodeIgniter\Boot::runCodeIgniter(Object(CodeIgniter\CodeIgniter))
11 FCPATH\index.php(59): CodeIgniter\Boot::bootWeb(Object(Config\Paths))
DEBUG - 2025-11-08 02:08:02 --> Session: Class initialized using 'CodeIgniter\Session\Handlers\FileHandler' driver.
CRITICAL - 2025-11-08 02:08:02 --> ErrorException: Undefined variable $messages
[Method: GET, Route: bantuan/chat/18/default]
in APPPATH\Views\pages\bantuan_chat.php on line 51.
 1 APPPATH\Views\pages\bantuan_chat.php(51): CodeIgniter\Debug\Exceptions->errorHandler(2, 'Undefined variable $messages', 'C:\\xampp\\htdocs\\e-arsip_ci4\\app\\Views\\pages\\bantuan_chat.php', 51)
 2 SYSTEMPATH\View\View.php(226): include('C:\\xampp\\htdocs\\e-arsip_ci4\\app\\Views\\pages\\bantuan_chat.php')
 3 SYSTEMPATH\View\View.php(229): CodeIgniter\View\View->CodeIgniter\View\{closure}()
 4 SYSTEMPATH\Common.php(1167): CodeIgniter\View\View->render('pages/bantuan_chat', [], true)
 5 APPPATH\Controllers\Bantuan.php(69): view('pages/bantuan_chat', [...])
 6 SYSTEMPATH\CodeIgniter.php(933): App\Controllers\Bantuan->chat('18', 'default')
 7 SYSTEMPATH\CodeIgniter.php(507): CodeIgniter\CodeIgniter->runController(Object(App\Controllers\Bantuan))
 8 SYSTEMPATH\CodeIgniter.php(354): CodeIgniter\CodeIgniter->handleRequest(null, Object(Config\Cache), false)
 9 SYSTEMPATH\Boot.php(363): CodeIgniter\CodeIgniter->run()
10 SYSTEMPATH\Boot.php(68): CodeIgniter\Boot::runCodeIgniter(Object(CodeIgniter\CodeIgniter))
11 FCPATH\index.php(59): CodeIgniter\Boot::bootWeb(Object(Config\Paths))
DEBUG - 2025-11-08 02:08:03 --> Session: Class initialized using 'CodeIgniter\Session\Handlers\FileHandler' driver.
CRITICAL - 2025-11-08 02:08:03 --> ErrorException: Undefined array key "nama"
[Method: GET, Route: bantuan/chat/42]
in APPPATH\Controllers\Bantuan.php on line 47.
 1 APPPATH\Controllers\Bantuan.php(47): CodeIgniter\Debug\Exceptions->errorHandler(2, 'Undefined array key "nama"', 'C:\\xampp\\htdocs\\e-arsip_ci4\\app\\Controllers\\Bantuan.php', 47)
 2 SYSTEMPATH\CodeIgniter.php(933): App\Controllers\Bantuan->chat('42')
 3 SYSTEMPATH\CodeIgniter.php(507): CodeIgniter\CodeIgniter->runController(Object(App\Controllers\Bantuan))
 4 SYSTEMPATH\CodeIgniter.php(354): CodeIgniter\CodeIgniter->handleRequest(null, Object(Config\Cache), false)
 5 SYSTEMPATH\Boot.php(363): CodeIgniter\CodeIgniter->run()
 6 SYSTEMPATH\Boot.php(68): CodeIgniter\Boot::runCodeIgniter(Object(CodeIgniter\CodeIgniter))
 7 FCPATH\index.php(59): CodeIgniter\Boot::bootWeb(Object(Config\Paths))
DEBUG - 2025-11-08 02:08:04 --> Session: Class initialized using 'CodeIgniter\Session\Handlers\FileHandler' driver.
CRITICAL - 2025-11-08 02:08:04 --> ErrorException: Undefined array key "nama"
[Method: GET, Route: bantuan/chat/42]
in APPPATH\Controllers\Bantuan.php on line 47.
 1 APPPATH\Controllers\Bantuan.php(47): CodeIgniter\Debug\Exceptions->errorHandler(2, 'Undefined array key "nama"', 'C:\\xampp\\htdocs\\e-arsip_ci4\\app\\Controllers\\Bantuan.php', 47)
 2 SYSTEMPATH\CodeIgniter.php(933): App\Controllers\Bantuan->chat('42')
 3 SYSTEMPATH\CodeIgniter.php(507): CodeIgniter\CodeIgniter->runController(Object(App\Controllers\Bantuan))
 4 SYSTEMPATH\CodeIgniter.php(354): CodeIgniter\CodeIgniter->handleRequest(null, Object(Config\Cache), false)
 5 SYSTEMPATH\Boot.php(363): CodeIgniter\CodeIgniter->run()
 6 SYSTEMPATH\Boot.php(68): CodeIgniter\Boot::runCodeIgniter(Object(CodeIgniter\CodeIgniter))
 7 FCPATH\index.php(59): CodeIgniter\Boot::bootWeb(Object(Config\Paths))
DEBUG - 2025-11-08 02:08:04 --> Session: Class initialized using 'CodeIgniter\Session\Handlers\FileHandler' driver.
CRITICAL - 2025-11-08 02:08:04 --> ErrorException: Undefined variable $messages
[Method: GET, Route: bantuan/chat/18/default]
in APPPATH\Views\pages\bantuan_chat.php on line 51.
 1 APPPATH\Views\pages\bantuan_chat.php(51): CodeIgniter\Debug\Exceptions->errorHandler(2, 'Undefined variable $messages', 'C:\\xampp\\htdocs\\e-arsip_ci4\\app\\Views\\pages\\bantuan_chat.php', 51)
 2 SYSTEMPATH\View\View.php(226): include('C:\\xampp\\htdocs\\e-arsip_ci4\\app\\Views\\pages\\bantuan_chat.php')
 3 SYSTEMPATH\View\View.php(229): CodeIgniter\View\View->CodeIgniter\View\{closure}()
 4 SYSTEMPATH\Common.php(1167): CodeIgniter\View\View->render('pages/bantuan_chat', [], true)
 5 APPPATH\Controllers\Bantuan.php(69): view('pages/bantuan_chat', [...])
 6 SYSTEMPATH\CodeIgniter.php(933): App\Controllers\Bantuan->chat('18', 'default')
 7 SYSTEMPATH\CodeIgniter.php(507): CodeIgniter\CodeIgniter->runController(Object(App\Controllers\Bantuan))
 8 SYSTEMPATH\CodeIgniter.php(354): CodeIgniter\CodeIgniter->handleRequest(null, Object(Config\Cache), false)
 9 SYSTEMPATH\Boot.php(363): CodeIgniter\CodeIgniter->run()
10 SYSTEMPATH\Boot.php(68): CodeIgniter\Boot::runCodeIgniter(Object(CodeIgniter\CodeIgniter))
11 FCPATH\index.php(59): CodeIgniter\Boot::bootWeb(Object(Config\Paths))
DEBUG - 2025-11-08 02:08:04 --> Session: Class initialized using 'CodeIgniter\Session\Handlers\FileHandler' driver.
CRITICAL - 2025-11-08 02:08:04 --> ErrorException: Undefined array key "nama"
[Method: GET, Route: bantuan/chat/42]
in APPPATH\Controllers\Bantuan.php on line 47.
 1 APPPATH\Controllers\Bantuan.php(47): CodeIgniter\Debug\Exceptions->errorHandler(2, 'Undefined array key "nama"', 'C:\\xampp\\htdocs\\e-arsip_ci4\\app\\Controllers\\Bantuan.php', 47)
 2 SYSTEMPATH\CodeIgniter.php(933): App\Controllers\Bantuan->chat('42')
 3 SYSTEMPATH\CodeIgniter.php(507): CodeIgniter\CodeIgniter->runController(Object(App\Controllers\Bantuan))
 4 SYSTEMPATH\CodeIgniter.php(354): CodeIgniter\CodeIgniter->handleRequest(null, Object(Config\Cache), false)
 5 SYSTEMPATH\Boot.php(363): CodeIgniter\CodeIgniter->run()
 6 SYSTEMPATH\Boot.php(68): CodeIgniter\Boot::runCodeIgniter(Object(CodeIgniter\CodeIgniter))
 7 FCPATH\index.php(59): CodeIgniter\Boot::bootWeb(Object(Config\Paths))
DEBUG - 2025-11-08 02:08:05 --> Session: Class initialized using 'CodeIgniter\Session\Handlers\FileHandler' driver.
CRITICAL - 2025-11-08 02:08:05 --> ErrorException: Undefined variable $messages
[Method: GET, Route: bantuan/chat/18/default]
in APPPATH\Views\pages\bantuan_chat.php on line 51.
 1 APPPATH\Views\pages\bantuan_chat.php(51): CodeIgniter\Debug\Exceptions->errorHandler(2, 'Undefined variable $messages', 'C:\\xampp\\htdocs\\e-arsip_ci4\\app\\Views\\pages\\bantuan_chat.php', 51)
 2 SYSTEMPATH\View\View.php(226): include('C:\\xampp\\htdocs\\e-arsip_ci4\\app\\Views\\pages\\bantuan_chat.php')
 3 SYSTEMPATH\View\View.php(229): CodeIgniter\View\View->CodeIgniter\View\{closure}()
 4 SYSTEMPATH\Common.php(1167): CodeIgniter\View\View->render('pages/bantuan_chat', [], true)
 5 APPPATH\Controllers\Bantuan.php(69): view('pages/bantuan_chat', [...])
 6 SYSTEMPATH\CodeIgniter.php(933): App\Controllers\Bantuan->chat('18', 'default')
 7 SYSTEMPATH\CodeIgniter.php(507): CodeIgniter\CodeIgniter->runController(Object(App\Controllers\Bantuan))
 8 SYSTEMPATH\CodeIgniter.php(354): CodeIgniter\CodeIgniter->handleRequest(null, Object(Config\Cache), false)
 9 SYSTEMPATH\Boot.php(363): CodeIgniter\CodeIgniter->run()
10 SYSTEMPATH\Boot.php(68): CodeIgniter\Boot::runCodeIgniter(Object(CodeIgniter\CodeIgniter))
11 FCPATH\index.php(59): CodeIgniter\Boot::bootWeb(Object(Config\Paths))
DEBUG - 2025-11-08 02:08:07 --> Session: Class initialized using 'CodeIgniter\Session\Handlers\FileHandler' driver.
CRITICAL - 2025-11-08 02:08:07 --> ErrorException: Undefined variable $messages
[Method: GET, Route: bantuan/chat/18/default]
in APPPATH\Views\pages\bantuan_chat.php on line 51.
 1 APPPATH\Views\pages\bantuan_chat.php(51): CodeIgniter\Debug\Exceptions->errorHandler(2, 'Undefined variable $messages', 'C:\\xampp\\htdocs\\e-arsip_ci4\\app\\Views\\pages\\bantuan_chat.php', 51)
 2 SYSTEMPATH\View\View.php(226): include('C:\\xampp\\htdocs\\e-arsip_ci4\\app\\Views\\pages\\bantuan_chat.php')
 3 SYSTEMPATH\View\View.php(229): CodeIgniter\View\View->CodeIgniter\View\{closure}()
 4 SYSTEMPATH\Common.php(1167): CodeIgniter\View\View->render('pages/bantuan_chat', [], true)
 5 APPPATH\Controllers\Bantuan.php(69): view('pages/bantuan_chat', [...])
 6 SYSTEMPATH\CodeIgniter.php(933): App\Controllers\Bantuan->chat('18', 'default')
 7 SYSTEMPATH\CodeIgniter.php(507): CodeIgniter\CodeIgniter->runController(Object(App\Controllers\Bantuan))
 8 SYSTEMPATH\CodeIgniter.php(354): CodeIgniter\CodeIgniter->handleRequest(null, Object(Config\Cache), false)
 9 SYSTEMPATH\Boot.php(363): CodeIgniter\CodeIgniter->run()
10 SYSTEMPATH\Boot.php(68): CodeIgniter\Boot::runCodeIgniter(Object(CodeIgniter\CodeIgniter))
11 FCPATH\index.php(59): CodeIgniter\Boot::bootWeb(Object(Config\Paths))
DEBUG - 2025-11-08 02:08:08 --> Session: Class initialized using 'CodeIgniter\Session\Handlers\FileHandler' driver.
CRITICAL - 2025-11-08 02:08:08 --> ErrorException: Undefined variable $messages
[Method: GET, Route: bantuan/chat/18/default]
in APPPATH\Views\pages\bantuan_chat.php on line 51.
 1 APPPATH\Views\pages\bantuan_chat.php(51): CodeIgniter\Debug\Exceptions->errorHandler(2, 'Undefined variable $messages', 'C:\\xampp\\htdocs\\e-arsip_ci4\\app\\Views\\pages\\bantuan_chat.php', 51)
 2 SYSTEMPATH\View\View.php(226): include('C:\\xampp\\htdocs\\e-arsip_ci4\\app\\Views\\pages\\bantuan_chat.php')
 3 SYSTEMPATH\View\View.php(229): CodeIgniter\View\View->CodeIgniter\View\{closure}()
 4 SYSTEMPATH\Common.php(1167): CodeIgniter\View\View->render('pages/bantuan_chat', [], true)
 5 APPPATH\Controllers\Bantuan.php(69): view('pages/bantuan_chat', [...])
 6 SYSTEMPATH\CodeIgniter.php(933): App\Controllers\Bantuan->chat('18', 'default')
 7 SYSTEMPATH\CodeIgniter.php(507): CodeIgniter\CodeIgniter->runController(Object(App\Controllers\Bantuan))
 8 SYSTEMPATH\CodeIgniter.php(354): CodeIgniter\CodeIgniter->handleRequest(null, Object(Config\Cache), false)
 9 SYSTEMPATH\Boot.php(363): CodeIgniter\CodeIgniter->run()
10 SYSTEMPATH\Boot.php(68): CodeIgniter\Boot::runCodeIgniter(Object(CodeIgniter\CodeIgniter))
11 FCPATH\index.php(59): CodeIgniter\Boot::bootWeb(Object(Config\Paths))
DEBUG - 2025-11-08 02:08:09 --> Session: Class initialized using 'CodeIgniter\Session\Handlers\FileHandler' driver.
CRITICAL - 2025-11-08 02:08:09 --> ErrorException: Undefined variable $messages
[Method: GET, Route: bantuan/chat/18/default]
in APPPATH\Views\pages\bantuan_chat.php on line 51.
 1 APPPATH\Views\pages\bantuan_chat.php(51): CodeIgniter\Debug\Exceptions->errorHandler(2, 'Undefined variable $messages', 'C:\\xampp\\htdocs\\e-arsip_ci4\\app\\Views\\pages\\bantuan_chat.php', 51)
 2 SYSTEMPATH\View\View.php(226): include('C:\\xampp\\htdocs\\e-arsip_ci4\\app\\Views\\pages\\bantuan_chat.php')
 3 SYSTEMPATH\View\View.php(229): CodeIgniter\View\View->CodeIgniter\View\{closure}()
 4 SYSTEMPATH\Common.php(1167): CodeIgniter\View\View->render('pages/bantuan_chat', [], true)
 5 APPPATH\Controllers\Bantuan.php(69): view('pages/bantuan_chat', [...])
 6 SYSTEMPATH\CodeIgniter.php(933): App\Controllers\Bantuan->chat('18', 'default')
 7 SYSTEMPATH\CodeIgniter.php(507): CodeIgniter\CodeIgniter->runController(Object(App\Controllers\Bantuan))
 8 SYSTEMPATH\CodeIgniter.php(354): CodeIgniter\CodeIgniter->handleRequest(null, Object(Config\Cache), false)
 9 SYSTEMPATH\Boot.php(363): CodeIgniter\CodeIgniter->run()
10 SYSTEMPATH\Boot.php(68): CodeIgniter\Boot::runCodeIgniter(Object(CodeIgniter\CodeIgniter))
11 FCPATH\index.php(59): CodeIgniter\Boot::bootWeb(Object(Config\Paths))
DEBUG - 2025-11-08 02:08:10 --> Session: Class initialized using 'CodeIgniter\Session\Handlers\FileHandler' driver.
CRITICAL - 2025-11-08 02:08:10 --> ErrorException: Undefined variable $messages
[Method: GET, Route: bantuan/chat/18/default]
in APPPATH\Views\pages\bantuan_chat.php on line 51.
 1 APPPATH\Views\pages\bantuan_chat.php(51): CodeIgniter\Debug\Exceptions->errorHandler(2, 'Undefined variable $messages', 'C:\\xampp\\htdocs\\e-arsip_ci4\\app\\Views\\pages\\bantuan_chat.php', 51)
 2 SYSTEMPATH\View\View.php(226): include('C:\\xampp\\htdocs\\e-arsip_ci4\\app\\Views\\pages\\bantuan_chat.php')
 3 SYSTEMPATH\View\View.php(229): CodeIgniter\View\View->CodeIgniter\View\{closure}()
 4 SYSTEMPATH\Common.php(1167): CodeIgniter\View\View->render('pages/bantuan_chat', [], true)
 5 APPPATH\Controllers\Bantuan.php(69): view('pages/bantuan_chat', [...])
 6 SYSTEMPATH\CodeIgniter.php(933): App\Controllers\Bantuan->chat('18', 'default')
 7 SYSTEMPATH\CodeIgniter.php(507): CodeIgniter\CodeIgniter->runController(Object(App\Controllers\Bantuan))
 8 SYSTEMPATH\CodeIgniter.php(354): CodeIgniter\CodeIgniter->handleRequest(null, Object(Config\Cache), false)
 9 SYSTEMPATH\Boot.php(363): CodeIgniter\CodeIgniter->run()
10 SYSTEMPATH\Boot.php(68): CodeIgniter\Boot::runCodeIgniter(Object(CodeIgniter\CodeIgniter))
11 FCPATH\index.php(59): CodeIgniter\Boot::bootWeb(Object(Config\Paths))
DEBUG - 2025-11-08 02:08:11 --> Session: Class initialized using 'CodeIgniter\Session\Handlers\FileHandler' driver.
CRITICAL - 2025-11-08 02:08:11 --> ErrorException: Undefined variable $messages
[Method: GET, Route: bantuan/chat/18/default]
in APPPATH\Views\pages\bantuan_chat.php on line 51.
 1 APPPATH\Views\pages\bantuan_chat.php(51): CodeIgniter\Debug\Exceptions->errorHandler(2, 'Undefined variable $messages', 'C:\\xampp\\htdocs\\e-arsip_ci4\\app\\Views\\pages\\bantuan_chat.php', 51)
 2 SYSTEMPATH\View\View.php(226): include('C:\\xampp\\htdocs\\e-arsip_ci4\\app\\Views\\pages\\bantuan_chat.php')
 3 SYSTEMPATH\View\View.php(229): CodeIgniter\View\View->CodeIgniter\View\{closure}()
 4 SYSTEMPATH\Common.php(1167): CodeIgniter\View\View->render('pages/bantuan_chat', [], true)
 5 APPPATH\Controllers\Bantuan.php(69): view('pages/bantuan_chat', [...])
 6 SYSTEMPATH\CodeIgniter.php(933): App\Controllers\Bantuan->chat('18', 'default')
 7 SYSTEMPATH\CodeIgniter.php(507): CodeIgniter\CodeIgniter->runController(Object(App\Controllers\Bantuan))
 8 SYSTEMPATH\CodeIgniter.php(354): CodeIgniter\CodeIgniter->handleRequest(null, Object(Config\Cache), false)
 9 SYSTEMPATH\Boot.php(363): CodeIgniter\CodeIgniter->run()
10 SYSTEMPATH\Boot.php(68): CodeIgniter\Boot::runCodeIgniter(Object(CodeIgniter\CodeIgniter))
11 FCPATH\index.php(59): CodeIgniter\Boot::bootWeb(Object(Config\Paths))
DEBUG - 2025-11-08 02:08:12 --> Session: Class initialized using 'CodeIgniter\Session\Handlers\FileHandler' driver.
CRITICAL - 2025-11-08 02:08:12 --> ErrorException: Undefined variable $messages
[Method: GET, Route: bantuan/chat/18/default]
in APPPATH\Views\pages\bantuan_chat.php on line 51.
 1 APPPATH\Views\pages\bantuan_chat.php(51): CodeIgniter\Debug\Exceptions->errorHandler(2, 'Undefined variable $messages', 'C:\\xampp\\htdocs\\e-arsip_ci4\\app\\Views\\pages\\bantuan_chat.php', 51)
 2 SYSTEMPATH\View\View.php(226): include('C:\\xampp\\htdocs\\e-arsip_ci4\\app\\Views\\pages\\bantuan_chat.php')
 3 SYSTEMPATH\View\View.php(229): CodeIgniter\View\View->CodeIgniter\View\{closure}()
 4 SYSTEMPATH\Common.php(1167): CodeIgniter\View\View->render('pages/bantuan_chat', [], true)
 5 APPPATH\Controllers\Bantuan.php(69): view('pages/bantuan_chat', [...])
 6 SYSTEMPATH\CodeIgniter.php(933): App\Controllers\Bantuan->chat('18', 'default')
 7 SYSTEMPATH\CodeIgniter.php(507): CodeIgniter\CodeIgniter->runController(Object(App\Controllers\Bantuan))
 8 SYSTEMPATH\CodeIgniter.php(354): CodeIgniter\CodeIgniter->handleRequest(null, Object(Config\Cache), false)
 9 SYSTEMPATH\Boot.php(363): CodeIgniter\CodeIgniter->run()
10 SYSTEMPATH\Boot.php(68): CodeIgniter\Boot::runCodeIgniter(Object(CodeIgniter\CodeIgniter))
11 FCPATH\index.php(59): CodeIgniter\Boot::bootWeb(Object(Config\Paths))
DEBUG - 2025-11-08 02:08:13 --> Session: Class initialized using 'CodeIgniter\Session\Handlers\FileHandler' driver.
CRITICAL - 2025-11-08 02:08:13 --> ErrorException: Undefined variable $messages
[Method: GET, Route: bantuan/chat/18/default]
in APPPATH\Views\pages\bantuan_chat.php on line 51.
 1 APPPATH\Views\pages\bantuan_chat.php(51): CodeIgniter\Debug\Exceptions->errorHandler(2, 'Undefined variable $messages', 'C:\\xampp\\htdocs\\e-arsip_ci4\\app\\Views\\pages\\bantuan_chat.php', 51)
 2 SYSTEMPATH\View\View.php(226): include('C:\\xampp\\htdocs\\e-arsip_ci4\\app\\Views\\pages\\bantuan_chat.php')
 3 SYSTEMPATH\View\View.php(229): CodeIgniter\View\View->CodeIgniter\View\{closure}()
 4 SYSTEMPATH\Common.php(1167): CodeIgniter\View\View->render('pages/bantuan_chat', [], true)
 5 APPPATH\Controllers\Bantuan.php(69): view('pages/bantuan_chat', [...])
 6 SYSTEMPATH\CodeIgniter.php(933): App\Controllers\Bantuan->chat('18', 'default')
 7 SYSTEMPATH\CodeIgniter.php(507): CodeIgniter\CodeIgniter->runController(Object(App\Controllers\Bantuan))
 8 SYSTEMPATH\CodeIgniter.php(354): CodeIgniter\CodeIgniter->handleRequest(null, Object(Config\Cache), false)
 9 SYSTEMPATH\Boot.php(363): CodeIgniter\CodeIgniter->run()
10 SYSTEMPATH\Boot.php(68): CodeIgniter\Boot::runCodeIgniter(Object(CodeIgniter\CodeIgniter))
11 FCPATH\index.php(59): CodeIgniter\Boot::bootWeb(Object(Config\Paths))
DEBUG - 2025-11-08 02:08:14 --> Session: Class initialized using 'CodeIgniter\Session\Handlers\FileHandler' driver.
CRITICAL - 2025-11-08 02:08:14 --> ErrorException: Undefined variable $messages
[Method: GET, Route: bantuan/chat/18/default]
in APPPATH\Views\pages\bantuan_chat.php on line 51.
 1 APPPATH\Views\pages\bantuan_chat.php(51): CodeIgniter\Debug\Exceptions->errorHandler(2, 'Undefined variable $messages', 'C:\\xampp\\htdocs\\e-arsip_ci4\\app\\Views\\pages\\bantuan_chat.php', 51)
 2 SYSTEMPATH\View\View.php(226): include('C:\\xampp\\htdocs\\e-arsip_ci4\\app\\Views\\pages\\bantuan_chat.php')
 3 SYSTEMPATH\View\View.php(229): CodeIgniter\View\View->CodeIgniter\View\{closure}()
 4 SYSTEMPATH\Common.php(1167): CodeIgniter\View\View->render('pages/bantuan_chat', [], true)
 5 APPPATH\Controllers\Bantuan.php(69): view('pages/bantuan_chat', [...])
 6 SYSTEMPATH\CodeIgniter.php(933): App\Controllers\Bantuan->chat('18', 'default')
 7 SYSTEMPATH\CodeIgniter.php(507): CodeIgniter\CodeIgniter->runController(Object(App\Controllers\Bantuan))
 8 SYSTEMPATH\CodeIgniter.php(354): CodeIgniter\CodeIgniter->handleRequest(null, Object(Config\Cache), false)
 9 SYSTEMPATH\Boot.php(363): CodeIgniter\CodeIgniter->run()
10 SYSTEMPATH\Boot.php(68): CodeIgniter\Boot::runCodeIgniter(Object(CodeIgniter\CodeIgniter))
11 FCPATH\index.php(59): CodeIgniter\Boot::bootWeb(Object(Config\Paths))
DEBUG - 2025-11-08 02:08:16 --> Session: Class initialized using 'CodeIgniter\Session\Handlers\FileHandler' driver.
CRITICAL - 2025-11-08 02:08:16 --> ErrorException: Undefined variable $messages
[Method: GET, Route: bantuan/chat/18/default]
in APPPATH\Views\pages\bantuan_chat.php on line 51.
 1 APPPATH\Views\pages\bantuan_chat.php(51): CodeIgniter\Debug\Exceptions->errorHandler(2, 'Undefined variable $messages', 'C:\\xampp\\htdocs\\e-arsip_ci4\\app\\Views\\pages\\bantuan_chat.php', 51)
 2 SYSTEMPATH\View\View.php(226): include('C:\\xampp\\htdocs\\e-arsip_ci4\\app\\Views\\pages\\bantuan_chat.php')
 3 SYSTEMPATH\View\View.php(229): CodeIgniter\View\View->CodeIgniter\View\{closure}()
 4 SYSTEMPATH\Common.php(1167): CodeIgniter\View\View->render('pages/bantuan_chat', [], true)
 5 APPPATH\Controllers\Bantuan.php(69): view('pages/bantuan_chat', [...])
 6 SYSTEMPATH\CodeIgniter.php(933): App\Controllers\Bantuan->chat('18', 'default')
 7 SYSTEMPATH\CodeIgniter.php(507): CodeIgniter\CodeIgniter->runController(Object(App\Controllers\Bantuan))
 8 SYSTEMPATH\CodeIgniter.php(354): CodeIgniter\CodeIgniter->handleRequest(null, Object(Config\Cache), false)
 9 SYSTEMPATH\Boot.php(363): CodeIgniter\CodeIgniter->run()
10 SYSTEMPATH\Boot.php(68): CodeIgniter\Boot::runCodeIgniter(Object(CodeIgniter\CodeIgniter))
11 FCPATH\index.php(59): CodeIgniter\Boot::bootWeb(Object(Config\Paths))
DEBUG - 2025-11-08 02:08:17 --> Session: Class initialized using 'CodeIgniter\Session\Handlers\FileHandler' driver.
CRITICAL - 2025-11-08 02:08:17 --> ErrorException: Undefined variable $messages
[Method: GET, Route: bantuan/chat/18/default]
in APPPATH\Views\pages\bantuan_chat.php on line 51.
 1 APPPATH\Views\pages\bantuan_chat.php(51): CodeIgniter\Debug\Exceptions->errorHandler(2, 'Undefined variable $messages', 'C:\\xampp\\htdocs\\e-arsip_ci4\\app\\Views\\pages\\bantuan_chat.php', 51)
 2 SYSTEMPATH\View\View.php(226): include('C:\\xampp\\htdocs\\e-arsip_ci4\\app\\Views\\pages\\bantuan_chat.php')
 3 SYSTEMPATH\View\View.php(229): CodeIgniter\View\View->CodeIgniter\View\{closure}()
 4 SYSTEMPATH\Common.php(1167): CodeIgniter\View\View->render('pages/bantuan_chat', [], true)
 5 APPPATH\Controllers\Bantuan.php(69): view('pages/bantuan_chat', [...])
 6 SYSTEMPATH\CodeIgniter.php(933): App\Controllers\Bantuan->chat('18', 'default')
 7 SYSTEMPATH\CodeIgniter.php(507): CodeIgniter\CodeIgniter->runController(Object(App\Controllers\Bantuan))
 8 SYSTEMPATH\CodeIgniter.php(354): CodeIgniter\CodeIgniter->handleRequest(null, Object(Config\Cache), false)
 9 SYSTEMPATH\Boot.php(363): CodeIgniter\CodeIgniter->run()
10 SYSTEMPATH\Boot.php(68): CodeIgniter\Boot::runCodeIgniter(Object(CodeIgniter\CodeIgniter))
11 FCPATH\index.php(59): CodeIgniter\Boot::bootWeb(Object(Config\Paths))
DEBUG - 2025-11-08 02:08:17 --> Session: Class initialized using 'CodeIgniter\Session\Handlers\FileHandler' driver.
WARNING - 2025-11-08 02:08:17 --> [DEPRECATED] Optional parameter $filters declared before required parameter $id_dep is implicitly treated as a required parameter in APPPATH\Models\Model_arsip.php on line 303.
 1 SYSTEMPATH\Autoloader\Autoloader.php(315): include_once('C:\\xampp\\htdocs\\e-arsip_ci4\\system\\Debug\\Exceptions.php')
 2 SYSTEMPATH\Autoloader\Autoloader.php(295): CodeIgniter\Autoloader\Autoloader->includeFile('C:\\xampp\\htdocs\\e-arsip_ci4\\app\\Models\\Model_arsip.php')
 3 SYSTEMPATH\Autoloader\Autoloader.php(271): CodeIgniter\Autoloader\Autoloader->loadInNamespace('App\\Models\\Model_arsip')
 4 APPPATH\Controllers\Kategori.php(21): CodeIgniter\Autoloader\Autoloader->loadClass('App\\Models\\Model_arsip')
 5 SYSTEMPATH\CodeIgniter.php(903): App\Controllers\Kategori->__construct()
 6 SYSTEMPATH\CodeIgniter.php(498): CodeIgniter\CodeIgniter->createController()
 7 SYSTEMPATH\CodeIgniter.php(354): CodeIgniter\CodeIgniter->handleRequest(null, Object(Config\Cache), false)
 8 SYSTEMPATH\Boot.php(363): CodeIgniter\CodeIgniter->run()
 9 SYSTEMPATH\Boot.php(68): CodeIgniter\Boot::runCodeIgniter(Object(CodeIgniter\CodeIgniter))
10 FCPATH\index.php(59): CodeIgniter\Boot::bootWeb(Object(Config\Paths))
DEBUG - 2025-11-08 02:08:18 --> Session: Class initialized using 'CodeIgniter\Session\Handlers\FileHandler' driver.
CRITICAL - 2025-11-08 02:08:18 --> ErrorException: Undefined variable $messages
[Method: GET, Route: bantuan/chat/18/default]
in APPPATH\Views\pages\bantuan_chat.php on line 51.
 1 APPPATH\Views\pages\bantuan_chat.php(51): CodeIgniter\Debug\Exceptions->errorHandler(2, 'Undefined variable $messages', 'C:\\xampp\\htdocs\\e-arsip_ci4\\app\\Views\\pages\\bantuan_chat.php', 51)
 2 SYSTEMPATH\View\View.php(226): include('C:\\xampp\\htdocs\\e-arsip_ci4\\app\\Views\\pages\\bantuan_chat.php')
 3 SYSTEMPATH\View\View.php(229): CodeIgniter\View\View->CodeIgniter\View\{closure}()
 4 SYSTEMPATH\Common.php(1167): CodeIgniter\View\View->render('pages/bantuan_chat', [], true)
 5 APPPATH\Controllers\Bantuan.php(69): view('pages/bantuan_chat', [...])
 6 SYSTEMPATH\CodeIgniter.php(933): App\Controllers\Bantuan->chat('18', 'default')
 7 SYSTEMPATH\CodeIgniter.php(507): CodeIgniter\CodeIgniter->runController(Object(App\Controllers\Bantuan))
 8 SYSTEMPATH\CodeIgniter.php(354): CodeIgniter\CodeIgniter->handleRequest(null, Object(Config\Cache), false)
 9 SYSTEMPATH\Boot.php(363): CodeIgniter\CodeIgniter->run()
10 SYSTEMPATH\Boot.php(68): CodeIgniter\Boot::runCodeIgniter(Object(CodeIgniter\CodeIgniter))
11 FCPATH\index.php(59): CodeIgniter\Boot::bootWeb(Object(Config\Paths))
DEBUG - 2025-11-08 02:08:20 --> Session: Class initialized using 'CodeIgniter\Session\Handlers\FileHandler' driver.
CRITICAL - 2025-11-08 02:08:20 --> ErrorException: Undefined variable $messages
[Method: GET, Route: bantuan/chat/18/default]
in APPPATH\Views\pages\bantuan_chat.php on line 51.
 1 APPPATH\Views\pages\bantuan_chat.php(51): CodeIgniter\Debug\Exceptions->errorHandler(2, 'Undefined variable $messages', 'C:\\xampp\\htdocs\\e-arsip_ci4\\app\\Views\\pages\\bantuan_chat.php', 51)
 2 SYSTEMPATH\View\View.php(226): include('C:\\xampp\\htdocs\\e-arsip_ci4\\app\\Views\\pages\\bantuan_chat.php')
 3 SYSTEMPATH\View\View.php(229): CodeIgniter\View\View->CodeIgniter\View\{closure}()
 4 SYSTEMPATH\Common.php(1167): CodeIgniter\View\View->render('pages/bantuan_chat', [], true)
 5 APPPATH\Controllers\Bantuan.php(69): view('pages/bantuan_chat', [...])
 6 SYSTEMPATH\CodeIgniter.php(933): App\Controllers\Bantuan->chat('18', 'default')
 7 SYSTEMPATH\CodeIgniter.php(507): CodeIgniter\CodeIgniter->runController(Object(App\Controllers\Bantuan))
 8 SYSTEMPATH\CodeIgniter.php(354): CodeIgniter\CodeIgniter->handleRequest(null, Object(Config\Cache), false)
 9 SYSTEMPATH\Boot.php(363): CodeIgniter\CodeIgniter->run()
10 SYSTEMPATH\Boot.php(68): CodeIgniter\Boot::runCodeIgniter(Object(CodeIgniter\CodeIgniter))
11 FCPATH\index.php(59): CodeIgniter\Boot::bootWeb(Object(Config\Paths))
DEBUG - 2025-11-08 02:08:20 --> Session: Class initialized using 'CodeIgniter\Session\Handlers\FileHandler' driver.
CRITICAL - 2025-11-08 02:08:20 --> ErrorException: Undefined variable $messages
[Method: GET, Route: bantuan/chat/18/default]
in APPPATH\Views\pages\bantuan_chat.php on line 51.
 1 APPPATH\Views\pages\bantuan_chat.php(51): CodeIgniter\Debug\Exceptions->errorHandler(2, 'Undefined variable $messages', 'C:\\xampp\\htdocs\\e-arsip_ci4\\app\\Views\\pages\\bantuan_chat.php', 51)
 2 SYSTEMPATH\View\View.php(226): include('C:\\xampp\\htdocs\\e-arsip_ci4\\app\\Views\\pages\\bantuan_chat.php')
 3 SYSTEMPATH\View\View.php(229): CodeIgniter\View\View->CodeIgniter\View\{closure}()
 4 SYSTEMPATH\Common.php(1167): CodeIgniter\View\View->render('pages/bantuan_chat', [], true)
 5 APPPATH\Controllers\Bantuan.php(69): view('pages/bantuan_chat', [...])
 6 SYSTEMPATH\CodeIgniter.php(933): App\Controllers\Bantuan->chat('18', 'default')
 7 SYSTEMPATH\CodeIgniter.php(507): CodeIgniter\CodeIgniter->runController(Object(App\Controllers\Bantuan))
 8 SYSTEMPATH\CodeIgniter.php(354): CodeIgniter\CodeIgniter->handleRequest(null, Object(Config\Cache), false)
 9 SYSTEMPATH\Boot.php(363): CodeIgniter\CodeIgniter->run()
10 SYSTEMPATH\Boot.php(68): CodeIgniter\Boot::runCodeIgniter(Object(CodeIgniter\CodeIgniter))
11 FCPATH\index.php(59): CodeIgniter\Boot::bootWeb(Object(Config\Paths))
DEBUG - 2025-11-08 02:08:21 --> Session: Class initialized using 'CodeIgniter\Session\Handlers\FileHandler' driver.
DEBUG - 2025-11-08 02:08:21 --> Session: Class initialized using 'CodeIgniter\Session\Handlers\FileHandler' driver.
CRITICAL - 2025-11-08 02:08:21 --> ErrorException: Undefined array key "nama"
[Method: GET, Route: bantuan/chat/42]
in APPPATH\Controllers\Bantuan.php on line 47.
 1 APPPATH\Controllers\Bantuan.php(47): CodeIgniter\Debug\Exceptions->errorHandler(2, 'Undefined array key "nama"', 'C:\\xampp\\htdocs\\e-arsip_ci4\\app\\Controllers\\Bantuan.php', 47)
 2 SYSTEMPATH\CodeIgniter.php(933): App\Controllers\Bantuan->chat('42')
 3 SYSTEMPATH\CodeIgniter.php(507): CodeIgniter\CodeIgniter->runController(Object(App\Controllers\Bantuan))
 4 SYSTEMPATH\CodeIgniter.php(354): CodeIgniter\CodeIgniter->handleRequest(null, Object(Config\Cache), false)
 5 SYSTEMPATH\Boot.php(363): CodeIgniter\CodeIgniter->run()
 6 SYSTEMPATH\Boot.php(68): CodeIgniter\Boot::runCodeIgniter(Object(CodeIgniter\CodeIgniter))
 7 FCPATH\index.php(59): CodeIgniter\Boot::bootWeb(Object(Config\Paths))
DEBUG - 2025-11-08 02:08:22 --> Session: Class initialized using 'CodeIgniter\Session\Handlers\FileHandler' driver.
CRITICAL - 2025-11-08 02:08:22 --> ErrorException: Undefined variable $messages
[Method: GET, Route: bantuan/chat/18/default]
in APPPATH\Views\pages\bantuan_chat.php on line 51.
 1 APPPATH\Views\pages\bantuan_chat.php(51): CodeIgniter\Debug\Exceptions->errorHandler(2, 'Undefined variable $messages', 'C:\\xampp\\htdocs\\e-arsip_ci4\\app\\Views\\pages\\bantuan_chat.php', 51)
 2 SYSTEMPATH\View\View.php(226): include('C:\\xampp\\htdocs\\e-arsip_ci4\\app\\Views\\pages\\bantuan_chat.php')
 3 SYSTEMPATH\View\View.php(229): CodeIgniter\View\View->CodeIgniter\View\{closure}()
 4 SYSTEMPATH\Common.php(1167): CodeIgniter\View\View->render('pages/bantuan_chat', [], true)
 5 APPPATH\Controllers\Bantuan.php(69): view('pages/bantuan_chat', [...])
 6 SYSTEMPATH\CodeIgniter.php(933): App\Controllers\Bantuan->chat('18', 'default')
 7 SYSTEMPATH\CodeIgniter.php(507): CodeIgniter\CodeIgniter->runController(Object(App\Controllers\Bantuan))
 8 SYSTEMPATH\CodeIgniter.php(354): CodeIgniter\CodeIgniter->handleRequest(null, Object(Config\Cache), false)
 9 SYSTEMPATH\Boot.php(363): CodeIgniter\CodeIgniter->run()
10 SYSTEMPATH\Boot.php(68): CodeIgniter\Boot::runCodeIgniter(Object(CodeIgniter\CodeIgniter))
11 FCPATH\index.php(59): CodeIgniter\Boot::bootWeb(Object(Config\Paths))
DEBUG - 2025-11-08 02:08:23 --> Session: Class initialized using 'CodeIgniter\Session\Handlers\FileHandler' driver.
CRITICAL - 2025-11-08 02:08:23 --> ErrorException: Undefined variable $messages
[Method: GET, Route: bantuan/chat/18/default]
in APPPATH\Views\pages\bantuan_chat.php on line 51.
 1 APPPATH\Views\pages\bantuan_chat.php(51): CodeIgniter\Debug\Exceptions->errorHandler(2, 'Undefined variable $messages', 'C:\\xampp\\htdocs\\e-arsip_ci4\\app\\Views\\pages\\bantuan_chat.php', 51)
 2 SYSTEMPATH\View\View.php(226): include('C:\\xampp\\htdocs\\e-arsip_ci4\\app\\Views\\pages\\bantuan_chat.php')
 3 SYSTEMPATH\View\View.php(229): CodeIgniter\View\View->CodeIgniter\View\{closure}()
 4 SYSTEMPATH\Common.php(1167): CodeIgniter\View\View->render('pages/bantuan_chat', [], true)
 5 APPPATH\Controllers\Bantuan.php(69): view('pages/bantuan_chat', [...])
 6 SYSTEMPATH\CodeIgniter.php(933): App\Controllers\Bantuan->chat('18', 'default')
 7 SYSTEMPATH\CodeIgniter.php(507): CodeIgniter\CodeIgniter->runController(Object(App\Controllers\Bantuan))
 8 SYSTEMPATH\CodeIgniter.php(354): CodeIgniter\CodeIgniter->handleRequest(null, Object(Config\Cache), false)
 9 SYSTEMPATH\Boot.php(363): CodeIgniter\CodeIgniter->run()
10 SYSTEMPATH\Boot.php(68): CodeIgniter\Boot::runCodeIgniter(Object(CodeIgniter\CodeIgniter))
11 FCPATH\index.php(59): CodeIgniter\Boot::bootWeb(Object(Config\Paths))
DEBUG - 2025-11-08 02:08:23 --> Session: Class initialized using 'CodeIgniter\Session\Handlers\FileHandler' driver.
WARNING - 2025-11-08 02:08:23 --> [DEPRECATED] Optional parameter $filters declared before required parameter $id_dep is implicitly treated as a required parameter in APPPATH\Models\Model_arsip.php on line 303.
 1 SYSTEMPATH\Autoloader\Autoloader.php(315): include_once('C:\\xampp\\htdocs\\e-arsip_ci4\\system\\Debug\\Exceptions.php')
 2 SYSTEMPATH\Autoloader\Autoloader.php(295): CodeIgniter\Autoloader\Autoloader->includeFile('C:\\xampp\\htdocs\\e-arsip_ci4\\app\\Models\\Model_arsip.php')
 3 SYSTEMPATH\Autoloader\Autoloader.php(271): CodeIgniter\Autoloader\Autoloader->loadInNamespace('App\\Models\\Model_arsip')
 4 APPPATH\Controllers\Kategori.php(21): CodeIgniter\Autoloader\Autoloader->loadClass('App\\Models\\Model_arsip')
 5 SYSTEMPATH\CodeIgniter.php(903): App\Controllers\Kategori->__construct()
 6 SYSTEMPATH\CodeIgniter.php(498): CodeIgniter\CodeIgniter->createController()
 7 SYSTEMPATH\CodeIgniter.php(354): CodeIgniter\CodeIgniter->handleRequest(null, Object(Config\Cache), false)
 8 SYSTEMPATH\Boot.php(363): CodeIgniter\CodeIgniter->run()
 9 SYSTEMPATH\Boot.php(68): CodeIgniter\Boot::runCodeIgniter(Object(CodeIgniter\CodeIgniter))
10 FCPATH\index.php(59): CodeIgniter\Boot::bootWeb(Object(Config\Paths))
DEBUG - 2025-11-08 02:08:24 --> Session: Class initialized using 'CodeIgniter\Session\Handlers\FileHandler' driver.
CRITICAL - 2025-11-08 02:08:24 --> ErrorException: Undefined variable $messages
[Method: GET, Route: bantuan/chat/18/default]
in APPPATH\Views\pages\bantuan_chat.php on line 51.
 1 APPPATH\Views\pages\bantuan_chat.php(51): CodeIgniter\Debug\Exceptions->errorHandler(2, 'Undefined variable $messages', 'C:\\xampp\\htdocs\\e-arsip_ci4\\app\\Views\\pages\\bantuan_chat.php', 51)
 2 SYSTEMPATH\View\View.php(226): include('C:\\xampp\\htdocs\\e-arsip_ci4\\app\\Views\\pages\\bantuan_chat.php')
 3 SYSTEMPATH\View\View.php(229): CodeIgniter\View\View->CodeIgniter\View\{closure}()
 4 SYSTEMPATH\Common.php(1167): CodeIgniter\View\View->render('pages/bantuan_chat', [], true)
 5 APPPATH\Controllers\Bantuan.php(69): view('pages/bantuan_chat', [...])
 6 SYSTEMPATH\CodeIgniter.php(933): App\Controllers\Bantuan->chat('18', 'default')
 7 SYSTEMPATH\CodeIgniter.php(507): CodeIgniter\CodeIgniter->runController(Object(App\Controllers\Bantuan))
 8 SYSTEMPATH\CodeIgniter.php(354): CodeIgniter\CodeIgniter->handleRequest(null, Object(Config\Cache), false)
 9 SYSTEMPATH\Boot.php(363): CodeIgniter\CodeIgniter->run()
10 SYSTEMPATH\Boot.php(68): CodeIgniter\Boot::runCodeIgniter(Object(CodeIgniter\CodeIgniter))
11 FCPATH\index.php(59): CodeIgniter\Boot::bootWeb(Object(Config\Paths))
DEBUG - 2025-11-08 02:08:25 --> Session: Class initialized using 'CodeIgniter\Session\Handlers\FileHandler' driver.
CRITICAL - 2025-11-08 02:08:25 --> ErrorException: Undefined variable $messages
[Method: GET, Route: bantuan/chat/18/default]
in APPPATH\Views\pages\bantuan_chat.php on line 51.
 1 APPPATH\Views\pages\bantuan_chat.php(51): CodeIgniter\Debug\Exceptions->errorHandler(2, 'Undefined variable $messages', 'C:\\xampp\\htdocs\\e-arsip_ci4\\app\\Views\\pages\\bantuan_chat.php', 51)
 2 SYSTEMPATH\View\View.php(226): include('C:\\xampp\\htdocs\\e-arsip_ci4\\app\\Views\\pages\\bantuan_chat.php')
 3 SYSTEMPATH\View\View.php(229): CodeIgniter\View\View->CodeIgniter\View\{closure}()
 4 SYSTEMPATH\Common.php(1167): CodeIgniter\View\View->render('pages/bantuan_chat', [], true)
 5 APPPATH\Controllers\Bantuan.php(69): view('pages/bantuan_chat', [...])
 6 SYSTEMPATH\CodeIgniter.php(933): App\Controllers\Bantuan->chat('18', 'default')
 7 SYSTEMPATH\CodeIgniter.php(507): CodeIgniter\CodeIgniter->runController(Object(App\Controllers\Bantuan))
 8 SYSTEMPATH\CodeIgniter.php(354): CodeIgniter\CodeIgniter->handleRequest(null, Object(Config\Cache), false)
 9 SYSTEMPATH\Boot.php(363): CodeIgniter\CodeIgniter->run()
10 SYSTEMPATH\Boot.php(68): CodeIgniter\Boot::runCodeIgniter(Object(CodeIgniter\CodeIgniter))
11 FCPATH\index.php(59): CodeIgniter\Boot::bootWeb(Object(Config\Paths))
DEBUG - 2025-11-08 02:08:26 --> Session: Class initialized using 'CodeIgniter\Session\Handlers\FileHandler' driver.
WARNING - 2025-11-08 02:08:26 --> [DEPRECATED] Optional parameter $filters declared before required parameter $id_dep is implicitly treated as a required parameter in APPPATH\Models\Model_arsip.php on line 303.
 1 SYSTEMPATH\Autoloader\Autoloader.php(315): include_once('C:\\xampp\\htdocs\\e-arsip_ci4\\system\\Debug\\Exceptions.php')
 2 SYSTEMPATH\Autoloader\Autoloader.php(295): CodeIgniter\Autoloader\Autoloader->includeFile('C:\\xampp\\htdocs\\e-arsip_ci4\\app\\Models\\Model_arsip.php')
 3 SYSTEMPATH\Autoloader\Autoloader.php(271): CodeIgniter\Autoloader\Autoloader->loadInNamespace('App\\Models\\Model_arsip')
 4 APPPATH\Controllers\Kategori.php(21): CodeIgniter\Autoloader\Autoloader->loadClass('App\\Models\\Model_arsip')
 5 SYSTEMPATH\CodeIgniter.php(903): App\Controllers\Kategori->__construct()
 6 SYSTEMPATH\CodeIgniter.php(498): CodeIgniter\CodeIgniter->createController()
 7 SYSTEMPATH\CodeIgniter.php(354): CodeIgniter\CodeIgniter->handleRequest(null, Object(Config\Cache), false)
 8 SYSTEMPATH\Boot.php(363): CodeIgniter\CodeIgniter->run()
 9 SYSTEMPATH\Boot.php(68): CodeIgniter\Boot::runCodeIgniter(Object(CodeIgniter\CodeIgniter))
10 FCPATH\index.php(59): CodeIgniter\Boot::bootWeb(Object(Config\Paths))
DEBUG - 2025-11-08 02:08:26 --> Session: Class initialized using 'CodeIgniter\Session\Handlers\FileHandler' driver.
CRITICAL - 2025-11-08 02:08:27 --> ErrorException: Undefined variable $messages
[Method: GET, Route: bantuan/chat/18/default]
in APPPATH\Views\pages\bantuan_chat.php on line 51.
 1 APPPATH\Views\pages\bantuan_chat.php(51): CodeIgniter\Debug\Exceptions->errorHandler(2, 'Undefined variable $messages', 'C:\\xampp\\htdocs\\e-arsip_ci4\\app\\Views\\pages\\bantuan_chat.php', 51)
 2 SYSTEMPATH\View\View.php(226): include('C:\\xampp\\htdocs\\e-arsip_ci4\\app\\Views\\pages\\bantuan_chat.php')
 3 SYSTEMPATH\View\View.php(229): CodeIgniter\View\View->CodeIgniter\View\{closure}()
 4 SYSTEMPATH\Common.php(1167): CodeIgniter\View\View->render('pages/bantuan_chat', [], true)
 5 APPPATH\Controllers\Bantuan.php(69): view('pages/bantuan_chat', [...])
 6 SYSTEMPATH\CodeIgniter.php(933): App\Controllers\Bantuan->chat('18', 'default')
 7 SYSTEMPATH\CodeIgniter.php(507): CodeIgniter\CodeIgniter->runController(Object(App\Controllers\Bantuan))
 8 SYSTEMPATH\CodeIgniter.php(354): CodeIgniter\CodeIgniter->handleRequest(null, Object(Config\Cache), false)
 9 SYSTEMPATH\Boot.php(363): CodeIgniter\CodeIgniter->run()
10 SYSTEMPATH\Boot.php(68): CodeIgniter\Boot::runCodeIgniter(Object(CodeIgniter\CodeIgniter))
11 FCPATH\index.php(59): CodeIgniter\Boot::bootWeb(Object(Config\Paths))
DEBUG - 2025-11-08 02:08:28 --> Session: Class initialized using 'CodeIgniter\Session\Handlers\FileHandler' driver.
CRITICAL - 2025-11-08 02:08:28 --> ErrorException: Undefined variable $messages
[Method: GET, Route: bantuan/chat/18/default]
in APPPATH\Views\pages\bantuan_chat.php on line 51.
 1 APPPATH\Views\pages\bantuan_chat.php(51): CodeIgniter\Debug\Exceptions->errorHandler(2, 'Undefined variable $messages', 'C:\\xampp\\htdocs\\e-arsip_ci4\\app\\Views\\pages\\bantuan_chat.php', 51)
 2 SYSTEMPATH\View\View.php(226): include('C:\\xampp\\htdocs\\e-arsip_ci4\\app\\Views\\pages\\bantuan_chat.php')
 3 SYSTEMPATH\View\View.php(229): CodeIgniter\View\View->CodeIgniter\View\{closure}()
 4 SYSTEMPATH\Common.php(1167): CodeIgniter\View\View->render('pages/bantuan_chat', [], true)
 5 APPPATH\Controllers\Bantuan.php(69): view('pages/bantuan_chat', [...])
 6 SYSTEMPATH\CodeIgniter.php(933): App\Controllers\Bantuan->chat('18', 'default')
 7 SYSTEMPATH\CodeIgniter.php(507): CodeIgniter\CodeIgniter->runController(Object(App\Controllers\Bantuan))
 8 SYSTEMPATH\CodeIgniter.php(354): CodeIgniter\CodeIgniter->handleRequest(null, Object(Config\Cache), false)
 9 SYSTEMPATH\Boot.php(363): CodeIgniter\CodeIgniter->run()
10 SYSTEMPATH\Boot.php(68): CodeIgniter\Boot::runCodeIgniter(Object(CodeIgniter\CodeIgniter))
11 FCPATH\index.php(59): CodeIgniter\Boot::bootWeb(Object(Config\Paths))
DEBUG - 2025-11-08 02:08:29 --> Session: Class initialized using 'CodeIgniter\Session\Handlers\FileHandler' driver.
CRITICAL - 2025-11-08 02:08:29 --> ErrorException: Undefined variable $messages
[Method: GET, Route: bantuan/chat/18/default]
in APPPATH\Views\pages\bantuan_chat.php on line 51.
 1 APPPATH\Views\pages\bantuan_chat.php(51): CodeIgniter\Debug\Exceptions->errorHandler(2, 'Undefined variable $messages', 'C:\\xampp\\htdocs\\e-arsip_ci4\\app\\Views\\pages\\bantuan_chat.php', 51)
 2 SYSTEMPATH\View\View.php(226): include('C:\\xampp\\htdocs\\e-arsip_ci4\\app\\Views\\pages\\bantuan_chat.php')
 3 SYSTEMPATH\View\View.php(229): CodeIgniter\View\View->CodeIgniter\View\{closure}()
 4 SYSTEMPATH\Common.php(1167): CodeIgniter\View\View->render('pages/bantuan_chat', [], true)
 5 APPPATH\Controllers\Bantuan.php(69): view('pages/bantuan_chat', [...])
 6 SYSTEMPATH\CodeIgniter.php(933): App\Controllers\Bantuan->chat('18', 'default')
 7 SYSTEMPATH\CodeIgniter.php(507): CodeIgniter\CodeIgniter->runController(Object(App\Controllers\Bantuan))
 8 SYSTEMPATH\CodeIgniter.php(354): CodeIgniter\CodeIgniter->handleRequest(null, Object(Config\Cache), false)
 9 SYSTEMPATH\Boot.php(363): CodeIgniter\CodeIgniter->run()
10 SYSTEMPATH\Boot.php(68): CodeIgniter\Boot::runCodeIgniter(Object(CodeIgniter\CodeIgniter))
11 FCPATH\index.php(59): CodeIgniter\Boot::bootWeb(Object(Config\Paths))
DEBUG - 2025-11-08 02:08:29 --> Session: Class initialized using 'CodeIgniter\Session\Handlers\FileHandler' driver.
WARNING - 2025-11-08 02:08:29 --> [DEPRECATED] Optional parameter $filters declared before required parameter $id_dep is implicitly treated as a required parameter in APPPATH\Models\Model_arsip.php on line 303.
 1 SYSTEMPATH\Autoloader\Autoloader.php(315): include_once('C:\\xampp\\htdocs\\e-arsip_ci4\\system\\Debug\\Exceptions.php')
 2 SYSTEMPATH\Autoloader\Autoloader.php(295): CodeIgniter\Autoloader\Autoloader->includeFile('C:\\xampp\\htdocs\\e-arsip_ci4\\app\\Models\\Model_arsip.php')
 3 SYSTEMPATH\Autoloader\Autoloader.php(271): CodeIgniter\Autoloader\Autoloader->loadInNamespace('App\\Models\\Model_arsip')
 4 APPPATH\Controllers\Kategori.php(21): CodeIgniter\Autoloader\Autoloader->loadClass('App\\Models\\Model_arsip')
 5 SYSTEMPATH\CodeIgniter.php(903): App\Controllers\Kategori->__construct()
 6 SYSTEMPATH\CodeIgniter.php(498): CodeIgniter\CodeIgniter->createController()
 7 SYSTEMPATH\CodeIgniter.php(354): CodeIgniter\CodeIgniter->handleRequest(null, Object(Config\Cache), false)
 8 SYSTEMPATH\Boot.php(363): CodeIgniter\CodeIgniter->run()
 9 SYSTEMPATH\Boot.php(68): CodeIgniter\Boot::runCodeIgniter(Object(CodeIgniter\CodeIgniter))
10 FCPATH\index.php(59): CodeIgniter\Boot::bootWeb(Object(Config\Paths))
DEBUG - 2025-11-08 02:08:30 --> Session: Class initialized using 'CodeIgniter\Session\Handlers\FileHandler' driver.
CRITICAL - 2025-11-08 02:08:30 --> ErrorException: Undefined variable $messages
[Method: GET, Route: bantuan/chat/18/default]
in APPPATH\Views\pages\bantuan_chat.php on line 51.
 1 APPPATH\Views\pages\bantuan_chat.php(51): CodeIgniter\Debug\Exceptions->errorHandler(2, 'Undefined variable $messages', 'C:\\xampp\\htdocs\\e-arsip_ci4\\app\\Views\\pages\\bantuan_chat.php', 51)
 2 SYSTEMPATH\View\View.php(226): include('C:\\xampp\\htdocs\\e-arsip_ci4\\app\\Views\\pages\\bantuan_chat.php')
 3 SYSTEMPATH\View\View.php(229): CodeIgniter\View\View->CodeIgniter\View\{closure}()
 4 SYSTEMPATH\Common.php(1167): CodeIgniter\View\View->render('pages/bantuan_chat', [], true)
 5 APPPATH\Controllers\Bantuan.php(69): view('pages/bantuan_chat', [...])
 6 SYSTEMPATH\CodeIgniter.php(933): App\Controllers\Bantuan->chat('18', 'default')
 7 SYSTEMPATH\CodeIgniter.php(507): CodeIgniter\CodeIgniter->runController(Object(App\Controllers\Bantuan))
 8 SYSTEMPATH\CodeIgniter.php(354): CodeIgniter\CodeIgniter->handleRequest(null, Object(Config\Cache), false)
 9 SYSTEMPATH\Boot.php(363): CodeIgniter\CodeIgniter->run()
10 SYSTEMPATH\Boot.php(68): CodeIgniter\Boot::runCodeIgniter(Object(CodeIgniter\CodeIgniter))
11 FCPATH\index.php(59): CodeIgniter\Boot::bootWeb(Object(Config\Paths))
DEBUG - 2025-11-08 02:08:31 --> Session: Class initialized using 'CodeIgniter\Session\Handlers\FileHandler' driver.
DEBUG - 2025-11-08 02:08:31 --> Session: Class initialized using 'CodeIgniter\Session\Handlers\FileHandler' driver.
CRITICAL - 2025-11-08 02:08:31 --> ErrorException: Undefined variable $messages
[Method: GET, Route: bantuan/chat/18/default]
in APPPATH\Views\pages\bantuan_chat.php on line 51.
 1 APPPATH\Views\pages\bantuan_chat.php(51): CodeIgniter\Debug\Exceptions->errorHandler(2, 'Undefined variable $messages', 'C:\\xampp\\htdocs\\e-arsip_ci4\\app\\Views\\pages\\bantuan_chat.php', 51)
 2 SYSTEMPATH\View\View.php(226): include('C:\\xampp\\htdocs\\e-arsip_ci4\\app\\Views\\pages\\bantuan_chat.php')
 3 SYSTEMPATH\View\View.php(229): CodeIgniter\View\View->CodeIgniter\View\{closure}()
 4 SYSTEMPATH\Common.php(1167): CodeIgniter\View\View->render('pages/bantuan_chat', [], true)
 5 APPPATH\Controllers\Bantuan.php(69): view('pages/bantuan_chat', [...])
 6 SYSTEMPATH\CodeIgniter.php(933): App\Controllers\Bantuan->chat('18', 'default')
 7 SYSTEMPATH\CodeIgniter.php(507): CodeIgniter\CodeIgniter->runController(Object(App\Controllers\Bantuan))
 8 SYSTEMPATH\CodeIgniter.php(354): CodeIgniter\CodeIgniter->handleRequest(null, Object(Config\Cache), false)
 9 SYSTEMPATH\Boot.php(363): CodeIgniter\CodeIgniter->run()
10 SYSTEMPATH\Boot.php(68): CodeIgniter\Boot::runCodeIgniter(Object(CodeIgniter\CodeIgniter))
11 FCPATH\index.php(59): CodeIgniter\Boot::bootWeb(Object(Config\Paths))
DEBUG - 2025-11-08 02:08:32 --> Session: Class initialized using 'CodeIgniter\Session\Handlers\FileHandler' driver.
CRITICAL - 2025-11-08 02:08:32 --> ErrorException: Undefined variable $messages
[Method: GET, Route: bantuan/chat/18/default]
in APPPATH\Views\pages\bantuan_chat.php on line 51.
 1 APPPATH\Views\pages\bantuan_chat.php(51): CodeIgniter\Debug\Exceptions->errorHandler(2, 'Undefined variable $messages', 'C:\\xampp\\htdocs\\e-arsip_ci4\\app\\Views\\pages\\bantuan_chat.php', 51)
 2 SYSTEMPATH\View\View.php(226): include('C:\\xampp\\htdocs\\e-arsip_ci4\\app\\Views\\pages\\bantuan_chat.php')
 3 SYSTEMPATH\View\View.php(229): CodeIgniter\View\View->CodeIgniter\View\{closure}()
 4 SYSTEMPATH\Common.php(1167): CodeIgniter\View\View->render('pages/bantuan_chat', [], true)
 5 APPPATH\Controllers\Bantuan.php(69): view('pages/bantuan_chat', [...])
 6 SYSTEMPATH\CodeIgniter.php(933): App\Controllers\Bantuan->chat('18', 'default')
 7 SYSTEMPATH\CodeIgniter.php(507): CodeIgniter\CodeIgniter->runController(Object(App\Controllers\Bantuan))
 8 SYSTEMPATH\CodeIgniter.php(354): CodeIgniter\CodeIgniter->handleRequest(null, Object(Config\Cache), false)
 9 SYSTEMPATH\Boot.php(363): CodeIgniter\CodeIgniter->run()
10 SYSTEMPATH\Boot.php(68): CodeIgniter\Boot::runCodeIgniter(Object(CodeIgniter\CodeIgniter))
11 FCPATH\index.php(59): CodeIgniter\Boot::bootWeb(Object(Config\Paths))
DEBUG - 2025-11-08 02:08:34 --> Session: Class initialized using 'CodeIgniter\Session\Handlers\FileHandler' driver.
CRITICAL - 2025-11-08 02:08:34 --> ErrorException: Undefined variable $messages
[Method: GET, Route: bantuan/chat/18/default]
in APPPATH\Views\pages\bantuan_chat.php on line 51.
 1 APPPATH\Views\pages\bantuan_chat.php(51): CodeIgniter\Debug\Exceptions->errorHandler(2, 'Undefined variable $messages', 'C:\\xampp\\htdocs\\e-arsip_ci4\\app\\Views\\pages\\bantuan_chat.php', 51)
 2 SYSTEMPATH\View\View.php(226): include('C:\\xampp\\htdocs\\e-arsip_ci4\\app\\Views\\pages\\bantuan_chat.php')
 3 SYSTEMPATH\View\View.php(229): CodeIgniter\View\View->CodeIgniter\View\{closure}()
 4 SYSTEMPATH\Common.php(1167): CodeIgniter\View\View->render('pages/bantuan_chat', [], true)
 5 APPPATH\Controllers\Bantuan.php(69): view('pages/bantuan_chat', [...])
 6 SYSTEMPATH\CodeIgniter.php(933): App\Controllers\Bantuan->chat('18', 'default')
 7 SYSTEMPATH\CodeIgniter.php(507): CodeIgniter\CodeIgniter->runController(Object(App\Controllers\Bantuan))
 8 SYSTEMPATH\CodeIgniter.php(354): CodeIgniter\CodeIgniter->handleRequest(null, Object(Config\Cache), false)
 9 SYSTEMPATH\Boot.php(363): CodeIgniter\CodeIgniter->run()
10 SYSTEMPATH\Boot.php(68): CodeIgniter\Boot::runCodeIgniter(Object(CodeIgniter\CodeIgniter))
11 FCPATH\index.php(59): CodeIgniter\Boot::bootWeb(Object(Config\Paths))
DEBUG - 2025-11-08 02:08:35 --> Session: Class initialized using 'CodeIgniter\Session\Handlers\FileHandler' driver.
CRITICAL - 2025-11-08 02:08:35 --> ErrorException: Undefined variable $messages
[Method: GET, Route: bantuan/chat/18/default]
in APPPATH\Views\pages\bantuan_chat.php on line 51.
 1 APPPATH\Views\pages\bantuan_chat.php(51): CodeIgniter\Debug\Exceptions->errorHandler(2, 'Undefined variable $messages', 'C:\\xampp\\htdocs\\e-arsip_ci4\\app\\Views\\pages\\bantuan_chat.php', 51)
 2 SYSTEMPATH\View\View.php(226): include('C:\\xampp\\htdocs\\e-arsip_ci4\\app\\Views\\pages\\bantuan_chat.php')
 3 SYSTEMPATH\View\View.php(229): CodeIgniter\View\View->CodeIgniter\View\{closure}()
 4 SYSTEMPATH\Common.php(1167): CodeIgniter\View\View->render('pages/bantuan_chat', [], true)
 5 APPPATH\Controllers\Bantuan.php(69): view('pages/bantuan_chat', [...])
 6 SYSTEMPATH\CodeIgniter.php(933): App\Controllers\Bantuan->chat('18', 'default')
 7 SYSTEMPATH\CodeIgniter.php(507): CodeIgniter\CodeIgniter->runController(Object(App\Controllers\Bantuan))
 8 SYSTEMPATH\CodeIgniter.php(354): CodeIgniter\CodeIgniter->handleRequest(null, Object(Config\Cache), false)
 9 SYSTEMPATH\Boot.php(363): CodeIgniter\CodeIgniter->run()
10 SYSTEMPATH\Boot.php(68): CodeIgniter\Boot::runCodeIgniter(Object(CodeIgniter\CodeIgniter))
11 FCPATH\index.php(59): CodeIgniter\Boot::bootWeb(Object(Config\Paths))
DEBUG - 2025-11-08 02:08:36 --> Session: Class initialized using 'CodeIgniter\Session\Handlers\FileHandler' driver.
CRITICAL - 2025-11-08 02:08:36 --> ErrorException: Undefined variable $messages
[Method: GET, Route: bantuan/chat/18/default]
in APPPATH\Views\pages\bantuan_chat.php on line 51.
 1 APPPATH\Views\pages\bantuan_chat.php(51): CodeIgniter\Debug\Exceptions->errorHandler(2, 'Undefined variable $messages', 'C:\\xampp\\htdocs\\e-arsip_ci4\\app\\Views\\pages\\bantuan_chat.php', 51)
 2 SYSTEMPATH\View\View.php(226): include('C:\\xampp\\htdocs\\e-arsip_ci4\\app\\Views\\pages\\bantuan_chat.php')
 3 SYSTEMPATH\View\View.php(229): CodeIgniter\View\View->CodeIgniter\View\{closure}()
 4 SYSTEMPATH\Common.php(1167): CodeIgniter\View\View->render('pages/bantuan_chat', [], true)
 5 APPPATH\Controllers\Bantuan.php(69): view('pages/bantuan_chat', [...])
 6 SYSTEMPATH\CodeIgniter.php(933): App\Controllers\Bantuan->chat('18', 'default')
 7 SYSTEMPATH\CodeIgniter.php(507): CodeIgniter\CodeIgniter->runController(Object(App\Controllers\Bantuan))
 8 SYSTEMPATH\CodeIgniter.php(354): CodeIgniter\CodeIgniter->handleRequest(null, Object(Config\Cache), false)
 9 SYSTEMPATH\Boot.php(363): CodeIgniter\CodeIgniter->run()
10 SYSTEMPATH\Boot.php(68): CodeIgniter\Boot::runCodeIgniter(Object(CodeIgniter\CodeIgniter))
11 FCPATH\index.php(59): CodeIgniter\Boot::bootWeb(Object(Config\Paths))
DEBUG - 2025-11-08 02:08:37 --> Session: Class initialized using 'CodeIgniter\Session\Handlers\FileHandler' driver.
CRITICAL - 2025-11-08 02:08:37 --> ErrorException: Undefined variable $messages
[Method: GET, Route: bantuan/chat/18/default]
in APPPATH\Views\pages\bantuan_chat.php on line 51.
 1 APPPATH\Views\pages\bantuan_chat.php(51): CodeIgniter\Debug\Exceptions->errorHandler(2, 'Undefined variable $messages', 'C:\\xampp\\htdocs\\e-arsip_ci4\\app\\Views\\pages\\bantuan_chat.php', 51)
 2 SYSTEMPATH\View\View.php(226): include('C:\\xampp\\htdocs\\e-arsip_ci4\\app\\Views\\pages\\bantuan_chat.php')
 3 SYSTEMPATH\View\View.php(229): CodeIgniter\View\View->CodeIgniter\View\{closure}()
 4 SYSTEMPATH\Common.php(1167): CodeIgniter\View\View->render('pages/bantuan_chat', [], true)
 5 APPPATH\Controllers\Bantuan.php(69): view('pages/bantuan_chat', [...])
 6 SYSTEMPATH\CodeIgniter.php(933): App\Controllers\Bantuan->chat('18', 'default')
 7 SYSTEMPATH\CodeIgniter.php(507): CodeIgniter\CodeIgniter->runController(Object(App\Controllers\Bantuan))
 8 SYSTEMPATH\CodeIgniter.php(354): CodeIgniter\CodeIgniter->handleRequest(null, Object(Config\Cache), false)
 9 SYSTEMPATH\Boot.php(363): CodeIgniter\CodeIgniter->run()
10 SYSTEMPATH\Boot.php(68): CodeIgniter\Boot::runCodeIgniter(Object(CodeIgniter\CodeIgniter))
11 FCPATH\index.php(59): CodeIgniter\Boot::bootWeb(Object(Config\Paths))
DEBUG - 2025-11-08 02:08:38 --> Session: Class initialized using 'CodeIgniter\Session\Handlers\FileHandler' driver.
CRITICAL - 2025-11-08 02:08:38 --> ErrorException: Undefined variable $messages
[Method: GET, Route: bantuan/chat/18/default]
in APPPATH\Views\pages\bantuan_chat.php on line 51.
 1 APPPATH\Views\pages\bantuan_chat.php(51): CodeIgniter\Debug\Exceptions->errorHandler(2, 'Undefined variable $messages', 'C:\\xampp\\htdocs\\e-arsip_ci4\\app\\Views\\pages\\bantuan_chat.php', 51)
 2 SYSTEMPATH\View\View.php(226): include('C:\\xampp\\htdocs\\e-arsip_ci4\\app\\Views\\pages\\bantuan_chat.php')
 3 SYSTEMPATH\View\View.php(229): CodeIgniter\View\View->CodeIgniter\View\{closure}()
 4 SYSTEMPATH\Common.php(1167): CodeIgniter\View\View->render('pages/bantuan_chat', [], true)
 5 APPPATH\Controllers\Bantuan.php(69): view('pages/bantuan_chat', [...])
 6 SYSTEMPATH\CodeIgniter.php(933): App\Controllers\Bantuan->chat('18', 'default')
 7 SYSTEMPATH\CodeIgniter.php(507): CodeIgniter\CodeIgniter->runController(Object(App\Controllers\Bantuan))
 8 SYSTEMPATH\CodeIgniter.php(354): CodeIgniter\CodeIgniter->handleRequest(null, Object(Config\Cache), false)
 9 SYSTEMPATH\Boot.php(363): CodeIgniter\CodeIgniter->run()
10 SYSTEMPATH\Boot.php(68): CodeIgniter\Boot::runCodeIgniter(Object(CodeIgniter\CodeIgniter))
11 FCPATH\index.php(59): CodeIgniter\Boot::bootWeb(Object(Config\Paths))
DEBUG - 2025-11-08 02:08:40 --> Session: Class initialized using 'CodeIgniter\Session\Handlers\FileHandler' driver.
CRITICAL - 2025-11-08 02:08:40 --> ErrorException: Undefined variable $messages
[Method: GET, Route: bantuan/chat/18/default]
in APPPATH\Views\pages\bantuan_chat.php on line 51.
 1 APPPATH\Views\pages\bantuan_chat.php(51): CodeIgniter\Debug\Exceptions->errorHandler(2, 'Undefined variable $messages', 'C:\\xampp\\htdocs\\e-arsip_ci4\\app\\Views\\pages\\bantuan_chat.php', 51)
 2 SYSTEMPATH\View\View.php(226): include('C:\\xampp\\htdocs\\e-arsip_ci4\\app\\Views\\pages\\bantuan_chat.php')
 3 SYSTEMPATH\View\View.php(229): CodeIgniter\View\View->CodeIgniter\View\{closure}()
 4 SYSTEMPATH\Common.php(1167): CodeIgniter\View\View->render('pages/bantuan_chat', [], true)
 5 APPPATH\Controllers\Bantuan.php(69): view('pages/bantuan_chat', [...])
 6 SYSTEMPATH\CodeIgniter.php(933): App\Controllers\Bantuan->chat('18', 'default')
 7 SYSTEMPATH\CodeIgniter.php(507): CodeIgniter\CodeIgniter->runController(Object(App\Controllers\Bantuan))
 8 SYSTEMPATH\CodeIgniter.php(354): CodeIgniter\CodeIgniter->handleRequest(null, Object(Config\Cache), false)
 9 SYSTEMPATH\Boot.php(363): CodeIgniter\CodeIgniter->run()
10 SYSTEMPATH\Boot.php(68): CodeIgniter\Boot::runCodeIgniter(Object(CodeIgniter\CodeIgniter))
11 FCPATH\index.php(59): CodeIgniter\Boot::bootWeb(Object(Config\Paths))
DEBUG - 2025-11-08 02:08:41 --> Session: Class initialized using 'CodeIgniter\Session\Handlers\FileHandler' driver.
CRITICAL - 2025-11-08 02:08:41 --> ErrorException: Undefined variable $messages
[Method: GET, Route: bantuan/chat/18/default]
in APPPATH\Views\pages\bantuan_chat.php on line 51.
 1 APPPATH\Views\pages\bantuan_chat.php(51): CodeIgniter\Debug\Exceptions->errorHandler(2, 'Undefined variable $messages', 'C:\\xampp\\htdocs\\e-arsip_ci4\\app\\Views\\pages\\bantuan_chat.php', 51)
 2 SYSTEMPATH\View\View.php(226): include('C:\\xampp\\htdocs\\e-arsip_ci4\\app\\Views\\pages\\bantuan_chat.php')
 3 SYSTEMPATH\View\View.php(229): CodeIgniter\View\View->CodeIgniter\View\{closure}()
 4 SYSTEMPATH\Common.php(1167): CodeIgniter\View\View->render('pages/bantuan_chat', [], true)
 5 APPPATH\Controllers\Bantuan.php(69): view('pages/bantuan_chat', [...])
 6 SYSTEMPATH\CodeIgniter.php(933): App\Controllers\Bantuan->chat('18', 'default')
 7 SYSTEMPATH\CodeIgniter.php(507): CodeIgniter\CodeIgniter->runController(Object(App\Controllers\Bantuan))
 8 SYSTEMPATH\CodeIgniter.php(354): CodeIgniter\CodeIgniter->handleRequest(null, Object(Config\Cache), false)
 9 SYSTEMPATH\Boot.php(363): CodeIgniter\CodeIgniter->run()
10 SYSTEMPATH\Boot.php(68): CodeIgniter\Boot::runCodeIgniter(Object(CodeIgniter\CodeIgniter))
11 FCPATH\index.php(59): CodeIgniter\Boot::bootWeb(Object(Config\Paths))
DEBUG - 2025-11-08 02:08:42 --> Session: Class initialized using 'CodeIgniter\Session\Handlers\FileHandler' driver.
CRITICAL - 2025-11-08 02:08:42 --> ErrorException: Undefined variable $messages
[Method: GET, Route: bantuan/chat/18/default]
in APPPATH\Views\pages\bantuan_chat.php on line 51.
 1 APPPATH\Views\pages\bantuan_chat.php(51): CodeIgniter\Debug\Exceptions->errorHandler(2, 'Undefined variable $messages', 'C:\\xampp\\htdocs\\e-arsip_ci4\\app\\Views\\pages\\bantuan_chat.php', 51)
 2 SYSTEMPATH\View\View.php(226): include('C:\\xampp\\htdocs\\e-arsip_ci4\\app\\Views\\pages\\bantuan_chat.php')
 3 SYSTEMPATH\View\View.php(229): CodeIgniter\View\View->CodeIgniter\View\{closure}()
 4 SYSTEMPATH\Common.php(1167): CodeIgniter\View\View->render('pages/bantuan_chat', [], true)
 5 APPPATH\Controllers\Bantuan.php(69): view('pages/bantuan_chat', [...])
 6 SYSTEMPATH\CodeIgniter.php(933): App\Controllers\Bantuan->chat('18', 'default')
 7 SYSTEMPATH\CodeIgniter.php(507): CodeIgniter\CodeIgniter->runController(Object(App\Controllers\Bantuan))
 8 SYSTEMPATH\CodeIgniter.php(354): CodeIgniter\CodeIgniter->handleRequest(null, Object(Config\Cache), false)
 9 SYSTEMPATH\Boot.php(363): CodeIgniter\CodeIgniter->run()
10 SYSTEMPATH\Boot.php(68): CodeIgniter\Boot::runCodeIgniter(Object(CodeIgniter\CodeIgniter))
11 FCPATH\index.php(59): CodeIgniter\Boot::bootWeb(Object(Config\Paths))
DEBUG - 2025-11-08 02:08:43 --> Session: Class initialized using 'CodeIgniter\Session\Handlers\FileHandler' driver.
CRITICAL - 2025-11-08 02:08:43 --> ErrorException: Undefined variable $messages
[Method: GET, Route: bantuan/chat/18/default]
in APPPATH\Views\pages\bantuan_chat.php on line 51.
 1 APPPATH\Views\pages\bantuan_chat.php(51): CodeIgniter\Debug\Exceptions->errorHandler(2, 'Undefined variable $messages', 'C:\\xampp\\htdocs\\e-arsip_ci4\\app\\Views\\pages\\bantuan_chat.php', 51)
 2 SYSTEMPATH\View\View.php(226): include('C:\\xampp\\htdocs\\e-arsip_ci4\\app\\Views\\pages\\bantuan_chat.php')
 3 SYSTEMPATH\View\View.php(229): CodeIgniter\View\View->CodeIgniter\View\{closure}()
 4 SYSTEMPATH\Common.php(1167): CodeIgniter\View\View->render('pages/bantuan_chat', [], true)
 5 APPPATH\Controllers\Bantuan.php(69): view('pages/bantuan_chat', [...])
 6 SYSTEMPATH\CodeIgniter.php(933): App\Controllers\Bantuan->chat('18', 'default')
 7 SYSTEMPATH\CodeIgniter.php(507): CodeIgniter\CodeIgniter->runController(Object(App\Controllers\Bantuan))
 8 SYSTEMPATH\CodeIgniter.php(354): CodeIgniter\CodeIgniter->handleRequest(null, Object(Config\Cache), false)
 9 SYSTEMPATH\Boot.php(363): CodeIgniter\CodeIgniter->run()
10 SYSTEMPATH\Boot.php(68): CodeIgniter\Boot::runCodeIgniter(Object(CodeIgniter\CodeIgniter))
11 FCPATH\index.php(59): CodeIgniter\Boot::bootWeb(Object(Config\Paths))
DEBUG - 2025-11-08 02:08:44 --> Session: Class initialized using 'CodeIgniter\Session\Handlers\FileHandler' driver.
CRITICAL - 2025-11-08 02:08:44 --> ErrorException: Undefined variable $messages
[Method: GET, Route: bantuan/chat/18/default]
in APPPATH\Views\pages\bantuan_chat.php on line 51.
 1 APPPATH\Views\pages\bantuan_chat.php(51): CodeIgniter\Debug\Exceptions->errorHandler(2, 'Undefined variable $messages', 'C:\\xampp\\htdocs\\e-arsip_ci4\\app\\Views\\pages\\bantuan_chat.php', 51)
 2 SYSTEMPATH\View\View.php(226): include('C:\\xampp\\htdocs\\e-arsip_ci4\\app\\Views\\pages\\bantuan_chat.php')
 3 SYSTEMPATH\View\View.php(229): CodeIgniter\View\View->CodeIgniter\View\{closure}()
 4 SYSTEMPATH\Common.php(1167): CodeIgniter\View\View->render('pages/bantuan_chat', [], true)
 5 APPPATH\Controllers\Bantuan.php(69): view('pages/bantuan_chat', [...])
 6 SYSTEMPATH\CodeIgniter.php(933): App\Controllers\Bantuan->chat('18', 'default')
 7 SYSTEMPATH\CodeIgniter.php(507): CodeIgniter\CodeIgniter->runController(Object(App\Controllers\Bantuan))
 8 SYSTEMPATH\CodeIgniter.php(354): CodeIgniter\CodeIgniter->handleRequest(null, Object(Config\Cache), false)
 9 SYSTEMPATH\Boot.php(363): CodeIgniter\CodeIgniter->run()
10 SYSTEMPATH\Boot.php(68): CodeIgniter\Boot::runCodeIgniter(Object(CodeIgniter\CodeIgniter))
11 FCPATH\index.php(59): CodeIgniter\Boot::bootWeb(Object(Config\Paths))
DEBUG - 2025-11-08 02:08:46 --> Session: Class initialized using 'CodeIgniter\Session\Handlers\FileHandler' driver.
CRITICAL - 2025-11-08 02:08:46 --> ErrorException: Undefined variable $messages
[Method: GET, Route: bantuan/chat/18/default]
in APPPATH\Views\pages\bantuan_chat.php on line 51.
 1 APPPATH\Views\pages\bantuan_chat.php(51): CodeIgniter\Debug\Exceptions->errorHandler(2, 'Undefined variable $messages', 'C:\\xampp\\htdocs\\e-arsip_ci4\\app\\Views\\pages\\bantuan_chat.php', 51)
 2 SYSTEMPATH\View\View.php(226): include('C:\\xampp\\htdocs\\e-arsip_ci4\\app\\Views\\pages\\bantuan_chat.php')
 3 SYSTEMPATH\View\View.php(229): CodeIgniter\View\View->CodeIgniter\View\{closure}()
 4 SYSTEMPATH\Common.php(1167): CodeIgniter\View\View->render('pages/bantuan_chat', [], true)
 5 APPPATH\Controllers\Bantuan.php(69): view('pages/bantuan_chat', [...])
 6 SYSTEMPATH\CodeIgniter.php(933): App\Controllers\Bantuan->chat('18', 'default')
 7 SYSTEMPATH\CodeIgniter.php(507): CodeIgniter\CodeIgniter->runController(Object(App\Controllers\Bantuan))
 8 SYSTEMPATH\CodeIgniter.php(354): CodeIgniter\CodeIgniter->handleRequest(null, Object(Config\Cache), false)
 9 SYSTEMPATH\Boot.php(363): CodeIgniter\CodeIgniter->run()
10 SYSTEMPATH\Boot.php(68): CodeIgniter\Boot::runCodeIgniter(Object(CodeIgniter\CodeIgniter))
11 FCPATH\index.php(59): CodeIgniter\Boot::bootWeb(Object(Config\Paths))
DEBUG - 2025-11-08 02:08:47 --> Session: Class initialized using 'CodeIgniter\Session\Handlers\FileHandler' driver.
CRITICAL - 2025-11-08 02:08:47 --> ErrorException: Undefined variable $messages
[Method: GET, Route: bantuan/chat/18/default]
in APPPATH\Views\pages\bantuan_chat.php on line 51.
 1 APPPATH\Views\pages\bantuan_chat.php(51): CodeIgniter\Debug\Exceptions->errorHandler(2, 'Undefined variable $messages', 'C:\\xampp\\htdocs\\e-arsip_ci4\\app\\Views\\pages\\bantuan_chat.php', 51)
 2 SYSTEMPATH\View\View.php(226): include('C:\\xampp\\htdocs\\e-arsip_ci4\\app\\Views\\pages\\bantuan_chat.php')
 3 SYSTEMPATH\View\View.php(229): CodeIgniter\View\View->CodeIgniter\View\{closure}()
 4 SYSTEMPATH\Common.php(1167): CodeIgniter\View\View->render('pages/bantuan_chat', [], true)
 5 APPPATH\Controllers\Bantuan.php(69): view('pages/bantuan_chat', [...])
 6 SYSTEMPATH\CodeIgniter.php(933): App\Controllers\Bantuan->chat('18', 'default')
 7 SYSTEMPATH\CodeIgniter.php(507): CodeIgniter\CodeIgniter->runController(Object(App\Controllers\Bantuan))
 8 SYSTEMPATH\CodeIgniter.php(354): CodeIgniter\CodeIgniter->handleRequest(null, Object(Config\Cache), false)
 9 SYSTEMPATH\Boot.php(363): CodeIgniter\CodeIgniter->run()
10 SYSTEMPATH\Boot.php(68): CodeIgniter\Boot::runCodeIgniter(Object(CodeIgniter\CodeIgniter))
11 FCPATH\index.php(59): CodeIgniter\Boot::bootWeb(Object(Config\Paths))
DEBUG - 2025-11-08 02:08:48 --> Session: Class initialized using 'CodeIgniter\Session\Handlers\FileHandler' driver.
CRITICAL - 2025-11-08 02:08:48 --> ErrorException: Undefined variable $messages
[Method: GET, Route: bantuan/chat/18/default]
in APPPATH\Views\pages\bantuan_chat.php on line 51.
 1 APPPATH\Views\pages\bantuan_chat.php(51): CodeIgniter\Debug\Exceptions->errorHandler(2, 'Undefined variable $messages', 'C:\\xampp\\htdocs\\e-arsip_ci4\\app\\Views\\pages\\bantuan_chat.php', 51)
 2 SYSTEMPATH\View\View.php(226): include('C:\\xampp\\htdocs\\e-arsip_ci4\\app\\Views\\pages\\bantuan_chat.php')
 3 SYSTEMPATH\View\View.php(229): CodeIgniter\View\View->CodeIgniter\View\{closure}()
 4 SYSTEMPATH\Common.php(1167): CodeIgniter\View\View->render('pages/bantuan_chat', [], true)
 5 APPPATH\Controllers\Bantuan.php(69): view('pages/bantuan_chat', [...])
 6 SYSTEMPATH\CodeIgniter.php(933): App\Controllers\Bantuan->chat('18', 'default')
 7 SYSTEMPATH\CodeIgniter.php(507): CodeIgniter\CodeIgniter->runController(Object(App\Controllers\Bantuan))
 8 SYSTEMPATH\CodeIgniter.php(354): CodeIgniter\CodeIgniter->handleRequest(null, Object(Config\Cache), false)
 9 SYSTEMPATH\Boot.php(363): CodeIgniter\CodeIgniter->run()
10 SYSTEMPATH\Boot.php(68): CodeIgniter\Boot::runCodeIgniter(Object(CodeIgniter\CodeIgniter))
11 FCPATH\index.php(59): CodeIgniter\Boot::bootWeb(Object(Config\Paths))
DEBUG - 2025-11-08 02:08:49 --> Session: Class initialized using 'CodeIgniter\Session\Handlers\FileHandler' driver.
CRITICAL - 2025-11-08 02:08:49 --> ErrorException: Undefined variable $messages
[Method: GET, Route: bantuan/chat/18/default]
in APPPATH\Views\pages\bantuan_chat.php on line 51.
 1 APPPATH\Views\pages\bantuan_chat.php(51): CodeIgniter\Debug\Exceptions->errorHandler(2, 'Undefined variable $messages', 'C:\\xampp\\htdocs\\e-arsip_ci4\\app\\Views\\pages\\bantuan_chat.php', 51)
 2 SYSTEMPATH\View\View.php(226): include('C:\\xampp\\htdocs\\e-arsip_ci4\\app\\Views\\pages\\bantuan_chat.php')
 3 SYSTEMPATH\View\View.php(229): CodeIgniter\View\View->CodeIgniter\View\{closure}()
 4 SYSTEMPATH\Common.php(1167): CodeIgniter\View\View->render('pages/bantuan_chat', [], true)
 5 APPPATH\Controllers\Bantuan.php(69): view('pages/bantuan_chat', [...])
 6 SYSTEMPATH\CodeIgniter.php(933): App\Controllers\Bantuan->chat('18', 'default')
 7 SYSTEMPATH\CodeIgniter.php(507): CodeIgniter\CodeIgniter->runController(Object(App\Controllers\Bantuan))
 8 SYSTEMPATH\CodeIgniter.php(354): CodeIgniter\CodeIgniter->handleRequest(null, Object(Config\Cache), false)
 9 SYSTEMPATH\Boot.php(363): CodeIgniter\CodeIgniter->run()
10 SYSTEMPATH\Boot.php(68): CodeIgniter\Boot::runCodeIgniter(Object(CodeIgniter\CodeIgniter))
11 FCPATH\index.php(59): CodeIgniter\Boot::bootWeb(Object(Config\Paths))
DEBUG - 2025-11-08 02:08:50 --> Session: Class initialized using 'CodeIgniter\Session\Handlers\FileHandler' driver.
CRITICAL - 2025-11-08 02:08:50 --> ErrorException: Undefined variable $messages
[Method: GET, Route: bantuan/chat/18/default]
in APPPATH\Views\pages\bantuan_chat.php on line 51.
 1 APPPATH\Views\pages\bantuan_chat.php(51): CodeIgniter\Debug\Exceptions->errorHandler(2, 'Undefined variable $messages', 'C:\\xampp\\htdocs\\e-arsip_ci4\\app\\Views\\pages\\bantuan_chat.php', 51)
 2 SYSTEMPATH\View\View.php(226): include('C:\\xampp\\htdocs\\e-arsip_ci4\\app\\Views\\pages\\bantuan_chat.php')
 3 SYSTEMPATH\View\View.php(229): CodeIgniter\View\View->CodeIgniter\View\{closure}()
 4 SYSTEMPATH\Common.php(1167): CodeIgniter\View\View->render('pages/bantuan_chat', [], true)
 5 APPPATH\Controllers\Bantuan.php(69): view('pages/bantuan_chat', [...])
 6 SYSTEMPATH\CodeIgniter.php(933): App\Controllers\Bantuan->chat('18', 'default')
 7 SYSTEMPATH\CodeIgniter.php(507): CodeIgniter\CodeIgniter->runController(Object(App\Controllers\Bantuan))
 8 SYSTEMPATH\CodeIgniter.php(354): CodeIgniter\CodeIgniter->handleRequest(null, Object(Config\Cache), false)
 9 SYSTEMPATH\Boot.php(363): CodeIgniter\CodeIgniter->run()
10 SYSTEMPATH\Boot.php(68): CodeIgniter\Boot::runCodeIgniter(Object(CodeIgniter\CodeIgniter))
11 FCPATH\index.php(59): CodeIgniter\Boot::bootWeb(Object(Config\Paths))
DEBUG - 2025-11-08 02:08:52 --> Session: Class initialized using 'CodeIgniter\Session\Handlers\FileHandler' driver.
CRITICAL - 2025-11-08 02:08:52 --> ErrorException: Undefined variable $messages
[Method: GET, Route: bantuan/chat/18/default]
in APPPATH\Views\pages\bantuan_chat.php on line 51.
 1 APPPATH\Views\pages\bantuan_chat.php(51): CodeIgniter\Debug\Exceptions->errorHandler(2, 'Undefined variable $messages', 'C:\\xampp\\htdocs\\e-arsip_ci4\\app\\Views\\pages\\bantuan_chat.php', 51)
 2 SYSTEMPATH\View\View.php(226): include('C:\\xampp\\htdocs\\e-arsip_ci4\\app\\Views\\pages\\bantuan_chat.php')
 3 SYSTEMPATH\View\View.php(229): CodeIgniter\View\View->CodeIgniter\View\{closure}()
 4 SYSTEMPATH\Common.php(1167): CodeIgniter\View\View->render('pages/bantuan_chat', [], true)
 5 APPPATH\Controllers\Bantuan.php(69): view('pages/bantuan_chat', [...])
 6 SYSTEMPATH\CodeIgniter.php(933): App\Controllers\Bantuan->chat('18', 'default')
 7 SYSTEMPATH\CodeIgniter.php(507): CodeIgniter\CodeIgniter->runController(Object(App\Controllers\Bantuan))
 8 SYSTEMPATH\CodeIgniter.php(354): CodeIgniter\CodeIgniter->handleRequest(null, Object(Config\Cache), false)
 9 SYSTEMPATH\Boot.php(363): CodeIgniter\CodeIgniter->run()
10 SYSTEMPATH\Boot.php(68): CodeIgniter\Boot::runCodeIgniter(Object(CodeIgniter\CodeIgniter))
11 FCPATH\index.php(59): CodeIgniter\Boot::bootWeb(Object(Config\Paths))
DEBUG - 2025-11-08 02:08:53 --> Session: Class initialized using 'CodeIgniter\Session\Handlers\FileHandler' driver.
CRITICAL - 2025-11-08 02:08:53 --> ErrorException: Undefined variable $messages
[Method: GET, Route: bantuan/chat/18/default]
in APPPATH\Views\pages\bantuan_chat.php on line 51.
 1 APPPATH\Views\pages\bantuan_chat.php(51): CodeIgniter\Debug\Exceptions->errorHandler(2, 'Undefined variable $messages', 'C:\\xampp\\htdocs\\e-arsip_ci4\\app\\Views\\pages\\bantuan_chat.php', 51)
 2 SYSTEMPATH\View\View.php(226): include('C:\\xampp\\htdocs\\e-arsip_ci4\\app\\Views\\pages\\bantuan_chat.php')
 3 SYSTEMPATH\View\View.php(229): CodeIgniter\View\View->CodeIgniter\View\{closure}()
 4 SYSTEMPATH\Common.php(1167): CodeIgniter\View\View->render('pages/bantuan_chat', [], true)
 5 APPPATH\Controllers\Bantuan.php(69): view('pages/bantuan_chat', [...])
 6 SYSTEMPATH\CodeIgniter.php(933): App\Controllers\Bantuan->chat('18', 'default')
 7 SYSTEMPATH\CodeIgniter.php(507): CodeIgniter\CodeIgniter->runController(Object(App\Controllers\Bantuan))
 8 SYSTEMPATH\CodeIgniter.php(354): CodeIgniter\CodeIgniter->handleRequest(null, Object(Config\Cache), false)
 9 SYSTEMPATH\Boot.php(363): CodeIgniter\CodeIgniter->run()
10 SYSTEMPATH\Boot.php(68): CodeIgniter\Boot::runCodeIgniter(Object(CodeIgniter\CodeIgniter))
11 FCPATH\index.php(59): CodeIgniter\Boot::bootWeb(Object(Config\Paths))
DEBUG - 2025-11-08 02:08:54 --> Session: Class initialized using 'CodeIgniter\Session\Handlers\FileHandler' driver.
CRITICAL - 2025-11-08 02:08:54 --> ErrorException: Undefined variable $messages
[Method: GET, Route: bantuan/chat/18/default]
in APPPATH\Views\pages\bantuan_chat.php on line 51.
 1 APPPATH\Views\pages\bantuan_chat.php(51): CodeIgniter\Debug\Exceptions->errorHandler(2, 'Undefined variable $messages', 'C:\\xampp\\htdocs\\e-arsip_ci4\\app\\Views\\pages\\bantuan_chat.php', 51)
 2 SYSTEMPATH\View\View.php(226): include('C:\\xampp\\htdocs\\e-arsip_ci4\\app\\Views\\pages\\bantuan_chat.php')
 3 SYSTEMPATH\View\View.php(229): CodeIgniter\View\View->CodeIgniter\View\{closure}()
 4 SYSTEMPATH\Common.php(1167): CodeIgniter\View\View->render('pages/bantuan_chat', [], true)
 5 APPPATH\Controllers\Bantuan.php(69): view('pages/bantuan_chat', [...])
 6 SYSTEMPATH\CodeIgniter.php(933): App\Controllers\Bantuan->chat('18', 'default')
 7 SYSTEMPATH\CodeIgniter.php(507): CodeIgniter\CodeIgniter->runController(Object(App\Controllers\Bantuan))
 8 SYSTEMPATH\CodeIgniter.php(354): CodeIgniter\CodeIgniter->handleRequest(null, Object(Config\Cache), false)
 9 SYSTEMPATH\Boot.php(363): CodeIgniter\CodeIgniter->run()
10 SYSTEMPATH\Boot.php(68): CodeIgniter\Boot::runCodeIgniter(Object(CodeIgniter\CodeIgniter))
11 FCPATH\index.php(59): CodeIgniter\Boot::bootWeb(Object(Config\Paths))
DEBUG - 2025-11-08 02:08:55 --> Session: Class initialized using 'CodeIgniter\Session\Handlers\FileHandler' driver.
CRITICAL - 2025-11-08 02:08:55 --> ErrorException: Undefined variable $messages
[Method: GET, Route: bantuan/chat/18/default]
in APPPATH\Views\pages\bantuan_chat.php on line 51.
 1 APPPATH\Views\pages\bantuan_chat.php(51): CodeIgniter\Debug\Exceptions->errorHandler(2, 'Undefined variable $messages', 'C:\\xampp\\htdocs\\e-arsip_ci4\\app\\Views\\pages\\bantuan_chat.php', 51)
 2 SYSTEMPATH\View\View.php(226): include('C:\\xampp\\htdocs\\e-arsip_ci4\\app\\Views\\pages\\bantuan_chat.php')
 3 SYSTEMPATH\View\View.php(229): CodeIgniter\View\View->CodeIgniter\View\{closure}()
 4 SYSTEMPATH\Common.php(1167): CodeIgniter\View\View->render('pages/bantuan_chat', [], true)
 5 APPPATH\Controllers\Bantuan.php(69): view('pages/bantuan_chat', [...])
 6 SYSTEMPATH\CodeIgniter.php(933): App\Controllers\Bantuan->chat('18', 'default')
 7 SYSTEMPATH\CodeIgniter.php(507): CodeIgniter\CodeIgniter->runController(Object(App\Controllers\Bantuan))
 8 SYSTEMPATH\CodeIgniter.php(354): CodeIgniter\CodeIgniter->handleRequest(null, Object(Config\Cache), false)
 9 SYSTEMPATH\Boot.php(363): CodeIgniter\CodeIgniter->run()
10 SYSTEMPATH\Boot.php(68): CodeIgniter\Boot::runCodeIgniter(Object(CodeIgniter\CodeIgniter))
11 FCPATH\index.php(59): CodeIgniter\Boot::bootWeb(Object(Config\Paths))
DEBUG - 2025-11-08 02:08:56 --> Session: Class initialized using 'CodeIgniter\Session\Handlers\FileHandler' driver.
CRITICAL - 2025-11-08 02:08:57 --> ErrorException: Undefined variable $messages
[Method: GET, Route: bantuan/chat/18/default]
in APPPATH\Views\pages\bantuan_chat.php on line 51.
 1 APPPATH\Views\pages\bantuan_chat.php(51): CodeIgniter\Debug\Exceptions->errorHandler(2, 'Undefined variable $messages', 'C:\\xampp\\htdocs\\e-arsip_ci4\\app\\Views\\pages\\bantuan_chat.php', 51)
 2 SYSTEMPATH\View\View.php(226): include('C:\\xampp\\htdocs\\e-arsip_ci4\\app\\Views\\pages\\bantuan_chat.php')
 3 SYSTEMPATH\View\View.php(229): CodeIgniter\View\View->CodeIgniter\View\{closure}()
 4 SYSTEMPATH\Common.php(1167): CodeIgniter\View\View->render('pages/bantuan_chat', [], true)
 5 APPPATH\Controllers\Bantuan.php(69): view('pages/bantuan_chat', [...])
 6 SYSTEMPATH\CodeIgniter.php(933): App\Controllers\Bantuan->chat('18', 'default')
 7 SYSTEMPATH\CodeIgniter.php(507): CodeIgniter\CodeIgniter->runController(Object(App\Controllers\Bantuan))
 8 SYSTEMPATH\CodeIgniter.php(354): CodeIgniter\CodeIgniter->handleRequest(null, Object(Config\Cache), false)
 9 SYSTEMPATH\Boot.php(363): CodeIgniter\CodeIgniter->run()
10 SYSTEMPATH\Boot.php(68): CodeIgniter\Boot::runCodeIgniter(Object(CodeIgniter\CodeIgniter))
11 FCPATH\index.php(59): CodeIgniter\Boot::bootWeb(Object(Config\Paths))
DEBUG - 2025-11-08 02:08:58 --> Session: Class initialized using 'CodeIgniter\Session\Handlers\FileHandler' driver.
CRITICAL - 2025-11-08 02:08:58 --> ErrorException: Undefined variable $messages
[Method: GET, Route: bantuan/chat/18/default]
in APPPATH\Views\pages\bantuan_chat.php on line 51.
 1 APPPATH\Views\pages\bantuan_chat.php(51): CodeIgniter\Debug\Exceptions->errorHandler(2, 'Undefined variable $messages', 'C:\\xampp\\htdocs\\e-arsip_ci4\\app\\Views\\pages\\bantuan_chat.php', 51)
 2 SYSTEMPATH\View\View.php(226): include('C:\\xampp\\htdocs\\e-arsip_ci4\\app\\Views\\pages\\bantuan_chat.php')
 3 SYSTEMPATH\View\View.php(229): CodeIgniter\View\View->CodeIgniter\View\{closure}()
 4 SYSTEMPATH\Common.php(1167): CodeIgniter\View\View->render('pages/bantuan_chat', [], true)
 5 APPPATH\Controllers\Bantuan.php(69): view('pages/bantuan_chat', [...])
 6 SYSTEMPATH\CodeIgniter.php(933): App\Controllers\Bantuan->chat('18', 'default')
 7 SYSTEMPATH\CodeIgniter.php(507): CodeIgniter\CodeIgniter->runController(Object(App\Controllers\Bantuan))
 8 SYSTEMPATH\CodeIgniter.php(354): CodeIgniter\CodeIgniter->handleRequest(null, Object(Config\Cache), false)
 9 SYSTEMPATH\Boot.php(363): CodeIgniter\CodeIgniter->run()
10 SYSTEMPATH\Boot.php(68): CodeIgniter\Boot::runCodeIgniter(Object(CodeIgniter\CodeIgniter))
11 FCPATH\index.php(59): CodeIgniter\Boot::bootWeb(Object(Config\Paths))
DEBUG - 2025-11-08 02:08:59 --> Session: Class initialized using 'CodeIgniter\Session\Handlers\FileHandler' driver.
CRITICAL - 2025-11-08 02:08:59 --> ErrorException: Undefined variable $messages
[Method: GET, Route: bantuan/chat/18/default]
in APPPATH\Views\pages\bantuan_chat.php on line 51.
 1 APPPATH\Views\pages\bantuan_chat.php(51): CodeIgniter\Debug\Exceptions->errorHandler(2, 'Undefined variable $messages', 'C:\\xampp\\htdocs\\e-arsip_ci4\\app\\Views\\pages\\bantuan_chat.php', 51)
 2 SYSTEMPATH\View\View.php(226): include('C:\\xampp\\htdocs\\e-arsip_ci4\\app\\Views\\pages\\bantuan_chat.php')
 3 SYSTEMPATH\View\View.php(229): CodeIgniter\View\View->CodeIgniter\View\{closure}()
 4 SYSTEMPATH\Common.php(1167): CodeIgniter\View\View->render('pages/bantuan_chat', [], true)
 5 APPPATH\Controllers\Bantuan.php(69): view('pages/bantuan_chat', [...])
 6 SYSTEMPATH\CodeIgniter.php(933): App\Controllers\Bantuan->chat('18', 'default')
 7 SYSTEMPATH\CodeIgniter.php(507): CodeIgniter\CodeIgniter->runController(Object(App\Controllers\Bantuan))
 8 SYSTEMPATH\CodeIgniter.php(354): CodeIgniter\CodeIgniter->handleRequest(null, Object(Config\Cache), false)
 9 SYSTEMPATH\Boot.php(363): CodeIgniter\CodeIgniter->run()
10 SYSTEMPATH\Boot.php(68): CodeIgniter\Boot::runCodeIgniter(Object(CodeIgniter\CodeIgniter))
11 FCPATH\index.php(59): CodeIgniter\Boot::bootWeb(Object(Config\Paths))
DEBUG - 2025-11-08 02:09:00 --> Session: Class initialized using 'CodeIgniter\Session\Handlers\FileHandler' driver.
CRITICAL - 2025-11-08 02:09:00 --> ErrorException: Undefined variable $messages
[Method: GET, Route: bantuan/chat/18/default]
in APPPATH\Views\pages\bantuan_chat.php on line 51.
 1 APPPATH\Views\pages\bantuan_chat.php(51): CodeIgniter\Debug\Exceptions->errorHandler(2, 'Undefined variable $messages', 'C:\\xampp\\htdocs\\e-arsip_ci4\\app\\Views\\pages\\bantuan_chat.php', 51)
 2 SYSTEMPATH\View\View.php(226): include('C:\\xampp\\htdocs\\e-arsip_ci4\\app\\Views\\pages\\bantuan_chat.php')
 3 SYSTEMPATH\View\View.php(229): CodeIgniter\View\View->CodeIgniter\View\{closure}()
 4 SYSTEMPATH\Common.php(1167): CodeIgniter\View\View->render('pages/bantuan_chat', [], true)
 5 APPPATH\Controllers\Bantuan.php(69): view('pages/bantuan_chat', [...])
 6 SYSTEMPATH\CodeIgniter.php(933): App\Controllers\Bantuan->chat('18', 'default')
 7 SYSTEMPATH\CodeIgniter.php(507): CodeIgniter\CodeIgniter->runController(Object(App\Controllers\Bantuan))
 8 SYSTEMPATH\CodeIgniter.php(354): CodeIgniter\CodeIgniter->handleRequest(null, Object(Config\Cache), false)
 9 SYSTEMPATH\Boot.php(363): CodeIgniter\CodeIgniter->run()
10 SYSTEMPATH\Boot.php(68): CodeIgniter\Boot::runCodeIgniter(Object(CodeIgniter\CodeIgniter))
11 FCPATH\index.php(59): CodeIgniter\Boot::bootWeb(Object(Config\Paths))
DEBUG - 2025-11-08 02:09:01 --> Session: Class initialized using 'CodeIgniter\Session\Handlers\FileHandler' driver.
CRITICAL - 2025-11-08 02:09:01 --> ErrorException: Undefined variable $messages
[Method: GET, Route: bantuan/chat/18/default]
in APPPATH\Views\pages\bantuan_chat.php on line 51.
 1 APPPATH\Views\pages\bantuan_chat.php(51): CodeIgniter\Debug\Exceptions->errorHandler(2, 'Undefined variable $messages', 'C:\\xampp\\htdocs\\e-arsip_ci4\\app\\Views\\pages\\bantuan_chat.php', 51)
 2 SYSTEMPATH\View\View.php(226): include('C:\\xampp\\htdocs\\e-arsip_ci4\\app\\Views\\pages\\bantuan_chat.php')
 3 SYSTEMPATH\View\View.php(229): CodeIgniter\View\View->CodeIgniter\View\{closure}()
 4 SYSTEMPATH\Common.php(1167): CodeIgniter\View\View->render('pages/bantuan_chat', [], true)
 5 APPPATH\Controllers\Bantuan.php(69): view('pages/bantuan_chat', [...])
 6 SYSTEMPATH\CodeIgniter.php(933): App\Controllers\Bantuan->chat('18', 'default')
 7 SYSTEMPATH\CodeIgniter.php(507): CodeIgniter\CodeIgniter->runController(Object(App\Controllers\Bantuan))
 8 SYSTEMPATH\CodeIgniter.php(354): CodeIgniter\CodeIgniter->handleRequest(null, Object(Config\Cache), false)
 9 SYSTEMPATH\Boot.php(363): CodeIgniter\CodeIgniter->run()
10 SYSTEMPATH\Boot.php(68): CodeIgniter\Boot::runCodeIgniter(Object(CodeIgniter\CodeIgniter))
11 FCPATH\index.php(59): CodeIgniter\Boot::bootWeb(Object(Config\Paths))
DEBUG - 2025-11-08 02:09:02 --> Session: Class initialized using 'CodeIgniter\Session\Handlers\FileHandler' driver.
CRITICAL - 2025-11-08 02:09:02 --> ErrorException: Undefined variable $messages
[Method: GET, Route: bantuan/chat/18/default]
in APPPATH\Views\pages\bantuan_chat.php on line 51.
 1 APPPATH\Views\pages\bantuan_chat.php(51): CodeIgniter\Debug\Exceptions->errorHandler(2, 'Undefined variable $messages', 'C:\\xampp\\htdocs\\e-arsip_ci4\\app\\Views\\pages\\bantuan_chat.php', 51)
 2 SYSTEMPATH\View\View.php(226): include('C:\\xampp\\htdocs\\e-arsip_ci4\\app\\Views\\pages\\bantuan_chat.php')
 3 SYSTEMPATH\View\View.php(229): CodeIgniter\View\View->CodeIgniter\View\{closure}()
 4 SYSTEMPATH\Common.php(1167): CodeIgniter\View\View->render('pages/bantuan_chat', [], true)
 5 APPPATH\Controllers\Bantuan.php(69): view('pages/bantuan_chat', [...])
 6 SYSTEMPATH\CodeIgniter.php(933): App\Controllers\Bantuan->chat('18', 'default')
 7 SYSTEMPATH\CodeIgniter.php(507): CodeIgniter\CodeIgniter->runController(Object(App\Controllers\Bantuan))
 8 SYSTEMPATH\CodeIgniter.php(354): CodeIgniter\CodeIgniter->handleRequest(null, Object(Config\Cache), false)
 9 SYSTEMPATH\Boot.php(363): CodeIgniter\CodeIgniter->run()
10 SYSTEMPATH\Boot.php(68): CodeIgniter\Boot::runCodeIgniter(Object(CodeIgniter\CodeIgniter))
11 FCPATH\index.php(59): CodeIgniter\Boot::bootWeb(Object(Config\Paths))
DEBUG - 2025-11-08 02:09:04 --> Session: Class initialized using 'CodeIgniter\Session\Handlers\FileHandler' driver.
CRITICAL - 2025-11-08 02:09:04 --> ErrorException: Undefined variable $messages
[Method: GET, Route: bantuan/chat/18/default]
in APPPATH\Views\pages\bantuan_chat.php on line 51.
 1 APPPATH\Views\pages\bantuan_chat.php(51): CodeIgniter\Debug\Exceptions->errorHandler(2, 'Undefined variable $messages', 'C:\\xampp\\htdocs\\e-arsip_ci4\\app\\Views\\pages\\bantuan_chat.php', 51)
 2 SYSTEMPATH\View\View.php(226): include('C:\\xampp\\htdocs\\e-arsip_ci4\\app\\Views\\pages\\bantuan_chat.php')
 3 SYSTEMPATH\View\View.php(229): CodeIgniter\View\View->CodeIgniter\View\{closure}()
 4 SYSTEMPATH\Common.php(1167): CodeIgniter\View\View->render('pages/bantuan_chat', [], true)
 5 APPPATH\Controllers\Bantuan.php(69): view('pages/bantuan_chat', [...])
 6 SYSTEMPATH\CodeIgniter.php(933): App\Controllers\Bantuan->chat('18', 'default')
 7 SYSTEMPATH\CodeIgniter.php(507): CodeIgniter\CodeIgniter->runController(Object(App\Controllers\Bantuan))
 8 SYSTEMPATH\CodeIgniter.php(354): CodeIgniter\CodeIgniter->handleRequest(null, Object(Config\Cache), false)
 9 SYSTEMPATH\Boot.php(363): CodeIgniter\CodeIgniter->run()
10 SYSTEMPATH\Boot.php(68): CodeIgniter\Boot::runCodeIgniter(Object(CodeIgniter\CodeIgniter))
11 FCPATH\index.php(59): CodeIgniter\Boot::bootWeb(Object(Config\Paths))
DEBUG - 2025-11-08 02:09:05 --> Session: Class initialized using 'CodeIgniter\Session\Handlers\FileHandler' driver.
CRITICAL - 2025-11-08 02:09:05 --> ErrorException: Undefined variable $messages
[Method: GET, Route: bantuan/chat/18/default]
in APPPATH\Views\pages\bantuan_chat.php on line 51.
 1 APPPATH\Views\pages\bantuan_chat.php(51): CodeIgniter\Debug\Exceptions->errorHandler(2, 'Undefined variable $messages', 'C:\\xampp\\htdocs\\e-arsip_ci4\\app\\Views\\pages\\bantuan_chat.php', 51)
 2 SYSTEMPATH\View\View.php(226): include('C:\\xampp\\htdocs\\e-arsip_ci4\\app\\Views\\pages\\bantuan_chat.php')
 3 SYSTEMPATH\View\View.php(229): CodeIgniter\View\View->CodeIgniter\View\{closure}()
 4 SYSTEMPATH\Common.php(1167): CodeIgniter\View\View->render('pages/bantuan_chat', [], true)
 5 APPPATH\Controllers\Bantuan.php(69): view('pages/bantuan_chat', [...])
 6 SYSTEMPATH\CodeIgniter.php(933): App\Controllers\Bantuan->chat('18', 'default')
 7 SYSTEMPATH\CodeIgniter.php(507): CodeIgniter\CodeIgniter->runController(Object(App\Controllers\Bantuan))
 8 SYSTEMPATH\CodeIgniter.php(354): CodeIgniter\CodeIgniter->handleRequest(null, Object(Config\Cache), false)
 9 SYSTEMPATH\Boot.php(363): CodeIgniter\CodeIgniter->run()
10 SYSTEMPATH\Boot.php(68): CodeIgniter\Boot::runCodeIgniter(Object(CodeIgniter\CodeIgniter))
11 FCPATH\index.php(59): CodeIgniter\Boot::bootWeb(Object(Config\Paths))
DEBUG - 2025-11-08 02:09:06 --> Session: Class initialized using 'CodeIgniter\Session\Handlers\FileHandler' driver.
CRITICAL - 2025-11-08 02:09:06 --> ErrorException: Undefined variable $messages
[Method: GET, Route: bantuan/chat/18/default]
in APPPATH\Views\pages\bantuan_chat.php on line 51.
 1 APPPATH\Views\pages\bantuan_chat.php(51): CodeIgniter\Debug\Exceptions->errorHandler(2, 'Undefined variable $messages', 'C:\\xampp\\htdocs\\e-arsip_ci4\\app\\Views\\pages\\bantuan_chat.php', 51)
 2 SYSTEMPATH\View\View.php(226): include('C:\\xampp\\htdocs\\e-arsip_ci4\\app\\Views\\pages\\bantuan_chat.php')
 3 SYSTEMPATH\View\View.php(229): CodeIgniter\View\View->CodeIgniter\View\{closure}()
 4 SYSTEMPATH\Common.php(1167): CodeIgniter\View\View->render('pages/bantuan_chat', [], true)
 5 APPPATH\Controllers\Bantuan.php(69): view('pages/bantuan_chat', [...])
 6 SYSTEMPATH\CodeIgniter.php(933): App\Controllers\Bantuan->chat('18', 'default')
 7 SYSTEMPATH\CodeIgniter.php(507): CodeIgniter\CodeIgniter->runController(Object(App\Controllers\Bantuan))
 8 SYSTEMPATH\CodeIgniter.php(354): CodeIgniter\CodeIgniter->handleRequest(null, Object(Config\Cache), false)
 9 SYSTEMPATH\Boot.php(363): CodeIgniter\CodeIgniter->run()
10 SYSTEMPATH\Boot.php(68): CodeIgniter\Boot::runCodeIgniter(Object(CodeIgniter\CodeIgniter))
11 FCPATH\index.php(59): CodeIgniter\Boot::bootWeb(Object(Config\Paths))
DEBUG - 2025-11-08 02:09:07 --> Session: Class initialized using 'CodeIgniter\Session\Handlers\FileHandler' driver.
CRITICAL - 2025-11-08 02:09:07 --> ErrorException: Undefined variable $messages
[Method: GET, Route: bantuan/chat/18/default]
in APPPATH\Views\pages\bantuan_chat.php on line 51.
 1 APPPATH\Views\pages\bantuan_chat.php(51): CodeIgniter\Debug\Exceptions->errorHandler(2, 'Undefined variable $messages', 'C:\\xampp\\htdocs\\e-arsip_ci4\\app\\Views\\pages\\bantuan_chat.php', 51)
 2 SYSTEMPATH\View\View.php(226): include('C:\\xampp\\htdocs\\e-arsip_ci4\\app\\Views\\pages\\bantuan_chat.php')
 3 SYSTEMPATH\View\View.php(229): CodeIgniter\View\View->CodeIgniter\View\{closure}()
 4 SYSTEMPATH\Common.php(1167): CodeIgniter\View\View->render('pages/bantuan_chat', [], true)
 5 APPPATH\Controllers\Bantuan.php(69): view('pages/bantuan_chat', [...])
 6 SYSTEMPATH\CodeIgniter.php(933): App\Controllers\Bantuan->chat('18', 'default')
 7 SYSTEMPATH\CodeIgniter.php(507): CodeIgniter\CodeIgniter->runController(Object(App\Controllers\Bantuan))
 8 SYSTEMPATH\CodeIgniter.php(354): CodeIgniter\CodeIgniter->handleRequest(null, Object(Config\Cache), false)
 9 SYSTEMPATH\Boot.php(363): CodeIgniter\CodeIgniter->run()
10 SYSTEMPATH\Boot.php(68): CodeIgniter\Boot::runCodeIgniter(Object(CodeIgniter\CodeIgniter))
11 FCPATH\index.php(59): CodeIgniter\Boot::bootWeb(Object(Config\Paths))
DEBUG - 2025-11-08 02:09:08 --> Session: Class initialized using 'CodeIgniter\Session\Handlers\FileHandler' driver.
CRITICAL - 2025-11-08 02:09:08 --> ErrorException: Undefined variable $messages
[Method: GET, Route: bantuan/chat/18/default]
in APPPATH\Views\pages\bantuan_chat.php on line 51.
 1 APPPATH\Views\pages\bantuan_chat.php(51): CodeIgniter\Debug\Exceptions->errorHandler(2, 'Undefined variable $messages', 'C:\\xampp\\htdocs\\e-arsip_ci4\\app\\Views\\pages\\bantuan_chat.php', 51)
 2 SYSTEMPATH\View\View.php(226): include('C:\\xampp\\htdocs\\e-arsip_ci4\\app\\Views\\pages\\bantuan_chat.php')
 3 SYSTEMPATH\View\View.php(229): CodeIgniter\View\View->CodeIgniter\View\{closure}()
 4 SYSTEMPATH\Common.php(1167): CodeIgniter\View\View->render('pages/bantuan_chat', [], true)
 5 APPPATH\Controllers\Bantuan.php(69): view('pages/bantuan_chat', [...])
 6 SYSTEMPATH\CodeIgniter.php(933): App\Controllers\Bantuan->chat('18', 'default')
 7 SYSTEMPATH\CodeIgniter.php(507): CodeIgniter\CodeIgniter->runController(Object(App\Controllers\Bantuan))
 8 SYSTEMPATH\CodeIgniter.php(354): CodeIgniter\CodeIgniter->handleRequest(null, Object(Config\Cache), false)
 9 SYSTEMPATH\Boot.php(363): CodeIgniter\CodeIgniter->run()
10 SYSTEMPATH\Boot.php(68): CodeIgniter\Boot::runCodeIgniter(Object(CodeIgniter\CodeIgniter))
11 FCPATH\index.php(59): CodeIgniter\Boot::bootWeb(Object(Config\Paths))
DEBUG - 2025-11-08 02:09:10 --> Session: Class initialized using 'CodeIgniter\Session\Handlers\FileHandler' driver.
CRITICAL - 2025-11-08 02:09:10 --> ErrorException: Undefined variable $messages
[Method: GET, Route: bantuan/chat/18/default]
in APPPATH\Views\pages\bantuan_chat.php on line 51.
 1 APPPATH\Views\pages\bantuan_chat.php(51): CodeIgniter\Debug\Exceptions->errorHandler(2, 'Undefined variable $messages', 'C:\\xampp\\htdocs\\e-arsip_ci4\\app\\Views\\pages\\bantuan_chat.php', 51)
 2 SYSTEMPATH\View\View.php(226): include('C:\\xampp\\htdocs\\e-arsip_ci4\\app\\Views\\pages\\bantuan_chat.php')
 3 SYSTEMPATH\View\View.php(229): CodeIgniter\View\View->CodeIgniter\View\{closure}()
 4 SYSTEMPATH\Common.php(1167): CodeIgniter\View\View->render('pages/bantuan_chat', [], true)
 5 APPPATH\Controllers\Bantuan.php(69): view('pages/bantuan_chat', [...])
 6 SYSTEMPATH\CodeIgniter.php(933): App\Controllers\Bantuan->chat('18', 'default')
 7 SYSTEMPATH\CodeIgniter.php(507): CodeIgniter\CodeIgniter->runController(Object(App\Controllers\Bantuan))
 8 SYSTEMPATH\CodeIgniter.php(354): CodeIgniter\CodeIgniter->handleRequest(null, Object(Config\Cache), false)
 9 SYSTEMPATH\Boot.php(363): CodeIgniter\CodeIgniter->run()
10 SYSTEMPATH\Boot.php(68): CodeIgniter\Boot::runCodeIgniter(Object(CodeIgniter\CodeIgniter))
11 FCPATH\index.php(59): CodeIgniter\Boot::bootWeb(Object(Config\Paths))
DEBUG - 2025-11-08 02:09:11 --> Session: Class initialized using 'CodeIgniter\Session\Handlers\FileHandler' driver.
CRITICAL - 2025-11-08 02:09:11 --> ErrorException: Undefined variable $messages
[Method: GET, Route: bantuan/chat/18/default]
in APPPATH\Views\pages\bantuan_chat.php on line 51.
 1 APPPATH\Views\pages\bantuan_chat.php(51): CodeIgniter\Debug\Exceptions->errorHandler(2, 'Undefined variable $messages', 'C:\\xampp\\htdocs\\e-arsip_ci4\\app\\Views\\pages\\bantuan_chat.php', 51)
 2 SYSTEMPATH\View\View.php(226): include('C:\\xampp\\htdocs\\e-arsip_ci4\\app\\Views\\pages\\bantuan_chat.php')
 3 SYSTEMPATH\View\View.php(229): CodeIgniter\View\View->CodeIgniter\View\{closure}()
 4 SYSTEMPATH\Common.php(1167): CodeIgniter\View\View->render('pages/bantuan_chat', [], true)
 5 APPPATH\Controllers\Bantuan.php(69): view('pages/bantuan_chat', [...])
 6 SYSTEMPATH\CodeIgniter.php(933): App\Controllers\Bantuan->chat('18', 'default')
 7 SYSTEMPATH\CodeIgniter.php(507): CodeIgniter\CodeIgniter->runController(Object(App\Controllers\Bantuan))
 8 SYSTEMPATH\CodeIgniter.php(354): CodeIgniter\CodeIgniter->handleRequest(null, Object(Config\Cache), false)
 9 SYSTEMPATH\Boot.php(363): CodeIgniter\CodeIgniter->run()
10 SYSTEMPATH\Boot.php(68): CodeIgniter\Boot::runCodeIgniter(Object(CodeIgniter\CodeIgniter))
11 FCPATH\index.php(59): CodeIgniter\Boot::bootWeb(Object(Config\Paths))
DEBUG - 2025-11-08 02:09:12 --> Session: Class initialized using 'CodeIgniter\Session\Handlers\FileHandler' driver.
CRITICAL - 2025-11-08 02:09:12 --> ErrorException: Undefined variable $messages
[Method: GET, Route: bantuan/chat/18/default]
in APPPATH\Views\pages\bantuan_chat.php on line 51.
 1 APPPATH\Views\pages\bantuan_chat.php(51): CodeIgniter\Debug\Exceptions->errorHandler(2, 'Undefined variable $messages', 'C:\\xampp\\htdocs\\e-arsip_ci4\\app\\Views\\pages\\bantuan_chat.php', 51)
 2 SYSTEMPATH\View\View.php(226): include('C:\\xampp\\htdocs\\e-arsip_ci4\\app\\Views\\pages\\bantuan_chat.php')
 3 SYSTEMPATH\View\View.php(229): CodeIgniter\View\View->CodeIgniter\View\{closure}()
 4 SYSTEMPATH\Common.php(1167): CodeIgniter\View\View->render('pages/bantuan_chat', [], true)
 5 APPPATH\Controllers\Bantuan.php(69): view('pages/bantuan_chat', [...])
 6 SYSTEMPATH\CodeIgniter.php(933): App\Controllers\Bantuan->chat('18', 'default')
 7 SYSTEMPATH\CodeIgniter.php(507): CodeIgniter\CodeIgniter->runController(Object(App\Controllers\Bantuan))
 8 SYSTEMPATH\CodeIgniter.php(354): CodeIgniter\CodeIgniter->handleRequest(null, Object(Config\Cache), false)
 9 SYSTEMPATH\Boot.php(363): CodeIgniter\CodeIgniter->run()
10 SYSTEMPATH\Boot.php(68): CodeIgniter\Boot::runCodeIgniter(Object(CodeIgniter\CodeIgniter))
11 FCPATH\index.php(59): CodeIgniter\Boot::bootWeb(Object(Config\Paths))
DEBUG - 2025-11-08 02:09:13 --> Session: Class initialized using 'CodeIgniter\Session\Handlers\FileHandler' driver.
CRITICAL - 2025-11-08 02:09:13 --> ErrorException: Undefined variable $messages
[Method: GET, Route: bantuan/chat/18/default]
in APPPATH\Views\pages\bantuan_chat.php on line 51.
 1 APPPATH\Views\pages\bantuan_chat.php(51): CodeIgniter\Debug\Exceptions->errorHandler(2, 'Undefined variable $messages', 'C:\\xampp\\htdocs\\e-arsip_ci4\\app\\Views\\pages\\bantuan_chat.php', 51)
 2 SYSTEMPATH\View\View.php(226): include('C:\\xampp\\htdocs\\e-arsip_ci4\\app\\Views\\pages\\bantuan_chat.php')
 3 SYSTEMPATH\View\View.php(229): CodeIgniter\View\View->CodeIgniter\View\{closure}()
 4 SYSTEMPATH\Common.php(1167): CodeIgniter\View\View->render('pages/bantuan_chat', [], true)
 5 APPPATH\Controllers\Bantuan.php(69): view('pages/bantuan_chat', [...])
 6 SYSTEMPATH\CodeIgniter.php(933): App\Controllers\Bantuan->chat('18', 'default')
 7 SYSTEMPATH\CodeIgniter.php(507): CodeIgniter\CodeIgniter->runController(Object(App\Controllers\Bantuan))
 8 SYSTEMPATH\CodeIgniter.php(354): CodeIgniter\CodeIgniter->handleRequest(null, Object(Config\Cache), false)
 9 SYSTEMPATH\Boot.php(363): CodeIgniter\CodeIgniter->run()
10 SYSTEMPATH\Boot.php(68): CodeIgniter\Boot::runCodeIgniter(Object(CodeIgniter\CodeIgniter))
11 FCPATH\index.php(59): CodeIgniter\Boot::bootWeb(Object(Config\Paths))
DEBUG - 2025-11-08 02:09:14 --> Session: Class initialized using 'CodeIgniter\Session\Handlers\FileHandler' driver.
CRITICAL - 2025-11-08 02:09:14 --> ErrorException: Undefined variable $messages
[Method: GET, Route: bantuan/chat/18/default]
in APPPATH\Views\pages\bantuan_chat.php on line 51.
 1 APPPATH\Views\pages\bantuan_chat.php(51): CodeIgniter\Debug\Exceptions->errorHandler(2, 'Undefined variable $messages', 'C:\\xampp\\htdocs\\e-arsip_ci4\\app\\Views\\pages\\bantuan_chat.php', 51)
 2 SYSTEMPATH\View\View.php(226): include('C:\\xampp\\htdocs\\e-arsip_ci4\\app\\Views\\pages\\bantuan_chat.php')
 3 SYSTEMPATH\View\View.php(229): CodeIgniter\View\View->CodeIgniter\View\{closure}()
 4 SYSTEMPATH\Common.php(1167): CodeIgniter\View\View->render('pages/bantuan_chat', [], true)
 5 APPPATH\Controllers\Bantuan.php(69): view('pages/bantuan_chat', [...])
 6 SYSTEMPATH\CodeIgniter.php(933): App\Controllers\Bantuan->chat('18', 'default')
 7 SYSTEMPATH\CodeIgniter.php(507): CodeIgniter\CodeIgniter->runController(Object(App\Controllers\Bantuan))
 8 SYSTEMPATH\CodeIgniter.php(354): CodeIgniter\CodeIgniter->handleRequest(null, Object(Config\Cache), false)
 9 SYSTEMPATH\Boot.php(363): CodeIgniter\CodeIgniter->run()
10 SYSTEMPATH\Boot.php(68): CodeIgniter\Boot::runCodeIgniter(Object(CodeIgniter\CodeIgniter))
11 FCPATH\index.php(59): CodeIgniter\Boot::bootWeb(Object(Config\Paths))
DEBUG - 2025-11-08 02:09:16 --> Session: Class initialized using 'CodeIgniter\Session\Handlers\FileHandler' driver.
CRITICAL - 2025-11-08 02:09:16 --> ErrorException: Undefined variable $messages
[Method: GET, Route: bantuan/chat/18/default]
in APPPATH\Views\pages\bantuan_chat.php on line 51.
 1 APPPATH\Views\pages\bantuan_chat.php(51): CodeIgniter\Debug\Exceptions->errorHandler(2, 'Undefined variable $messages', 'C:\\xampp\\htdocs\\e-arsip_ci4\\app\\Views\\pages\\bantuan_chat.php', 51)
 2 SYSTEMPATH\View\View.php(226): include('C:\\xampp\\htdocs\\e-arsip_ci4\\app\\Views\\pages\\bantuan_chat.php')
 3 SYSTEMPATH\View\View.php(229): CodeIgniter\View\View->CodeIgniter\View\{closure}()
 4 SYSTEMPATH\Common.php(1167): CodeIgniter\View\View->render('pages/bantuan_chat', [], true)
 5 APPPATH\Controllers\Bantuan.php(69): view('pages/bantuan_chat', [...])
 6 SYSTEMPATH\CodeIgniter.php(933): App\Controllers\Bantuan->chat('18', 'default')
 7 SYSTEMPATH\CodeIgniter.php(507): CodeIgniter\CodeIgniter->runController(Object(App\Controllers\Bantuan))
 8 SYSTEMPATH\CodeIgniter.php(354): CodeIgniter\CodeIgniter->handleRequest(null, Object(Config\Cache), false)
 9 SYSTEMPATH\Boot.php(363): CodeIgniter\CodeIgniter->run()
10 SYSTEMPATH\Boot.php(68): CodeIgniter\Boot::runCodeIgniter(Object(CodeIgniter\CodeIgniter))
11 FCPATH\index.php(59): CodeIgniter\Boot::bootWeb(Object(Config\Paths))
DEBUG - 2025-11-08 02:09:17 --> Session: Class initialized using 'CodeIgniter\Session\Handlers\FileHandler' driver.
CRITICAL - 2025-11-08 02:09:17 --> ErrorException: Undefined variable $messages
[Method: GET, Route: bantuan/chat/18/default]
in APPPATH\Views\pages\bantuan_chat.php on line 51.
 1 APPPATH\Views\pages\bantuan_chat.php(51): CodeIgniter\Debug\Exceptions->errorHandler(2, 'Undefined variable $messages', 'C:\\xampp\\htdocs\\e-arsip_ci4\\app\\Views\\pages\\bantuan_chat.php', 51)
 2 SYSTEMPATH\View\View.php(226): include('C:\\xampp\\htdocs\\e-arsip_ci4\\app\\Views\\pages\\bantuan_chat.php')
 3 SYSTEMPATH\View\View.php(229): CodeIgniter\View\View->CodeIgniter\View\{closure}()
 4 SYSTEMPATH\Common.php(1167): CodeIgniter\View\View->render('pages/bantuan_chat', [], true)
 5 APPPATH\Controllers\Bantuan.php(69): view('pages/bantuan_chat', [...])
 6 SYSTEMPATH\CodeIgniter.php(933): App\Controllers\Bantuan->chat('18', 'default')
 7 SYSTEMPATH\CodeIgniter.php(507): CodeIgniter\CodeIgniter->runController(Object(App\Controllers\Bantuan))
 8 SYSTEMPATH\CodeIgniter.php(354): CodeIgniter\CodeIgniter->handleRequest(null, Object(Config\Cache), false)
 9 SYSTEMPATH\Boot.php(363): CodeIgniter\CodeIgniter->run()
10 SYSTEMPATH\Boot.php(68): CodeIgniter\Boot::runCodeIgniter(Object(CodeIgniter\CodeIgniter))
11 FCPATH\index.php(59): CodeIgniter\Boot::bootWeb(Object(Config\Paths))
DEBUG - 2025-11-08 02:09:18 --> Session: Class initialized using 'CodeIgniter\Session\Handlers\FileHandler' driver.
CRITICAL - 2025-11-08 02:09:18 --> ErrorException: Undefined variable $messages
[Method: GET, Route: bantuan/chat/18/default]
in APPPATH\Views\pages\bantuan_chat.php on line 51.
 1 APPPATH\Views\pages\bantuan_chat.php(51): CodeIgniter\Debug\Exceptions->errorHandler(2, 'Undefined variable $messages', 'C:\\xampp\\htdocs\\e-arsip_ci4\\app\\Views\\pages\\bantuan_chat.php', 51)
 2 SYSTEMPATH\View\View.php(226): include('C:\\xampp\\htdocs\\e-arsip_ci4\\app\\Views\\pages\\bantuan_chat.php')
 3 SYSTEMPATH\View\View.php(229): CodeIgniter\View\View->CodeIgniter\View\{closure}()
 4 SYSTEMPATH\Common.php(1167): CodeIgniter\View\View->render('pages/bantuan_chat', [], true)
 5 APPPATH\Controllers\Bantuan.php(69): view('pages/bantuan_chat', [...])
 6 SYSTEMPATH\CodeIgniter.php(933): App\Controllers\Bantuan->chat('18', 'default')
 7 SYSTEMPATH\CodeIgniter.php(507): CodeIgniter\CodeIgniter->runController(Object(App\Controllers\Bantuan))
 8 SYSTEMPATH\CodeIgniter.php(354): CodeIgniter\CodeIgniter->handleRequest(null, Object(Config\Cache), false)
 9 SYSTEMPATH\Boot.php(363): CodeIgniter\CodeIgniter->run()
10 SYSTEMPATH\Boot.php(68): CodeIgniter\Boot::runCodeIgniter(Object(CodeIgniter\CodeIgniter))
11 FCPATH\index.php(59): CodeIgniter\Boot::bootWeb(Object(Config\Paths))
DEBUG - 2025-11-08 02:09:19 --> Session: Class initialized using 'CodeIgniter\Session\Handlers\FileHandler' driver.
CRITICAL - 2025-11-08 02:09:19 --> ErrorException: Undefined variable $messages
[Method: GET, Route: bantuan/chat/18/default]
in APPPATH\Views\pages\bantuan_chat.php on line 51.
 1 APPPATH\Views\pages\bantuan_chat.php(51): CodeIgniter\Debug\Exceptions->errorHandler(2, 'Undefined variable $messages', 'C:\\xampp\\htdocs\\e-arsip_ci4\\app\\Views\\pages\\bantuan_chat.php', 51)
 2 SYSTEMPATH\View\View.php(226): include('C:\\xampp\\htdocs\\e-arsip_ci4\\app\\Views\\pages\\bantuan_chat.php')
 3 SYSTEMPATH\View\View.php(229): CodeIgniter\View\View->CodeIgniter\View\{closure}()
 4 SYSTEMPATH\Common.php(1167): CodeIgniter\View\View->render('pages/bantuan_chat', [], true)
 5 APPPATH\Controllers\Bantuan.php(69): view('pages/bantuan_chat', [...])
 6 SYSTEMPATH\CodeIgniter.php(933): App\Controllers\Bantuan->chat('18', 'default')
 7 SYSTEMPATH\CodeIgniter.php(507): CodeIgniter\CodeIgniter->runController(Object(App\Controllers\Bantuan))
 8 SYSTEMPATH\CodeIgniter.php(354): CodeIgniter\CodeIgniter->handleRequest(null, Object(Config\Cache), false)
 9 SYSTEMPATH\Boot.php(363): CodeIgniter\CodeIgniter->run()
10 SYSTEMPATH\Boot.php(68): CodeIgniter\Boot::runCodeIgniter(Object(CodeIgniter\CodeIgniter))
11 FCPATH\index.php(59): CodeIgniter\Boot::bootWeb(Object(Config\Paths))
DEBUG - 2025-11-08 02:09:20 --> Session: Class initialized using 'CodeIgniter\Session\Handlers\FileHandler' driver.
CRITICAL - 2025-11-08 02:09:20 --> ErrorException: Undefined variable $messages
[Method: GET, Route: bantuan/chat/18/default]
in APPPATH\Views\pages\bantuan_chat.php on line 51.
 1 APPPATH\Views\pages\bantuan_chat.php(51): CodeIgniter\Debug\Exceptions->errorHandler(2, 'Undefined variable $messages', 'C:\\xampp\\htdocs\\e-arsip_ci4\\app\\Views\\pages\\bantuan_chat.php', 51)
 2 SYSTEMPATH\View\View.php(226): include('C:\\xampp\\htdocs\\e-arsip_ci4\\app\\Views\\pages\\bantuan_chat.php')
 3 SYSTEMPATH\View\View.php(229): CodeIgniter\View\View->CodeIgniter\View\{closure}()
 4 SYSTEMPATH\Common.php(1167): CodeIgniter\View\View->render('pages/bantuan_chat', [], true)
 5 APPPATH\Controllers\Bantuan.php(69): view('pages/bantuan_chat', [...])
 6 SYSTEMPATH\CodeIgniter.php(933): App\Controllers\Bantuan->chat('18', 'default')
 7 SYSTEMPATH\CodeIgniter.php(507): CodeIgniter\CodeIgniter->runController(Object(App\Controllers\Bantuan))
 8 SYSTEMPATH\CodeIgniter.php(354): CodeIgniter\CodeIgniter->handleRequest(null, Object(Config\Cache), false)
 9 SYSTEMPATH\Boot.php(363): CodeIgniter\CodeIgniter->run()
10 SYSTEMPATH\Boot.php(68): CodeIgniter\Boot::runCodeIgniter(Object(CodeIgniter\CodeIgniter))
11 FCPATH\index.php(59): CodeIgniter\Boot::bootWeb(Object(Config\Paths))
DEBUG - 2025-11-08 02:09:22 --> Session: Class initialized using 'CodeIgniter\Session\Handlers\FileHandler' driver.
CRITICAL - 2025-11-08 02:09:22 --> ErrorException: Undefined variable $messages
[Method: GET, Route: bantuan/chat/18/default]
in APPPATH\Views\pages\bantuan_chat.php on line 51.
 1 APPPATH\Views\pages\bantuan_chat.php(51): CodeIgniter\Debug\Exceptions->errorHandler(2, 'Undefined variable $messages', 'C:\\xampp\\htdocs\\e-arsip_ci4\\app\\Views\\pages\\bantuan_chat.php', 51)
 2 SYSTEMPATH\View\View.php(226): include('C:\\xampp\\htdocs\\e-arsip_ci4\\app\\Views\\pages\\bantuan_chat.php')
 3 SYSTEMPATH\View\View.php(229): CodeIgniter\View\View->CodeIgniter\View\{closure}()
 4 SYSTEMPATH\Common.php(1167): CodeIgniter\View\View->render('pages/bantuan_chat', [], true)
 5 APPPATH\Controllers\Bantuan.php(69): view('pages/bantuan_chat', [...])
 6 SYSTEMPATH\CodeIgniter.php(933): App\Controllers\Bantuan->chat('18', 'default')
 7 SYSTEMPATH\CodeIgniter.php(507): CodeIgniter\CodeIgniter->runController(Object(App\Controllers\Bantuan))
 8 SYSTEMPATH\CodeIgniter.php(354): CodeIgniter\CodeIgniter->handleRequest(null, Object(Config\Cache), false)
 9 SYSTEMPATH\Boot.php(363): CodeIgniter\CodeIgniter->run()
10 SYSTEMPATH\Boot.php(68): CodeIgniter\Boot::runCodeIgniter(Object(CodeIgniter\CodeIgniter))
11 FCPATH\index.php(59): CodeIgniter\Boot::bootWeb(Object(Config\Paths))
DEBUG - 2025-11-08 02:09:23 --> Session: Class initialized using 'CodeIgniter\Session\Handlers\FileHandler' driver.
CRITICAL - 2025-11-08 02:09:23 --> ErrorException: Undefined variable $messages
[Method: GET, Route: bantuan/chat/18/default]
in APPPATH\Views\pages\bantuan_chat.php on line 51.
 1 APPPATH\Views\pages\bantuan_chat.php(51): CodeIgniter\Debug\Exceptions->errorHandler(2, 'Undefined variable $messages', 'C:\\xampp\\htdocs\\e-arsip_ci4\\app\\Views\\pages\\bantuan_chat.php', 51)
 2 SYSTEMPATH\View\View.php(226): include('C:\\xampp\\htdocs\\e-arsip_ci4\\app\\Views\\pages\\bantuan_chat.php')
 3 SYSTEMPATH\View\View.php(229): CodeIgniter\View\View->CodeIgniter\View\{closure}()
 4 SYSTEMPATH\Common.php(1167): CodeIgniter\View\View->render('pages/bantuan_chat', [], true)
 5 APPPATH\Controllers\Bantuan.php(69): view('pages/bantuan_chat', [...])
 6 SYSTEMPATH\CodeIgniter.php(933): App\Controllers\Bantuan->chat('18', 'default')
 7 SYSTEMPATH\CodeIgniter.php(507): CodeIgniter\CodeIgniter->runController(Object(App\Controllers\Bantuan))
 8 SYSTEMPATH\CodeIgniter.php(354): CodeIgniter\CodeIgniter->handleRequest(null, Object(Config\Cache), false)
 9 SYSTEMPATH\Boot.php(363): CodeIgniter\CodeIgniter->run()
10 SYSTEMPATH\Boot.php(68): CodeIgniter\Boot::runCodeIgniter(Object(CodeIgniter\CodeIgniter))
11 FCPATH\index.php(59): CodeIgniter\Boot::bootWeb(Object(Config\Paths))
DEBUG - 2025-11-08 02:09:24 --> Session: Class initialized using 'CodeIgniter\Session\Handlers\FileHandler' driver.
CRITICAL - 2025-11-08 02:09:24 --> ErrorException: Undefined variable $messages
[Method: GET, Route: bantuan/chat/18/default]
in APPPATH\Views\pages\bantuan_chat.php on line 51.
 1 APPPATH\Views\pages\bantuan_chat.php(51): CodeIgniter\Debug\Exceptions->errorHandler(2, 'Undefined variable $messages', 'C:\\xampp\\htdocs\\e-arsip_ci4\\app\\Views\\pages\\bantuan_chat.php', 51)
 2 SYSTEMPATH\View\View.php(226): include('C:\\xampp\\htdocs\\e-arsip_ci4\\app\\Views\\pages\\bantuan_chat.php')
 3 SYSTEMPATH\View\View.php(229): CodeIgniter\View\View->CodeIgniter\View\{closure}()
 4 SYSTEMPATH\Common.php(1167): CodeIgniter\View\View->render('pages/bantuan_chat', [], true)
 5 APPPATH\Controllers\Bantuan.php(69): view('pages/bantuan_chat', [...])
 6 SYSTEMPATH\CodeIgniter.php(933): App\Controllers\Bantuan->chat('18', 'default')
 7 SYSTEMPATH\CodeIgniter.php(507): CodeIgniter\CodeIgniter->runController(Object(App\Controllers\Bantuan))
 8 SYSTEMPATH\CodeIgniter.php(354): CodeIgniter\CodeIgniter->handleRequest(null, Object(Config\Cache), false)
 9 SYSTEMPATH\Boot.php(363): CodeIgniter\CodeIgniter->run()
10 SYSTEMPATH\Boot.php(68): CodeIgniter\Boot::runCodeIgniter(Object(CodeIgniter\CodeIgniter))
11 FCPATH\index.php(59): CodeIgniter\Boot::bootWeb(Object(Config\Paths))
DEBUG - 2025-11-08 02:09:25 --> Session: Class initialized using 'CodeIgniter\Session\Handlers\FileHandler' driver.
CRITICAL - 2025-11-08 02:09:25 --> ErrorException: Undefined variable $messages
[Method: GET, Route: bantuan/chat/18/default]
in APPPATH\Views\pages\bantuan_chat.php on line 51.
 1 APPPATH\Views\pages\bantuan_chat.php(51): CodeIgniter\Debug\Exceptions->errorHandler(2, 'Undefined variable $messages', 'C:\\xampp\\htdocs\\e-arsip_ci4\\app\\Views\\pages\\bantuan_chat.php', 51)
 2 SYSTEMPATH\View\View.php(226): include('C:\\xampp\\htdocs\\e-arsip_ci4\\app\\Views\\pages\\bantuan_chat.php')
 3 SYSTEMPATH\View\View.php(229): CodeIgniter\View\View->CodeIgniter\View\{closure}()
 4 SYSTEMPATH\Common.php(1167): CodeIgniter\View\View->render('pages/bantuan_chat', [], true)
 5 APPPATH\Controllers\Bantuan.php(69): view('pages/bantuan_chat', [...])
 6 SYSTEMPATH\CodeIgniter.php(933): App\Controllers\Bantuan->chat('18', 'default')
 7 SYSTEMPATH\CodeIgniter.php(507): CodeIgniter\CodeIgniter->runController(Object(App\Controllers\Bantuan))
 8 SYSTEMPATH\CodeIgniter.php(354): CodeIgniter\CodeIgniter->handleRequest(null, Object(Config\Cache), false)
 9 SYSTEMPATH\Boot.php(363): CodeIgniter\CodeIgniter->run()
10 SYSTEMPATH\Boot.php(68): CodeIgniter\Boot::runCodeIgniter(Object(CodeIgniter\CodeIgniter))
11 FCPATH\index.php(59): CodeIgniter\Boot::bootWeb(Object(Config\Paths))
DEBUG - 2025-11-08 02:09:26 --> Session: Class initialized using 'CodeIgniter\Session\Handlers\FileHandler' driver.
CRITICAL - 2025-11-08 02:09:26 --> ErrorException: Undefined variable $messages
[Method: GET, Route: bantuan/chat/18/default]
in APPPATH\Views\pages\bantuan_chat.php on line 51.
 1 APPPATH\Views\pages\bantuan_chat.php(51): CodeIgniter\Debug\Exceptions->errorHandler(2, 'Undefined variable $messages', 'C:\\xampp\\htdocs\\e-arsip_ci4\\app\\Views\\pages\\bantuan_chat.php', 51)
 2 SYSTEMPATH\View\View.php(226): include('C:\\xampp\\htdocs\\e-arsip_ci4\\app\\Views\\pages\\bantuan_chat.php')
 3 SYSTEMPATH\View\View.php(229): CodeIgniter\View\View->CodeIgniter\View\{closure}()
 4 SYSTEMPATH\Common.php(1167): CodeIgniter\View\View->render('pages/bantuan_chat', [], true)
 5 APPPATH\Controllers\Bantuan.php(69): view('pages/bantuan_chat', [...])
 6 SYSTEMPATH\CodeIgniter.php(933): App\Controllers\Bantuan->chat('18', 'default')
 7 SYSTEMPATH\CodeIgniter.php(507): CodeIgniter\CodeIgniter->runController(Object(App\Controllers\Bantuan))
 8 SYSTEMPATH\CodeIgniter.php(354): CodeIgniter\CodeIgniter->handleRequest(null, Object(Config\Cache), false)
 9 SYSTEMPATH\Boot.php(363): CodeIgniter\CodeIgniter->run()
10 SYSTEMPATH\Boot.php(68): CodeIgniter\Boot::runCodeIgniter(Object(CodeIgniter\CodeIgniter))
11 FCPATH\index.php(59): CodeIgniter\Boot::bootWeb(Object(Config\Paths))
DEBUG - 2025-11-08 02:09:28 --> Session: Class initialized using 'CodeIgniter\Session\Handlers\FileHandler' driver.
CRITICAL - 2025-11-08 02:09:28 --> ErrorException: Undefined variable $messages
[Method: GET, Route: bantuan/chat/18/default]
in APPPATH\Views\pages\bantuan_chat.php on line 51.
 1 APPPATH\Views\pages\bantuan_chat.php(51): CodeIgniter\Debug\Exceptions->errorHandler(2, 'Undefined variable $messages', 'C:\\xampp\\htdocs\\e-arsip_ci4\\app\\Views\\pages\\bantuan_chat.php', 51)
 2 SYSTEMPATH\View\View.php(226): include('C:\\xampp\\htdocs\\e-arsip_ci4\\app\\Views\\pages\\bantuan_chat.php')
 3 SYSTEMPATH\View\View.php(229): CodeIgniter\View\View->CodeIgniter\View\{closure}()
 4 SYSTEMPATH\Common.php(1167): CodeIgniter\View\View->render('pages/bantuan_chat', [], true)
 5 APPPATH\Controllers\Bantuan.php(69): view('pages/bantuan_chat', [...])
 6 SYSTEMPATH\CodeIgniter.php(933): App\Controllers\Bantuan->chat('18', 'default')
 7 SYSTEMPATH\CodeIgniter.php(507): CodeIgniter\CodeIgniter->runController(Object(App\Controllers\Bantuan))
 8 SYSTEMPATH\CodeIgniter.php(354): CodeIgniter\CodeIgniter->handleRequest(null, Object(Config\Cache), false)
 9 SYSTEMPATH\Boot.php(363): CodeIgniter\CodeIgniter->run()
10 SYSTEMPATH\Boot.php(68): CodeIgniter\Boot::runCodeIgniter(Object(CodeIgniter\CodeIgniter))
11 FCPATH\index.php(59): CodeIgniter\Boot::bootWeb(Object(Config\Paths))
DEBUG - 2025-11-08 02:09:29 --> Session: Class initialized using 'CodeIgniter\Session\Handlers\FileHandler' driver.
CRITICAL - 2025-11-08 02:09:29 --> ErrorException: Undefined variable $messages
[Method: GET, Route: bantuan/chat/18/default]
in APPPATH\Views\pages\bantuan_chat.php on line 51.
 1 APPPATH\Views\pages\bantuan_chat.php(51): CodeIgniter\Debug\Exceptions->errorHandler(2, 'Undefined variable $messages', 'C:\\xampp\\htdocs\\e-arsip_ci4\\app\\Views\\pages\\bantuan_chat.php', 51)
 2 SYSTEMPATH\View\View.php(226): include('C:\\xampp\\htdocs\\e-arsip_ci4\\app\\Views\\pages\\bantuan_chat.php')
 3 SYSTEMPATH\View\View.php(229): CodeIgniter\View\View->CodeIgniter\View\{closure}()
 4 SYSTEMPATH\Common.php(1167): CodeIgniter\View\View->render('pages/bantuan_chat', [], true)
 5 APPPATH\Controllers\Bantuan.php(69): view('pages/bantuan_chat', [...])
 6 SYSTEMPATH\CodeIgniter.php(933): App\Controllers\Bantuan->chat('18', 'default')
 7 SYSTEMPATH\CodeIgniter.php(507): CodeIgniter\CodeIgniter->runController(Object(App\Controllers\Bantuan))
 8 SYSTEMPATH\CodeIgniter.php(354): CodeIgniter\CodeIgniter->handleRequest(null, Object(Config\Cache), false)
 9 SYSTEMPATH\Boot.php(363): CodeIgniter\CodeIgniter->run()
10 SYSTEMPATH\Boot.php(68): CodeIgniter\Boot::runCodeIgniter(Object(CodeIgniter\CodeIgniter))
11 FCPATH\index.php(59): CodeIgniter\Boot::bootWeb(Object(Config\Paths))
DEBUG - 2025-11-08 02:09:30 --> Session: Class initialized using 'CodeIgniter\Session\Handlers\FileHandler' driver.
CRITICAL - 2025-11-08 02:09:30 --> ErrorException: Undefined variable $messages
[Method: GET, Route: bantuan/chat/18/default]
in APPPATH\Views\pages\bantuan_chat.php on line 51.
 1 APPPATH\Views\pages\bantuan_chat.php(51): CodeIgniter\Debug\Exceptions->errorHandler(2, 'Undefined variable $messages', 'C:\\xampp\\htdocs\\e-arsip_ci4\\app\\Views\\pages\\bantuan_chat.php', 51)
 2 SYSTEMPATH\View\View.php(226): include('C:\\xampp\\htdocs\\e-arsip_ci4\\app\\Views\\pages\\bantuan_chat.php')
 3 SYSTEMPATH\View\View.php(229): CodeIgniter\View\View->CodeIgniter\View\{closure}()
 4 SYSTEMPATH\Common.php(1167): CodeIgniter\View\View->render('pages/bantuan_chat', [], true)
 5 APPPATH\Controllers\Bantuan.php(69): view('pages/bantuan_chat', [...])
 6 SYSTEMPATH\CodeIgniter.php(933): App\Controllers\Bantuan->chat('18', 'default')
 7 SYSTEMPATH\CodeIgniter.php(507): CodeIgniter\CodeIgniter->runController(Object(App\Controllers\Bantuan))
 8 SYSTEMPATH\CodeIgniter.php(354): CodeIgniter\CodeIgniter->handleRequest(null, Object(Config\Cache), false)
 9 SYSTEMPATH\Boot.php(363): CodeIgniter\CodeIgniter->run()
10 SYSTEMPATH\Boot.php(68): CodeIgniter\Boot::runCodeIgniter(Object(CodeIgniter\CodeIgniter))
11 FCPATH\index.php(59): CodeIgniter\Boot::bootWeb(Object(Config\Paths))
DEBUG - 2025-11-08 02:09:31 --> Session: Class initialized using 'CodeIgniter\Session\Handlers\FileHandler' driver.
CRITICAL - 2025-11-08 02:09:31 --> ErrorException: Undefined variable $messages
[Method: GET, Route: bantuan/chat/18/default]
in APPPATH\Views\pages\bantuan_chat.php on line 51.
 1 APPPATH\Views\pages\bantuan_chat.php(51): CodeIgniter\Debug\Exceptions->errorHandler(2, 'Undefined variable $messages', 'C:\\xampp\\htdocs\\e-arsip_ci4\\app\\Views\\pages\\bantuan_chat.php', 51)
 2 SYSTEMPATH\View\View.php(226): include('C:\\xampp\\htdocs\\e-arsip_ci4\\app\\Views\\pages\\bantuan_chat.php')
 3 SYSTEMPATH\View\View.php(229): CodeIgniter\View\View->CodeIgniter\View\{closure}()
 4 SYSTEMPATH\Common.php(1167): CodeIgniter\View\View->render('pages/bantuan_chat', [], true)
 5 APPPATH\Controllers\Bantuan.php(69): view('pages/bantuan_chat', [...])
 6 SYSTEMPATH\CodeIgniter.php(933): App\Controllers\Bantuan->chat('18', 'default')
 7 SYSTEMPATH\CodeIgniter.php(507): CodeIgniter\CodeIgniter->runController(Object(App\Controllers\Bantuan))
 8 SYSTEMPATH\CodeIgniter.php(354): CodeIgniter\CodeIgniter->handleRequest(null, Object(Config\Cache), false)
 9 SYSTEMPATH\Boot.php(363): CodeIgniter\CodeIgniter->run()
10 SYSTEMPATH\Boot.php(68): CodeIgniter\Boot::runCodeIgniter(Object(CodeIgniter\CodeIgniter))
11 FCPATH\index.php(59): CodeIgniter\Boot::bootWeb(Object(Config\Paths))
DEBUG - 2025-11-08 02:09:32 --> Session: Class initialized using 'CodeIgniter\Session\Handlers\FileHandler' driver.
CRITICAL - 2025-11-08 02:09:33 --> ErrorException: Undefined variable $messages
[Method: GET, Route: bantuan/chat/18/default]
in APPPATH\Views\pages\bantuan_chat.php on line 51.
 1 APPPATH\Views\pages\bantuan_chat.php(51): CodeIgniter\Debug\Exceptions->errorHandler(2, 'Undefined variable $messages', 'C:\\xampp\\htdocs\\e-arsip_ci4\\app\\Views\\pages\\bantuan_chat.php', 51)
 2 SYSTEMPATH\View\View.php(226): include('C:\\xampp\\htdocs\\e-arsip_ci4\\app\\Views\\pages\\bantuan_chat.php')
 3 SYSTEMPATH\View\View.php(229): CodeIgniter\View\View->CodeIgniter\View\{closure}()
 4 SYSTEMPATH\Common.php(1167): CodeIgniter\View\View->render('pages/bantuan_chat', [], true)
 5 APPPATH\Controllers\Bantuan.php(69): view('pages/bantuan_chat', [...])
 6 SYSTEMPATH\CodeIgniter.php(933): App\Controllers\Bantuan->chat('18', 'default')
 7 SYSTEMPATH\CodeIgniter.php(507): CodeIgniter\CodeIgniter->runController(Object(App\Controllers\Bantuan))
 8 SYSTEMPATH\CodeIgniter.php(354): CodeIgniter\CodeIgniter->handleRequest(null, Object(Config\Cache), false)
 9 SYSTEMPATH\Boot.php(363): CodeIgniter\CodeIgniter->run()
10 SYSTEMPATH\Boot.php(68): CodeIgniter\Boot::runCodeIgniter(Object(CodeIgniter\CodeIgniter))
11 FCPATH\index.php(59): CodeIgniter\Boot::bootWeb(Object(Config\Paths))
DEBUG - 2025-11-08 02:09:34 --> Session: Class initialized using 'CodeIgniter\Session\Handlers\FileHandler' driver.
CRITICAL - 2025-11-08 02:09:34 --> ErrorException: Undefined variable $messages
[Method: GET, Route: bantuan/chat/18/default]
in APPPATH\Views\pages\bantuan_chat.php on line 51.
 1 APPPATH\Views\pages\bantuan_chat.php(51): CodeIgniter\Debug\Exceptions->errorHandler(2, 'Undefined variable $messages', 'C:\\xampp\\htdocs\\e-arsip_ci4\\app\\Views\\pages\\bantuan_chat.php', 51)
 2 SYSTEMPATH\View\View.php(226): include('C:\\xampp\\htdocs\\e-arsip_ci4\\app\\Views\\pages\\bantuan_chat.php')
 3 SYSTEMPATH\View\View.php(229): CodeIgniter\View\View->CodeIgniter\View\{closure}()
 4 SYSTEMPATH\Common.php(1167): CodeIgniter\View\View->render('pages/bantuan_chat', [], true)
 5 APPPATH\Controllers\Bantuan.php(69): view('pages/bantuan_chat', [...])
 6 SYSTEMPATH\CodeIgniter.php(933): App\Controllers\Bantuan->chat('18', 'default')
 7 SYSTEMPATH\CodeIgniter.php(507): CodeIgniter\CodeIgniter->runController(Object(App\Controllers\Bantuan))
 8 SYSTEMPATH\CodeIgniter.php(354): CodeIgniter\CodeIgniter->handleRequest(null, Object(Config\Cache), false)
 9 SYSTEMPATH\Boot.php(363): CodeIgniter\CodeIgniter->run()
10 SYSTEMPATH\Boot.php(68): CodeIgniter\Boot::runCodeIgniter(Object(CodeIgniter\CodeIgniter))
11 FCPATH\index.php(59): CodeIgniter\Boot::bootWeb(Object(Config\Paths))
DEBUG - 2025-11-08 02:09:35 --> Session: Class initialized using 'CodeIgniter\Session\Handlers\FileHandler' driver.
CRITICAL - 2025-11-08 02:09:35 --> ErrorException: Undefined variable $messages
[Method: GET, Route: bantuan/chat/18/default]
in APPPATH\Views\pages\bantuan_chat.php on line 51.
 1 APPPATH\Views\pages\bantuan_chat.php(51): CodeIgniter\Debug\Exceptions->errorHandler(2, 'Undefined variable $messages', 'C:\\xampp\\htdocs\\e-arsip_ci4\\app\\Views\\pages\\bantuan_chat.php', 51)
 2 SYSTEMPATH\View\View.php(226): include('C:\\xampp\\htdocs\\e-arsip_ci4\\app\\Views\\pages\\bantuan_chat.php')
 3 SYSTEMPATH\View\View.php(229): CodeIgniter\View\View->CodeIgniter\View\{closure}()
 4 SYSTEMPATH\Common.php(1167): CodeIgniter\View\View->render('pages/bantuan_chat', [], true)
 5 APPPATH\Controllers\Bantuan.php(69): view('pages/bantuan_chat', [...])
 6 SYSTEMPATH\CodeIgniter.php(933): App\Controllers\Bantuan->chat('18', 'default')
 7 SYSTEMPATH\CodeIgniter.php(507): CodeIgniter\CodeIgniter->runController(Object(App\Controllers\Bantuan))
 8 SYSTEMPATH\CodeIgniter.php(354): CodeIgniter\CodeIgniter->handleRequest(null, Object(Config\Cache), false)
 9 SYSTEMPATH\Boot.php(363): CodeIgniter\CodeIgniter->run()
10 SYSTEMPATH\Boot.php(68): CodeIgniter\Boot::runCodeIgniter(Object(CodeIgniter\CodeIgniter))
11 FCPATH\index.php(59): CodeIgniter\Boot::bootWeb(Object(Config\Paths))
DEBUG - 2025-11-08 02:09:36 --> Session: Class initialized using 'CodeIgniter\Session\Handlers\FileHandler' driver.
CRITICAL - 2025-11-08 02:09:36 --> ErrorException: Undefined variable $messages
[Method: GET, Route: bantuan/chat/18/default]
in APPPATH\Views\pages\bantuan_chat.php on line 51.
 1 APPPATH\Views\pages\bantuan_chat.php(51): CodeIgniter\Debug\Exceptions->errorHandler(2, 'Undefined variable $messages', 'C:\\xampp\\htdocs\\e-arsip_ci4\\app\\Views\\pages\\bantuan_chat.php', 51)
 2 SYSTEMPATH\View\View.php(226): include('C:\\xampp\\htdocs\\e-arsip_ci4\\app\\Views\\pages\\bantuan_chat.php')
 3 SYSTEMPATH\View\View.php(229): CodeIgniter\View\View->CodeIgniter\View\{closure}()
 4 SYSTEMPATH\Common.php(1167): CodeIgniter\View\View->render('pages/bantuan_chat', [], true)
 5 APPPATH\Controllers\Bantuan.php(69): view('pages/bantuan_chat', [...])
 6 SYSTEMPATH\CodeIgniter.php(933): App\Controllers\Bantuan->chat('18', 'default')
 7 SYSTEMPATH\CodeIgniter.php(507): CodeIgniter\CodeIgniter->runController(Object(App\Controllers\Bantuan))
 8 SYSTEMPATH\CodeIgniter.php(354): CodeIgniter\CodeIgniter->handleRequest(null, Object(Config\Cache), false)
 9 SYSTEMPATH\Boot.php(363): CodeIgniter\CodeIgniter->run()
10 SYSTEMPATH\Boot.php(68): CodeIgniter\Boot::runCodeIgniter(Object(CodeIgniter\CodeIgniter))
11 FCPATH\index.php(59): CodeIgniter\Boot::bootWeb(Object(Config\Paths))
DEBUG - 2025-11-08 02:09:37 --> Session: Class initialized using 'CodeIgniter\Session\Handlers\FileHandler' driver.
CRITICAL - 2025-11-08 02:09:37 --> ErrorException: Undefined variable $messages
[Method: GET, Route: bantuan/chat/18/default]
in APPPATH\Views\pages\bantuan_chat.php on line 51.
 1 APPPATH\Views\pages\bantuan_chat.php(51): CodeIgniter\Debug\Exceptions->errorHandler(2, 'Undefined variable $messages', 'C:\\xampp\\htdocs\\e-arsip_ci4\\app\\Views\\pages\\bantuan_chat.php', 51)
 2 SYSTEMPATH\View\View.php(226): include('C:\\xampp\\htdocs\\e-arsip_ci4\\app\\Views\\pages\\bantuan_chat.php')
 3 SYSTEMPATH\View\View.php(229): CodeIgniter\View\View->CodeIgniter\View\{closure}()
 4 SYSTEMPATH\Common.php(1167): CodeIgniter\View\View->render('pages/bantuan_chat', [], true)
 5 APPPATH\Controllers\Bantuan.php(69): view('pages/bantuan_chat', [...])
 6 SYSTEMPATH\CodeIgniter.php(933): App\Controllers\Bantuan->chat('18', 'default')
 7 SYSTEMPATH\CodeIgniter.php(507): CodeIgniter\CodeIgniter->runController(Object(App\Controllers\Bantuan))
 8 SYSTEMPATH\CodeIgniter.php(354): CodeIgniter\CodeIgniter->handleRequest(null, Object(Config\Cache), false)
 9 SYSTEMPATH\Boot.php(363): CodeIgniter\CodeIgniter->run()
10 SYSTEMPATH\Boot.php(68): CodeIgniter\Boot::runCodeIgniter(Object(CodeIgniter\CodeIgniter))
11 FCPATH\index.php(59): CodeIgniter\Boot::bootWeb(Object(Config\Paths))
DEBUG - 2025-11-08 02:09:38 --> Session: Class initialized using 'CodeIgniter\Session\Handlers\FileHandler' driver.
CRITICAL - 2025-11-08 02:09:38 --> ErrorException: Undefined variable $messages
[Method: GET, Route: bantuan/chat/18/default]
in APPPATH\Views\pages\bantuan_chat.php on line 51.
 1 APPPATH\Views\pages\bantuan_chat.php(51): CodeIgniter\Debug\Exceptions->errorHandler(2, 'Undefined variable $messages', 'C:\\xampp\\htdocs\\e-arsip_ci4\\app\\Views\\pages\\bantuan_chat.php', 51)
 2 SYSTEMPATH\View\View.php(226): include('C:\\xampp\\htdocs\\e-arsip_ci4\\app\\Views\\pages\\bantuan_chat.php')
 3 SYSTEMPATH\View\View.php(229): CodeIgniter\View\View->CodeIgniter\View\{closure}()
 4 SYSTEMPATH\Common.php(1167): CodeIgniter\View\View->render('pages/bantuan_chat', [], true)
 5 APPPATH\Controllers\Bantuan.php(69): view('pages/bantuan_chat', [...])
 6 SYSTEMPATH\CodeIgniter.php(933): App\Controllers\Bantuan->chat('18', 'default')
 7 SYSTEMPATH\CodeIgniter.php(507): CodeIgniter\CodeIgniter->runController(Object(App\Controllers\Bantuan))
 8 SYSTEMPATH\CodeIgniter.php(354): CodeIgniter\CodeIgniter->handleRequest(null, Object(Config\Cache), false)
 9 SYSTEMPATH\Boot.php(363): CodeIgniter\CodeIgniter->run()
10 SYSTEMPATH\Boot.php(68): CodeIgniter\Boot::runCodeIgniter(Object(CodeIgniter\CodeIgniter))
11 FCPATH\index.php(59): CodeIgniter\Boot::bootWeb(Object(Config\Paths))
DEBUG - 2025-11-08 02:09:40 --> Session: Class initialized using 'CodeIgniter\Session\Handlers\FileHandler' driver.
CRITICAL - 2025-11-08 02:09:40 --> ErrorException: Undefined variable $messages
[Method: GET, Route: bantuan/chat/18/default]
in APPPATH\Views\pages\bantuan_chat.php on line 51.
 1 APPPATH\Views\pages\bantuan_chat.php(51): CodeIgniter\Debug\Exceptions->errorHandler(2, 'Undefined variable $messages', 'C:\\xampp\\htdocs\\e-arsip_ci4\\app\\Views\\pages\\bantuan_chat.php', 51)
 2 SYSTEMPATH\View\View.php(226): include('C:\\xampp\\htdocs\\e-arsip_ci4\\app\\Views\\pages\\bantuan_chat.php')
 3 SYSTEMPATH\View\View.php(229): CodeIgniter\View\View->CodeIgniter\View\{closure}()
 4 SYSTEMPATH\Common.php(1167): CodeIgniter\View\View->render('pages/bantuan_chat', [], true)
 5 APPPATH\Controllers\Bantuan.php(69): view('pages/bantuan_chat', [...])
 6 SYSTEMPATH\CodeIgniter.php(933): App\Controllers\Bantuan->chat('18', 'default')
 7 SYSTEMPATH\CodeIgniter.php(507): CodeIgniter\CodeIgniter->runController(Object(App\Controllers\Bantuan))
 8 SYSTEMPATH\CodeIgniter.php(354): CodeIgniter\CodeIgniter->handleRequest(null, Object(Config\Cache), false)
 9 SYSTEMPATH\Boot.php(363): CodeIgniter\CodeIgniter->run()
10 SYSTEMPATH\Boot.php(68): CodeIgniter\Boot::runCodeIgniter(Object(CodeIgniter\CodeIgniter))
11 FCPATH\index.php(59): CodeIgniter\Boot::bootWeb(Object(Config\Paths))
DEBUG - 2025-11-08 02:09:41 --> Session: Class initialized using 'CodeIgniter\Session\Handlers\FileHandler' driver.
CRITICAL - 2025-11-08 02:09:41 --> ErrorException: Undefined variable $messages
[Method: GET, Route: bantuan/chat/18/default]
in APPPATH\Views\pages\bantuan_chat.php on line 51.
 1 APPPATH\Views\pages\bantuan_chat.php(51): CodeIgniter\Debug\Exceptions->errorHandler(2, 'Undefined variable $messages', 'C:\\xampp\\htdocs\\e-arsip_ci4\\app\\Views\\pages\\bantuan_chat.php', 51)
 2 SYSTEMPATH\View\View.php(226): include('C:\\xampp\\htdocs\\e-arsip_ci4\\app\\Views\\pages\\bantuan_chat.php')
 3 SYSTEMPATH\View\View.php(229): CodeIgniter\View\View->CodeIgniter\View\{closure}()
 4 SYSTEMPATH\Common.php(1167): CodeIgniter\View\View->render('pages/bantuan_chat', [], true)
 5 APPPATH\Controllers\Bantuan.php(69): view('pages/bantuan_chat', [...])
 6 SYSTEMPATH\CodeIgniter.php(933): App\Controllers\Bantuan->chat('18', 'default')
 7 SYSTEMPATH\CodeIgniter.php(507): CodeIgniter\CodeIgniter->runController(Object(App\Controllers\Bantuan))
 8 SYSTEMPATH\CodeIgniter.php(354): CodeIgniter\CodeIgniter->handleRequest(null, Object(Config\Cache), false)
 9 SYSTEMPATH\Boot.php(363): CodeIgniter\CodeIgniter->run()
10 SYSTEMPATH\Boot.php(68): CodeIgniter\Boot::runCodeIgniter(Object(CodeIgniter\CodeIgniter))
11 FCPATH\index.php(59): CodeIgniter\Boot::bootWeb(Object(Config\Paths))
DEBUG - 2025-11-08 02:09:42 --> Session: Class initialized using 'CodeIgniter\Session\Handlers\FileHandler' driver.
CRITICAL - 2025-11-08 02:09:42 --> ErrorException: Undefined variable $messages
[Method: GET, Route: bantuan/chat/18/default]
in APPPATH\Views\pages\bantuan_chat.php on line 51.
 1 APPPATH\Views\pages\bantuan_chat.php(51): CodeIgniter\Debug\Exceptions->errorHandler(2, 'Undefined variable $messages', 'C:\\xampp\\htdocs\\e-arsip_ci4\\app\\Views\\pages\\bantuan_chat.php', 51)
 2 SYSTEMPATH\View\View.php(226): include('C:\\xampp\\htdocs\\e-arsip_ci4\\app\\Views\\pages\\bantuan_chat.php')
 3 SYSTEMPATH\View\View.php(229): CodeIgniter\View\View->CodeIgniter\View\{closure}()
 4 SYSTEMPATH\Common.php(1167): CodeIgniter\View\View->render('pages/bantuan_chat', [], true)
 5 APPPATH\Controllers\Bantuan.php(69): view('pages/bantuan_chat', [...])
 6 SYSTEMPATH\CodeIgniter.php(933): App\Controllers\Bantuan->chat('18', 'default')
 7 SYSTEMPATH\CodeIgniter.php(507): CodeIgniter\CodeIgniter->runController(Object(App\Controllers\Bantuan))
 8 SYSTEMPATH\CodeIgniter.php(354): CodeIgniter\CodeIgniter->handleRequest(null, Object(Config\Cache), false)
 9 SYSTEMPATH\Boot.php(363): CodeIgniter\CodeIgniter->run()
10 SYSTEMPATH\Boot.php(68): CodeIgniter\Boot::runCodeIgniter(Object(CodeIgniter\CodeIgniter))
11 FCPATH\index.php(59): CodeIgniter\Boot::bootWeb(Object(Config\Paths))
DEBUG - 2025-11-08 02:09:43 --> Session: Class initialized using 'CodeIgniter\Session\Handlers\FileHandler' driver.
CRITICAL - 2025-11-08 02:09:43 --> ErrorException: Undefined variable $messages
[Method: GET, Route: bantuan/chat/18/default]
in APPPATH\Views\pages\bantuan_chat.php on line 51.
 1 APPPATH\Views\pages\bantuan_chat.php(51): CodeIgniter\Debug\Exceptions->errorHandler(2, 'Undefined variable $messages', 'C:\\xampp\\htdocs\\e-arsip_ci4\\app\\Views\\pages\\bantuan_chat.php', 51)
 2 SYSTEMPATH\View\View.php(226): include('C:\\xampp\\htdocs\\e-arsip_ci4\\app\\Views\\pages\\bantuan_chat.php')
 3 SYSTEMPATH\View\View.php(229): CodeIgniter\View\View->CodeIgniter\View\{closure}()
 4 SYSTEMPATH\Common.php(1167): CodeIgniter\View\View->render('pages/bantuan_chat', [], true)
 5 APPPATH\Controllers\Bantuan.php(69): view('pages/bantuan_chat', [...])
 6 SYSTEMPATH\CodeIgniter.php(933): App\Controllers\Bantuan->chat('18', 'default')
 7 SYSTEMPATH\CodeIgniter.php(507): CodeIgniter\CodeIgniter->runController(Object(App\Controllers\Bantuan))
 8 SYSTEMPATH\CodeIgniter.php(354): CodeIgniter\CodeIgniter->handleRequest(null, Object(Config\Cache), false)
 9 SYSTEMPATH\Boot.php(363): CodeIgniter\CodeIgniter->run()
10 SYSTEMPATH\Boot.php(68): CodeIgniter\Boot::runCodeIgniter(Object(CodeIgniter\CodeIgniter))
11 FCPATH\index.php(59): CodeIgniter\Boot::bootWeb(Object(Config\Paths))
DEBUG - 2025-11-08 02:09:44 --> Session: Class initialized using 'CodeIgniter\Session\Handlers\FileHandler' driver.
CRITICAL - 2025-11-08 02:09:44 --> ErrorException: Undefined variable $messages
[Method: GET, Route: bantuan/chat/18/default]
in APPPATH\Views\pages\bantuan_chat.php on line 51.
 1 APPPATH\Views\pages\bantuan_chat.php(51): CodeIgniter\Debug\Exceptions->errorHandler(2, 'Undefined variable $messages', 'C:\\xampp\\htdocs\\e-arsip_ci4\\app\\Views\\pages\\bantuan_chat.php', 51)
 2 SYSTEMPATH\View\View.php(226): include('C:\\xampp\\htdocs\\e-arsip_ci4\\app\\Views\\pages\\bantuan_chat.php')
 3 SYSTEMPATH\View\View.php(229): CodeIgniter\View\View->CodeIgniter\View\{closure}()
 4 SYSTEMPATH\Common.php(1167): CodeIgniter\View\View->render('pages/bantuan_chat', [], true)
 5 APPPATH\Controllers\Bantuan.php(69): view('pages/bantuan_chat', [...])
 6 SYSTEMPATH\CodeIgniter.php(933): App\Controllers\Bantuan->chat('18', 'default')
 7 SYSTEMPATH\CodeIgniter.php(507): CodeIgniter\CodeIgniter->runController(Object(App\Controllers\Bantuan))
 8 SYSTEMPATH\CodeIgniter.php(354): CodeIgniter\CodeIgniter->handleRequest(null, Object(Config\Cache), false)
 9 SYSTEMPATH\Boot.php(363): CodeIgniter\CodeIgniter->run()
10 SYSTEMPATH\Boot.php(68): CodeIgniter\Boot::runCodeIgniter(Object(CodeIgniter\CodeIgniter))
11 FCPATH\index.php(59): CodeIgniter\Boot::bootWeb(Object(Config\Paths))
DEBUG - 2025-11-08 02:09:46 --> Session: Class initialized using 'CodeIgniter\Session\Handlers\FileHandler' driver.
CRITICAL - 2025-11-08 02:09:46 --> ErrorException: Undefined variable $messages
[Method: GET, Route: bantuan/chat/18/default]
in APPPATH\Views\pages\bantuan_chat.php on line 51.
 1 APPPATH\Views\pages\bantuan_chat.php(51): CodeIgniter\Debug\Exceptions->errorHandler(2, 'Undefined variable $messages', 'C:\\xampp\\htdocs\\e-arsip_ci4\\app\\Views\\pages\\bantuan_chat.php', 51)
 2 SYSTEMPATH\View\View.php(226): include('C:\\xampp\\htdocs\\e-arsip_ci4\\app\\Views\\pages\\bantuan_chat.php')
 3 SYSTEMPATH\View\View.php(229): CodeIgniter\View\View->CodeIgniter\View\{closure}()
 4 SYSTEMPATH\Common.php(1167): CodeIgniter\View\View->render('pages/bantuan_chat', [], true)
 5 APPPATH\Controllers\Bantuan.php(69): view('pages/bantuan_chat', [...])
 6 SYSTEMPATH\CodeIgniter.php(933): App\Controllers\Bantuan->chat('18', 'default')
 7 SYSTEMPATH\CodeIgniter.php(507): CodeIgniter\CodeIgniter->runController(Object(App\Controllers\Bantuan))
 8 SYSTEMPATH\CodeIgniter.php(354): CodeIgniter\CodeIgniter->handleRequest(null, Object(Config\Cache), false)
 9 SYSTEMPATH\Boot.php(363): CodeIgniter\CodeIgniter->run()
10 SYSTEMPATH\Boot.php(68): CodeIgniter\Boot::runCodeIgniter(Object(CodeIgniter\CodeIgniter))
11 FCPATH\index.php(59): CodeIgniter\Boot::bootWeb(Object(Config\Paths))
DEBUG - 2025-11-08 02:09:47 --> Session: Class initialized using 'CodeIgniter\Session\Handlers\FileHandler' driver.
CRITICAL - 2025-11-08 02:09:47 --> ErrorException: Undefined variable $messages
[Method: GET, Route: bantuan/chat/18/default]
in APPPATH\Views\pages\bantuan_chat.php on line 51.
 1 APPPATH\Views\pages\bantuan_chat.php(51): CodeIgniter\Debug\Exceptions->errorHandler(2, 'Undefined variable $messages', 'C:\\xampp\\htdocs\\e-arsip_ci4\\app\\Views\\pages\\bantuan_chat.php', 51)
 2 SYSTEMPATH\View\View.php(226): include('C:\\xampp\\htdocs\\e-arsip_ci4\\app\\Views\\pages\\bantuan_chat.php')
 3 SYSTEMPATH\View\View.php(229): CodeIgniter\View\View->CodeIgniter\View\{closure}()
 4 SYSTEMPATH\Common.php(1167): CodeIgniter\View\View->render('pages/bantuan_chat', [], true)
 5 APPPATH\Controllers\Bantuan.php(69): view('pages/bantuan_chat', [...])
 6 SYSTEMPATH\CodeIgniter.php(933): App\Controllers\Bantuan->chat('18', 'default')
 7 SYSTEMPATH\CodeIgniter.php(507): CodeIgniter\CodeIgniter->runController(Object(App\Controllers\Bantuan))
 8 SYSTEMPATH\CodeIgniter.php(354): CodeIgniter\CodeIgniter->handleRequest(null, Object(Config\Cache), false)
 9 SYSTEMPATH\Boot.php(363): CodeIgniter\CodeIgniter->run()
10 SYSTEMPATH\Boot.php(68): CodeIgniter\Boot::runCodeIgniter(Object(CodeIgniter\CodeIgniter))
11 FCPATH\index.php(59): CodeIgniter\Boot::bootWeb(Object(Config\Paths))
DEBUG - 2025-11-08 02:09:48 --> Session: Class initialized using 'CodeIgniter\Session\Handlers\FileHandler' driver.
CRITICAL - 2025-11-08 02:09:48 --> ErrorException: Undefined variable $messages
[Method: GET, Route: bantuan/chat/18/default]
in APPPATH\Views\pages\bantuan_chat.php on line 51.
 1 APPPATH\Views\pages\bantuan_chat.php(51): CodeIgniter\Debug\Exceptions->errorHandler(2, 'Undefined variable $messages', 'C:\\xampp\\htdocs\\e-arsip_ci4\\app\\Views\\pages\\bantuan_chat.php', 51)
 2 SYSTEMPATH\View\View.php(226): include('C:\\xampp\\htdocs\\e-arsip_ci4\\app\\Views\\pages\\bantuan_chat.php')
 3 SYSTEMPATH\View\View.php(229): CodeIgniter\View\View->CodeIgniter\View\{closure}()
 4 SYSTEMPATH\Common.php(1167): CodeIgniter\View\View->render('pages/bantuan_chat', [], true)
 5 APPPATH\Controllers\Bantuan.php(69): view('pages/bantuan_chat', [...])
 6 SYSTEMPATH\CodeIgniter.php(933): App\Controllers\Bantuan->chat('18', 'default')
 7 SYSTEMPATH\CodeIgniter.php(507): CodeIgniter\CodeIgniter->runController(Object(App\Controllers\Bantuan))
 8 SYSTEMPATH\CodeIgniter.php(354): CodeIgniter\CodeIgniter->handleRequest(null, Object(Config\Cache), false)
 9 SYSTEMPATH\Boot.php(363): CodeIgniter\CodeIgniter->run()
10 SYSTEMPATH\Boot.php(68): CodeIgniter\Boot::runCodeIgniter(Object(CodeIgniter\CodeIgniter))
11 FCPATH\index.php(59): CodeIgniter\Boot::bootWeb(Object(Config\Paths))
DEBUG - 2025-11-08 02:09:49 --> Session: Class initialized using 'CodeIgniter\Session\Handlers\FileHandler' driver.
CRITICAL - 2025-11-08 02:09:49 --> ErrorException: Undefined variable $messages
[Method: GET, Route: bantuan/chat/18/default]
in APPPATH\Views\pages\bantuan_chat.php on line 51.
 1 APPPATH\Views\pages\bantuan_chat.php(51): CodeIgniter\Debug\Exceptions->errorHandler(2, 'Undefined variable $messages', 'C:\\xampp\\htdocs\\e-arsip_ci4\\app\\Views\\pages\\bantuan_chat.php', 51)
 2 SYSTEMPATH\View\View.php(226): include('C:\\xampp\\htdocs\\e-arsip_ci4\\app\\Views\\pages\\bantuan_chat.php')
 3 SYSTEMPATH\View\View.php(229): CodeIgniter\View\View->CodeIgniter\View\{closure}()
 4 SYSTEMPATH\Common.php(1167): CodeIgniter\View\View->render('pages/bantuan_chat', [], true)
 5 APPPATH\Controllers\Bantuan.php(69): view('pages/bantuan_chat', [...])
 6 SYSTEMPATH\CodeIgniter.php(933): App\Controllers\Bantuan->chat('18', 'default')
 7 SYSTEMPATH\CodeIgniter.php(507): CodeIgniter\CodeIgniter->runController(Object(App\Controllers\Bantuan))
 8 SYSTEMPATH\CodeIgniter.php(354): CodeIgniter\CodeIgniter->handleRequest(null, Object(Config\Cache), false)
 9 SYSTEMPATH\Boot.php(363): CodeIgniter\CodeIgniter->run()
10 SYSTEMPATH\Boot.php(68): CodeIgniter\Boot::runCodeIgniter(Object(CodeIgniter\CodeIgniter))
11 FCPATH\index.php(59): CodeIgniter\Boot::bootWeb(Object(Config\Paths))
DEBUG - 2025-11-08 02:09:50 --> Session: Class initialized using 'CodeIgniter\Session\Handlers\FileHandler' driver.
CRITICAL - 2025-11-08 02:09:50 --> ErrorException: Undefined variable $messages
[Method: GET, Route: bantuan/chat/18/default]
in APPPATH\Views\pages\bantuan_chat.php on line 51.
 1 APPPATH\Views\pages\bantuan_chat.php(51): CodeIgniter\Debug\Exceptions->errorHandler(2, 'Undefined variable $messages', 'C:\\xampp\\htdocs\\e-arsip_ci4\\app\\Views\\pages\\bantuan_chat.php', 51)
 2 SYSTEMPATH\View\View.php(226): include('C:\\xampp\\htdocs\\e-arsip_ci4\\app\\Views\\pages\\bantuan_chat.php')
 3 SYSTEMPATH\View\View.php(229): CodeIgniter\View\View->CodeIgniter\View\{closure}()
 4 SYSTEMPATH\Common.php(1167): CodeIgniter\View\View->render('pages/bantuan_chat', [], true)
 5 APPPATH\Controllers\Bantuan.php(69): view('pages/bantuan_chat', [...])
 6 SYSTEMPATH\CodeIgniter.php(933): App\Controllers\Bantuan->chat('18', 'default')
 7 SYSTEMPATH\CodeIgniter.php(507): CodeIgniter\CodeIgniter->runController(Object(App\Controllers\Bantuan))
 8 SYSTEMPATH\CodeIgniter.php(354): CodeIgniter\CodeIgniter->handleRequest(null, Object(Config\Cache), false)
 9 SYSTEMPATH\Boot.php(363): CodeIgniter\CodeIgniter->run()
10 SYSTEMPATH\Boot.php(68): CodeIgniter\Boot::runCodeIgniter(Object(CodeIgniter\CodeIgniter))
11 FCPATH\index.php(59): CodeIgniter\Boot::bootWeb(Object(Config\Paths))
DEBUG - 2025-11-08 02:09:52 --> Session: Class initialized using 'CodeIgniter\Session\Handlers\FileHandler' driver.
CRITICAL - 2025-11-08 02:09:52 --> ErrorException: Undefined variable $messages
[Method: GET, Route: bantuan/chat/18/default]
in APPPATH\Views\pages\bantuan_chat.php on line 51.
 1 APPPATH\Views\pages\bantuan_chat.php(51): CodeIgniter\Debug\Exceptions->errorHandler(2, 'Undefined variable $messages', 'C:\\xampp\\htdocs\\e-arsip_ci4\\app\\Views\\pages\\bantuan_chat.php', 51)
 2 SYSTEMPATH\View\View.php(226): include('C:\\xampp\\htdocs\\e-arsip_ci4\\app\\Views\\pages\\bantuan_chat.php')
 3 SYSTEMPATH\View\View.php(229): CodeIgniter\View\View->CodeIgniter\View\{closure}()
 4 SYSTEMPATH\Common.php(1167): CodeIgniter\View\View->render('pages/bantuan_chat', [], true)
 5 APPPATH\Controllers\Bantuan.php(69): view('pages/bantuan_chat', [...])
 6 SYSTEMPATH\CodeIgniter.php(933): App\Controllers\Bantuan->chat('18', 'default')
 7 SYSTEMPATH\CodeIgniter.php(507): CodeIgniter\CodeIgniter->runController(Object(App\Controllers\Bantuan))
 8 SYSTEMPATH\CodeIgniter.php(354): CodeIgniter\CodeIgniter->handleRequest(null, Object(Config\Cache), false)
 9 SYSTEMPATH\Boot.php(363): CodeIgniter\CodeIgniter->run()
10 SYSTEMPATH\Boot.php(68): CodeIgniter\Boot::runCodeIgniter(Object(CodeIgniter\CodeIgniter))
11 FCPATH\index.php(59): CodeIgniter\Boot::bootWeb(Object(Config\Paths))
DEBUG - 2025-11-08 02:09:53 --> Session: Class initialized using 'CodeIgniter\Session\Handlers\FileHandler' driver.
CRITICAL - 2025-11-08 02:09:53 --> ErrorException: Undefined variable $messages
[Method: GET, Route: bantuan/chat/18/default]
in APPPATH\Views\pages\bantuan_chat.php on line 51.
 1 APPPATH\Views\pages\bantuan_chat.php(51): CodeIgniter\Debug\Exceptions->errorHandler(2, 'Undefined variable $messages', 'C:\\xampp\\htdocs\\e-arsip_ci4\\app\\Views\\pages\\bantuan_chat.php', 51)
 2 SYSTEMPATH\View\View.php(226): include('C:\\xampp\\htdocs\\e-arsip_ci4\\app\\Views\\pages\\bantuan_chat.php')
 3 SYSTEMPATH\View\View.php(229): CodeIgniter\View\View->CodeIgniter\View\{closure}()
 4 SYSTEMPATH\Common.php(1167): CodeIgniter\View\View->render('pages/bantuan_chat', [], true)
 5 APPPATH\Controllers\Bantuan.php(69): view('pages/bantuan_chat', [...])
 6 SYSTEMPATH\CodeIgniter.php(933): App\Controllers\Bantuan->chat('18', 'default')
 7 SYSTEMPATH\CodeIgniter.php(507): CodeIgniter\CodeIgniter->runController(Object(App\Controllers\Bantuan))
 8 SYSTEMPATH\CodeIgniter.php(354): CodeIgniter\CodeIgniter->handleRequest(null, Object(Config\Cache), false)
 9 SYSTEMPATH\Boot.php(363): CodeIgniter\CodeIgniter->run()
10 SYSTEMPATH\Boot.php(68): CodeIgniter\Boot::runCodeIgniter(Object(CodeIgniter\CodeIgniter))
11 FCPATH\index.php(59): CodeIgniter\Boot::bootWeb(Object(Config\Paths))
DEBUG - 2025-11-08 02:09:54 --> Session: Class initialized using 'CodeIgniter\Session\Handlers\FileHandler' driver.
CRITICAL - 2025-11-08 02:09:54 --> ErrorException: Undefined variable $messages
[Method: GET, Route: bantuan/chat/18/default]
in APPPATH\Views\pages\bantuan_chat.php on line 51.
 1 APPPATH\Views\pages\bantuan_chat.php(51): CodeIgniter\Debug\Exceptions->errorHandler(2, 'Undefined variable $messages', 'C:\\xampp\\htdocs\\e-arsip_ci4\\app\\Views\\pages\\bantuan_chat.php', 51)
 2 SYSTEMPATH\View\View.php(226): include('C:\\xampp\\htdocs\\e-arsip_ci4\\app\\Views\\pages\\bantuan_chat.php')
 3 SYSTEMPATH\View\View.php(229): CodeIgniter\View\View->CodeIgniter\View\{closure}()
 4 SYSTEMPATH\Common.php(1167): CodeIgniter\View\View->render('pages/bantuan_chat', [], true)
 5 APPPATH\Controllers\Bantuan.php(69): view('pages/bantuan_chat', [...])
 6 SYSTEMPATH\CodeIgniter.php(933): App\Controllers\Bantuan->chat('18', 'default')
 7 SYSTEMPATH\CodeIgniter.php(507): CodeIgniter\CodeIgniter->runController(Object(App\Controllers\Bantuan))
 8 SYSTEMPATH\CodeIgniter.php(354): CodeIgniter\CodeIgniter->handleRequest(null, Object(Config\Cache), false)
 9 SYSTEMPATH\Boot.php(363): CodeIgniter\CodeIgniter->run()
10 SYSTEMPATH\Boot.php(68): CodeIgniter\Boot::runCodeIgniter(Object(CodeIgniter\CodeIgniter))
11 FCPATH\index.php(59): CodeIgniter\Boot::bootWeb(Object(Config\Paths))
DEBUG - 2025-11-08 02:09:55 --> Session: Class initialized using 'CodeIgniter\Session\Handlers\FileHandler' driver.
CRITICAL - 2025-11-08 02:09:55 --> ErrorException: Undefined variable $messages
[Method: GET, Route: bantuan/chat/18/default]
in APPPATH\Views\pages\bantuan_chat.php on line 51.
 1 APPPATH\Views\pages\bantuan_chat.php(51): CodeIgniter\Debug\Exceptions->errorHandler(2, 'Undefined variable $messages', 'C:\\xampp\\htdocs\\e-arsip_ci4\\app\\Views\\pages\\bantuan_chat.php', 51)
 2 SYSTEMPATH\View\View.php(226): include('C:\\xampp\\htdocs\\e-arsip_ci4\\app\\Views\\pages\\bantuan_chat.php')
 3 SYSTEMPATH\View\View.php(229): CodeIgniter\View\View->CodeIgniter\View\{closure}()
 4 SYSTEMPATH\Common.php(1167): CodeIgniter\View\View->render('pages/bantuan_chat', [], true)
 5 APPPATH\Controllers\Bantuan.php(69): view('pages/bantuan_chat', [...])
 6 SYSTEMPATH\CodeIgniter.php(933): App\Controllers\Bantuan->chat('18', 'default')
 7 SYSTEMPATH\CodeIgniter.php(507): CodeIgniter\CodeIgniter->runController(Object(App\Controllers\Bantuan))
 8 SYSTEMPATH\CodeIgniter.php(354): CodeIgniter\CodeIgniter->handleRequest(null, Object(Config\Cache), false)
 9 SYSTEMPATH\Boot.php(363): CodeIgniter\CodeIgniter->run()
10 SYSTEMPATH\Boot.php(68): CodeIgniter\Boot::runCodeIgniter(Object(CodeIgniter\CodeIgniter))
11 FCPATH\index.php(59): CodeIgniter\Boot::bootWeb(Object(Config\Paths))
DEBUG - 2025-11-08 02:09:56 --> Session: Class initialized using 'CodeIgniter\Session\Handlers\FileHandler' driver.
CRITICAL - 2025-11-08 02:09:56 --> ErrorException: Undefined variable $messages
[Method: GET, Route: bantuan/chat/18/default]
in APPPATH\Views\pages\bantuan_chat.php on line 51.
 1 APPPATH\Views\pages\bantuan_chat.php(51): CodeIgniter\Debug\Exceptions->errorHandler(2, 'Undefined variable $messages', 'C:\\xampp\\htdocs\\e-arsip_ci4\\app\\Views\\pages\\bantuan_chat.php', 51)
 2 SYSTEMPATH\View\View.php(226): include('C:\\xampp\\htdocs\\e-arsip_ci4\\app\\Views\\pages\\bantuan_chat.php')
 3 SYSTEMPATH\View\View.php(229): CodeIgniter\View\View->CodeIgniter\View\{closure}()
 4 SYSTEMPATH\Common.php(1167): CodeIgniter\View\View->render('pages/bantuan_chat', [], true)
 5 APPPATH\Controllers\Bantuan.php(69): view('pages/bantuan_chat', [...])
 6 SYSTEMPATH\CodeIgniter.php(933): App\Controllers\Bantuan->chat('18', 'default')
 7 SYSTEMPATH\CodeIgniter.php(507): CodeIgniter\CodeIgniter->runController(Object(App\Controllers\Bantuan))
 8 SYSTEMPATH\CodeIgniter.php(354): CodeIgniter\CodeIgniter->handleRequest(null, Object(Config\Cache), false)
 9 SYSTEMPATH\Boot.php(363): CodeIgniter\CodeIgniter->run()
10 SYSTEMPATH\Boot.php(68): CodeIgniter\Boot::runCodeIgniter(Object(CodeIgniter\CodeIgniter))
11 FCPATH\index.php(59): CodeIgniter\Boot::bootWeb(Object(Config\Paths))
DEBUG - 2025-11-08 02:09:58 --> Session: Class initialized using 'CodeIgniter\Session\Handlers\FileHandler' driver.
CRITICAL - 2025-11-08 02:09:58 --> ErrorException: Undefined variable $messages
[Method: GET, Route: bantuan/chat/18/default]
in APPPATH\Views\pages\bantuan_chat.php on line 51.
 1 APPPATH\Views\pages\bantuan_chat.php(51): CodeIgniter\Debug\Exceptions->errorHandler(2, 'Undefined variable $messages', 'C:\\xampp\\htdocs\\e-arsip_ci4\\app\\Views\\pages\\bantuan_chat.php', 51)
 2 SYSTEMPATH\View\View.php(226): include('C:\\xampp\\htdocs\\e-arsip_ci4\\app\\Views\\pages\\bantuan_chat.php')
 3 SYSTEMPATH\View\View.php(229): CodeIgniter\View\View->CodeIgniter\View\{closure}()
 4 SYSTEMPATH\Common.php(1167): CodeIgniter\View\View->render('pages/bantuan_chat', [], true)
 5 APPPATH\Controllers\Bantuan.php(69): view('pages/bantuan_chat', [...])
 6 SYSTEMPATH\CodeIgniter.php(933): App\Controllers\Bantuan->chat('18', 'default')
 7 SYSTEMPATH\CodeIgniter.php(507): CodeIgniter\CodeIgniter->runController(Object(App\Controllers\Bantuan))
 8 SYSTEMPATH\CodeIgniter.php(354): CodeIgniter\CodeIgniter->handleRequest(null, Object(Config\Cache), false)
 9 SYSTEMPATH\Boot.php(363): CodeIgniter\CodeIgniter->run()
10 SYSTEMPATH\Boot.php(68): CodeIgniter\Boot::runCodeIgniter(Object(CodeIgniter\CodeIgniter))
11 FCPATH\index.php(59): CodeIgniter\Boot::bootWeb(Object(Config\Paths))
DEBUG - 2025-11-08 02:09:59 --> Session: Class initialized using 'CodeIgniter\Session\Handlers\FileHandler' driver.
CRITICAL - 2025-11-08 02:09:59 --> ErrorException: Undefined variable $messages
[Method: GET, Route: bantuan/chat/18/default]
in APPPATH\Views\pages\bantuan_chat.php on line 51.
 1 APPPATH\Views\pages\bantuan_chat.php(51): CodeIgniter\Debug\Exceptions->errorHandler(2, 'Undefined variable $messages', 'C:\\xampp\\htdocs\\e-arsip_ci4\\app\\Views\\pages\\bantuan_chat.php', 51)
 2 SYSTEMPATH\View\View.php(226): include('C:\\xampp\\htdocs\\e-arsip_ci4\\app\\Views\\pages\\bantuan_chat.php')
 3 SYSTEMPATH\View\View.php(229): CodeIgniter\View\View->CodeIgniter\View\{closure}()
 4 SYSTEMPATH\Common.php(1167): CodeIgniter\View\View->render('pages/bantuan_chat', [], true)
 5 APPPATH\Controllers\Bantuan.php(69): view('pages/bantuan_chat', [...])
 6 SYSTEMPATH\CodeIgniter.php(933): App\Controllers\Bantuan->chat('18', 'default')
 7 SYSTEMPATH\CodeIgniter.php(507): CodeIgniter\CodeIgniter->runController(Object(App\Controllers\Bantuan))
 8 SYSTEMPATH\CodeIgniter.php(354): CodeIgniter\CodeIgniter->handleRequest(null, Object(Config\Cache), false)
 9 SYSTEMPATH\Boot.php(363): CodeIgniter\CodeIgniter->run()
10 SYSTEMPATH\Boot.php(68): CodeIgniter\Boot::runCodeIgniter(Object(CodeIgniter\CodeIgniter))
11 FCPATH\index.php(59): CodeIgniter\Boot::bootWeb(Object(Config\Paths))
DEBUG - 2025-11-08 02:10:00 --> Session: Class initialized using 'CodeIgniter\Session\Handlers\FileHandler' driver.
CRITICAL - 2025-11-08 02:10:00 --> ErrorException: Undefined variable $messages
[Method: GET, Route: bantuan/chat/18/default]
in APPPATH\Views\pages\bantuan_chat.php on line 51.
 1 APPPATH\Views\pages\bantuan_chat.php(51): CodeIgniter\Debug\Exceptions->errorHandler(2, 'Undefined variable $messages', 'C:\\xampp\\htdocs\\e-arsip_ci4\\app\\Views\\pages\\bantuan_chat.php', 51)
 2 SYSTEMPATH\View\View.php(226): include('C:\\xampp\\htdocs\\e-arsip_ci4\\app\\Views\\pages\\bantuan_chat.php')
 3 SYSTEMPATH\View\View.php(229): CodeIgniter\View\View->CodeIgniter\View\{closure}()
 4 SYSTEMPATH\Common.php(1167): CodeIgniter\View\View->render('pages/bantuan_chat', [], true)
 5 APPPATH\Controllers\Bantuan.php(69): view('pages/bantuan_chat', [...])
 6 SYSTEMPATH\CodeIgniter.php(933): App\Controllers\Bantuan->chat('18', 'default')
 7 SYSTEMPATH\CodeIgniter.php(507): CodeIgniter\CodeIgniter->runController(Object(App\Controllers\Bantuan))
 8 SYSTEMPATH\CodeIgniter.php(354): CodeIgniter\CodeIgniter->handleRequest(null, Object(Config\Cache), false)
 9 SYSTEMPATH\Boot.php(363): CodeIgniter\CodeIgniter->run()
10 SYSTEMPATH\Boot.php(68): CodeIgniter\Boot::runCodeIgniter(Object(CodeIgniter\CodeIgniter))
11 FCPATH\index.php(59): CodeIgniter\Boot::bootWeb(Object(Config\Paths))
DEBUG - 2025-11-08 02:10:01 --> Session: Class initialized using 'CodeIgniter\Session\Handlers\FileHandler' driver.
CRITICAL - 2025-11-08 02:10:01 --> ErrorException: Undefined variable $messages
[Method: GET, Route: bantuan/chat/18/default]
in APPPATH\Views\pages\bantuan_chat.php on line 51.
 1 APPPATH\Views\pages\bantuan_chat.php(51): CodeIgniter\Debug\Exceptions->errorHandler(2, 'Undefined variable $messages', 'C:\\xampp\\htdocs\\e-arsip_ci4\\app\\Views\\pages\\bantuan_chat.php', 51)
 2 SYSTEMPATH\View\View.php(226): include('C:\\xampp\\htdocs\\e-arsip_ci4\\app\\Views\\pages\\bantuan_chat.php')
 3 SYSTEMPATH\View\View.php(229): CodeIgniter\View\View->CodeIgniter\View\{closure}()
 4 SYSTEMPATH\Common.php(1167): CodeIgniter\View\View->render('pages/bantuan_chat', [], true)
 5 APPPATH\Controllers\Bantuan.php(69): view('pages/bantuan_chat', [...])
 6 SYSTEMPATH\CodeIgniter.php(933): App\Controllers\Bantuan->chat('18', 'default')
 7 SYSTEMPATH\CodeIgniter.php(507): CodeIgniter\CodeIgniter->runController(Object(App\Controllers\Bantuan))
 8 SYSTEMPATH\CodeIgniter.php(354): CodeIgniter\CodeIgniter->handleRequest(null, Object(Config\Cache), false)
 9 SYSTEMPATH\Boot.php(363): CodeIgniter\CodeIgniter->run()
10 SYSTEMPATH\Boot.php(68): CodeIgniter\Boot::runCodeIgniter(Object(CodeIgniter\CodeIgniter))
11 FCPATH\index.php(59): CodeIgniter\Boot::bootWeb(Object(Config\Paths))
DEBUG - 2025-11-08 02:10:02 --> Session: Class initialized using 'CodeIgniter\Session\Handlers\FileHandler' driver.
CRITICAL - 2025-11-08 02:10:02 --> ErrorException: Undefined variable $messages
[Method: GET, Route: bantuan/chat/18/default]
in APPPATH\Views\pages\bantuan_chat.php on line 51.
 1 APPPATH\Views\pages\bantuan_chat.php(51): CodeIgniter\Debug\Exceptions->errorHandler(2, 'Undefined variable $messages', 'C:\\xampp\\htdocs\\e-arsip_ci4\\app\\Views\\pages\\bantuan_chat.php', 51)
 2 SYSTEMPATH\View\View.php(226): include('C:\\xampp\\htdocs\\e-arsip_ci4\\app\\Views\\pages\\bantuan_chat.php')
 3 SYSTEMPATH\View\View.php(229): CodeIgniter\View\View->CodeIgniter\View\{closure}()
 4 SYSTEMPATH\Common.php(1167): CodeIgniter\View\View->render('pages/bantuan_chat', [], true)
 5 APPPATH\Controllers\Bantuan.php(69): view('pages/bantuan_chat', [...])
 6 SYSTEMPATH\CodeIgniter.php(933): App\Controllers\Bantuan->chat('18', 'default')
 7 SYSTEMPATH\CodeIgniter.php(507): CodeIgniter\CodeIgniter->runController(Object(App\Controllers\Bantuan))
 8 SYSTEMPATH\CodeIgniter.php(354): CodeIgniter\CodeIgniter->handleRequest(null, Object(Config\Cache), false)
 9 SYSTEMPATH\Boot.php(363): CodeIgniter\CodeIgniter->run()
10 SYSTEMPATH\Boot.php(68): CodeIgniter\Boot::runCodeIgniter(Object(CodeIgniter\CodeIgniter))
11 FCPATH\index.php(59): CodeIgniter\Boot::bootWeb(Object(Config\Paths))
DEBUG - 2025-11-08 02:10:04 --> Session: Class initialized using 'CodeIgniter\Session\Handlers\FileHandler' driver.
CRITICAL - 2025-11-08 02:10:04 --> ErrorException: Undefined variable $messages
[Method: GET, Route: bantuan/chat/18/default]
in APPPATH\Views\pages\bantuan_chat.php on line 51.
 1 APPPATH\Views\pages\bantuan_chat.php(51): CodeIgniter\Debug\Exceptions->errorHandler(2, 'Undefined variable $messages', 'C:\\xampp\\htdocs\\e-arsip_ci4\\app\\Views\\pages\\bantuan_chat.php', 51)
 2 SYSTEMPATH\View\View.php(226): include('C:\\xampp\\htdocs\\e-arsip_ci4\\app\\Views\\pages\\bantuan_chat.php')
 3 SYSTEMPATH\View\View.php(229): CodeIgniter\View\View->CodeIgniter\View\{closure}()
 4 SYSTEMPATH\Common.php(1167): CodeIgniter\View\View->render('pages/bantuan_chat', [], true)
 5 APPPATH\Controllers\Bantuan.php(69): view('pages/bantuan_chat', [...])
 6 SYSTEMPATH\CodeIgniter.php(933): App\Controllers\Bantuan->chat('18', 'default')
 7 SYSTEMPATH\CodeIgniter.php(507): CodeIgniter\CodeIgniter->runController(Object(App\Controllers\Bantuan))
 8 SYSTEMPATH\CodeIgniter.php(354): CodeIgniter\CodeIgniter->handleRequest(null, Object(Config\Cache), false)
 9 SYSTEMPATH\Boot.php(363): CodeIgniter\CodeIgniter->run()
10 SYSTEMPATH\Boot.php(68): CodeIgniter\Boot::runCodeIgniter(Object(CodeIgniter\CodeIgniter))
11 FCPATH\index.php(59): CodeIgniter\Boot::bootWeb(Object(Config\Paths))
DEBUG - 2025-11-08 02:10:05 --> Session: Class initialized using 'CodeIgniter\Session\Handlers\FileHandler' driver.
CRITICAL - 2025-11-08 02:10:05 --> ErrorException: Undefined variable $messages
[Method: GET, Route: bantuan/chat/18/default]
in APPPATH\Views\pages\bantuan_chat.php on line 51.
 1 APPPATH\Views\pages\bantuan_chat.php(51): CodeIgniter\Debug\Exceptions->errorHandler(2, 'Undefined variable $messages', 'C:\\xampp\\htdocs\\e-arsip_ci4\\app\\Views\\pages\\bantuan_chat.php', 51)
 2 SYSTEMPATH\View\View.php(226): include('C:\\xampp\\htdocs\\e-arsip_ci4\\app\\Views\\pages\\bantuan_chat.php')
 3 SYSTEMPATH\View\View.php(229): CodeIgniter\View\View->CodeIgniter\View\{closure}()
 4 SYSTEMPATH\Common.php(1167): CodeIgniter\View\View->render('pages/bantuan_chat', [], true)
 5 APPPATH\Controllers\Bantuan.php(69): view('pages/bantuan_chat', [...])
 6 SYSTEMPATH\CodeIgniter.php(933): App\Controllers\Bantuan->chat('18', 'default')
 7 SYSTEMPATH\CodeIgniter.php(507): CodeIgniter\CodeIgniter->runController(Object(App\Controllers\Bantuan))
 8 SYSTEMPATH\CodeIgniter.php(354): CodeIgniter\CodeIgniter->handleRequest(null, Object(Config\Cache), false)
 9 SYSTEMPATH\Boot.php(363): CodeIgniter\CodeIgniter->run()
10 SYSTEMPATH\Boot.php(68): CodeIgniter\Boot::runCodeIgniter(Object(CodeIgniter\CodeIgniter))
11 FCPATH\index.php(59): CodeIgniter\Boot::bootWeb(Object(Config\Paths))
DEBUG - 2025-11-08 02:10:06 --> Session: Class initialized using 'CodeIgniter\Session\Handlers\FileHandler' driver.
CRITICAL - 2025-11-08 02:10:06 --> ErrorException: Undefined variable $messages
[Method: GET, Route: bantuan/chat/18/default]
in APPPATH\Views\pages\bantuan_chat.php on line 51.
 1 APPPATH\Views\pages\bantuan_chat.php(51): CodeIgniter\Debug\Exceptions->errorHandler(2, 'Undefined variable $messages', 'C:\\xampp\\htdocs\\e-arsip_ci4\\app\\Views\\pages\\bantuan_chat.php', 51)
 2 SYSTEMPATH\View\View.php(226): include('C:\\xampp\\htdocs\\e-arsip_ci4\\app\\Views\\pages\\bantuan_chat.php')
 3 SYSTEMPATH\View\View.php(229): CodeIgniter\View\View->CodeIgniter\View\{closure}()
 4 SYSTEMPATH\Common.php(1167): CodeIgniter\View\View->render('pages/bantuan_chat', [], true)
 5 APPPATH\Controllers\Bantuan.php(69): view('pages/bantuan_chat', [...])
 6 SYSTEMPATH\CodeIgniter.php(933): App\Controllers\Bantuan->chat('18', 'default')
 7 SYSTEMPATH\CodeIgniter.php(507): CodeIgniter\CodeIgniter->runController(Object(App\Controllers\Bantuan))
 8 SYSTEMPATH\CodeIgniter.php(354): CodeIgniter\CodeIgniter->handleRequest(null, Object(Config\Cache), false)
 9 SYSTEMPATH\Boot.php(363): CodeIgniter\CodeIgniter->run()
10 SYSTEMPATH\Boot.php(68): CodeIgniter\Boot::runCodeIgniter(Object(CodeIgniter\CodeIgniter))
11 FCPATH\index.php(59): CodeIgniter\Boot::bootWeb(Object(Config\Paths))
DEBUG - 2025-11-08 02:10:07 --> Session: Class initialized using 'CodeIgniter\Session\Handlers\FileHandler' driver.
CRITICAL - 2025-11-08 02:10:07 --> ErrorException: Undefined variable $messages
[Method: GET, Route: bantuan/chat/18/default]
in APPPATH\Views\pages\bantuan_chat.php on line 51.
 1 APPPATH\Views\pages\bantuan_chat.php(51): CodeIgniter\Debug\Exceptions->errorHandler(2, 'Undefined variable $messages', 'C:\\xampp\\htdocs\\e-arsip_ci4\\app\\Views\\pages\\bantuan_chat.php', 51)
 2 SYSTEMPATH\View\View.php(226): include('C:\\xampp\\htdocs\\e-arsip_ci4\\app\\Views\\pages\\bantuan_chat.php')
 3 SYSTEMPATH\View\View.php(229): CodeIgniter\View\View->CodeIgniter\View\{closure}()
 4 SYSTEMPATH\Common.php(1167): CodeIgniter\View\View->render('pages/bantuan_chat', [], true)
 5 APPPATH\Controllers\Bantuan.php(69): view('pages/bantuan_chat', [...])
 6 SYSTEMPATH\CodeIgniter.php(933): App\Controllers\Bantuan->chat('18', 'default')
 7 SYSTEMPATH\CodeIgniter.php(507): CodeIgniter\CodeIgniter->runController(Object(App\Controllers\Bantuan))
 8 SYSTEMPATH\CodeIgniter.php(354): CodeIgniter\CodeIgniter->handleRequest(null, Object(Config\Cache), false)
 9 SYSTEMPATH\Boot.php(363): CodeIgniter\CodeIgniter->run()
10 SYSTEMPATH\Boot.php(68): CodeIgniter\Boot::runCodeIgniter(Object(CodeIgniter\CodeIgniter))
11 FCPATH\index.php(59): CodeIgniter\Boot::bootWeb(Object(Config\Paths))
DEBUG - 2025-11-08 02:10:08 --> Session: Class initialized using 'CodeIgniter\Session\Handlers\FileHandler' driver.
CRITICAL - 2025-11-08 02:10:08 --> ErrorException: Undefined variable $messages
[Method: GET, Route: bantuan/chat/18/default]
in APPPATH\Views\pages\bantuan_chat.php on line 51.
 1 APPPATH\Views\pages\bantuan_chat.php(51): CodeIgniter\Debug\Exceptions->errorHandler(2, 'Undefined variable $messages', 'C:\\xampp\\htdocs\\e-arsip_ci4\\app\\Views\\pages\\bantuan_chat.php', 51)
 2 SYSTEMPATH\View\View.php(226): include('C:\\xampp\\htdocs\\e-arsip_ci4\\app\\Views\\pages\\bantuan_chat.php')
 3 SYSTEMPATH\View\View.php(229): CodeIgniter\View\View->CodeIgniter\View\{closure}()
 4 SYSTEMPATH\Common.php(1167): CodeIgniter\View\View->render('pages/bantuan_chat', [], true)
 5 APPPATH\Controllers\Bantuan.php(69): view('pages/bantuan_chat', [...])
 6 SYSTEMPATH\CodeIgniter.php(933): App\Controllers\Bantuan->chat('18', 'default')
 7 SYSTEMPATH\CodeIgniter.php(507): CodeIgniter\CodeIgniter->runController(Object(App\Controllers\Bantuan))
 8 SYSTEMPATH\CodeIgniter.php(354): CodeIgniter\CodeIgniter->handleRequest(null, Object(Config\Cache), false)
 9 SYSTEMPATH\Boot.php(363): CodeIgniter\CodeIgniter->run()
10 SYSTEMPATH\Boot.php(68): CodeIgniter\Boot::runCodeIgniter(Object(CodeIgniter\CodeIgniter))
11 FCPATH\index.php(59): CodeIgniter\Boot::bootWeb(Object(Config\Paths))
DEBUG - 2025-11-08 02:10:10 --> Session: Class initialized using 'CodeIgniter\Session\Handlers\FileHandler' driver.
CRITICAL - 2025-11-08 02:10:10 --> ErrorException: Undefined variable $messages
[Method: GET, Route: bantuan/chat/18/default]
in APPPATH\Views\pages\bantuan_chat.php on line 51.
 1 APPPATH\Views\pages\bantuan_chat.php(51): CodeIgniter\Debug\Exceptions->errorHandler(2, 'Undefined variable $messages', 'C:\\xampp\\htdocs\\e-arsip_ci4\\app\\Views\\pages\\bantuan_chat.php', 51)
 2 SYSTEMPATH\View\View.php(226): include('C:\\xampp\\htdocs\\e-arsip_ci4\\app\\Views\\pages\\bantuan_chat.php')
 3 SYSTEMPATH\View\View.php(229): CodeIgniter\View\View->CodeIgniter\View\{closure}()
 4 SYSTEMPATH\Common.php(1167): CodeIgniter\View\View->render('pages/bantuan_chat', [], true)
 5 APPPATH\Controllers\Bantuan.php(69): view('pages/bantuan_chat', [...])
 6 SYSTEMPATH\CodeIgniter.php(933): App\Controllers\Bantuan->chat('18', 'default')
 7 SYSTEMPATH\CodeIgniter.php(507): CodeIgniter\CodeIgniter->runController(Object(App\Controllers\Bantuan))
 8 SYSTEMPATH\CodeIgniter.php(354): CodeIgniter\CodeIgniter->handleRequest(null, Object(Config\Cache), false)
 9 SYSTEMPATH\Boot.php(363): CodeIgniter\CodeIgniter->run()
10 SYSTEMPATH\Boot.php(68): CodeIgniter\Boot::runCodeIgniter(Object(CodeIgniter\CodeIgniter))
11 FCPATH\index.php(59): CodeIgniter\Boot::bootWeb(Object(Config\Paths))
DEBUG - 2025-11-08 02:10:11 --> Session: Class initialized using 'CodeIgniter\Session\Handlers\FileHandler' driver.
CRITICAL - 2025-11-08 02:10:11 --> ErrorException: Undefined variable $messages
[Method: GET, Route: bantuan/chat/18/default]
in APPPATH\Views\pages\bantuan_chat.php on line 51.
 1 APPPATH\Views\pages\bantuan_chat.php(51): CodeIgniter\Debug\Exceptions->errorHandler(2, 'Undefined variable $messages', 'C:\\xampp\\htdocs\\e-arsip_ci4\\app\\Views\\pages\\bantuan_chat.php', 51)
 2 SYSTEMPATH\View\View.php(226): include('C:\\xampp\\htdocs\\e-arsip_ci4\\app\\Views\\pages\\bantuan_chat.php')
 3 SYSTEMPATH\View\View.php(229): CodeIgniter\View\View->CodeIgniter\View\{closure}()
 4 SYSTEMPATH\Common.php(1167): CodeIgniter\View\View->render('pages/bantuan_chat', [], true)
 5 APPPATH\Controllers\Bantuan.php(69): view('pages/bantuan_chat', [...])
 6 SYSTEMPATH\CodeIgniter.php(933): App\Controllers\Bantuan->chat('18', 'default')
 7 SYSTEMPATH\CodeIgniter.php(507): CodeIgniter\CodeIgniter->runController(Object(App\Controllers\Bantuan))
 8 SYSTEMPATH\CodeIgniter.php(354): CodeIgniter\CodeIgniter->handleRequest(null, Object(Config\Cache), false)
 9 SYSTEMPATH\Boot.php(363): CodeIgniter\CodeIgniter->run()
10 SYSTEMPATH\Boot.php(68): CodeIgniter\Boot::runCodeIgniter(Object(CodeIgniter\CodeIgniter))
11 FCPATH\index.php(59): CodeIgniter\Boot::bootWeb(Object(Config\Paths))
DEBUG - 2025-11-08 02:10:12 --> Session: Class initialized using 'CodeIgniter\Session\Handlers\FileHandler' driver.
CRITICAL - 2025-11-08 02:10:12 --> ErrorException: Undefined variable $messages
[Method: GET, Route: bantuan/chat/18/default]
in APPPATH\Views\pages\bantuan_chat.php on line 51.
 1 APPPATH\Views\pages\bantuan_chat.php(51): CodeIgniter\Debug\Exceptions->errorHandler(2, 'Undefined variable $messages', 'C:\\xampp\\htdocs\\e-arsip_ci4\\app\\Views\\pages\\bantuan_chat.php', 51)
 2 SYSTEMPATH\View\View.php(226): include('C:\\xampp\\htdocs\\e-arsip_ci4\\app\\Views\\pages\\bantuan_chat.php')
 3 SYSTEMPATH\View\View.php(229): CodeIgniter\View\View->CodeIgniter\View\{closure}()
 4 SYSTEMPATH\Common.php(1167): CodeIgniter\View\View->render('pages/bantuan_chat', [], true)
 5 APPPATH\Controllers\Bantuan.php(69): view('pages/bantuan_chat', [...])
 6 SYSTEMPATH\CodeIgniter.php(933): App\Controllers\Bantuan->chat('18', 'default')
 7 SYSTEMPATH\CodeIgniter.php(507): CodeIgniter\CodeIgniter->runController(Object(App\Controllers\Bantuan))
 8 SYSTEMPATH\CodeIgniter.php(354): CodeIgniter\CodeIgniter->handleRequest(null, Object(Config\Cache), false)
 9 SYSTEMPATH\Boot.php(363): CodeIgniter\CodeIgniter->run()
10 SYSTEMPATH\Boot.php(68): CodeIgniter\Boot::runCodeIgniter(Object(CodeIgniter\CodeIgniter))
11 FCPATH\index.php(59): CodeIgniter\Boot::bootWeb(Object(Config\Paths))
DEBUG - 2025-11-08 02:10:13 --> Session: Class initialized using 'CodeIgniter\Session\Handlers\FileHandler' driver.
CRITICAL - 2025-11-08 02:10:13 --> ErrorException: Undefined variable $messages
[Method: GET, Route: bantuan/chat/18/default]
in APPPATH\Views\pages\bantuan_chat.php on line 51.
 1 APPPATH\Views\pages\bantuan_chat.php(51): CodeIgniter\Debug\Exceptions->errorHandler(2, 'Undefined variable $messages', 'C:\\xampp\\htdocs\\e-arsip_ci4\\app\\Views\\pages\\bantuan_chat.php', 51)
 2 SYSTEMPATH\View\View.php(226): include('C:\\xampp\\htdocs\\e-arsip_ci4\\app\\Views\\pages\\bantuan_chat.php')
 3 SYSTEMPATH\View\View.php(229): CodeIgniter\View\View->CodeIgniter\View\{closure}()
 4 SYSTEMPATH\Common.php(1167): CodeIgniter\View\View->render('pages/bantuan_chat', [], true)
 5 APPPATH\Controllers\Bantuan.php(69): view('pages/bantuan_chat', [...])
 6 SYSTEMPATH\CodeIgniter.php(933): App\Controllers\Bantuan->chat('18', 'default')
 7 SYSTEMPATH\CodeIgniter.php(507): CodeIgniter\CodeIgniter->runController(Object(App\Controllers\Bantuan))
 8 SYSTEMPATH\CodeIgniter.php(354): CodeIgniter\CodeIgniter->handleRequest(null, Object(Config\Cache), false)
 9 SYSTEMPATH\Boot.php(363): CodeIgniter\CodeIgniter->run()
10 SYSTEMPATH\Boot.php(68): CodeIgniter\Boot::runCodeIgniter(Object(CodeIgniter\CodeIgniter))
11 FCPATH\index.php(59): CodeIgniter\Boot::bootWeb(Object(Config\Paths))
DEBUG - 2025-11-08 02:10:14 --> Session: Class initialized using 'CodeIgniter\Session\Handlers\FileHandler' driver.
CRITICAL - 2025-11-08 02:10:14 --> ErrorException: Undefined variable $messages
[Method: GET, Route: bantuan/chat/18/default]
in APPPATH\Views\pages\bantuan_chat.php on line 51.
 1 APPPATH\Views\pages\bantuan_chat.php(51): CodeIgniter\Debug\Exceptions->errorHandler(2, 'Undefined variable $messages', 'C:\\xampp\\htdocs\\e-arsip_ci4\\app\\Views\\pages\\bantuan_chat.php', 51)
 2 SYSTEMPATH\View\View.php(226): include('C:\\xampp\\htdocs\\e-arsip_ci4\\app\\Views\\pages\\bantuan_chat.php')
 3 SYSTEMPATH\View\View.php(229): CodeIgniter\View\View->CodeIgniter\View\{closure}()
 4 SYSTEMPATH\Common.php(1167): CodeIgniter\View\View->render('pages/bantuan_chat', [], true)
 5 APPPATH\Controllers\Bantuan.php(69): view('pages/bantuan_chat', [...])
 6 SYSTEMPATH\CodeIgniter.php(933): App\Controllers\Bantuan->chat('18', 'default')
 7 SYSTEMPATH\CodeIgniter.php(507): CodeIgniter\CodeIgniter->runController(Object(App\Controllers\Bantuan))
 8 SYSTEMPATH\CodeIgniter.php(354): CodeIgniter\CodeIgniter->handleRequest(null, Object(Config\Cache), false)
 9 SYSTEMPATH\Boot.php(363): CodeIgniter\CodeIgniter->run()
10 SYSTEMPATH\Boot.php(68): CodeIgniter\Boot::runCodeIgniter(Object(CodeIgniter\CodeIgniter))
11 FCPATH\index.php(59): CodeIgniter\Boot::bootWeb(Object(Config\Paths))
DEBUG - 2025-11-08 02:10:16 --> Session: Class initialized using 'CodeIgniter\Session\Handlers\FileHandler' driver.
CRITICAL - 2025-11-08 02:10:16 --> ErrorException: Undefined variable $messages
[Method: GET, Route: bantuan/chat/18/default]
in APPPATH\Views\pages\bantuan_chat.php on line 51.
 1 APPPATH\Views\pages\bantuan_chat.php(51): CodeIgniter\Debug\Exceptions->errorHandler(2, 'Undefined variable $messages', 'C:\\xampp\\htdocs\\e-arsip_ci4\\app\\Views\\pages\\bantuan_chat.php', 51)
 2 SYSTEMPATH\View\View.php(226): include('C:\\xampp\\htdocs\\e-arsip_ci4\\app\\Views\\pages\\bantuan_chat.php')
 3 SYSTEMPATH\View\View.php(229): CodeIgniter\View\View->CodeIgniter\View\{closure}()
 4 SYSTEMPATH\Common.php(1167): CodeIgniter\View\View->render('pages/bantuan_chat', [], true)
 5 APPPATH\Controllers\Bantuan.php(69): view('pages/bantuan_chat', [...])
 6 SYSTEMPATH\CodeIgniter.php(933): App\Controllers\Bantuan->chat('18', 'default')
 7 SYSTEMPATH\CodeIgniter.php(507): CodeIgniter\CodeIgniter->runController(Object(App\Controllers\Bantuan))
 8 SYSTEMPATH\CodeIgniter.php(354): CodeIgniter\CodeIgniter->handleRequest(null, Object(Config\Cache), false)
 9 SYSTEMPATH\Boot.php(363): CodeIgniter\CodeIgniter->run()
10 SYSTEMPATH\Boot.php(68): CodeIgniter\Boot::runCodeIgniter(Object(CodeIgniter\CodeIgniter))
11 FCPATH\index.php(59): CodeIgniter\Boot::bootWeb(Object(Config\Paths))
DEBUG - 2025-11-08 02:10:17 --> Session: Class initialized using 'CodeIgniter\Session\Handlers\FileHandler' driver.
CRITICAL - 2025-11-08 02:10:17 --> ErrorException: Undefined variable $messages
[Method: GET, Route: bantuan/chat/18/default]
in APPPATH\Views\pages\bantuan_chat.php on line 51.
 1 APPPATH\Views\pages\bantuan_chat.php(51): CodeIgniter\Debug\Exceptions->errorHandler(2, 'Undefined variable $messages', 'C:\\xampp\\htdocs\\e-arsip_ci4\\app\\Views\\pages\\bantuan_chat.php', 51)
 2 SYSTEMPATH\View\View.php(226): include('C:\\xampp\\htdocs\\e-arsip_ci4\\app\\Views\\pages\\bantuan_chat.php')
 3 SYSTEMPATH\View\View.php(229): CodeIgniter\View\View->CodeIgniter\View\{closure}()
 4 SYSTEMPATH\Common.php(1167): CodeIgniter\View\View->render('pages/bantuan_chat', [], true)
 5 APPPATH\Controllers\Bantuan.php(69): view('pages/bantuan_chat', [...])
 6 SYSTEMPATH\CodeIgniter.php(933): App\Controllers\Bantuan->chat('18', 'default')
 7 SYSTEMPATH\CodeIgniter.php(507): CodeIgniter\CodeIgniter->runController(Object(App\Controllers\Bantuan))
 8 SYSTEMPATH\CodeIgniter.php(354): CodeIgniter\CodeIgniter->handleRequest(null, Object(Config\Cache), false)
 9 SYSTEMPATH\Boot.php(363): CodeIgniter\CodeIgniter->run()
10 SYSTEMPATH\Boot.php(68): CodeIgniter\Boot::runCodeIgniter(Object(CodeIgniter\CodeIgniter))
11 FCPATH\index.php(59): CodeIgniter\Boot::bootWeb(Object(Config\Paths))
DEBUG - 2025-11-08 02:10:18 --> Session: Class initialized using 'CodeIgniter\Session\Handlers\FileHandler' driver.
CRITICAL - 2025-11-08 02:10:18 --> ErrorException: Undefined variable $messages
[Method: GET, Route: bantuan/chat/18/default]
in APPPATH\Views\pages\bantuan_chat.php on line 51.
 1 APPPATH\Views\pages\bantuan_chat.php(51): CodeIgniter\Debug\Exceptions->errorHandler(2, 'Undefined variable $messages', 'C:\\xampp\\htdocs\\e-arsip_ci4\\app\\Views\\pages\\bantuan_chat.php', 51)
 2 SYSTEMPATH\View\View.php(226): include('C:\\xampp\\htdocs\\e-arsip_ci4\\app\\Views\\pages\\bantuan_chat.php')
 3 SYSTEMPATH\View\View.php(229): CodeIgniter\View\View->CodeIgniter\View\{closure}()
 4 SYSTEMPATH\Common.php(1167): CodeIgniter\View\View->render('pages/bantuan_chat', [], true)
 5 APPPATH\Controllers\Bantuan.php(69): view('pages/bantuan_chat', [...])
 6 SYSTEMPATH\CodeIgniter.php(933): App\Controllers\Bantuan->chat('18', 'default')
 7 SYSTEMPATH\CodeIgniter.php(507): CodeIgniter\CodeIgniter->runController(Object(App\Controllers\Bantuan))
 8 SYSTEMPATH\CodeIgniter.php(354): CodeIgniter\CodeIgniter->handleRequest(null, Object(Config\Cache), false)
 9 SYSTEMPATH\Boot.php(363): CodeIgniter\CodeIgniter->run()
10 SYSTEMPATH\Boot.php(68): CodeIgniter\Boot::runCodeIgniter(Object(CodeIgniter\CodeIgniter))
11 FCPATH\index.php(59): CodeIgniter\Boot::bootWeb(Object(Config\Paths))
DEBUG - 2025-11-08 02:10:19 --> Session: Class initialized using 'CodeIgniter\Session\Handlers\FileHandler' driver.
CRITICAL - 2025-11-08 02:10:19 --> ErrorException: Undefined variable $messages
[Method: GET, Route: bantuan/chat/18/default]
in APPPATH\Views\pages\bantuan_chat.php on line 51.
 1 APPPATH\Views\pages\bantuan_chat.php(51): CodeIgniter\Debug\Exceptions->errorHandler(2, 'Undefined variable $messages', 'C:\\xampp\\htdocs\\e-arsip_ci4\\app\\Views\\pages\\bantuan_chat.php', 51)
 2 SYSTEMPATH\View\View.php(226): include('C:\\xampp\\htdocs\\e-arsip_ci4\\app\\Views\\pages\\bantuan_chat.php')
 3 SYSTEMPATH\View\View.php(229): CodeIgniter\View\View->CodeIgniter\View\{closure}()
 4 SYSTEMPATH\Common.php(1167): CodeIgniter\View\View->render('pages/bantuan_chat', [], true)
 5 APPPATH\Controllers\Bantuan.php(69): view('pages/bantuan_chat', [...])
 6 SYSTEMPATH\CodeIgniter.php(933): App\Controllers\Bantuan->chat('18', 'default')
 7 SYSTEMPATH\CodeIgniter.php(507): CodeIgniter\CodeIgniter->runController(Object(App\Controllers\Bantuan))
 8 SYSTEMPATH\CodeIgniter.php(354): CodeIgniter\CodeIgniter->handleRequest(null, Object(Config\Cache), false)
 9 SYSTEMPATH\Boot.php(363): CodeIgniter\CodeIgniter->run()
10 SYSTEMPATH\Boot.php(68): CodeIgniter\Boot::runCodeIgniter(Object(CodeIgniter\CodeIgniter))
11 FCPATH\index.php(59): CodeIgniter\Boot::bootWeb(Object(Config\Paths))
DEBUG - 2025-11-08 02:10:20 --> Session: Class initialized using 'CodeIgniter\Session\Handlers\FileHandler' driver.
CRITICAL - 2025-11-08 02:10:20 --> ErrorException: Undefined variable $messages
[Method: GET, Route: bantuan/chat/18/default]
in APPPATH\Views\pages\bantuan_chat.php on line 51.
 1 APPPATH\Views\pages\bantuan_chat.php(51): CodeIgniter\Debug\Exceptions->errorHandler(2, 'Undefined variable $messages', 'C:\\xampp\\htdocs\\e-arsip_ci4\\app\\Views\\pages\\bantuan_chat.php', 51)
 2 SYSTEMPATH\View\View.php(226): include('C:\\xampp\\htdocs\\e-arsip_ci4\\app\\Views\\pages\\bantuan_chat.php')
 3 SYSTEMPATH\View\View.php(229): CodeIgniter\View\View->CodeIgniter\View\{closure}()
 4 SYSTEMPATH\Common.php(1167): CodeIgniter\View\View->render('pages/bantuan_chat', [], true)
 5 APPPATH\Controllers\Bantuan.php(69): view('pages/bantuan_chat', [...])
 6 SYSTEMPATH\CodeIgniter.php(933): App\Controllers\Bantuan->chat('18', 'default')
 7 SYSTEMPATH\CodeIgniter.php(507): CodeIgniter\CodeIgniter->runController(Object(App\Controllers\Bantuan))
 8 SYSTEMPATH\CodeIgniter.php(354): CodeIgniter\CodeIgniter->handleRequest(null, Object(Config\Cache), false)
 9 SYSTEMPATH\Boot.php(363): CodeIgniter\CodeIgniter->run()
10 SYSTEMPATH\Boot.php(68): CodeIgniter\Boot::runCodeIgniter(Object(CodeIgniter\CodeIgniter))
11 FCPATH\index.php(59): CodeIgniter\Boot::bootWeb(Object(Config\Paths))
DEBUG - 2025-11-08 02:10:22 --> Session: Class initialized using 'CodeIgniter\Session\Handlers\FileHandler' driver.
CRITICAL - 2025-11-08 02:10:22 --> ErrorException: Undefined variable $messages
[Method: GET, Route: bantuan/chat/18/default]
in APPPATH\Views\pages\bantuan_chat.php on line 51.
 1 APPPATH\Views\pages\bantuan_chat.php(51): CodeIgniter\Debug\Exceptions->errorHandler(2, 'Undefined variable $messages', 'C:\\xampp\\htdocs\\e-arsip_ci4\\app\\Views\\pages\\bantuan_chat.php', 51)
 2 SYSTEMPATH\View\View.php(226): include('C:\\xampp\\htdocs\\e-arsip_ci4\\app\\Views\\pages\\bantuan_chat.php')
 3 SYSTEMPATH\View\View.php(229): CodeIgniter\View\View->CodeIgniter\View\{closure}()
 4 SYSTEMPATH\Common.php(1167): CodeIgniter\View\View->render('pages/bantuan_chat', [], true)
 5 APPPATH\Controllers\Bantuan.php(69): view('pages/bantuan_chat', [...])
 6 SYSTEMPATH\CodeIgniter.php(933): App\Controllers\Bantuan->chat('18', 'default')
 7 SYSTEMPATH\CodeIgniter.php(507): CodeIgniter\CodeIgniter->runController(Object(App\Controllers\Bantuan))
 8 SYSTEMPATH\CodeIgniter.php(354): CodeIgniter\CodeIgniter->handleRequest(null, Object(Config\Cache), false)
 9 SYSTEMPATH\Boot.php(363): CodeIgniter\CodeIgniter->run()
10 SYSTEMPATH\Boot.php(68): CodeIgniter\Boot::runCodeIgniter(Object(CodeIgniter\CodeIgniter))
11 FCPATH\index.php(59): CodeIgniter\Boot::bootWeb(Object(Config\Paths))
DEBUG - 2025-11-08 02:10:23 --> Session: Class initialized using 'CodeIgniter\Session\Handlers\FileHandler' driver.
CRITICAL - 2025-11-08 02:10:23 --> ErrorException: Undefined variable $messages
[Method: GET, Route: bantuan/chat/18/default]
in APPPATH\Views\pages\bantuan_chat.php on line 51.
 1 APPPATH\Views\pages\bantuan_chat.php(51): CodeIgniter\Debug\Exceptions->errorHandler(2, 'Undefined variable $messages', 'C:\\xampp\\htdocs\\e-arsip_ci4\\app\\Views\\pages\\bantuan_chat.php', 51)
 2 SYSTEMPATH\View\View.php(226): include('C:\\xampp\\htdocs\\e-arsip_ci4\\app\\Views\\pages\\bantuan_chat.php')
 3 SYSTEMPATH\View\View.php(229): CodeIgniter\View\View->CodeIgniter\View\{closure}()
 4 SYSTEMPATH\Common.php(1167): CodeIgniter\View\View->render('pages/bantuan_chat', [], true)
 5 APPPATH\Controllers\Bantuan.php(69): view('pages/bantuan_chat', [...])
 6 SYSTEMPATH\CodeIgniter.php(933): App\Controllers\Bantuan->chat('18', 'default')
 7 SYSTEMPATH\CodeIgniter.php(507): CodeIgniter\CodeIgniter->runController(Object(App\Controllers\Bantuan))
 8 SYSTEMPATH\CodeIgniter.php(354): CodeIgniter\CodeIgniter->handleRequest(null, Object(Config\Cache), false)
 9 SYSTEMPATH\Boot.php(363): CodeIgniter\CodeIgniter->run()
10 SYSTEMPATH\Boot.php(68): CodeIgniter\Boot::runCodeIgniter(Object(CodeIgniter\CodeIgniter))
11 FCPATH\index.php(59): CodeIgniter\Boot::bootWeb(Object(Config\Paths))
DEBUG - 2025-11-08 02:10:24 --> Session: Class initialized using 'CodeIgniter\Session\Handlers\FileHandler' driver.
CRITICAL - 2025-11-08 02:10:24 --> ErrorException: Undefined variable $messages
[Method: GET, Route: bantuan/chat/18/default]
in APPPATH\Views\pages\bantuan_chat.php on line 51.
 1 APPPATH\Views\pages\bantuan_chat.php(51): CodeIgniter\Debug\Exceptions->errorHandler(2, 'Undefined variable $messages', 'C:\\xampp\\htdocs\\e-arsip_ci4\\app\\Views\\pages\\bantuan_chat.php', 51)
 2 SYSTEMPATH\View\View.php(226): include('C:\\xampp\\htdocs\\e-arsip_ci4\\app\\Views\\pages\\bantuan_chat.php')
 3 SYSTEMPATH\View\View.php(229): CodeIgniter\View\View->CodeIgniter\View\{closure}()
 4 SYSTEMPATH\Common.php(1167): CodeIgniter\View\View->render('pages/bantuan_chat', [], true)
 5 APPPATH\Controllers\Bantuan.php(69): view('pages/bantuan_chat', [...])
 6 SYSTEMPATH\CodeIgniter.php(933): App\Controllers\Bantuan->chat('18', 'default')
 7 SYSTEMPATH\CodeIgniter.php(507): CodeIgniter\CodeIgniter->runController(Object(App\Controllers\Bantuan))
 8 SYSTEMPATH\CodeIgniter.php(354): CodeIgniter\CodeIgniter->handleRequest(null, Object(Config\Cache), false)
 9 SYSTEMPATH\Boot.php(363): CodeIgniter\CodeIgniter->run()
10 SYSTEMPATH\Boot.php(68): CodeIgniter\Boot::runCodeIgniter(Object(CodeIgniter\CodeIgniter))
11 FCPATH\index.php(59): CodeIgniter\Boot::bootWeb(Object(Config\Paths))
DEBUG - 2025-11-08 02:10:25 --> Session: Class initialized using 'CodeIgniter\Session\Handlers\FileHandler' driver.
CRITICAL - 2025-11-08 02:10:25 --> ErrorException: Undefined variable $messages
[Method: GET, Route: bantuan/chat/18/default]
in APPPATH\Views\pages\bantuan_chat.php on line 51.
 1 APPPATH\Views\pages\bantuan_chat.php(51): CodeIgniter\Debug\Exceptions->errorHandler(2, 'Undefined variable $messages', 'C:\\xampp\\htdocs\\e-arsip_ci4\\app\\Views\\pages\\bantuan_chat.php', 51)
 2 SYSTEMPATH\View\View.php(226): include('C:\\xampp\\htdocs\\e-arsip_ci4\\app\\Views\\pages\\bantuan_chat.php')
 3 SYSTEMPATH\View\View.php(229): CodeIgniter\View\View->CodeIgniter\View\{closure}()
 4 SYSTEMPATH\Common.php(1167): CodeIgniter\View\View->render('pages/bantuan_chat', [], true)
 5 APPPATH\Controllers\Bantuan.php(69): view('pages/bantuan_chat', [...])
 6 SYSTEMPATH\CodeIgniter.php(933): App\Controllers\Bantuan->chat('18', 'default')
 7 SYSTEMPATH\CodeIgniter.php(507): CodeIgniter\CodeIgniter->runController(Object(App\Controllers\Bantuan))
 8 SYSTEMPATH\CodeIgniter.php(354): CodeIgniter\CodeIgniter->handleRequest(null, Object(Config\Cache), false)
 9 SYSTEMPATH\Boot.php(363): CodeIgniter\CodeIgniter->run()
10 SYSTEMPATH\Boot.php(68): CodeIgniter\Boot::runCodeIgniter(Object(CodeIgniter\CodeIgniter))
11 FCPATH\index.php(59): CodeIgniter\Boot::bootWeb(Object(Config\Paths))
DEBUG - 2025-11-08 02:10:26 --> Session: Class initialized using 'CodeIgniter\Session\Handlers\FileHandler' driver.
CRITICAL - 2025-11-08 02:10:26 --> ErrorException: Undefined variable $messages
[Method: GET, Route: bantuan/chat/18/default]
in APPPATH\Views\pages\bantuan_chat.php on line 51.
 1 APPPATH\Views\pages\bantuan_chat.php(51): CodeIgniter\Debug\Exceptions->errorHandler(2, 'Undefined variable $messages', 'C:\\xampp\\htdocs\\e-arsip_ci4\\app\\Views\\pages\\bantuan_chat.php', 51)
 2 SYSTEMPATH\View\View.php(226): include('C:\\xampp\\htdocs\\e-arsip_ci4\\app\\Views\\pages\\bantuan_chat.php')
 3 SYSTEMPATH\View\View.php(229): CodeIgniter\View\View->CodeIgniter\View\{closure}()
 4 SYSTEMPATH\Common.php(1167): CodeIgniter\View\View->render('pages/bantuan_chat', [], true)
 5 APPPATH\Controllers\Bantuan.php(69): view('pages/bantuan_chat', [...])
 6 SYSTEMPATH\CodeIgniter.php(933): App\Controllers\Bantuan->chat('18', 'default')
 7 SYSTEMPATH\CodeIgniter.php(507): CodeIgniter\CodeIgniter->runController(Object(App\Controllers\Bantuan))
 8 SYSTEMPATH\CodeIgniter.php(354): CodeIgniter\CodeIgniter->handleRequest(null, Object(Config\Cache), false)
 9 SYSTEMPATH\Boot.php(363): CodeIgniter\CodeIgniter->run()
10 SYSTEMPATH\Boot.php(68): CodeIgniter\Boot::runCodeIgniter(Object(CodeIgniter\CodeIgniter))
11 FCPATH\index.php(59): CodeIgniter\Boot::bootWeb(Object(Config\Paths))
DEBUG - 2025-11-08 02:10:28 --> Session: Class initialized using 'CodeIgniter\Session\Handlers\FileHandler' driver.
CRITICAL - 2025-11-08 02:10:28 --> ErrorException: Undefined variable $messages
[Method: GET, Route: bantuan/chat/18/default]
in APPPATH\Views\pages\bantuan_chat.php on line 51.
 1 APPPATH\Views\pages\bantuan_chat.php(51): CodeIgniter\Debug\Exceptions->errorHandler(2, 'Undefined variable $messages', 'C:\\xampp\\htdocs\\e-arsip_ci4\\app\\Views\\pages\\bantuan_chat.php', 51)
 2 SYSTEMPATH\View\View.php(226): include('C:\\xampp\\htdocs\\e-arsip_ci4\\app\\Views\\pages\\bantuan_chat.php')
 3 SYSTEMPATH\View\View.php(229): CodeIgniter\View\View->CodeIgniter\View\{closure}()
 4 SYSTEMPATH\Common.php(1167): CodeIgniter\View\View->render('pages/bantuan_chat', [], true)
 5 APPPATH\Controllers\Bantuan.php(69): view('pages/bantuan_chat', [...])
 6 SYSTEMPATH\CodeIgniter.php(933): App\Controllers\Bantuan->chat('18', 'default')
 7 SYSTEMPATH\CodeIgniter.php(507): CodeIgniter\CodeIgniter->runController(Object(App\Controllers\Bantuan))
 8 SYSTEMPATH\CodeIgniter.php(354): CodeIgniter\CodeIgniter->handleRequest(null, Object(Config\Cache), false)
 9 SYSTEMPATH\Boot.php(363): CodeIgniter\CodeIgniter->run()
10 SYSTEMPATH\Boot.php(68): CodeIgniter\Boot::runCodeIgniter(Object(CodeIgniter\CodeIgniter))
11 FCPATH\index.php(59): CodeIgniter\Boot::bootWeb(Object(Config\Paths))
DEBUG - 2025-11-08 02:10:29 --> Session: Class initialized using 'CodeIgniter\Session\Handlers\FileHandler' driver.
CRITICAL - 2025-11-08 02:10:29 --> ErrorException: Undefined variable $messages
[Method: GET, Route: bantuan/chat/18/default]
in APPPATH\Views\pages\bantuan_chat.php on line 51.
 1 APPPATH\Views\pages\bantuan_chat.php(51): CodeIgniter\Debug\Exceptions->errorHandler(2, 'Undefined variable $messages', 'C:\\xampp\\htdocs\\e-arsip_ci4\\app\\Views\\pages\\bantuan_chat.php', 51)
 2 SYSTEMPATH\View\View.php(226): include('C:\\xampp\\htdocs\\e-arsip_ci4\\app\\Views\\pages\\bantuan_chat.php')
 3 SYSTEMPATH\View\View.php(229): CodeIgniter\View\View->CodeIgniter\View\{closure}()
 4 SYSTEMPATH\Common.php(1167): CodeIgniter\View\View->render('pages/bantuan_chat', [], true)
 5 APPPATH\Controllers\Bantuan.php(69): view('pages/bantuan_chat', [...])
 6 SYSTEMPATH\CodeIgniter.php(933): App\Controllers\Bantuan->chat('18', 'default')
 7 SYSTEMPATH\CodeIgniter.php(507): CodeIgniter\CodeIgniter->runController(Object(App\Controllers\Bantuan))
 8 SYSTEMPATH\CodeIgniter.php(354): CodeIgniter\CodeIgniter->handleRequest(null, Object(Config\Cache), false)
 9 SYSTEMPATH\Boot.php(363): CodeIgniter\CodeIgniter->run()
10 SYSTEMPATH\Boot.php(68): CodeIgniter\Boot::runCodeIgniter(Object(CodeIgniter\CodeIgniter))
11 FCPATH\index.php(59): CodeIgniter\Boot::bootWeb(Object(Config\Paths))
DEBUG - 2025-11-08 02:10:30 --> Session: Class initialized using 'CodeIgniter\Session\Handlers\FileHandler' driver.
CRITICAL - 2025-11-08 02:10:30 --> ErrorException: Undefined variable $messages
[Method: GET, Route: bantuan/chat/18/default]
in APPPATH\Views\pages\bantuan_chat.php on line 51.
 1 APPPATH\Views\pages\bantuan_chat.php(51): CodeIgniter\Debug\Exceptions->errorHandler(2, 'Undefined variable $messages', 'C:\\xampp\\htdocs\\e-arsip_ci4\\app\\Views\\pages\\bantuan_chat.php', 51)
 2 SYSTEMPATH\View\View.php(226): include('C:\\xampp\\htdocs\\e-arsip_ci4\\app\\Views\\pages\\bantuan_chat.php')
 3 SYSTEMPATH\View\View.php(229): CodeIgniter\View\View->CodeIgniter\View\{closure}()
 4 SYSTEMPATH\Common.php(1167): CodeIgniter\View\View->render('pages/bantuan_chat', [], true)
 5 APPPATH\Controllers\Bantuan.php(69): view('pages/bantuan_chat', [...])
 6 SYSTEMPATH\CodeIgniter.php(933): App\Controllers\Bantuan->chat('18', 'default')
 7 SYSTEMPATH\CodeIgniter.php(507): CodeIgniter\CodeIgniter->runController(Object(App\Controllers\Bantuan))
 8 SYSTEMPATH\CodeIgniter.php(354): CodeIgniter\CodeIgniter->handleRequest(null, Object(Config\Cache), false)
 9 SYSTEMPATH\Boot.php(363): CodeIgniter\CodeIgniter->run()
10 SYSTEMPATH\Boot.php(68): CodeIgniter\Boot::runCodeIgniter(Object(CodeIgniter\CodeIgniter))
11 FCPATH\index.php(59): CodeIgniter\Boot::bootWeb(Object(Config\Paths))
DEBUG - 2025-11-08 02:10:31 --> Session: Class initialized using 'CodeIgniter\Session\Handlers\FileHandler' driver.
CRITICAL - 2025-11-08 02:10:31 --> ErrorException: Undefined variable $messages
[Method: GET, Route: bantuan/chat/18/default]
in APPPATH\Views\pages\bantuan_chat.php on line 51.
 1 APPPATH\Views\pages\bantuan_chat.php(51): CodeIgniter\Debug\Exceptions->errorHandler(2, 'Undefined variable $messages', 'C:\\xampp\\htdocs\\e-arsip_ci4\\app\\Views\\pages\\bantuan_chat.php', 51)
 2 SYSTEMPATH\View\View.php(226): include('C:\\xampp\\htdocs\\e-arsip_ci4\\app\\Views\\pages\\bantuan_chat.php')
 3 SYSTEMPATH\View\View.php(229): CodeIgniter\View\View->CodeIgniter\View\{closure}()
 4 SYSTEMPATH\Common.php(1167): CodeIgniter\View\View->render('pages/bantuan_chat', [], true)
 5 APPPATH\Controllers\Bantuan.php(69): view('pages/bantuan_chat', [...])
 6 SYSTEMPATH\CodeIgniter.php(933): App\Controllers\Bantuan->chat('18', 'default')
 7 SYSTEMPATH\CodeIgniter.php(507): CodeIgniter\CodeIgniter->runController(Object(App\Controllers\Bantuan))
 8 SYSTEMPATH\CodeIgniter.php(354): CodeIgniter\CodeIgniter->handleRequest(null, Object(Config\Cache), false)
 9 SYSTEMPATH\Boot.php(363): CodeIgniter\CodeIgniter->run()
10 SYSTEMPATH\Boot.php(68): CodeIgniter\Boot::runCodeIgniter(Object(CodeIgniter\CodeIgniter))
11 FCPATH\index.php(59): CodeIgniter\Boot::bootWeb(Object(Config\Paths))
DEBUG - 2025-11-08 02:10:32 --> Session: Class initialized using 'CodeIgniter\Session\Handlers\FileHandler' driver.
CRITICAL - 2025-11-08 02:10:32 --> ErrorException: Undefined variable $messages
[Method: GET, Route: bantuan/chat/18/default]
in APPPATH\Views\pages\bantuan_chat.php on line 51.
 1 APPPATH\Views\pages\bantuan_chat.php(51): CodeIgniter\Debug\Exceptions->errorHandler(2, 'Undefined variable $messages', 'C:\\xampp\\htdocs\\e-arsip_ci4\\app\\Views\\pages\\bantuan_chat.php', 51)
 2 SYSTEMPATH\View\View.php(226): include('C:\\xampp\\htdocs\\e-arsip_ci4\\app\\Views\\pages\\bantuan_chat.php')
 3 SYSTEMPATH\View\View.php(229): CodeIgniter\View\View->CodeIgniter\View\{closure}()
 4 SYSTEMPATH\Common.php(1167): CodeIgniter\View\View->render('pages/bantuan_chat', [], true)
 5 APPPATH\Controllers\Bantuan.php(69): view('pages/bantuan_chat', [...])
 6 SYSTEMPATH\CodeIgniter.php(933): App\Controllers\Bantuan->chat('18', 'default')
 7 SYSTEMPATH\CodeIgniter.php(507): CodeIgniter\CodeIgniter->runController(Object(App\Controllers\Bantuan))
 8 SYSTEMPATH\CodeIgniter.php(354): CodeIgniter\CodeIgniter->handleRequest(null, Object(Config\Cache), false)
 9 SYSTEMPATH\Boot.php(363): CodeIgniter\CodeIgniter->run()
10 SYSTEMPATH\Boot.php(68): CodeIgniter\Boot::runCodeIgniter(Object(CodeIgniter\CodeIgniter))
11 FCPATH\index.php(59): CodeIgniter\Boot::bootWeb(Object(Config\Paths))
DEBUG - 2025-11-08 02:10:34 --> Session: Class initialized using 'CodeIgniter\Session\Handlers\FileHandler' driver.
CRITICAL - 2025-11-08 02:10:34 --> ErrorException: Undefined variable $messages
[Method: GET, Route: bantuan/chat/18/default]
in APPPATH\Views\pages\bantuan_chat.php on line 51.
 1 APPPATH\Views\pages\bantuan_chat.php(51): CodeIgniter\Debug\Exceptions->errorHandler(2, 'Undefined variable $messages', 'C:\\xampp\\htdocs\\e-arsip_ci4\\app\\Views\\pages\\bantuan_chat.php', 51)
 2 SYSTEMPATH\View\View.php(226): include('C:\\xampp\\htdocs\\e-arsip_ci4\\app\\Views\\pages\\bantuan_chat.php')
 3 SYSTEMPATH\View\View.php(229): CodeIgniter\View\View->CodeIgniter\View\{closure}()
 4 SYSTEMPATH\Common.php(1167): CodeIgniter\View\View->render('pages/bantuan_chat', [], true)
 5 APPPATH\Controllers\Bantuan.php(69): view('pages/bantuan_chat', [...])
 6 SYSTEMPATH\CodeIgniter.php(933): App\Controllers\Bantuan->chat('18', 'default')
 7 SYSTEMPATH\CodeIgniter.php(507): CodeIgniter\CodeIgniter->runController(Object(App\Controllers\Bantuan))
 8 SYSTEMPATH\CodeIgniter.php(354): CodeIgniter\CodeIgniter->handleRequest(null, Object(Config\Cache), false)
 9 SYSTEMPATH\Boot.php(363): CodeIgniter\CodeIgniter->run()
10 SYSTEMPATH\Boot.php(68): CodeIgniter\Boot::runCodeIgniter(Object(CodeIgniter\CodeIgniter))
11 FCPATH\index.php(59): CodeIgniter\Boot::bootWeb(Object(Config\Paths))
DEBUG - 2025-11-08 02:10:35 --> Session: Class initialized using 'CodeIgniter\Session\Handlers\FileHandler' driver.
CRITICAL - 2025-11-08 02:10:35 --> ErrorException: Undefined variable $messages
[Method: GET, Route: bantuan/chat/18/default]
in APPPATH\Views\pages\bantuan_chat.php on line 51.
 1 APPPATH\Views\pages\bantuan_chat.php(51): CodeIgniter\Debug\Exceptions->errorHandler(2, 'Undefined variable $messages', 'C:\\xampp\\htdocs\\e-arsip_ci4\\app\\Views\\pages\\bantuan_chat.php', 51)
 2 SYSTEMPATH\View\View.php(226): include('C:\\xampp\\htdocs\\e-arsip_ci4\\app\\Views\\pages\\bantuan_chat.php')
 3 SYSTEMPATH\View\View.php(229): CodeIgniter\View\View->CodeIgniter\View\{closure}()
 4 SYSTEMPATH\Common.php(1167): CodeIgniter\View\View->render('pages/bantuan_chat', [], true)
 5 APPPATH\Controllers\Bantuan.php(69): view('pages/bantuan_chat', [...])
 6 SYSTEMPATH\CodeIgniter.php(933): App\Controllers\Bantuan->chat('18', 'default')
 7 SYSTEMPATH\CodeIgniter.php(507): CodeIgniter\CodeIgniter->runController(Object(App\Controllers\Bantuan))
 8 SYSTEMPATH\CodeIgniter.php(354): CodeIgniter\CodeIgniter->handleRequest(null, Object(Config\Cache), false)
 9 SYSTEMPATH\Boot.php(363): CodeIgniter\CodeIgniter->run()
10 SYSTEMPATH\Boot.php(68): CodeIgniter\Boot::runCodeIgniter(Object(CodeIgniter\CodeIgniter))
11 FCPATH\index.php(59): CodeIgniter\Boot::bootWeb(Object(Config\Paths))
DEBUG - 2025-11-08 02:10:36 --> Session: Class initialized using 'CodeIgniter\Session\Handlers\FileHandler' driver.
CRITICAL - 2025-11-08 02:10:36 --> ErrorException: Undefined variable $messages
[Method: GET, Route: bantuan/chat/18/default]
in APPPATH\Views\pages\bantuan_chat.php on line 51.
 1 APPPATH\Views\pages\bantuan_chat.php(51): CodeIgniter\Debug\Exceptions->errorHandler(2, 'Undefined variable $messages', 'C:\\xampp\\htdocs\\e-arsip_ci4\\app\\Views\\pages\\bantuan_chat.php', 51)
 2 SYSTEMPATH\View\View.php(226): include('C:\\xampp\\htdocs\\e-arsip_ci4\\app\\Views\\pages\\bantuan_chat.php')
 3 SYSTEMPATH\View\View.php(229): CodeIgniter\View\View->CodeIgniter\View\{closure}()
 4 SYSTEMPATH\Common.php(1167): CodeIgniter\View\View->render('pages/bantuan_chat', [], true)
 5 APPPATH\Controllers\Bantuan.php(69): view('pages/bantuan_chat', [...])
 6 SYSTEMPATH\CodeIgniter.php(933): App\Controllers\Bantuan->chat('18', 'default')
 7 SYSTEMPATH\CodeIgniter.php(507): CodeIgniter\CodeIgniter->runController(Object(App\Controllers\Bantuan))
 8 SYSTEMPATH\CodeIgniter.php(354): CodeIgniter\CodeIgniter->handleRequest(null, Object(Config\Cache), false)
 9 SYSTEMPATH\Boot.php(363): CodeIgniter\CodeIgniter->run()
10 SYSTEMPATH\Boot.php(68): CodeIgniter\Boot::runCodeIgniter(Object(CodeIgniter\CodeIgniter))
11 FCPATH\index.php(59): CodeIgniter\Boot::bootWeb(Object(Config\Paths))
DEBUG - 2025-11-08 02:10:37 --> Session: Class initialized using 'CodeIgniter\Session\Handlers\FileHandler' driver.
CRITICAL - 2025-11-08 02:10:37 --> ErrorException: Undefined variable $messages
[Method: GET, Route: bantuan/chat/18/default]
in APPPATH\Views\pages\bantuan_chat.php on line 51.
 1 APPPATH\Views\pages\bantuan_chat.php(51): CodeIgniter\Debug\Exceptions->errorHandler(2, 'Undefined variable $messages', 'C:\\xampp\\htdocs\\e-arsip_ci4\\app\\Views\\pages\\bantuan_chat.php', 51)
 2 SYSTEMPATH\View\View.php(226): include('C:\\xampp\\htdocs\\e-arsip_ci4\\app\\Views\\pages\\bantuan_chat.php')
 3 SYSTEMPATH\View\View.php(229): CodeIgniter\View\View->CodeIgniter\View\{closure}()
 4 SYSTEMPATH\Common.php(1167): CodeIgniter\View\View->render('pages/bantuan_chat', [], true)
 5 APPPATH\Controllers\Bantuan.php(69): view('pages/bantuan_chat', [...])
 6 SYSTEMPATH\CodeIgniter.php(933): App\Controllers\Bantuan->chat('18', 'default')
 7 SYSTEMPATH\CodeIgniter.php(507): CodeIgniter\CodeIgniter->runController(Object(App\Controllers\Bantuan))
 8 SYSTEMPATH\CodeIgniter.php(354): CodeIgniter\CodeIgniter->handleRequest(null, Object(Config\Cache), false)
 9 SYSTEMPATH\Boot.php(363): CodeIgniter\CodeIgniter->run()
10 SYSTEMPATH\Boot.php(68): CodeIgniter\Boot::runCodeIgniter(Object(CodeIgniter\CodeIgniter))
11 FCPATH\index.php(59): CodeIgniter\Boot::bootWeb(Object(Config\Paths))
DEBUG - 2025-11-08 02:10:38 --> Session: Class initialized using 'CodeIgniter\Session\Handlers\FileHandler' driver.
CRITICAL - 2025-11-08 02:10:38 --> ErrorException: Undefined variable $messages
[Method: GET, Route: bantuan/chat/18/default]
in APPPATH\Views\pages\bantuan_chat.php on line 51.
 1 APPPATH\Views\pages\bantuan_chat.php(51): CodeIgniter\Debug\Exceptions->errorHandler(2, 'Undefined variable $messages', 'C:\\xampp\\htdocs\\e-arsip_ci4\\app\\Views\\pages\\bantuan_chat.php', 51)
 2 SYSTEMPATH\View\View.php(226): include('C:\\xampp\\htdocs\\e-arsip_ci4\\app\\Views\\pages\\bantuan_chat.php')
 3 SYSTEMPATH\View\View.php(229): CodeIgniter\View\View->CodeIgniter\View\{closure}()
 4 SYSTEMPATH\Common.php(1167): CodeIgniter\View\View->render('pages/bantuan_chat', [], true)
 5 APPPATH\Controllers\Bantuan.php(69): view('pages/bantuan_chat', [...])
 6 SYSTEMPATH\CodeIgniter.php(933): App\Controllers\Bantuan->chat('18', 'default')
 7 SYSTEMPATH\CodeIgniter.php(507): CodeIgniter\CodeIgniter->runController(Object(App\Controllers\Bantuan))
 8 SYSTEMPATH\CodeIgniter.php(354): CodeIgniter\CodeIgniter->handleRequest(null, Object(Config\Cache), false)
 9 SYSTEMPATH\Boot.php(363): CodeIgniter\CodeIgniter->run()
10 SYSTEMPATH\Boot.php(68): CodeIgniter\Boot::runCodeIgniter(Object(CodeIgniter\CodeIgniter))
11 FCPATH\index.php(59): CodeIgniter\Boot::bootWeb(Object(Config\Paths))
DEBUG - 2025-11-08 02:10:40 --> Session: Class initialized using 'CodeIgniter\Session\Handlers\FileHandler' driver.
CRITICAL - 2025-11-08 02:10:40 --> ErrorException: Undefined variable $messages
[Method: GET, Route: bantuan/chat/18/default]
in APPPATH\Views\pages\bantuan_chat.php on line 51.
 1 APPPATH\Views\pages\bantuan_chat.php(51): CodeIgniter\Debug\Exceptions->errorHandler(2, 'Undefined variable $messages', 'C:\\xampp\\htdocs\\e-arsip_ci4\\app\\Views\\pages\\bantuan_chat.php', 51)
 2 SYSTEMPATH\View\View.php(226): include('C:\\xampp\\htdocs\\e-arsip_ci4\\app\\Views\\pages\\bantuan_chat.php')
 3 SYSTEMPATH\View\View.php(229): CodeIgniter\View\View->CodeIgniter\View\{closure}()
 4 SYSTEMPATH\Common.php(1167): CodeIgniter\View\View->render('pages/bantuan_chat', [], true)
 5 APPPATH\Controllers\Bantuan.php(69): view('pages/bantuan_chat', [...])
 6 SYSTEMPATH\CodeIgniter.php(933): App\Controllers\Bantuan->chat('18', 'default')
 7 SYSTEMPATH\CodeIgniter.php(507): CodeIgniter\CodeIgniter->runController(Object(App\Controllers\Bantuan))
 8 SYSTEMPATH\CodeIgniter.php(354): CodeIgniter\CodeIgniter->handleRequest(null, Object(Config\Cache), false)
 9 SYSTEMPATH\Boot.php(363): CodeIgniter\CodeIgniter->run()
10 SYSTEMPATH\Boot.php(68): CodeIgniter\Boot::runCodeIgniter(Object(CodeIgniter\CodeIgniter))
11 FCPATH\index.php(59): CodeIgniter\Boot::bootWeb(Object(Config\Paths))
DEBUG - 2025-11-08 02:10:41 --> Session: Class initialized using 'CodeIgniter\Session\Handlers\FileHandler' driver.
CRITICAL - 2025-11-08 02:10:41 --> ErrorException: Undefined variable $messages
[Method: GET, Route: bantuan/chat/18/default]
in APPPATH\Views\pages\bantuan_chat.php on line 51.
 1 APPPATH\Views\pages\bantuan_chat.php(51): CodeIgniter\Debug\Exceptions->errorHandler(2, 'Undefined variable $messages', 'C:\\xampp\\htdocs\\e-arsip_ci4\\app\\Views\\pages\\bantuan_chat.php', 51)
 2 SYSTEMPATH\View\View.php(226): include('C:\\xampp\\htdocs\\e-arsip_ci4\\app\\Views\\pages\\bantuan_chat.php')
 3 SYSTEMPATH\View\View.php(229): CodeIgniter\View\View->CodeIgniter\View\{closure}()
 4 SYSTEMPATH\Common.php(1167): CodeIgniter\View\View->render('pages/bantuan_chat', [], true)
 5 APPPATH\Controllers\Bantuan.php(69): view('pages/bantuan_chat', [...])
 6 SYSTEMPATH\CodeIgniter.php(933): App\Controllers\Bantuan->chat('18', 'default')
 7 SYSTEMPATH\CodeIgniter.php(507): CodeIgniter\CodeIgniter->runController(Object(App\Controllers\Bantuan))
 8 SYSTEMPATH\CodeIgniter.php(354): CodeIgniter\CodeIgniter->handleRequest(null, Object(Config\Cache), false)
 9 SYSTEMPATH\Boot.php(363): CodeIgniter\CodeIgniter->run()
10 SYSTEMPATH\Boot.php(68): CodeIgniter\Boot::runCodeIgniter(Object(CodeIgniter\CodeIgniter))
11 FCPATH\index.php(59): CodeIgniter\Boot::bootWeb(Object(Config\Paths))
DEBUG - 2025-11-08 02:10:42 --> Session: Class initialized using 'CodeIgniter\Session\Handlers\FileHandler' driver.
CRITICAL - 2025-11-08 02:10:42 --> ErrorException: Undefined variable $messages
[Method: GET, Route: bantuan/chat/18/default]
in APPPATH\Views\pages\bantuan_chat.php on line 51.
 1 APPPATH\Views\pages\bantuan_chat.php(51): CodeIgniter\Debug\Exceptions->errorHandler(2, 'Undefined variable $messages', 'C:\\xampp\\htdocs\\e-arsip_ci4\\app\\Views\\pages\\bantuan_chat.php', 51)
 2 SYSTEMPATH\View\View.php(226): include('C:\\xampp\\htdocs\\e-arsip_ci4\\app\\Views\\pages\\bantuan_chat.php')
 3 SYSTEMPATH\View\View.php(229): CodeIgniter\View\View->CodeIgniter\View\{closure}()
 4 SYSTEMPATH\Common.php(1167): CodeIgniter\View\View->render('pages/bantuan_chat', [], true)
 5 APPPATH\Controllers\Bantuan.php(69): view('pages/bantuan_chat', [...])
 6 SYSTEMPATH\CodeIgniter.php(933): App\Controllers\Bantuan->chat('18', 'default')
 7 SYSTEMPATH\CodeIgniter.php(507): CodeIgniter\CodeIgniter->runController(Object(App\Controllers\Bantuan))
 8 SYSTEMPATH\CodeIgniter.php(354): CodeIgniter\CodeIgniter->handleRequest(null, Object(Config\Cache), false)
 9 SYSTEMPATH\Boot.php(363): CodeIgniter\CodeIgniter->run()
10 SYSTEMPATH\Boot.php(68): CodeIgniter\Boot::runCodeIgniter(Object(CodeIgniter\CodeIgniter))
11 FCPATH\index.php(59): CodeIgniter\Boot::bootWeb(Object(Config\Paths))
DEBUG - 2025-11-08 02:10:43 --> Session: Class initialized using 'CodeIgniter\Session\Handlers\FileHandler' driver.
CRITICAL - 2025-11-08 02:10:43 --> ErrorException: Undefined variable $messages
[Method: GET, Route: bantuan/chat/18/default]
in APPPATH\Views\pages\bantuan_chat.php on line 51.
 1 APPPATH\Views\pages\bantuan_chat.php(51): CodeIgniter\Debug\Exceptions->errorHandler(2, 'Undefined variable $messages', 'C:\\xampp\\htdocs\\e-arsip_ci4\\app\\Views\\pages\\bantuan_chat.php', 51)
 2 SYSTEMPATH\View\View.php(226): include('C:\\xampp\\htdocs\\e-arsip_ci4\\app\\Views\\pages\\bantuan_chat.php')
 3 SYSTEMPATH\View\View.php(229): CodeIgniter\View\View->CodeIgniter\View\{closure}()
 4 SYSTEMPATH\Common.php(1167): CodeIgniter\View\View->render('pages/bantuan_chat', [], true)
 5 APPPATH\Controllers\Bantuan.php(69): view('pages/bantuan_chat', [...])
 6 SYSTEMPATH\CodeIgniter.php(933): App\Controllers\Bantuan->chat('18', 'default')
 7 SYSTEMPATH\CodeIgniter.php(507): CodeIgniter\CodeIgniter->runController(Object(App\Controllers\Bantuan))
 8 SYSTEMPATH\CodeIgniter.php(354): CodeIgniter\CodeIgniter->handleRequest(null, Object(Config\Cache), false)
 9 SYSTEMPATH\Boot.php(363): CodeIgniter\CodeIgniter->run()
10 SYSTEMPATH\Boot.php(68): CodeIgniter\Boot::runCodeIgniter(Object(CodeIgniter\CodeIgniter))
11 FCPATH\index.php(59): CodeIgniter\Boot::bootWeb(Object(Config\Paths))
DEBUG - 2025-11-08 02:10:44 --> Session: Class initialized using 'CodeIgniter\Session\Handlers\FileHandler' driver.
CRITICAL - 2025-11-08 02:10:44 --> ErrorException: Undefined variable $messages
[Method: GET, Route: bantuan/chat/18/default]
in APPPATH\Views\pages\bantuan_chat.php on line 51.
 1 APPPATH\Views\pages\bantuan_chat.php(51): CodeIgniter\Debug\Exceptions->errorHandler(2, 'Undefined variable $messages', 'C:\\xampp\\htdocs\\e-arsip_ci4\\app\\Views\\pages\\bantuan_chat.php', 51)
 2 SYSTEMPATH\View\View.php(226): include('C:\\xampp\\htdocs\\e-arsip_ci4\\app\\Views\\pages\\bantuan_chat.php')
 3 SYSTEMPATH\View\View.php(229): CodeIgniter\View\View->CodeIgniter\View\{closure}()
 4 SYSTEMPATH\Common.php(1167): CodeIgniter\View\View->render('pages/bantuan_chat', [], true)
 5 APPPATH\Controllers\Bantuan.php(69): view('pages/bantuan_chat', [...])
 6 SYSTEMPATH\CodeIgniter.php(933): App\Controllers\Bantuan->chat('18', 'default')
 7 SYSTEMPATH\CodeIgniter.php(507): CodeIgniter\CodeIgniter->runController(Object(App\Controllers\Bantuan))
 8 SYSTEMPATH\CodeIgniter.php(354): CodeIgniter\CodeIgniter->handleRequest(null, Object(Config\Cache), false)
 9 SYSTEMPATH\Boot.php(363): CodeIgniter\CodeIgniter->run()
10 SYSTEMPATH\Boot.php(68): CodeIgniter\Boot::runCodeIgniter(Object(CodeIgniter\CodeIgniter))
11 FCPATH\index.php(59): CodeIgniter\Boot::bootWeb(Object(Config\Paths))
DEBUG - 2025-11-08 02:10:46 --> Session: Class initialized using 'CodeIgniter\Session\Handlers\FileHandler' driver.
CRITICAL - 2025-11-08 02:10:46 --> ErrorException: Undefined variable $messages
[Method: GET, Route: bantuan/chat/18/default]
in APPPATH\Views\pages\bantuan_chat.php on line 51.
 1 APPPATH\Views\pages\bantuan_chat.php(51): CodeIgniter\Debug\Exceptions->errorHandler(2, 'Undefined variable $messages', 'C:\\xampp\\htdocs\\e-arsip_ci4\\app\\Views\\pages\\bantuan_chat.php', 51)
 2 SYSTEMPATH\View\View.php(226): include('C:\\xampp\\htdocs\\e-arsip_ci4\\app\\Views\\pages\\bantuan_chat.php')
 3 SYSTEMPATH\View\View.php(229): CodeIgniter\View\View->CodeIgniter\View\{closure}()
 4 SYSTEMPATH\Common.php(1167): CodeIgniter\View\View->render('pages/bantuan_chat', [], true)
 5 APPPATH\Controllers\Bantuan.php(69): view('pages/bantuan_chat', [...])
 6 SYSTEMPATH\CodeIgniter.php(933): App\Controllers\Bantuan->chat('18', 'default')
 7 SYSTEMPATH\CodeIgniter.php(507): CodeIgniter\CodeIgniter->runController(Object(App\Controllers\Bantuan))
 8 SYSTEMPATH\CodeIgniter.php(354): CodeIgniter\CodeIgniter->handleRequest(null, Object(Config\Cache), false)
 9 SYSTEMPATH\Boot.php(363): CodeIgniter\CodeIgniter->run()
10 SYSTEMPATH\Boot.php(68): CodeIgniter\Boot::runCodeIgniter(Object(CodeIgniter\CodeIgniter))
11 FCPATH\index.php(59): CodeIgniter\Boot::bootWeb(Object(Config\Paths))
DEBUG - 2025-11-08 02:10:47 --> Session: Class initialized using 'CodeIgniter\Session\Handlers\FileHandler' driver.
CRITICAL - 2025-11-08 02:10:47 --> ErrorException: Undefined variable $messages
[Method: GET, Route: bantuan/chat/18/default]
in APPPATH\Views\pages\bantuan_chat.php on line 51.
 1 APPPATH\Views\pages\bantuan_chat.php(51): CodeIgniter\Debug\Exceptions->errorHandler(2, 'Undefined variable $messages', 'C:\\xampp\\htdocs\\e-arsip_ci4\\app\\Views\\pages\\bantuan_chat.php', 51)
 2 SYSTEMPATH\View\View.php(226): include('C:\\xampp\\htdocs\\e-arsip_ci4\\app\\Views\\pages\\bantuan_chat.php')
 3 SYSTEMPATH\View\View.php(229): CodeIgniter\View\View->CodeIgniter\View\{closure}()
 4 SYSTEMPATH\Common.php(1167): CodeIgniter\View\View->render('pages/bantuan_chat', [], true)
 5 APPPATH\Controllers\Bantuan.php(69): view('pages/bantuan_chat', [...])
 6 SYSTEMPATH\CodeIgniter.php(933): App\Controllers\Bantuan->chat('18', 'default')
 7 SYSTEMPATH\CodeIgniter.php(507): CodeIgniter\CodeIgniter->runController(Object(App\Controllers\Bantuan))
 8 SYSTEMPATH\CodeIgniter.php(354): CodeIgniter\CodeIgniter->handleRequest(null, Object(Config\Cache), false)
 9 SYSTEMPATH\Boot.php(363): CodeIgniter\CodeIgniter->run()
10 SYSTEMPATH\Boot.php(68): CodeIgniter\Boot::runCodeIgniter(Object(CodeIgniter\CodeIgniter))
11 FCPATH\index.php(59): CodeIgniter\Boot::bootWeb(Object(Config\Paths))
DEBUG - 2025-11-08 02:10:48 --> Session: Class initialized using 'CodeIgniter\Session\Handlers\FileHandler' driver.
CRITICAL - 2025-11-08 02:10:48 --> ErrorException: Undefined variable $messages
[Method: GET, Route: bantuan/chat/18/default]
in APPPATH\Views\pages\bantuan_chat.php on line 51.
 1 APPPATH\Views\pages\bantuan_chat.php(51): CodeIgniter\Debug\Exceptions->errorHandler(2, 'Undefined variable $messages', 'C:\\xampp\\htdocs\\e-arsip_ci4\\app\\Views\\pages\\bantuan_chat.php', 51)
 2 SYSTEMPATH\View\View.php(226): include('C:\\xampp\\htdocs\\e-arsip_ci4\\app\\Views\\pages\\bantuan_chat.php')
 3 SYSTEMPATH\View\View.php(229): CodeIgniter\View\View->CodeIgniter\View\{closure}()
 4 SYSTEMPATH\Common.php(1167): CodeIgniter\View\View->render('pages/bantuan_chat', [], true)
 5 APPPATH\Controllers\Bantuan.php(69): view('pages/bantuan_chat', [...])
 6 SYSTEMPATH\CodeIgniter.php(933): App\Controllers\Bantuan->chat('18', 'default')
 7 SYSTEMPATH\CodeIgniter.php(507): CodeIgniter\CodeIgniter->runController(Object(App\Controllers\Bantuan))
 8 SYSTEMPATH\CodeIgniter.php(354): CodeIgniter\CodeIgniter->handleRequest(null, Object(Config\Cache), false)
 9 SYSTEMPATH\Boot.php(363): CodeIgniter\CodeIgniter->run()
10 SYSTEMPATH\Boot.php(68): CodeIgniter\Boot::runCodeIgniter(Object(CodeIgniter\CodeIgniter))
11 FCPATH\index.php(59): CodeIgniter\Boot::bootWeb(Object(Config\Paths))
DEBUG - 2025-11-08 02:10:49 --> Session: Class initialized using 'CodeIgniter\Session\Handlers\FileHandler' driver.
CRITICAL - 2025-11-08 02:10:49 --> ErrorException: Undefined variable $messages
[Method: GET, Route: bantuan/chat/18/default]
in APPPATH\Views\pages\bantuan_chat.php on line 51.
 1 APPPATH\Views\pages\bantuan_chat.php(51): CodeIgniter\Debug\Exceptions->errorHandler(2, 'Undefined variable $messages', 'C:\\xampp\\htdocs\\e-arsip_ci4\\app\\Views\\pages\\bantuan_chat.php', 51)
 2 SYSTEMPATH\View\View.php(226): include('C:\\xampp\\htdocs\\e-arsip_ci4\\app\\Views\\pages\\bantuan_chat.php')
 3 SYSTEMPATH\View\View.php(229): CodeIgniter\View\View->CodeIgniter\View\{closure}()
 4 SYSTEMPATH\Common.php(1167): CodeIgniter\View\View->render('pages/bantuan_chat', [], true)
 5 APPPATH\Controllers\Bantuan.php(69): view('pages/bantuan_chat', [...])
 6 SYSTEMPATH\CodeIgniter.php(933): App\Controllers\Bantuan->chat('18', 'default')
 7 SYSTEMPATH\CodeIgniter.php(507): CodeIgniter\CodeIgniter->runController(Object(App\Controllers\Bantuan))
 8 SYSTEMPATH\CodeIgniter.php(354): CodeIgniter\CodeIgniter->handleRequest(null, Object(Config\Cache), false)
 9 SYSTEMPATH\Boot.php(363): CodeIgniter\CodeIgniter->run()
10 SYSTEMPATH\Boot.php(68): CodeIgniter\Boot::runCodeIgniter(Object(CodeIgniter\CodeIgniter))
11 FCPATH\index.php(59): CodeIgniter\Boot::bootWeb(Object(Config\Paths))
DEBUG - 2025-11-08 02:10:50 --> Session: Class initialized using 'CodeIgniter\Session\Handlers\FileHandler' driver.
CRITICAL - 2025-11-08 02:10:51 --> ErrorException: Undefined variable $messages
[Method: GET, Route: bantuan/chat/18/default]
in APPPATH\Views\pages\bantuan_chat.php on line 51.
 1 APPPATH\Views\pages\bantuan_chat.php(51): CodeIgniter\Debug\Exceptions->errorHandler(2, 'Undefined variable $messages', 'C:\\xampp\\htdocs\\e-arsip_ci4\\app\\Views\\pages\\bantuan_chat.php', 51)
 2 SYSTEMPATH\View\View.php(226): include('C:\\xampp\\htdocs\\e-arsip_ci4\\app\\Views\\pages\\bantuan_chat.php')
 3 SYSTEMPATH\View\View.php(229): CodeIgniter\View\View->CodeIgniter\View\{closure}()
 4 SYSTEMPATH\Common.php(1167): CodeIgniter\View\View->render('pages/bantuan_chat', [], true)
 5 APPPATH\Controllers\Bantuan.php(69): view('pages/bantuan_chat', [...])
 6 SYSTEMPATH\CodeIgniter.php(933): App\Controllers\Bantuan->chat('18', 'default')
 7 SYSTEMPATH\CodeIgniter.php(507): CodeIgniter\CodeIgniter->runController(Object(App\Controllers\Bantuan))
 8 SYSTEMPATH\CodeIgniter.php(354): CodeIgniter\CodeIgniter->handleRequest(null, Object(Config\Cache), false)
 9 SYSTEMPATH\Boot.php(363): CodeIgniter\CodeIgniter->run()
10 SYSTEMPATH\Boot.php(68): CodeIgniter\Boot::runCodeIgniter(Object(CodeIgniter\CodeIgniter))
11 FCPATH\index.php(59): CodeIgniter\Boot::bootWeb(Object(Config\Paths))
DEBUG - 2025-11-08 02:10:52 --> Session: Class initialized using 'CodeIgniter\Session\Handlers\FileHandler' driver.
CRITICAL - 2025-11-08 02:10:52 --> ErrorException: Undefined variable $messages
[Method: GET, Route: bantuan/chat/18/default]
in APPPATH\Views\pages\bantuan_chat.php on line 51.
 1 APPPATH\Views\pages\bantuan_chat.php(51): CodeIgniter\Debug\Exceptions->errorHandler(2, 'Undefined variable $messages', 'C:\\xampp\\htdocs\\e-arsip_ci4\\app\\Views\\pages\\bantuan_chat.php', 51)
 2 SYSTEMPATH\View\View.php(226): include('C:\\xampp\\htdocs\\e-arsip_ci4\\app\\Views\\pages\\bantuan_chat.php')
 3 SYSTEMPATH\View\View.php(229): CodeIgniter\View\View->CodeIgniter\View\{closure}()
 4 SYSTEMPATH\Common.php(1167): CodeIgniter\View\View->render('pages/bantuan_chat', [], true)
 5 APPPATH\Controllers\Bantuan.php(69): view('pages/bantuan_chat', [...])
 6 SYSTEMPATH\CodeIgniter.php(933): App\Controllers\Bantuan->chat('18', 'default')
 7 SYSTEMPATH\CodeIgniter.php(507): CodeIgniter\CodeIgniter->runController(Object(App\Controllers\Bantuan))
 8 SYSTEMPATH\CodeIgniter.php(354): CodeIgniter\CodeIgniter->handleRequest(null, Object(Config\Cache), false)
 9 SYSTEMPATH\Boot.php(363): CodeIgniter\CodeIgniter->run()
10 SYSTEMPATH\Boot.php(68): CodeIgniter\Boot::runCodeIgniter(Object(CodeIgniter\CodeIgniter))
11 FCPATH\index.php(59): CodeIgniter\Boot::bootWeb(Object(Config\Paths))
DEBUG - 2025-11-08 02:10:53 --> Session: Class initialized using 'CodeIgniter\Session\Handlers\FileHandler' driver.
CRITICAL - 2025-11-08 02:10:53 --> ErrorException: Undefined variable $messages
[Method: GET, Route: bantuan/chat/18/default]
in APPPATH\Views\pages\bantuan_chat.php on line 51.
 1 APPPATH\Views\pages\bantuan_chat.php(51): CodeIgniter\Debug\Exceptions->errorHandler(2, 'Undefined variable $messages', 'C:\\xampp\\htdocs\\e-arsip_ci4\\app\\Views\\pages\\bantuan_chat.php', 51)
 2 SYSTEMPATH\View\View.php(226): include('C:\\xampp\\htdocs\\e-arsip_ci4\\app\\Views\\pages\\bantuan_chat.php')
 3 SYSTEMPATH\View\View.php(229): CodeIgniter\View\View->CodeIgniter\View\{closure}()
 4 SYSTEMPATH\Common.php(1167): CodeIgniter\View\View->render('pages/bantuan_chat', [], true)
 5 APPPATH\Controllers\Bantuan.php(69): view('pages/bantuan_chat', [...])
 6 SYSTEMPATH\CodeIgniter.php(933): App\Controllers\Bantuan->chat('18', 'default')
 7 SYSTEMPATH\CodeIgniter.php(507): CodeIgniter\CodeIgniter->runController(Object(App\Controllers\Bantuan))
 8 SYSTEMPATH\CodeIgniter.php(354): CodeIgniter\CodeIgniter->handleRequest(null, Object(Config\Cache), false)
 9 SYSTEMPATH\Boot.php(363): CodeIgniter\CodeIgniter->run()
10 SYSTEMPATH\Boot.php(68): CodeIgniter\Boot::runCodeIgniter(Object(CodeIgniter\CodeIgniter))
11 FCPATH\index.php(59): CodeIgniter\Boot::bootWeb(Object(Config\Paths))
DEBUG - 2025-11-08 02:10:54 --> Session: Class initialized using 'CodeIgniter\Session\Handlers\FileHandler' driver.
CRITICAL - 2025-11-08 02:10:54 --> ErrorException: Undefined variable $messages
[Method: GET, Route: bantuan/chat/18/default]
in APPPATH\Views\pages\bantuan_chat.php on line 51.
 1 APPPATH\Views\pages\bantuan_chat.php(51): CodeIgniter\Debug\Exceptions->errorHandler(2, 'Undefined variable $messages', 'C:\\xampp\\htdocs\\e-arsip_ci4\\app\\Views\\pages\\bantuan_chat.php', 51)
 2 SYSTEMPATH\View\View.php(226): include('C:\\xampp\\htdocs\\e-arsip_ci4\\app\\Views\\pages\\bantuan_chat.php')
 3 SYSTEMPATH\View\View.php(229): CodeIgniter\View\View->CodeIgniter\View\{closure}()
 4 SYSTEMPATH\Common.php(1167): CodeIgniter\View\View->render('pages/bantuan_chat', [], true)
 5 APPPATH\Controllers\Bantuan.php(69): view('pages/bantuan_chat', [...])
 6 SYSTEMPATH\CodeIgniter.php(933): App\Controllers\Bantuan->chat('18', 'default')
 7 SYSTEMPATH\CodeIgniter.php(507): CodeIgniter\CodeIgniter->runController(Object(App\Controllers\Bantuan))
 8 SYSTEMPATH\CodeIgniter.php(354): CodeIgniter\CodeIgniter->handleRequest(null, Object(Config\Cache), false)
 9 SYSTEMPATH\Boot.php(363): CodeIgniter\CodeIgniter->run()
10 SYSTEMPATH\Boot.php(68): CodeIgniter\Boot::runCodeIgniter(Object(CodeIgniter\CodeIgniter))
11 FCPATH\index.php(59): CodeIgniter\Boot::bootWeb(Object(Config\Paths))
DEBUG - 2025-11-08 02:10:55 --> Session: Class initialized using 'CodeIgniter\Session\Handlers\FileHandler' driver.
CRITICAL - 2025-11-08 02:10:55 --> ErrorException: Undefined variable $messages
[Method: GET, Route: bantuan/chat/18/default]
in APPPATH\Views\pages\bantuan_chat.php on line 51.
 1 APPPATH\Views\pages\bantuan_chat.php(51): CodeIgniter\Debug\Exceptions->errorHandler(2, 'Undefined variable $messages', 'C:\\xampp\\htdocs\\e-arsip_ci4\\app\\Views\\pages\\bantuan_chat.php', 51)
 2 SYSTEMPATH\View\View.php(226): include('C:\\xampp\\htdocs\\e-arsip_ci4\\app\\Views\\pages\\bantuan_chat.php')
 3 SYSTEMPATH\View\View.php(229): CodeIgniter\View\View->CodeIgniter\View\{closure}()
 4 SYSTEMPATH\Common.php(1167): CodeIgniter\View\View->render('pages/bantuan_chat', [], true)
 5 APPPATH\Controllers\Bantuan.php(69): view('pages/bantuan_chat', [...])
 6 SYSTEMPATH\CodeIgniter.php(933): App\Controllers\Bantuan->chat('18', 'default')
 7 SYSTEMPATH\CodeIgniter.php(507): CodeIgniter\CodeIgniter->runController(Object(App\Controllers\Bantuan))
 8 SYSTEMPATH\CodeIgniter.php(354): CodeIgniter\CodeIgniter->handleRequest(null, Object(Config\Cache), false)
 9 SYSTEMPATH\Boot.php(363): CodeIgniter\CodeIgniter->run()
10 SYSTEMPATH\Boot.php(68): CodeIgniter\Boot::runCodeIgniter(Object(CodeIgniter\CodeIgniter))
11 FCPATH\index.php(59): CodeIgniter\Boot::bootWeb(Object(Config\Paths))
DEBUG - 2025-11-08 02:10:56 --> Session: Class initialized using 'CodeIgniter\Session\Handlers\FileHandler' driver.
CRITICAL - 2025-11-08 02:10:56 --> ErrorException: Undefined variable $messages
[Method: GET, Route: bantuan/chat/18/default]
in APPPATH\Views\pages\bantuan_chat.php on line 51.
 1 APPPATH\Views\pages\bantuan_chat.php(51): CodeIgniter\Debug\Exceptions->errorHandler(2, 'Undefined variable $messages', 'C:\\xampp\\htdocs\\e-arsip_ci4\\app\\Views\\pages\\bantuan_chat.php', 51)
 2 SYSTEMPATH\View\View.php(226): include('C:\\xampp\\htdocs\\e-arsip_ci4\\app\\Views\\pages\\bantuan_chat.php')
 3 SYSTEMPATH\View\View.php(229): CodeIgniter\View\View->CodeIgniter\View\{closure}()
 4 SYSTEMPATH\Common.php(1167): CodeIgniter\View\View->render('pages/bantuan_chat', [], true)
 5 APPPATH\Controllers\Bantuan.php(69): view('pages/bantuan_chat', [...])
 6 SYSTEMPATH\CodeIgniter.php(933): App\Controllers\Bantuan->chat('18', 'default')
 7 SYSTEMPATH\CodeIgniter.php(507): CodeIgniter\CodeIgniter->runController(Object(App\Controllers\Bantuan))
 8 SYSTEMPATH\CodeIgniter.php(354): CodeIgniter\CodeIgniter->handleRequest(null, Object(Config\Cache), false)
 9 SYSTEMPATH\Boot.php(363): CodeIgniter\CodeIgniter->run()
10 SYSTEMPATH\Boot.php(68): CodeIgniter\Boot::runCodeIgniter(Object(CodeIgniter\CodeIgniter))
11 FCPATH\index.php(59): CodeIgniter\Boot::bootWeb(Object(Config\Paths))
DEBUG - 2025-11-08 02:10:58 --> Session: Class initialized using 'CodeIgniter\Session\Handlers\FileHandler' driver.
CRITICAL - 2025-11-08 02:10:58 --> ErrorException: Undefined variable $messages
[Method: GET, Route: bantuan/chat/18/default]
in APPPATH\Views\pages\bantuan_chat.php on line 51.
 1 APPPATH\Views\pages\bantuan_chat.php(51): CodeIgniter\Debug\Exceptions->errorHandler(2, 'Undefined variable $messages', 'C:\\xampp\\htdocs\\e-arsip_ci4\\app\\Views\\pages\\bantuan_chat.php', 51)
 2 SYSTEMPATH\View\View.php(226): include('C:\\xampp\\htdocs\\e-arsip_ci4\\app\\Views\\pages\\bantuan_chat.php')
 3 SYSTEMPATH\View\View.php(229): CodeIgniter\View\View->CodeIgniter\View\{closure}()
 4 SYSTEMPATH\Common.php(1167): CodeIgniter\View\View->render('pages/bantuan_chat', [], true)
 5 APPPATH\Controllers\Bantuan.php(69): view('pages/bantuan_chat', [...])
 6 SYSTEMPATH\CodeIgniter.php(933): App\Controllers\Bantuan->chat('18', 'default')
 7 SYSTEMPATH\CodeIgniter.php(507): CodeIgniter\CodeIgniter->runController(Object(App\Controllers\Bantuan))
 8 SYSTEMPATH\CodeIgniter.php(354): CodeIgniter\CodeIgniter->handleRequest(null, Object(Config\Cache), false)
 9 SYSTEMPATH\Boot.php(363): CodeIgniter\CodeIgniter->run()
10 SYSTEMPATH\Boot.php(68): CodeIgniter\Boot::runCodeIgniter(Object(CodeIgniter\CodeIgniter))
11 FCPATH\index.php(59): CodeIgniter\Boot::bootWeb(Object(Config\Paths))
DEBUG - 2025-11-08 02:10:59 --> Session: Class initialized using 'CodeIgniter\Session\Handlers\FileHandler' driver.
CRITICAL - 2025-11-08 02:10:59 --> ErrorException: Undefined variable $messages
[Method: GET, Route: bantuan/chat/18/default]
in APPPATH\Views\pages\bantuan_chat.php on line 51.
 1 APPPATH\Views\pages\bantuan_chat.php(51): CodeIgniter\Debug\Exceptions->errorHandler(2, 'Undefined variable $messages', 'C:\\xampp\\htdocs\\e-arsip_ci4\\app\\Views\\pages\\bantuan_chat.php', 51)
 2 SYSTEMPATH\View\View.php(226): include('C:\\xampp\\htdocs\\e-arsip_ci4\\app\\Views\\pages\\bantuan_chat.php')
 3 SYSTEMPATH\View\View.php(229): CodeIgniter\View\View->CodeIgniter\View\{closure}()
 4 SYSTEMPATH\Common.php(1167): CodeIgniter\View\View->render('pages/bantuan_chat', [], true)
 5 APPPATH\Controllers\Bantuan.php(69): view('pages/bantuan_chat', [...])
 6 SYSTEMPATH\CodeIgniter.php(933): App\Controllers\Bantuan->chat('18', 'default')
 7 SYSTEMPATH\CodeIgniter.php(507): CodeIgniter\CodeIgniter->runController(Object(App\Controllers\Bantuan))
 8 SYSTEMPATH\CodeIgniter.php(354): CodeIgniter\CodeIgniter->handleRequest(null, Object(Config\Cache), false)
 9 SYSTEMPATH\Boot.php(363): CodeIgniter\CodeIgniter->run()
10 SYSTEMPATH\Boot.php(68): CodeIgniter\Boot::runCodeIgniter(Object(CodeIgniter\CodeIgniter))
11 FCPATH\index.php(59): CodeIgniter\Boot::bootWeb(Object(Config\Paths))
DEBUG - 2025-11-08 02:11:00 --> Session: Class initialized using 'CodeIgniter\Session\Handlers\FileHandler' driver.
CRITICAL - 2025-11-08 02:11:00 --> ErrorException: Undefined variable $messages
[Method: GET, Route: bantuan/chat/18/default]
in APPPATH\Views\pages\bantuan_chat.php on line 51.
 1 APPPATH\Views\pages\bantuan_chat.php(51): CodeIgniter\Debug\Exceptions->errorHandler(2, 'Undefined variable $messages', 'C:\\xampp\\htdocs\\e-arsip_ci4\\app\\Views\\pages\\bantuan_chat.php', 51)
 2 SYSTEMPATH\View\View.php(226): include('C:\\xampp\\htdocs\\e-arsip_ci4\\app\\Views\\pages\\bantuan_chat.php')
 3 SYSTEMPATH\View\View.php(229): CodeIgniter\View\View->CodeIgniter\View\{closure}()
 4 SYSTEMPATH\Common.php(1167): CodeIgniter\View\View->render('pages/bantuan_chat', [], true)
 5 APPPATH\Controllers\Bantuan.php(69): view('pages/bantuan_chat', [...])
 6 SYSTEMPATH\CodeIgniter.php(933): App\Controllers\Bantuan->chat('18', 'default')
 7 SYSTEMPATH\CodeIgniter.php(507): CodeIgniter\CodeIgniter->runController(Object(App\Controllers\Bantuan))
 8 SYSTEMPATH\CodeIgniter.php(354): CodeIgniter\CodeIgniter->handleRequest(null, Object(Config\Cache), false)
 9 SYSTEMPATH\Boot.php(363): CodeIgniter\CodeIgniter->run()
10 SYSTEMPATH\Boot.php(68): CodeIgniter\Boot::runCodeIgniter(Object(CodeIgniter\CodeIgniter))
11 FCPATH\index.php(59): CodeIgniter\Boot::bootWeb(Object(Config\Paths))
DEBUG - 2025-11-08 02:11:01 --> Session: Class initialized using 'CodeIgniter\Session\Handlers\FileHandler' driver.
CRITICAL - 2025-11-08 02:11:01 --> ErrorException: Undefined variable $messages
[Method: GET, Route: bantuan/chat/18/default]
in APPPATH\Views\pages\bantuan_chat.php on line 51.
 1 APPPATH\Views\pages\bantuan_chat.php(51): CodeIgniter\Debug\Exceptions->errorHandler(2, 'Undefined variable $messages', 'C:\\xampp\\htdocs\\e-arsip_ci4\\app\\Views\\pages\\bantuan_chat.php', 51)
 2 SYSTEMPATH\View\View.php(226): include('C:\\xampp\\htdocs\\e-arsip_ci4\\app\\Views\\pages\\bantuan_chat.php')
 3 SYSTEMPATH\View\View.php(229): CodeIgniter\View\View->CodeIgniter\View\{closure}()
 4 SYSTEMPATH\Common.php(1167): CodeIgniter\View\View->render('pages/bantuan_chat', [], true)
 5 APPPATH\Controllers\Bantuan.php(69): view('pages/bantuan_chat', [...])
 6 SYSTEMPATH\CodeIgniter.php(933): App\Controllers\Bantuan->chat('18', 'default')
 7 SYSTEMPATH\CodeIgniter.php(507): CodeIgniter\CodeIgniter->runController(Object(App\Controllers\Bantuan))
 8 SYSTEMPATH\CodeIgniter.php(354): CodeIgniter\CodeIgniter->handleRequest(null, Object(Config\Cache), false)
 9 SYSTEMPATH\Boot.php(363): CodeIgniter\CodeIgniter->run()
10 SYSTEMPATH\Boot.php(68): CodeIgniter\Boot::runCodeIgniter(Object(CodeIgniter\CodeIgniter))
11 FCPATH\index.php(59): CodeIgniter\Boot::bootWeb(Object(Config\Paths))
DEBUG - 2025-11-08 02:11:02 --> Session: Class initialized using 'CodeIgniter\Session\Handlers\FileHandler' driver.
CRITICAL - 2025-11-08 02:11:02 --> ErrorException: Undefined variable $messages
[Method: GET, Route: bantuan/chat/18/default]
in APPPATH\Views\pages\bantuan_chat.php on line 51.
 1 APPPATH\Views\pages\bantuan_chat.php(51): CodeIgniter\Debug\Exceptions->errorHandler(2, 'Undefined variable $messages', 'C:\\xampp\\htdocs\\e-arsip_ci4\\app\\Views\\pages\\bantuan_chat.php', 51)
 2 SYSTEMPATH\View\View.php(226): include('C:\\xampp\\htdocs\\e-arsip_ci4\\app\\Views\\pages\\bantuan_chat.php')
 3 SYSTEMPATH\View\View.php(229): CodeIgniter\View\View->CodeIgniter\View\{closure}()
 4 SYSTEMPATH\Common.php(1167): CodeIgniter\View\View->render('pages/bantuan_chat', [], true)
 5 APPPATH\Controllers\Bantuan.php(69): view('pages/bantuan_chat', [...])
 6 SYSTEMPATH\CodeIgniter.php(933): App\Controllers\Bantuan->chat('18', 'default')
 7 SYSTEMPATH\CodeIgniter.php(507): CodeIgniter\CodeIgniter->runController(Object(App\Controllers\Bantuan))
 8 SYSTEMPATH\CodeIgniter.php(354): CodeIgniter\CodeIgniter->handleRequest(null, Object(Config\Cache), false)
 9 SYSTEMPATH\Boot.php(363): CodeIgniter\CodeIgniter->run()
10 SYSTEMPATH\Boot.php(68): CodeIgniter\Boot::runCodeIgniter(Object(CodeIgniter\CodeIgniter))
11 FCPATH\index.php(59): CodeIgniter\Boot::bootWeb(Object(Config\Paths))
DEBUG - 2025-11-08 02:11:04 --> Session: Class initialized using 'CodeIgniter\Session\Handlers\FileHandler' driver.
CRITICAL - 2025-11-08 02:11:04 --> ErrorException: Undefined variable $messages
[Method: GET, Route: bantuan/chat/18/default]
in APPPATH\Views\pages\bantuan_chat.php on line 51.
 1 APPPATH\Views\pages\bantuan_chat.php(51): CodeIgniter\Debug\Exceptions->errorHandler(2, 'Undefined variable $messages', 'C:\\xampp\\htdocs\\e-arsip_ci4\\app\\Views\\pages\\bantuan_chat.php', 51)
 2 SYSTEMPATH\View\View.php(226): include('C:\\xampp\\htdocs\\e-arsip_ci4\\app\\Views\\pages\\bantuan_chat.php')
 3 SYSTEMPATH\View\View.php(229): CodeIgniter\View\View->CodeIgniter\View\{closure}()
 4 SYSTEMPATH\Common.php(1167): CodeIgniter\View\View->render('pages/bantuan_chat', [], true)
 5 APPPATH\Controllers\Bantuan.php(69): view('pages/bantuan_chat', [...])
 6 SYSTEMPATH\CodeIgniter.php(933): App\Controllers\Bantuan->chat('18', 'default')
 7 SYSTEMPATH\CodeIgniter.php(507): CodeIgniter\CodeIgniter->runController(Object(App\Controllers\Bantuan))
 8 SYSTEMPATH\CodeIgniter.php(354): CodeIgniter\CodeIgniter->handleRequest(null, Object(Config\Cache), false)
 9 SYSTEMPATH\Boot.php(363): CodeIgniter\CodeIgniter->run()
10 SYSTEMPATH\Boot.php(68): CodeIgniter\Boot::runCodeIgniter(Object(CodeIgniter\CodeIgniter))
11 FCPATH\index.php(59): CodeIgniter\Boot::bootWeb(Object(Config\Paths))
DEBUG - 2025-11-08 02:11:05 --> Session: Class initialized using 'CodeIgniter\Session\Handlers\FileHandler' driver.
CRITICAL - 2025-11-08 02:11:05 --> ErrorException: Undefined variable $messages
[Method: GET, Route: bantuan/chat/18/default]
in APPPATH\Views\pages\bantuan_chat.php on line 51.
 1 APPPATH\Views\pages\bantuan_chat.php(51): CodeIgniter\Debug\Exceptions->errorHandler(2, 'Undefined variable $messages', 'C:\\xampp\\htdocs\\e-arsip_ci4\\app\\Views\\pages\\bantuan_chat.php', 51)
 2 SYSTEMPATH\View\View.php(226): include('C:\\xampp\\htdocs\\e-arsip_ci4\\app\\Views\\pages\\bantuan_chat.php')
 3 SYSTEMPATH\View\View.php(229): CodeIgniter\View\View->CodeIgniter\View\{closure}()
 4 SYSTEMPATH\Common.php(1167): CodeIgniter\View\View->render('pages/bantuan_chat', [], true)
 5 APPPATH\Controllers\Bantuan.php(69): view('pages/bantuan_chat', [...])
 6 SYSTEMPATH\CodeIgniter.php(933): App\Controllers\Bantuan->chat('18', 'default')
 7 SYSTEMPATH\CodeIgniter.php(507): CodeIgniter\CodeIgniter->runController(Object(App\Controllers\Bantuan))
 8 SYSTEMPATH\CodeIgniter.php(354): CodeIgniter\CodeIgniter->handleRequest(null, Object(Config\Cache), false)
 9 SYSTEMPATH\Boot.php(363): CodeIgniter\CodeIgniter->run()
10 SYSTEMPATH\Boot.php(68): CodeIgniter\Boot::runCodeIgniter(Object(CodeIgniter\CodeIgniter))
11 FCPATH\index.php(59): CodeIgniter\Boot::bootWeb(Object(Config\Paths))
DEBUG - 2025-11-08 02:11:06 --> Session: Class initialized using 'CodeIgniter\Session\Handlers\FileHandler' driver.
CRITICAL - 2025-11-08 02:11:06 --> ErrorException: Undefined variable $messages
[Method: GET, Route: bantuan/chat/18/default]
in APPPATH\Views\pages\bantuan_chat.php on line 51.
 1 APPPATH\Views\pages\bantuan_chat.php(51): CodeIgniter\Debug\Exceptions->errorHandler(2, 'Undefined variable $messages', 'C:\\xampp\\htdocs\\e-arsip_ci4\\app\\Views\\pages\\bantuan_chat.php', 51)
 2 SYSTEMPATH\View\View.php(226): include('C:\\xampp\\htdocs\\e-arsip_ci4\\app\\Views\\pages\\bantuan_chat.php')
 3 SYSTEMPATH\View\View.php(229): CodeIgniter\View\View->CodeIgniter\View\{closure}()
 4 SYSTEMPATH\Common.php(1167): CodeIgniter\View\View->render('pages/bantuan_chat', [], true)
 5 APPPATH\Controllers\Bantuan.php(69): view('pages/bantuan_chat', [...])
 6 SYSTEMPATH\CodeIgniter.php(933): App\Controllers\Bantuan->chat('18', 'default')
 7 SYSTEMPATH\CodeIgniter.php(507): CodeIgniter\CodeIgniter->runController(Object(App\Controllers\Bantuan))
 8 SYSTEMPATH\CodeIgniter.php(354): CodeIgniter\CodeIgniter->handleRequest(null, Object(Config\Cache), false)
 9 SYSTEMPATH\Boot.php(363): CodeIgniter\CodeIgniter->run()
10 SYSTEMPATH\Boot.php(68): CodeIgniter\Boot::runCodeIgniter(Object(CodeIgniter\CodeIgniter))
11 FCPATH\index.php(59): CodeIgniter\Boot::bootWeb(Object(Config\Paths))
DEBUG - 2025-11-08 02:11:07 --> Session: Class initialized using 'CodeIgniter\Session\Handlers\FileHandler' driver.
CRITICAL - 2025-11-08 02:11:07 --> ErrorException: Undefined variable $messages
[Method: GET, Route: bantuan/chat/18/default]
in APPPATH\Views\pages\bantuan_chat.php on line 51.
 1 APPPATH\Views\pages\bantuan_chat.php(51): CodeIgniter\Debug\Exceptions->errorHandler(2, 'Undefined variable $messages', 'C:\\xampp\\htdocs\\e-arsip_ci4\\app\\Views\\pages\\bantuan_chat.php', 51)
 2 SYSTEMPATH\View\View.php(226): include('C:\\xampp\\htdocs\\e-arsip_ci4\\app\\Views\\pages\\bantuan_chat.php')
 3 SYSTEMPATH\View\View.php(229): CodeIgniter\View\View->CodeIgniter\View\{closure}()
 4 SYSTEMPATH\Common.php(1167): CodeIgniter\View\View->render('pages/bantuan_chat', [], true)
 5 APPPATH\Controllers\Bantuan.php(69): view('pages/bantuan_chat', [...])
 6 SYSTEMPATH\CodeIgniter.php(933): App\Controllers\Bantuan->chat('18', 'default')
 7 SYSTEMPATH\CodeIgniter.php(507): CodeIgniter\CodeIgniter->runController(Object(App\Controllers\Bantuan))
 8 SYSTEMPATH\CodeIgniter.php(354): CodeIgniter\CodeIgniter->handleRequest(null, Object(Config\Cache), false)
 9 SYSTEMPATH\Boot.php(363): CodeIgniter\CodeIgniter->run()
10 SYSTEMPATH\Boot.php(68): CodeIgniter\Boot::runCodeIgniter(Object(CodeIgniter\CodeIgniter))
11 FCPATH\index.php(59): CodeIgniter\Boot::bootWeb(Object(Config\Paths))
DEBUG - 2025-11-08 02:11:08 --> Session: Class initialized using 'CodeIgniter\Session\Handlers\FileHandler' driver.
CRITICAL - 2025-11-08 02:11:08 --> ErrorException: Undefined variable $messages
[Method: GET, Route: bantuan/chat/18/default]
in APPPATH\Views\pages\bantuan_chat.php on line 51.
 1 APPPATH\Views\pages\bantuan_chat.php(51): CodeIgniter\Debug\Exceptions->errorHandler(2, 'Undefined variable $messages', 'C:\\xampp\\htdocs\\e-arsip_ci4\\app\\Views\\pages\\bantuan_chat.php', 51)
 2 SYSTEMPATH\View\View.php(226): include('C:\\xampp\\htdocs\\e-arsip_ci4\\app\\Views\\pages\\bantuan_chat.php')
 3 SYSTEMPATH\View\View.php(229): CodeIgniter\View\View->CodeIgniter\View\{closure}()
 4 SYSTEMPATH\Common.php(1167): CodeIgniter\View\View->render('pages/bantuan_chat', [], true)
 5 APPPATH\Controllers\Bantuan.php(69): view('pages/bantuan_chat', [...])
 6 SYSTEMPATH\CodeIgniter.php(933): App\Controllers\Bantuan->chat('18', 'default')
 7 SYSTEMPATH\CodeIgniter.php(507): CodeIgniter\CodeIgniter->runController(Object(App\Controllers\Bantuan))
 8 SYSTEMPATH\CodeIgniter.php(354): CodeIgniter\CodeIgniter->handleRequest(null, Object(Config\Cache), false)
 9 SYSTEMPATH\Boot.php(363): CodeIgniter\CodeIgniter->run()
10 SYSTEMPATH\Boot.php(68): CodeIgniter\Boot::runCodeIgniter(Object(CodeIgniter\CodeIgniter))
11 FCPATH\index.php(59): CodeIgniter\Boot::bootWeb(Object(Config\Paths))
DEBUG - 2025-11-08 02:11:10 --> Session: Class initialized using 'CodeIgniter\Session\Handlers\FileHandler' driver.
CRITICAL - 2025-11-08 02:11:10 --> ErrorException: Undefined variable $messages
[Method: GET, Route: bantuan/chat/18/default]
in APPPATH\Views\pages\bantuan_chat.php on line 51.
 1 APPPATH\Views\pages\bantuan_chat.php(51): CodeIgniter\Debug\Exceptions->errorHandler(2, 'Undefined variable $messages', 'C:\\xampp\\htdocs\\e-arsip_ci4\\app\\Views\\pages\\bantuan_chat.php', 51)
 2 SYSTEMPATH\View\View.php(226): include('C:\\xampp\\htdocs\\e-arsip_ci4\\app\\Views\\pages\\bantuan_chat.php')
 3 SYSTEMPATH\View\View.php(229): CodeIgniter\View\View->CodeIgniter\View\{closure}()
 4 SYSTEMPATH\Common.php(1167): CodeIgniter\View\View->render('pages/bantuan_chat', [], true)
 5 APPPATH\Controllers\Bantuan.php(69): view('pages/bantuan_chat', [...])
 6 SYSTEMPATH\CodeIgniter.php(933): App\Controllers\Bantuan->chat('18', 'default')
 7 SYSTEMPATH\CodeIgniter.php(507): CodeIgniter\CodeIgniter->runController(Object(App\Controllers\Bantuan))
 8 SYSTEMPATH\CodeIgniter.php(354): CodeIgniter\CodeIgniter->handleRequest(null, Object(Config\Cache), false)
 9 SYSTEMPATH\Boot.php(363): CodeIgniter\CodeIgniter->run()
10 SYSTEMPATH\Boot.php(68): CodeIgniter\Boot::runCodeIgniter(Object(CodeIgniter\CodeIgniter))
11 FCPATH\index.php(59): CodeIgniter\Boot::bootWeb(Object(Config\Paths))
DEBUG - 2025-11-08 02:11:11 --> Session: Class initialized using 'CodeIgniter\Session\Handlers\FileHandler' driver.
CRITICAL - 2025-11-08 02:11:11 --> ErrorException: Undefined variable $messages
[Method: GET, Route: bantuan/chat/18/default]
in APPPATH\Views\pages\bantuan_chat.php on line 51.
 1 APPPATH\Views\pages\bantuan_chat.php(51): CodeIgniter\Debug\Exceptions->errorHandler(2, 'Undefined variable $messages', 'C:\\xampp\\htdocs\\e-arsip_ci4\\app\\Views\\pages\\bantuan_chat.php', 51)
 2 SYSTEMPATH\View\View.php(226): include('C:\\xampp\\htdocs\\e-arsip_ci4\\app\\Views\\pages\\bantuan_chat.php')
 3 SYSTEMPATH\View\View.php(229): CodeIgniter\View\View->CodeIgniter\View\{closure}()
 4 SYSTEMPATH\Common.php(1167): CodeIgniter\View\View->render('pages/bantuan_chat', [], true)
 5 APPPATH\Controllers\Bantuan.php(69): view('pages/bantuan_chat', [...])
 6 SYSTEMPATH\CodeIgniter.php(933): App\Controllers\Bantuan->chat('18', 'default')
 7 SYSTEMPATH\CodeIgniter.php(507): CodeIgniter\CodeIgniter->runController(Object(App\Controllers\Bantuan))
 8 SYSTEMPATH\CodeIgniter.php(354): CodeIgniter\CodeIgniter->handleRequest(null, Object(Config\Cache), false)
 9 SYSTEMPATH\Boot.php(363): CodeIgniter\CodeIgniter->run()
10 SYSTEMPATH\Boot.php(68): CodeIgniter\Boot::runCodeIgniter(Object(CodeIgniter\CodeIgniter))
11 FCPATH\index.php(59): CodeIgniter\Boot::bootWeb(Object(Config\Paths))
DEBUG - 2025-11-08 02:11:12 --> Session: Class initialized using 'CodeIgniter\Session\Handlers\FileHandler' driver.
CRITICAL - 2025-11-08 02:11:12 --> ErrorException: Undefined variable $messages
[Method: GET, Route: bantuan/chat/18/default]
in APPPATH\Views\pages\bantuan_chat.php on line 51.
 1 APPPATH\Views\pages\bantuan_chat.php(51): CodeIgniter\Debug\Exceptions->errorHandler(2, 'Undefined variable $messages', 'C:\\xampp\\htdocs\\e-arsip_ci4\\app\\Views\\pages\\bantuan_chat.php', 51)
 2 SYSTEMPATH\View\View.php(226): include('C:\\xampp\\htdocs\\e-arsip_ci4\\app\\Views\\pages\\bantuan_chat.php')
 3 SYSTEMPATH\View\View.php(229): CodeIgniter\View\View->CodeIgniter\View\{closure}()
 4 SYSTEMPATH\Common.php(1167): CodeIgniter\View\View->render('pages/bantuan_chat', [], true)
 5 APPPATH\Controllers\Bantuan.php(69): view('pages/bantuan_chat', [...])
 6 SYSTEMPATH\CodeIgniter.php(933): App\Controllers\Bantuan->chat('18', 'default')
 7 SYSTEMPATH\CodeIgniter.php(507): CodeIgniter\CodeIgniter->runController(Object(App\Controllers\Bantuan))
 8 SYSTEMPATH\CodeIgniter.php(354): CodeIgniter\CodeIgniter->handleRequest(null, Object(Config\Cache), false)
 9 SYSTEMPATH\Boot.php(363): CodeIgniter\CodeIgniter->run()
10 SYSTEMPATH\Boot.php(68): CodeIgniter\Boot::runCodeIgniter(Object(CodeIgniter\CodeIgniter))
11 FCPATH\index.php(59): CodeIgniter\Boot::bootWeb(Object(Config\Paths))
DEBUG - 2025-11-08 02:11:13 --> Session: Class initialized using 'CodeIgniter\Session\Handlers\FileHandler' driver.
CRITICAL - 2025-11-08 02:11:13 --> ErrorException: Undefined variable $messages
[Method: GET, Route: bantuan/chat/18/default]
in APPPATH\Views\pages\bantuan_chat.php on line 51.
 1 APPPATH\Views\pages\bantuan_chat.php(51): CodeIgniter\Debug\Exceptions->errorHandler(2, 'Undefined variable $messages', 'C:\\xampp\\htdocs\\e-arsip_ci4\\app\\Views\\pages\\bantuan_chat.php', 51)
 2 SYSTEMPATH\View\View.php(226): include('C:\\xampp\\htdocs\\e-arsip_ci4\\app\\Views\\pages\\bantuan_chat.php')
 3 SYSTEMPATH\View\View.php(229): CodeIgniter\View\View->CodeIgniter\View\{closure}()
 4 SYSTEMPATH\Common.php(1167): CodeIgniter\View\View->render('pages/bantuan_chat', [], true)
 5 APPPATH\Controllers\Bantuan.php(69): view('pages/bantuan_chat', [...])
 6 SYSTEMPATH\CodeIgniter.php(933): App\Controllers\Bantuan->chat('18', 'default')
 7 SYSTEMPATH\CodeIgniter.php(507): CodeIgniter\CodeIgniter->runController(Object(App\Controllers\Bantuan))
 8 SYSTEMPATH\CodeIgniter.php(354): CodeIgniter\CodeIgniter->handleRequest(null, Object(Config\Cache), false)
 9 SYSTEMPATH\Boot.php(363): CodeIgniter\CodeIgniter->run()
10 SYSTEMPATH\Boot.php(68): CodeIgniter\Boot::runCodeIgniter(Object(CodeIgniter\CodeIgniter))
11 FCPATH\index.php(59): CodeIgniter\Boot::bootWeb(Object(Config\Paths))
DEBUG - 2025-11-08 02:11:14 --> Session: Class initialized using 'CodeIgniter\Session\Handlers\FileHandler' driver.
CRITICAL - 2025-11-08 02:11:14 --> ErrorException: Undefined variable $messages
[Method: GET, Route: bantuan/chat/18/default]
in APPPATH\Views\pages\bantuan_chat.php on line 51.
 1 APPPATH\Views\pages\bantuan_chat.php(51): CodeIgniter\Debug\Exceptions->errorHandler(2, 'Undefined variable $messages', 'C:\\xampp\\htdocs\\e-arsip_ci4\\app\\Views\\pages\\bantuan_chat.php', 51)
 2 SYSTEMPATH\View\View.php(226): include('C:\\xampp\\htdocs\\e-arsip_ci4\\app\\Views\\pages\\bantuan_chat.php')
 3 SYSTEMPATH\View\View.php(229): CodeIgniter\View\View->CodeIgniter\View\{closure}()
 4 SYSTEMPATH\Common.php(1167): CodeIgniter\View\View->render('pages/bantuan_chat', [], true)
 5 APPPATH\Controllers\Bantuan.php(69): view('pages/bantuan_chat', [...])
 6 SYSTEMPATH\CodeIgniter.php(933): App\Controllers\Bantuan->chat('18', 'default')
 7 SYSTEMPATH\CodeIgniter.php(507): CodeIgniter\CodeIgniter->runController(Object(App\Controllers\Bantuan))
 8 SYSTEMPATH\CodeIgniter.php(354): CodeIgniter\CodeIgniter->handleRequest(null, Object(Config\Cache), false)
 9 SYSTEMPATH\Boot.php(363): CodeIgniter\CodeIgniter->run()
10 SYSTEMPATH\Boot.php(68): CodeIgniter\Boot::runCodeIgniter(Object(CodeIgniter\CodeIgniter))
11 FCPATH\index.php(59): CodeIgniter\Boot::bootWeb(Object(Config\Paths))
DEBUG - 2025-11-08 02:11:16 --> Session: Class initialized using 'CodeIgniter\Session\Handlers\FileHandler' driver.
CRITICAL - 2025-11-08 02:11:16 --> ErrorException: Undefined variable $messages
[Method: GET, Route: bantuan/chat/18/default]
in APPPATH\Views\pages\bantuan_chat.php on line 51.
 1 APPPATH\Views\pages\bantuan_chat.php(51): CodeIgniter\Debug\Exceptions->errorHandler(2, 'Undefined variable $messages', 'C:\\xampp\\htdocs\\e-arsip_ci4\\app\\Views\\pages\\bantuan_chat.php', 51)
 2 SYSTEMPATH\View\View.php(226): include('C:\\xampp\\htdocs\\e-arsip_ci4\\app\\Views\\pages\\bantuan_chat.php')
 3 SYSTEMPATH\View\View.php(229): CodeIgniter\View\View->CodeIgniter\View\{closure}()
 4 SYSTEMPATH\Common.php(1167): CodeIgniter\View\View->render('pages/bantuan_chat', [], true)
 5 APPPATH\Controllers\Bantuan.php(69): view('pages/bantuan_chat', [...])
 6 SYSTEMPATH\CodeIgniter.php(933): App\Controllers\Bantuan->chat('18', 'default')
 7 SYSTEMPATH\CodeIgniter.php(507): CodeIgniter\CodeIgniter->runController(Object(App\Controllers\Bantuan))
 8 SYSTEMPATH\CodeIgniter.php(354): CodeIgniter\CodeIgniter->handleRequest(null, Object(Config\Cache), false)
 9 SYSTEMPATH\Boot.php(363): CodeIgniter\CodeIgniter->run()
10 SYSTEMPATH\Boot.php(68): CodeIgniter\Boot::runCodeIgniter(Object(CodeIgniter\CodeIgniter))
11 FCPATH\index.php(59): CodeIgniter\Boot::bootWeb(Object(Config\Paths))
DEBUG - 2025-11-08 02:11:17 --> Session: Class initialized using 'CodeIgniter\Session\Handlers\FileHandler' driver.
CRITICAL - 2025-11-08 02:11:17 --> ErrorException: Undefined variable $messages
[Method: GET, Route: bantuan/chat/18/default]
in APPPATH\Views\pages\bantuan_chat.php on line 51.
 1 APPPATH\Views\pages\bantuan_chat.php(51): CodeIgniter\Debug\Exceptions->errorHandler(2, 'Undefined variable $messages', 'C:\\xampp\\htdocs\\e-arsip_ci4\\app\\Views\\pages\\bantuan_chat.php', 51)
 2 SYSTEMPATH\View\View.php(226): include('C:\\xampp\\htdocs\\e-arsip_ci4\\app\\Views\\pages\\bantuan_chat.php')
 3 SYSTEMPATH\View\View.php(229): CodeIgniter\View\View->CodeIgniter\View\{closure}()
 4 SYSTEMPATH\Common.php(1167): CodeIgniter\View\View->render('pages/bantuan_chat', [], true)
 5 APPPATH\Controllers\Bantuan.php(69): view('pages/bantuan_chat', [...])
 6 SYSTEMPATH\CodeIgniter.php(933): App\Controllers\Bantuan->chat('18', 'default')
 7 SYSTEMPATH\CodeIgniter.php(507): CodeIgniter\CodeIgniter->runController(Object(App\Controllers\Bantuan))
 8 SYSTEMPATH\CodeIgniter.php(354): CodeIgniter\CodeIgniter->handleRequest(null, Object(Config\Cache), false)
 9 SYSTEMPATH\Boot.php(363): CodeIgniter\CodeIgniter->run()
10 SYSTEMPATH\Boot.php(68): CodeIgniter\Boot::runCodeIgniter(Object(CodeIgniter\CodeIgniter))
11 FCPATH\index.php(59): CodeIgniter\Boot::bootWeb(Object(Config\Paths))
DEBUG - 2025-11-08 02:11:18 --> Session: Class initialized using 'CodeIgniter\Session\Handlers\FileHandler' driver.
CRITICAL - 2025-11-08 02:11:18 --> ErrorException: Undefined variable $messages
[Method: GET, Route: bantuan/chat/18/default]
in APPPATH\Views\pages\bantuan_chat.php on line 51.
 1 APPPATH\Views\pages\bantuan_chat.php(51): CodeIgniter\Debug\Exceptions->errorHandler(2, 'Undefined variable $messages', 'C:\\xampp\\htdocs\\e-arsip_ci4\\app\\Views\\pages\\bantuan_chat.php', 51)
 2 SYSTEMPATH\View\View.php(226): include('C:\\xampp\\htdocs\\e-arsip_ci4\\app\\Views\\pages\\bantuan_chat.php')
 3 SYSTEMPATH\View\View.php(229): CodeIgniter\View\View->CodeIgniter\View\{closure}()
 4 SYSTEMPATH\Common.php(1167): CodeIgniter\View\View->render('pages/bantuan_chat', [], true)
 5 APPPATH\Controllers\Bantuan.php(69): view('pages/bantuan_chat', [...])
 6 SYSTEMPATH\CodeIgniter.php(933): App\Controllers\Bantuan->chat('18', 'default')
 7 SYSTEMPATH\CodeIgniter.php(507): CodeIgniter\CodeIgniter->runController(Object(App\Controllers\Bantuan))
 8 SYSTEMPATH\CodeIgniter.php(354): CodeIgniter\CodeIgniter->handleRequest(null, Object(Config\Cache), false)
 9 SYSTEMPATH\Boot.php(363): CodeIgniter\CodeIgniter->run()
10 SYSTEMPATH\Boot.php(68): CodeIgniter\Boot::runCodeIgniter(Object(CodeIgniter\CodeIgniter))
11 FCPATH\index.php(59): CodeIgniter\Boot::bootWeb(Object(Config\Paths))
DEBUG - 2025-11-08 02:11:19 --> Session: Class initialized using 'CodeIgniter\Session\Handlers\FileHandler' driver.
CRITICAL - 2025-11-08 02:11:19 --> ErrorException: Undefined variable $messages
[Method: GET, Route: bantuan/chat/18/default]
in APPPATH\Views\pages\bantuan_chat.php on line 51.
 1 APPPATH\Views\pages\bantuan_chat.php(51): CodeIgniter\Debug\Exceptions->errorHandler(2, 'Undefined variable $messages', 'C:\\xampp\\htdocs\\e-arsip_ci4\\app\\Views\\pages\\bantuan_chat.php', 51)
 2 SYSTEMPATH\View\View.php(226): include('C:\\xampp\\htdocs\\e-arsip_ci4\\app\\Views\\pages\\bantuan_chat.php')
 3 SYSTEMPATH\View\View.php(229): CodeIgniter\View\View->CodeIgniter\View\{closure}()
 4 SYSTEMPATH\Common.php(1167): CodeIgniter\View\View->render('pages/bantuan_chat', [], true)
 5 APPPATH\Controllers\Bantuan.php(69): view('pages/bantuan_chat', [...])
 6 SYSTEMPATH\CodeIgniter.php(933): App\Controllers\Bantuan->chat('18', 'default')
 7 SYSTEMPATH\CodeIgniter.php(507): CodeIgniter\CodeIgniter->runController(Object(App\Controllers\Bantuan))
 8 SYSTEMPATH\CodeIgniter.php(354): CodeIgniter\CodeIgniter->handleRequest(null, Object(Config\Cache), false)
 9 SYSTEMPATH\Boot.php(363): CodeIgniter\CodeIgniter->run()
10 SYSTEMPATH\Boot.php(68): CodeIgniter\Boot::runCodeIgniter(Object(CodeIgniter\CodeIgniter))
11 FCPATH\index.php(59): CodeIgniter\Boot::bootWeb(Object(Config\Paths))
DEBUG - 2025-11-08 02:11:20 --> Session: Class initialized using 'CodeIgniter\Session\Handlers\FileHandler' driver.
CRITICAL - 2025-11-08 02:11:20 --> ErrorException: Undefined variable $messages
[Method: GET, Route: bantuan/chat/18/default]
in APPPATH\Views\pages\bantuan_chat.php on line 51.
 1 APPPATH\Views\pages\bantuan_chat.php(51): CodeIgniter\Debug\Exceptions->errorHandler(2, 'Undefined variable $messages', 'C:\\xampp\\htdocs\\e-arsip_ci4\\app\\Views\\pages\\bantuan_chat.php', 51)
 2 SYSTEMPATH\View\View.php(226): include('C:\\xampp\\htdocs\\e-arsip_ci4\\app\\Views\\pages\\bantuan_chat.php')
 3 SYSTEMPATH\View\View.php(229): CodeIgniter\View\View->CodeIgniter\View\{closure}()
 4 SYSTEMPATH\Common.php(1167): CodeIgniter\View\View->render('pages/bantuan_chat', [], true)
 5 APPPATH\Controllers\Bantuan.php(69): view('pages/bantuan_chat', [...])
 6 SYSTEMPATH\CodeIgniter.php(933): App\Controllers\Bantuan->chat('18', 'default')
 7 SYSTEMPATH\CodeIgniter.php(507): CodeIgniter\CodeIgniter->runController(Object(App\Controllers\Bantuan))
 8 SYSTEMPATH\CodeIgniter.php(354): CodeIgniter\CodeIgniter->handleRequest(null, Object(Config\Cache), false)
 9 SYSTEMPATH\Boot.php(363): CodeIgniter\CodeIgniter->run()
10 SYSTEMPATH\Boot.php(68): CodeIgniter\Boot::runCodeIgniter(Object(CodeIgniter\CodeIgniter))
11 FCPATH\index.php(59): CodeIgniter\Boot::bootWeb(Object(Config\Paths))
DEBUG - 2025-11-08 02:11:22 --> Session: Class initialized using 'CodeIgniter\Session\Handlers\FileHandler' driver.
CRITICAL - 2025-11-08 02:11:22 --> ErrorException: Undefined variable $messages
[Method: GET, Route: bantuan/chat/18/default]
in APPPATH\Views\pages\bantuan_chat.php on line 51.
 1 APPPATH\Views\pages\bantuan_chat.php(51): CodeIgniter\Debug\Exceptions->errorHandler(2, 'Undefined variable $messages', 'C:\\xampp\\htdocs\\e-arsip_ci4\\app\\Views\\pages\\bantuan_chat.php', 51)
 2 SYSTEMPATH\View\View.php(226): include('C:\\xampp\\htdocs\\e-arsip_ci4\\app\\Views\\pages\\bantuan_chat.php')
 3 SYSTEMPATH\View\View.php(229): CodeIgniter\View\View->CodeIgniter\View\{closure}()
 4 SYSTEMPATH\Common.php(1167): CodeIgniter\View\View->render('pages/bantuan_chat', [], true)
 5 APPPATH\Controllers\Bantuan.php(69): view('pages/bantuan_chat', [...])
 6 SYSTEMPATH\CodeIgniter.php(933): App\Controllers\Bantuan->chat('18', 'default')
 7 SYSTEMPATH\CodeIgniter.php(507): CodeIgniter\CodeIgniter->runController(Object(App\Controllers\Bantuan))
 8 SYSTEMPATH\CodeIgniter.php(354): CodeIgniter\CodeIgniter->handleRequest(null, Object(Config\Cache), false)
 9 SYSTEMPATH\Boot.php(363): CodeIgniter\CodeIgniter->run()
10 SYSTEMPATH\Boot.php(68): CodeIgniter\Boot::runCodeIgniter(Object(CodeIgniter\CodeIgniter))
11 FCPATH\index.php(59): CodeIgniter\Boot::bootWeb(Object(Config\Paths))
DEBUG - 2025-11-08 02:11:23 --> Session: Class initialized using 'CodeIgniter\Session\Handlers\FileHandler' driver.
CRITICAL - 2025-11-08 02:11:23 --> ErrorException: Undefined variable $messages
[Method: GET, Route: bantuan/chat/18/default]
in APPPATH\Views\pages\bantuan_chat.php on line 51.
 1 APPPATH\Views\pages\bantuan_chat.php(51): CodeIgniter\Debug\Exceptions->errorHandler(2, 'Undefined variable $messages', 'C:\\xampp\\htdocs\\e-arsip_ci4\\app\\Views\\pages\\bantuan_chat.php', 51)
 2 SYSTEMPATH\View\View.php(226): include('C:\\xampp\\htdocs\\e-arsip_ci4\\app\\Views\\pages\\bantuan_chat.php')
 3 SYSTEMPATH\View\View.php(229): CodeIgniter\View\View->CodeIgniter\View\{closure}()
 4 SYSTEMPATH\Common.php(1167): CodeIgniter\View\View->render('pages/bantuan_chat', [], true)
 5 APPPATH\Controllers\Bantuan.php(69): view('pages/bantuan_chat', [...])
 6 SYSTEMPATH\CodeIgniter.php(933): App\Controllers\Bantuan->chat('18', 'default')
 7 SYSTEMPATH\CodeIgniter.php(507): CodeIgniter\CodeIgniter->runController(Object(App\Controllers\Bantuan))
 8 SYSTEMPATH\CodeIgniter.php(354): CodeIgniter\CodeIgniter->handleRequest(null, Object(Config\Cache), false)
 9 SYSTEMPATH\Boot.php(363): CodeIgniter\CodeIgniter->run()
10 SYSTEMPATH\Boot.php(68): CodeIgniter\Boot::runCodeIgniter(Object(CodeIgniter\CodeIgniter))
11 FCPATH\index.php(59): CodeIgniter\Boot::bootWeb(Object(Config\Paths))
DEBUG - 2025-11-08 02:11:24 --> Session: Class initialized using 'CodeIgniter\Session\Handlers\FileHandler' driver.
CRITICAL - 2025-11-08 02:11:24 --> ErrorException: Undefined variable $messages
[Method: GET, Route: bantuan/chat/18/default]
in APPPATH\Views\pages\bantuan_chat.php on line 51.
 1 APPPATH\Views\pages\bantuan_chat.php(51): CodeIgniter\Debug\Exceptions->errorHandler(2, 'Undefined variable $messages', 'C:\\xampp\\htdocs\\e-arsip_ci4\\app\\Views\\pages\\bantuan_chat.php', 51)
 2 SYSTEMPATH\View\View.php(226): include('C:\\xampp\\htdocs\\e-arsip_ci4\\app\\Views\\pages\\bantuan_chat.php')
 3 SYSTEMPATH\View\View.php(229): CodeIgniter\View\View->CodeIgniter\View\{closure}()
 4 SYSTEMPATH\Common.php(1167): CodeIgniter\View\View->render('pages/bantuan_chat', [], true)
 5 APPPATH\Controllers\Bantuan.php(69): view('pages/bantuan_chat', [...])
 6 SYSTEMPATH\CodeIgniter.php(933): App\Controllers\Bantuan->chat('18', 'default')
 7 SYSTEMPATH\CodeIgniter.php(507): CodeIgniter\CodeIgniter->runController(Object(App\Controllers\Bantuan))
 8 SYSTEMPATH\CodeIgniter.php(354): CodeIgniter\CodeIgniter->handleRequest(null, Object(Config\Cache), false)
 9 SYSTEMPATH\Boot.php(363): CodeIgniter\CodeIgniter->run()
10 SYSTEMPATH\Boot.php(68): CodeIgniter\Boot::runCodeIgniter(Object(CodeIgniter\CodeIgniter))
11 FCPATH\index.php(59): CodeIgniter\Boot::bootWeb(Object(Config\Paths))
DEBUG - 2025-11-08 02:11:25 --> Session: Class initialized using 'CodeIgniter\Session\Handlers\FileHandler' driver.
CRITICAL - 2025-11-08 02:11:25 --> ErrorException: Undefined variable $messages
[Method: GET, Route: bantuan/chat/18/default]
in APPPATH\Views\pages\bantuan_chat.php on line 51.
 1 APPPATH\Views\pages\bantuan_chat.php(51): CodeIgniter\Debug\Exceptions->errorHandler(2, 'Undefined variable $messages', 'C:\\xampp\\htdocs\\e-arsip_ci4\\app\\Views\\pages\\bantuan_chat.php', 51)
 2 SYSTEMPATH\View\View.php(226): include('C:\\xampp\\htdocs\\e-arsip_ci4\\app\\Views\\pages\\bantuan_chat.php')
 3 SYSTEMPATH\View\View.php(229): CodeIgniter\View\View->CodeIgniter\View\{closure}()
 4 SYSTEMPATH\Common.php(1167): CodeIgniter\View\View->render('pages/bantuan_chat', [], true)
 5 APPPATH\Controllers\Bantuan.php(69): view('pages/bantuan_chat', [...])
 6 SYSTEMPATH\CodeIgniter.php(933): App\Controllers\Bantuan->chat('18', 'default')
 7 SYSTEMPATH\CodeIgniter.php(507): CodeIgniter\CodeIgniter->runController(Object(App\Controllers\Bantuan))
 8 SYSTEMPATH\CodeIgniter.php(354): CodeIgniter\CodeIgniter->handleRequest(null, Object(Config\Cache), false)
 9 SYSTEMPATH\Boot.php(363): CodeIgniter\CodeIgniter->run()
10 SYSTEMPATH\Boot.php(68): CodeIgniter\Boot::runCodeIgniter(Object(CodeIgniter\CodeIgniter))
11 FCPATH\index.php(59): CodeIgniter\Boot::bootWeb(Object(Config\Paths))
DEBUG - 2025-11-08 02:11:26 --> Session: Class initialized using 'CodeIgniter\Session\Handlers\FileHandler' driver.
CRITICAL - 2025-11-08 02:11:26 --> ErrorException: Undefined variable $messages
[Method: GET, Route: bantuan/chat/18/default]
in APPPATH\Views\pages\bantuan_chat.php on line 51.
 1 APPPATH\Views\pages\bantuan_chat.php(51): CodeIgniter\Debug\Exceptions->errorHandler(2, 'Undefined variable $messages', 'C:\\xampp\\htdocs\\e-arsip_ci4\\app\\Views\\pages\\bantuan_chat.php', 51)
 2 SYSTEMPATH\View\View.php(226): include('C:\\xampp\\htdocs\\e-arsip_ci4\\app\\Views\\pages\\bantuan_chat.php')
 3 SYSTEMPATH\View\View.php(229): CodeIgniter\View\View->CodeIgniter\View\{closure}()
 4 SYSTEMPATH\Common.php(1167): CodeIgniter\View\View->render('pages/bantuan_chat', [], true)
 5 APPPATH\Controllers\Bantuan.php(69): view('pages/bantuan_chat', [...])
 6 SYSTEMPATH\CodeIgniter.php(933): App\Controllers\Bantuan->chat('18', 'default')
 7 SYSTEMPATH\CodeIgniter.php(507): CodeIgniter\CodeIgniter->runController(Object(App\Controllers\Bantuan))
 8 SYSTEMPATH\CodeIgniter.php(354): CodeIgniter\CodeIgniter->handleRequest(null, Object(Config\Cache), false)
 9 SYSTEMPATH\Boot.php(363): CodeIgniter\CodeIgniter->run()
10 SYSTEMPATH\Boot.php(68): CodeIgniter\Boot::runCodeIgniter(Object(CodeIgniter\CodeIgniter))
11 FCPATH\index.php(59): CodeIgniter\Boot::bootWeb(Object(Config\Paths))
DEBUG - 2025-11-08 02:11:28 --> Session: Class initialized using 'CodeIgniter\Session\Handlers\FileHandler' driver.
CRITICAL - 2025-11-08 02:11:28 --> ErrorException: Undefined variable $messages
[Method: GET, Route: bantuan/chat/18/default]
in APPPATH\Views\pages\bantuan_chat.php on line 51.
 1 APPPATH\Views\pages\bantuan_chat.php(51): CodeIgniter\Debug\Exceptions->errorHandler(2, 'Undefined variable $messages', 'C:\\xampp\\htdocs\\e-arsip_ci4\\app\\Views\\pages\\bantuan_chat.php', 51)
 2 SYSTEMPATH\View\View.php(226): include('C:\\xampp\\htdocs\\e-arsip_ci4\\app\\Views\\pages\\bantuan_chat.php')
 3 SYSTEMPATH\View\View.php(229): CodeIgniter\View\View->CodeIgniter\View\{closure}()
 4 SYSTEMPATH\Common.php(1167): CodeIgniter\View\View->render('pages/bantuan_chat', [], true)
 5 APPPATH\Controllers\Bantuan.php(69): view('pages/bantuan_chat', [...])
 6 SYSTEMPATH\CodeIgniter.php(933): App\Controllers\Bantuan->chat('18', 'default')
 7 SYSTEMPATH\CodeIgniter.php(507): CodeIgniter\CodeIgniter->runController(Object(App\Controllers\Bantuan))
 8 SYSTEMPATH\CodeIgniter.php(354): CodeIgniter\CodeIgniter->handleRequest(null, Object(Config\Cache), false)
 9 SYSTEMPATH\Boot.php(363): CodeIgniter\CodeIgniter->run()
10 SYSTEMPATH\Boot.php(68): CodeIgniter\Boot::runCodeIgniter(Object(CodeIgniter\CodeIgniter))
11 FCPATH\index.php(59): CodeIgniter\Boot::bootWeb(Object(Config\Paths))
DEBUG - 2025-11-08 02:11:29 --> Session: Class initialized using 'CodeIgniter\Session\Handlers\FileHandler' driver.
CRITICAL - 2025-11-08 02:11:29 --> ErrorException: Undefined variable $messages
[Method: GET, Route: bantuan/chat/18/default]
in APPPATH\Views\pages\bantuan_chat.php on line 51.
 1 APPPATH\Views\pages\bantuan_chat.php(51): CodeIgniter\Debug\Exceptions->errorHandler(2, 'Undefined variable $messages', 'C:\\xampp\\htdocs\\e-arsip_ci4\\app\\Views\\pages\\bantuan_chat.php', 51)
 2 SYSTEMPATH\View\View.php(226): include('C:\\xampp\\htdocs\\e-arsip_ci4\\app\\Views\\pages\\bantuan_chat.php')
 3 SYSTEMPATH\View\View.php(229): CodeIgniter\View\View->CodeIgniter\View\{closure}()
 4 SYSTEMPATH\Common.php(1167): CodeIgniter\View\View->render('pages/bantuan_chat', [], true)
 5 APPPATH\Controllers\Bantuan.php(69): view('pages/bantuan_chat', [...])
 6 SYSTEMPATH\CodeIgniter.php(933): App\Controllers\Bantuan->chat('18', 'default')
 7 SYSTEMPATH\CodeIgniter.php(507): CodeIgniter\CodeIgniter->runController(Object(App\Controllers\Bantuan))
 8 SYSTEMPATH\CodeIgniter.php(354): CodeIgniter\CodeIgniter->handleRequest(null, Object(Config\Cache), false)
 9 SYSTEMPATH\Boot.php(363): CodeIgniter\CodeIgniter->run()
10 SYSTEMPATH\Boot.php(68): CodeIgniter\Boot::runCodeIgniter(Object(CodeIgniter\CodeIgniter))
11 FCPATH\index.php(59): CodeIgniter\Boot::bootWeb(Object(Config\Paths))
DEBUG - 2025-11-08 02:11:30 --> Session: Class initialized using 'CodeIgniter\Session\Handlers\FileHandler' driver.
CRITICAL - 2025-11-08 02:11:30 --> ErrorException: Undefined variable $messages
[Method: GET, Route: bantuan/chat/18/default]
in APPPATH\Views\pages\bantuan_chat.php on line 51.
 1 APPPATH\Views\pages\bantuan_chat.php(51): CodeIgniter\Debug\Exceptions->errorHandler(2, 'Undefined variable $messages', 'C:\\xampp\\htdocs\\e-arsip_ci4\\app\\Views\\pages\\bantuan_chat.php', 51)
 2 SYSTEMPATH\View\View.php(226): include('C:\\xampp\\htdocs\\e-arsip_ci4\\app\\Views\\pages\\bantuan_chat.php')
 3 SYSTEMPATH\View\View.php(229): CodeIgniter\View\View->CodeIgniter\View\{closure}()
 4 SYSTEMPATH\Common.php(1167): CodeIgniter\View\View->render('pages/bantuan_chat', [], true)
 5 APPPATH\Controllers\Bantuan.php(69): view('pages/bantuan_chat', [...])
 6 SYSTEMPATH\CodeIgniter.php(933): App\Controllers\Bantuan->chat('18', 'default')
 7 SYSTEMPATH\CodeIgniter.php(507): CodeIgniter\CodeIgniter->runController(Object(App\Controllers\Bantuan))
 8 SYSTEMPATH\CodeIgniter.php(354): CodeIgniter\CodeIgniter->handleRequest(null, Object(Config\Cache), false)
 9 SYSTEMPATH\Boot.php(363): CodeIgniter\CodeIgniter->run()
10 SYSTEMPATH\Boot.php(68): CodeIgniter\Boot::runCodeIgniter(Object(CodeIgniter\CodeIgniter))
11 FCPATH\index.php(59): CodeIgniter\Boot::bootWeb(Object(Config\Paths))
DEBUG - 2025-11-08 02:11:31 --> Session: Class initialized using 'CodeIgniter\Session\Handlers\FileHandler' driver.
CRITICAL - 2025-11-08 02:11:31 --> ErrorException: Undefined variable $messages
[Method: GET, Route: bantuan/chat/18/default]
in APPPATH\Views\pages\bantuan_chat.php on line 51.
 1 APPPATH\Views\pages\bantuan_chat.php(51): CodeIgniter\Debug\Exceptions->errorHandler(2, 'Undefined variable $messages', 'C:\\xampp\\htdocs\\e-arsip_ci4\\app\\Views\\pages\\bantuan_chat.php', 51)
 2 SYSTEMPATH\View\View.php(226): include('C:\\xampp\\htdocs\\e-arsip_ci4\\app\\Views\\pages\\bantuan_chat.php')
 3 SYSTEMPATH\View\View.php(229): CodeIgniter\View\View->CodeIgniter\View\{closure}()
 4 SYSTEMPATH\Common.php(1167): CodeIgniter\View\View->render('pages/bantuan_chat', [], true)
 5 APPPATH\Controllers\Bantuan.php(69): view('pages/bantuan_chat', [...])
 6 SYSTEMPATH\CodeIgniter.php(933): App\Controllers\Bantuan->chat('18', 'default')
 7 SYSTEMPATH\CodeIgniter.php(507): CodeIgniter\CodeIgniter->runController(Object(App\Controllers\Bantuan))
 8 SYSTEMPATH\CodeIgniter.php(354): CodeIgniter\CodeIgniter->handleRequest(null, Object(Config\Cache), false)
 9 SYSTEMPATH\Boot.php(363): CodeIgniter\CodeIgniter->run()
10 SYSTEMPATH\Boot.php(68): CodeIgniter\Boot::runCodeIgniter(Object(CodeIgniter\CodeIgniter))
11 FCPATH\index.php(59): CodeIgniter\Boot::bootWeb(Object(Config\Paths))
DEBUG - 2025-11-08 02:11:32 --> Session: Class initialized using 'CodeIgniter\Session\Handlers\FileHandler' driver.
CRITICAL - 2025-11-08 02:11:32 --> ErrorException: Undefined variable $messages
[Method: GET, Route: bantuan/chat/18/default]
in APPPATH\Views\pages\bantuan_chat.php on line 51.
 1 APPPATH\Views\pages\bantuan_chat.php(51): CodeIgniter\Debug\Exceptions->errorHandler(2, 'Undefined variable $messages', 'C:\\xampp\\htdocs\\e-arsip_ci4\\app\\Views\\pages\\bantuan_chat.php', 51)
 2 SYSTEMPATH\View\View.php(226): include('C:\\xampp\\htdocs\\e-arsip_ci4\\app\\Views\\pages\\bantuan_chat.php')
 3 SYSTEMPATH\View\View.php(229): CodeIgniter\View\View->CodeIgniter\View\{closure}()
 4 SYSTEMPATH\Common.php(1167): CodeIgniter\View\View->render('pages/bantuan_chat', [], true)
 5 APPPATH\Controllers\Bantuan.php(69): view('pages/bantuan_chat', [...])
 6 SYSTEMPATH\CodeIgniter.php(933): App\Controllers\Bantuan->chat('18', 'default')
 7 SYSTEMPATH\CodeIgniter.php(507): CodeIgniter\CodeIgniter->runController(Object(App\Controllers\Bantuan))
 8 SYSTEMPATH\CodeIgniter.php(354): CodeIgniter\CodeIgniter->handleRequest(null, Object(Config\Cache), false)
 9 SYSTEMPATH\Boot.php(363): CodeIgniter\CodeIgniter->run()
10 SYSTEMPATH\Boot.php(68): CodeIgniter\Boot::runCodeIgniter(Object(CodeIgniter\CodeIgniter))
11 FCPATH\index.php(59): CodeIgniter\Boot::bootWeb(Object(Config\Paths))
DEBUG - 2025-11-08 02:11:34 --> Session: Class initialized using 'CodeIgniter\Session\Handlers\FileHandler' driver.
CRITICAL - 2025-11-08 02:11:34 --> ErrorException: Undefined variable $messages
[Method: GET, Route: bantuan/chat/18/default]
in APPPATH\Views\pages\bantuan_chat.php on line 51.
 1 APPPATH\Views\pages\bantuan_chat.php(51): CodeIgniter\Debug\Exceptions->errorHandler(2, 'Undefined variable $messages', 'C:\\xampp\\htdocs\\e-arsip_ci4\\app\\Views\\pages\\bantuan_chat.php', 51)
 2 SYSTEMPATH\View\View.php(226): include('C:\\xampp\\htdocs\\e-arsip_ci4\\app\\Views\\pages\\bantuan_chat.php')
 3 SYSTEMPATH\View\View.php(229): CodeIgniter\View\View->CodeIgniter\View\{closure}()
 4 SYSTEMPATH\Common.php(1167): CodeIgniter\View\View->render('pages/bantuan_chat', [], true)
 5 APPPATH\Controllers\Bantuan.php(69): view('pages/bantuan_chat', [...])
 6 SYSTEMPATH\CodeIgniter.php(933): App\Controllers\Bantuan->chat('18', 'default')
 7 SYSTEMPATH\CodeIgniter.php(507): CodeIgniter\CodeIgniter->runController(Object(App\Controllers\Bantuan))
 8 SYSTEMPATH\CodeIgniter.php(354): CodeIgniter\CodeIgniter->handleRequest(null, Object(Config\Cache), false)
 9 SYSTEMPATH\Boot.php(363): CodeIgniter\CodeIgniter->run()
10 SYSTEMPATH\Boot.php(68): CodeIgniter\Boot::runCodeIgniter(Object(CodeIgniter\CodeIgniter))
11 FCPATH\index.php(59): CodeIgniter\Boot::bootWeb(Object(Config\Paths))
DEBUG - 2025-11-08 02:11:35 --> Session: Class initialized using 'CodeIgniter\Session\Handlers\FileHandler' driver.
CRITICAL - 2025-11-08 02:11:35 --> ErrorException: Undefined variable $messages
[Method: GET, Route: bantuan/chat/18/default]
in APPPATH\Views\pages\bantuan_chat.php on line 51.
 1 APPPATH\Views\pages\bantuan_chat.php(51): CodeIgniter\Debug\Exceptions->errorHandler(2, 'Undefined variable $messages', 'C:\\xampp\\htdocs\\e-arsip_ci4\\app\\Views\\pages\\bantuan_chat.php', 51)
 2 SYSTEMPATH\View\View.php(226): include('C:\\xampp\\htdocs\\e-arsip_ci4\\app\\Views\\pages\\bantuan_chat.php')
 3 SYSTEMPATH\View\View.php(229): CodeIgniter\View\View->CodeIgniter\View\{closure}()
 4 SYSTEMPATH\Common.php(1167): CodeIgniter\View\View->render('pages/bantuan_chat', [], true)
 5 APPPATH\Controllers\Bantuan.php(69): view('pages/bantuan_chat', [...])
 6 SYSTEMPATH\CodeIgniter.php(933): App\Controllers\Bantuan->chat('18', 'default')
 7 SYSTEMPATH\CodeIgniter.php(507): CodeIgniter\CodeIgniter->runController(Object(App\Controllers\Bantuan))
 8 SYSTEMPATH\CodeIgniter.php(354): CodeIgniter\CodeIgniter->handleRequest(null, Object(Config\Cache), false)
 9 SYSTEMPATH\Boot.php(363): CodeIgniter\CodeIgniter->run()
10 SYSTEMPATH\Boot.php(68): CodeIgniter\Boot::runCodeIgniter(Object(CodeIgniter\CodeIgniter))
11 FCPATH\index.php(59): CodeIgniter\Boot::bootWeb(Object(Config\Paths))
DEBUG - 2025-11-08 02:11:36 --> Session: Class initialized using 'CodeIgniter\Session\Handlers\FileHandler' driver.
CRITICAL - 2025-11-08 02:11:36 --> ErrorException: Undefined variable $messages
[Method: GET, Route: bantuan/chat/18/default]
in APPPATH\Views\pages\bantuan_chat.php on line 51.
 1 APPPATH\Views\pages\bantuan_chat.php(51): CodeIgniter\Debug\Exceptions->errorHandler(2, 'Undefined variable $messages', 'C:\\xampp\\htdocs\\e-arsip_ci4\\app\\Views\\pages\\bantuan_chat.php', 51)
 2 SYSTEMPATH\View\View.php(226): include('C:\\xampp\\htdocs\\e-arsip_ci4\\app\\Views\\pages\\bantuan_chat.php')
 3 SYSTEMPATH\View\View.php(229): CodeIgniter\View\View->CodeIgniter\View\{closure}()
 4 SYSTEMPATH\Common.php(1167): CodeIgniter\View\View->render('pages/bantuan_chat', [], true)
 5 APPPATH\Controllers\Bantuan.php(69): view('pages/bantuan_chat', [...])
 6 SYSTEMPATH\CodeIgniter.php(933): App\Controllers\Bantuan->chat('18', 'default')
 7 SYSTEMPATH\CodeIgniter.php(507): CodeIgniter\CodeIgniter->runController(Object(App\Controllers\Bantuan))
 8 SYSTEMPATH\CodeIgniter.php(354): CodeIgniter\CodeIgniter->handleRequest(null, Object(Config\Cache), false)
 9 SYSTEMPATH\Boot.php(363): CodeIgniter\CodeIgniter->run()
10 SYSTEMPATH\Boot.php(68): CodeIgniter\Boot::runCodeIgniter(Object(CodeIgniter\CodeIgniter))
11 FCPATH\index.php(59): CodeIgniter\Boot::bootWeb(Object(Config\Paths))
DEBUG - 2025-11-08 02:11:37 --> Session: Class initialized using 'CodeIgniter\Session\Handlers\FileHandler' driver.
CRITICAL - 2025-11-08 02:11:37 --> ErrorException: Undefined variable $messages
[Method: GET, Route: bantuan/chat/18/default]
in APPPATH\Views\pages\bantuan_chat.php on line 51.
 1 APPPATH\Views\pages\bantuan_chat.php(51): CodeIgniter\Debug\Exceptions->errorHandler(2, 'Undefined variable $messages', 'C:\\xampp\\htdocs\\e-arsip_ci4\\app\\Views\\pages\\bantuan_chat.php', 51)
 2 SYSTEMPATH\View\View.php(226): include('C:\\xampp\\htdocs\\e-arsip_ci4\\app\\Views\\pages\\bantuan_chat.php')
 3 SYSTEMPATH\View\View.php(229): CodeIgniter\View\View->CodeIgniter\View\{closure}()
 4 SYSTEMPATH\Common.php(1167): CodeIgniter\View\View->render('pages/bantuan_chat', [], true)
 5 APPPATH\Controllers\Bantuan.php(69): view('pages/bantuan_chat', [...])
 6 SYSTEMPATH\CodeIgniter.php(933): App\Controllers\Bantuan->chat('18', 'default')
 7 SYSTEMPATH\CodeIgniter.php(507): CodeIgniter\CodeIgniter->runController(Object(App\Controllers\Bantuan))
 8 SYSTEMPATH\CodeIgniter.php(354): CodeIgniter\CodeIgniter->handleRequest(null, Object(Config\Cache), false)
 9 SYSTEMPATH\Boot.php(363): CodeIgniter\CodeIgniter->run()
10 SYSTEMPATH\Boot.php(68): CodeIgniter\Boot::runCodeIgniter(Object(CodeIgniter\CodeIgniter))
11 FCPATH\index.php(59): CodeIgniter\Boot::bootWeb(Object(Config\Paths))
DEBUG - 2025-11-08 02:11:38 --> Session: Class initialized using 'CodeIgniter\Session\Handlers\FileHandler' driver.
CRITICAL - 2025-11-08 02:11:38 --> ErrorException: Undefined variable $messages
[Method: GET, Route: bantuan/chat/18/default]
in APPPATH\Views\pages\bantuan_chat.php on line 51.
 1 APPPATH\Views\pages\bantuan_chat.php(51): CodeIgniter\Debug\Exceptions->errorHandler(2, 'Undefined variable $messages', 'C:\\xampp\\htdocs\\e-arsip_ci4\\app\\Views\\pages\\bantuan_chat.php', 51)
 2 SYSTEMPATH\View\View.php(226): include('C:\\xampp\\htdocs\\e-arsip_ci4\\app\\Views\\pages\\bantuan_chat.php')
 3 SYSTEMPATH\View\View.php(229): CodeIgniter\View\View->CodeIgniter\View\{closure}()
 4 SYSTEMPATH\Common.php(1167): CodeIgniter\View\View->render('pages/bantuan_chat', [], true)
 5 APPPATH\Controllers\Bantuan.php(69): view('pages/bantuan_chat', [...])
 6 SYSTEMPATH\CodeIgniter.php(933): App\Controllers\Bantuan->chat('18', 'default')
 7 SYSTEMPATH\CodeIgniter.php(507): CodeIgniter\CodeIgniter->runController(Object(App\Controllers\Bantuan))
 8 SYSTEMPATH\CodeIgniter.php(354): CodeIgniter\CodeIgniter->handleRequest(null, Object(Config\Cache), false)
 9 SYSTEMPATH\Boot.php(363): CodeIgniter\CodeIgniter->run()
10 SYSTEMPATH\Boot.php(68): CodeIgniter\Boot::runCodeIgniter(Object(CodeIgniter\CodeIgniter))
11 FCPATH\index.php(59): CodeIgniter\Boot::bootWeb(Object(Config\Paths))
DEBUG - 2025-11-08 02:11:40 --> Session: Class initialized using 'CodeIgniter\Session\Handlers\FileHandler' driver.
CRITICAL - 2025-11-08 02:11:40 --> ErrorException: Undefined variable $messages
[Method: GET, Route: bantuan/chat/18/default]
in APPPATH\Views\pages\bantuan_chat.php on line 51.
 1 APPPATH\Views\pages\bantuan_chat.php(51): CodeIgniter\Debug\Exceptions->errorHandler(2, 'Undefined variable $messages', 'C:\\xampp\\htdocs\\e-arsip_ci4\\app\\Views\\pages\\bantuan_chat.php', 51)
 2 SYSTEMPATH\View\View.php(226): include('C:\\xampp\\htdocs\\e-arsip_ci4\\app\\Views\\pages\\bantuan_chat.php')
 3 SYSTEMPATH\View\View.php(229): CodeIgniter\View\View->CodeIgniter\View\{closure}()
 4 SYSTEMPATH\Common.php(1167): CodeIgniter\View\View->render('pages/bantuan_chat', [], true)
 5 APPPATH\Controllers\Bantuan.php(69): view('pages/bantuan_chat', [...])
 6 SYSTEMPATH\CodeIgniter.php(933): App\Controllers\Bantuan->chat('18', 'default')
 7 SYSTEMPATH\CodeIgniter.php(507): CodeIgniter\CodeIgniter->runController(Object(App\Controllers\Bantuan))
 8 SYSTEMPATH\CodeIgniter.php(354): CodeIgniter\CodeIgniter->handleRequest(null, Object(Config\Cache), false)
 9 SYSTEMPATH\Boot.php(363): CodeIgniter\CodeIgniter->run()
10 SYSTEMPATH\Boot.php(68): CodeIgniter\Boot::runCodeIgniter(Object(CodeIgniter\CodeIgniter))
11 FCPATH\index.php(59): CodeIgniter\Boot::bootWeb(Object(Config\Paths))
DEBUG - 2025-11-08 02:11:41 --> Session: Class initialized using 'CodeIgniter\Session\Handlers\FileHandler' driver.
CRITICAL - 2025-11-08 02:11:41 --> ErrorException: Undefined variable $messages
[Method: GET, Route: bantuan/chat/18/default]
in APPPATH\Views\pages\bantuan_chat.php on line 51.
 1 APPPATH\Views\pages\bantuan_chat.php(51): CodeIgniter\Debug\Exceptions->errorHandler(2, 'Undefined variable $messages', 'C:\\xampp\\htdocs\\e-arsip_ci4\\app\\Views\\pages\\bantuan_chat.php', 51)
 2 SYSTEMPATH\View\View.php(226): include('C:\\xampp\\htdocs\\e-arsip_ci4\\app\\Views\\pages\\bantuan_chat.php')
 3 SYSTEMPATH\View\View.php(229): CodeIgniter\View\View->CodeIgniter\View\{closure}()
 4 SYSTEMPATH\Common.php(1167): CodeIgniter\View\View->render('pages/bantuan_chat', [], true)
 5 APPPATH\Controllers\Bantuan.php(69): view('pages/bantuan_chat', [...])
 6 SYSTEMPATH\CodeIgniter.php(933): App\Controllers\Bantuan->chat('18', 'default')
 7 SYSTEMPATH\CodeIgniter.php(507): CodeIgniter\CodeIgniter->runController(Object(App\Controllers\Bantuan))
 8 SYSTEMPATH\CodeIgniter.php(354): CodeIgniter\CodeIgniter->handleRequest(null, Object(Config\Cache), false)
 9 SYSTEMPATH\Boot.php(363): CodeIgniter\CodeIgniter->run()
10 SYSTEMPATH\Boot.php(68): CodeIgniter\Boot::runCodeIgniter(Object(CodeIgniter\CodeIgniter))
11 FCPATH\index.php(59): CodeIgniter\Boot::bootWeb(Object(Config\Paths))
DEBUG - 2025-11-08 02:11:42 --> Session: Class initialized using 'CodeIgniter\Session\Handlers\FileHandler' driver.
CRITICAL - 2025-11-08 02:11:42 --> ErrorException: Undefined variable $messages
[Method: GET, Route: bantuan/chat/18/default]
in APPPATH\Views\pages\bantuan_chat.php on line 51.
 1 APPPATH\Views\pages\bantuan_chat.php(51): CodeIgniter\Debug\Exceptions->errorHandler(2, 'Undefined variable $messages', 'C:\\xampp\\htdocs\\e-arsip_ci4\\app\\Views\\pages\\bantuan_chat.php', 51)
 2 SYSTEMPATH\View\View.php(226): include('C:\\xampp\\htdocs\\e-arsip_ci4\\app\\Views\\pages\\bantuan_chat.php')
 3 SYSTEMPATH\View\View.php(229): CodeIgniter\View\View->CodeIgniter\View\{closure}()
 4 SYSTEMPATH\Common.php(1167): CodeIgniter\View\View->render('pages/bantuan_chat', [], true)
 5 APPPATH\Controllers\Bantuan.php(69): view('pages/bantuan_chat', [...])
 6 SYSTEMPATH\CodeIgniter.php(933): App\Controllers\Bantuan->chat('18', 'default')
 7 SYSTEMPATH\CodeIgniter.php(507): CodeIgniter\CodeIgniter->runController(Object(App\Controllers\Bantuan))
 8 SYSTEMPATH\CodeIgniter.php(354): CodeIgniter\CodeIgniter->handleRequest(null, Object(Config\Cache), false)
 9 SYSTEMPATH\Boot.php(363): CodeIgniter\CodeIgniter->run()
10 SYSTEMPATH\Boot.php(68): CodeIgniter\Boot::runCodeIgniter(Object(CodeIgniter\CodeIgniter))
11 FCPATH\index.php(59): CodeIgniter\Boot::bootWeb(Object(Config\Paths))
DEBUG - 2025-11-08 02:11:43 --> Session: Class initialized using 'CodeIgniter\Session\Handlers\FileHandler' driver.
CRITICAL - 2025-11-08 02:11:43 --> ErrorException: Undefined variable $messages
[Method: GET, Route: bantuan/chat/18/default]
in APPPATH\Views\pages\bantuan_chat.php on line 51.
 1 APPPATH\Views\pages\bantuan_chat.php(51): CodeIgniter\Debug\Exceptions->errorHandler(2, 'Undefined variable $messages', 'C:\\xampp\\htdocs\\e-arsip_ci4\\app\\Views\\pages\\bantuan_chat.php', 51)
 2 SYSTEMPATH\View\View.php(226): include('C:\\xampp\\htdocs\\e-arsip_ci4\\app\\Views\\pages\\bantuan_chat.php')
 3 SYSTEMPATH\View\View.php(229): CodeIgniter\View\View->CodeIgniter\View\{closure}()
 4 SYSTEMPATH\Common.php(1167): CodeIgniter\View\View->render('pages/bantuan_chat', [], true)
 5 APPPATH\Controllers\Bantuan.php(69): view('pages/bantuan_chat', [...])
 6 SYSTEMPATH\CodeIgniter.php(933): App\Controllers\Bantuan->chat('18', 'default')
 7 SYSTEMPATH\CodeIgniter.php(507): CodeIgniter\CodeIgniter->runController(Object(App\Controllers\Bantuan))
 8 SYSTEMPATH\CodeIgniter.php(354): CodeIgniter\CodeIgniter->handleRequest(null, Object(Config\Cache), false)
 9 SYSTEMPATH\Boot.php(363): CodeIgniter\CodeIgniter->run()
10 SYSTEMPATH\Boot.php(68): CodeIgniter\Boot::runCodeIgniter(Object(CodeIgniter\CodeIgniter))
11 FCPATH\index.php(59): CodeIgniter\Boot::bootWeb(Object(Config\Paths))
DEBUG - 2025-11-08 02:11:44 --> Session: Class initialized using 'CodeIgniter\Session\Handlers\FileHandler' driver.
CRITICAL - 2025-11-08 02:11:44 --> ErrorException: Undefined variable $messages
[Method: GET, Route: bantuan/chat/18/default]
in APPPATH\Views\pages\bantuan_chat.php on line 51.
 1 APPPATH\Views\pages\bantuan_chat.php(51): CodeIgniter\Debug\Exceptions->errorHandler(2, 'Undefined variable $messages', 'C:\\xampp\\htdocs\\e-arsip_ci4\\app\\Views\\pages\\bantuan_chat.php', 51)
 2 SYSTEMPATH\View\View.php(226): include('C:\\xampp\\htdocs\\e-arsip_ci4\\app\\Views\\pages\\bantuan_chat.php')
 3 SYSTEMPATH\View\View.php(229): CodeIgniter\View\View->CodeIgniter\View\{closure}()
 4 SYSTEMPATH\Common.php(1167): CodeIgniter\View\View->render('pages/bantuan_chat', [], true)
 5 APPPATH\Controllers\Bantuan.php(69): view('pages/bantuan_chat', [...])
 6 SYSTEMPATH\CodeIgniter.php(933): App\Controllers\Bantuan->chat('18', 'default')
 7 SYSTEMPATH\CodeIgniter.php(507): CodeIgniter\CodeIgniter->runController(Object(App\Controllers\Bantuan))
 8 SYSTEMPATH\CodeIgniter.php(354): CodeIgniter\CodeIgniter->handleRequest(null, Object(Config\Cache), false)
 9 SYSTEMPATH\Boot.php(363): CodeIgniter\CodeIgniter->run()
10 SYSTEMPATH\Boot.php(68): CodeIgniter\Boot::runCodeIgniter(Object(CodeIgniter\CodeIgniter))
11 FCPATH\index.php(59): CodeIgniter\Boot::bootWeb(Object(Config\Paths))
DEBUG - 2025-11-08 02:11:46 --> Session: Class initialized using 'CodeIgniter\Session\Handlers\FileHandler' driver.
CRITICAL - 2025-11-08 02:11:46 --> ErrorException: Undefined variable $messages
[Method: GET, Route: bantuan/chat/18/default]
in APPPATH\Views\pages\bantuan_chat.php on line 51.
 1 APPPATH\Views\pages\bantuan_chat.php(51): CodeIgniter\Debug\Exceptions->errorHandler(2, 'Undefined variable $messages', 'C:\\xampp\\htdocs\\e-arsip_ci4\\app\\Views\\pages\\bantuan_chat.php', 51)
 2 SYSTEMPATH\View\View.php(226): include('C:\\xampp\\htdocs\\e-arsip_ci4\\app\\Views\\pages\\bantuan_chat.php')
 3 SYSTEMPATH\View\View.php(229): CodeIgniter\View\View->CodeIgniter\View\{closure}()
 4 SYSTEMPATH\Common.php(1167): CodeIgniter\View\View->render('pages/bantuan_chat', [], true)
 5 APPPATH\Controllers\Bantuan.php(69): view('pages/bantuan_chat', [...])
 6 SYSTEMPATH\CodeIgniter.php(933): App\Controllers\Bantuan->chat('18', 'default')
 7 SYSTEMPATH\CodeIgniter.php(507): CodeIgniter\CodeIgniter->runController(Object(App\Controllers\Bantuan))
 8 SYSTEMPATH\CodeIgniter.php(354): CodeIgniter\CodeIgniter->handleRequest(null, Object(Config\Cache), false)
 9 SYSTEMPATH\Boot.php(363): CodeIgniter\CodeIgniter->run()
10 SYSTEMPATH\Boot.php(68): CodeIgniter\Boot::runCodeIgniter(Object(CodeIgniter\CodeIgniter))
11 FCPATH\index.php(59): CodeIgniter\Boot::bootWeb(Object(Config\Paths))
DEBUG - 2025-11-08 02:11:47 --> Session: Class initialized using 'CodeIgniter\Session\Handlers\FileHandler' driver.
CRITICAL - 2025-11-08 02:11:47 --> ErrorException: Undefined variable $messages
[Method: GET, Route: bantuan/chat/18/default]
in APPPATH\Views\pages\bantuan_chat.php on line 51.
 1 APPPATH\Views\pages\bantuan_chat.php(51): CodeIgniter\Debug\Exceptions->errorHandler(2, 'Undefined variable $messages', 'C:\\xampp\\htdocs\\e-arsip_ci4\\app\\Views\\pages\\bantuan_chat.php', 51)
 2 SYSTEMPATH\View\View.php(226): include('C:\\xampp\\htdocs\\e-arsip_ci4\\app\\Views\\pages\\bantuan_chat.php')
 3 SYSTEMPATH\View\View.php(229): CodeIgniter\View\View->CodeIgniter\View\{closure}()
 4 SYSTEMPATH\Common.php(1167): CodeIgniter\View\View->render('pages/bantuan_chat', [], true)
 5 APPPATH\Controllers\Bantuan.php(69): view('pages/bantuan_chat', [...])
 6 SYSTEMPATH\CodeIgniter.php(933): App\Controllers\Bantuan->chat('18', 'default')
 7 SYSTEMPATH\CodeIgniter.php(507): CodeIgniter\CodeIgniter->runController(Object(App\Controllers\Bantuan))
 8 SYSTEMPATH\CodeIgniter.php(354): CodeIgniter\CodeIgniter->handleRequest(null, Object(Config\Cache), false)
 9 SYSTEMPATH\Boot.php(363): CodeIgniter\CodeIgniter->run()
10 SYSTEMPATH\Boot.php(68): CodeIgniter\Boot::runCodeIgniter(Object(CodeIgniter\CodeIgniter))
11 FCPATH\index.php(59): CodeIgniter\Boot::bootWeb(Object(Config\Paths))
DEBUG - 2025-11-08 02:11:48 --> Session: Class initialized using 'CodeIgniter\Session\Handlers\FileHandler' driver.
CRITICAL - 2025-11-08 02:11:48 --> ErrorException: Undefined variable $messages
[Method: GET, Route: bantuan/chat/18/default]
in APPPATH\Views\pages\bantuan_chat.php on line 51.
 1 APPPATH\Views\pages\bantuan_chat.php(51): CodeIgniter\Debug\Exceptions->errorHandler(2, 'Undefined variable $messages', 'C:\\xampp\\htdocs\\e-arsip_ci4\\app\\Views\\pages\\bantuan_chat.php', 51)
 2 SYSTEMPATH\View\View.php(226): include('C:\\xampp\\htdocs\\e-arsip_ci4\\app\\Views\\pages\\bantuan_chat.php')
 3 SYSTEMPATH\View\View.php(229): CodeIgniter\View\View->CodeIgniter\View\{closure}()
 4 SYSTEMPATH\Common.php(1167): CodeIgniter\View\View->render('pages/bantuan_chat', [], true)
 5 APPPATH\Controllers\Bantuan.php(69): view('pages/bantuan_chat', [...])
 6 SYSTEMPATH\CodeIgniter.php(933): App\Controllers\Bantuan->chat('18', 'default')
 7 SYSTEMPATH\CodeIgniter.php(507): CodeIgniter\CodeIgniter->runController(Object(App\Controllers\Bantuan))
 8 SYSTEMPATH\CodeIgniter.php(354): CodeIgniter\CodeIgniter->handleRequest(null, Object(Config\Cache), false)
 9 SYSTEMPATH\Boot.php(363): CodeIgniter\CodeIgniter->run()
10 SYSTEMPATH\Boot.php(68): CodeIgniter\Boot::runCodeIgniter(Object(CodeIgniter\CodeIgniter))
11 FCPATH\index.php(59): CodeIgniter\Boot::bootWeb(Object(Config\Paths))
DEBUG - 2025-11-08 02:11:49 --> Session: Class initialized using 'CodeIgniter\Session\Handlers\FileHandler' driver.
CRITICAL - 2025-11-08 02:11:49 --> ErrorException: Undefined variable $messages
[Method: GET, Route: bantuan/chat/18/default]
in APPPATH\Views\pages\bantuan_chat.php on line 51.
 1 APPPATH\Views\pages\bantuan_chat.php(51): CodeIgniter\Debug\Exceptions->errorHandler(2, 'Undefined variable $messages', 'C:\\xampp\\htdocs\\e-arsip_ci4\\app\\Views\\pages\\bantuan_chat.php', 51)
 2 SYSTEMPATH\View\View.php(226): include('C:\\xampp\\htdocs\\e-arsip_ci4\\app\\Views\\pages\\bantuan_chat.php')
 3 SYSTEMPATH\View\View.php(229): CodeIgniter\View\View->CodeIgniter\View\{closure}()
 4 SYSTEMPATH\Common.php(1167): CodeIgniter\View\View->render('pages/bantuan_chat', [], true)
 5 APPPATH\Controllers\Bantuan.php(69): view('pages/bantuan_chat', [...])
 6 SYSTEMPATH\CodeIgniter.php(933): App\Controllers\Bantuan->chat('18', 'default')
 7 SYSTEMPATH\CodeIgniter.php(507): CodeIgniter\CodeIgniter->runController(Object(App\Controllers\Bantuan))
 8 SYSTEMPATH\CodeIgniter.php(354): CodeIgniter\CodeIgniter->handleRequest(null, Object(Config\Cache), false)
 9 SYSTEMPATH\Boot.php(363): CodeIgniter\CodeIgniter->run()
10 SYSTEMPATH\Boot.php(68): CodeIgniter\Boot::runCodeIgniter(Object(CodeIgniter\CodeIgniter))
11 FCPATH\index.php(59): CodeIgniter\Boot::bootWeb(Object(Config\Paths))
DEBUG - 2025-11-08 02:11:50 --> Session: Class initialized using 'CodeIgniter\Session\Handlers\FileHandler' driver.
CRITICAL - 2025-11-08 02:11:51 --> ErrorException: Undefined variable $messages
[Method: GET, Route: bantuan/chat/18/default]
in APPPATH\Views\pages\bantuan_chat.php on line 51.
 1 APPPATH\Views\pages\bantuan_chat.php(51): CodeIgniter\Debug\Exceptions->errorHandler(2, 'Undefined variable $messages', 'C:\\xampp\\htdocs\\e-arsip_ci4\\app\\Views\\pages\\bantuan_chat.php', 51)
 2 SYSTEMPATH\View\View.php(226): include('C:\\xampp\\htdocs\\e-arsip_ci4\\app\\Views\\pages\\bantuan_chat.php')
 3 SYSTEMPATH\View\View.php(229): CodeIgniter\View\View->CodeIgniter\View\{closure}()
 4 SYSTEMPATH\Common.php(1167): CodeIgniter\View\View->render('pages/bantuan_chat', [], true)
 5 APPPATH\Controllers\Bantuan.php(69): view('pages/bantuan_chat', [...])
 6 SYSTEMPATH\CodeIgniter.php(933): App\Controllers\Bantuan->chat('18', 'default')
 7 SYSTEMPATH\CodeIgniter.php(507): CodeIgniter\CodeIgniter->runController(Object(App\Controllers\Bantuan))
 8 SYSTEMPATH\CodeIgniter.php(354): CodeIgniter\CodeIgniter->handleRequest(null, Object(Config\Cache), false)
 9 SYSTEMPATH\Boot.php(363): CodeIgniter\CodeIgniter->run()
10 SYSTEMPATH\Boot.php(68): CodeIgniter\Boot::runCodeIgniter(Object(CodeIgniter\CodeIgniter))
11 FCPATH\index.php(59): CodeIgniter\Boot::bootWeb(Object(Config\Paths))
DEBUG - 2025-11-08 02:11:52 --> Session: Class initialized using 'CodeIgniter\Session\Handlers\FileHandler' driver.
CRITICAL - 2025-11-08 02:11:52 --> ErrorException: Undefined variable $messages
[Method: GET, Route: bantuan/chat/18/default]
in APPPATH\Views\pages\bantuan_chat.php on line 51.
 1 APPPATH\Views\pages\bantuan_chat.php(51): CodeIgniter\Debug\Exceptions->errorHandler(2, 'Undefined variable $messages', 'C:\\xampp\\htdocs\\e-arsip_ci4\\app\\Views\\pages\\bantuan_chat.php', 51)
 2 SYSTEMPATH\View\View.php(226): include('C:\\xampp\\htdocs\\e-arsip_ci4\\app\\Views\\pages\\bantuan_chat.php')
 3 SYSTEMPATH\View\View.php(229): CodeIgniter\View\View->CodeIgniter\View\{closure}()
 4 SYSTEMPATH\Common.php(1167): CodeIgniter\View\View->render('pages/bantuan_chat', [], true)
 5 APPPATH\Controllers\Bantuan.php(69): view('pages/bantuan_chat', [...])
 6 SYSTEMPATH\CodeIgniter.php(933): App\Controllers\Bantuan->chat('18', 'default')
 7 SYSTEMPATH\CodeIgniter.php(507): CodeIgniter\CodeIgniter->runController(Object(App\Controllers\Bantuan))
 8 SYSTEMPATH\CodeIgniter.php(354): CodeIgniter\CodeIgniter->handleRequest(null, Object(Config\Cache), false)
 9 SYSTEMPATH\Boot.php(363): CodeIgniter\CodeIgniter->run()
10 SYSTEMPATH\Boot.php(68): CodeIgniter\Boot::runCodeIgniter(Object(CodeIgniter\CodeIgniter))
11 FCPATH\index.php(59): CodeIgniter\Boot::bootWeb(Object(Config\Paths))
DEBUG - 2025-11-08 02:11:53 --> Session: Class initialized using 'CodeIgniter\Session\Handlers\FileHandler' driver.
CRITICAL - 2025-11-08 02:11:53 --> ErrorException: Undefined variable $messages
[Method: GET, Route: bantuan/chat/18/default]
in APPPATH\Views\pages\bantuan_chat.php on line 51.
 1 APPPATH\Views\pages\bantuan_chat.php(51): CodeIgniter\Debug\Exceptions->errorHandler(2, 'Undefined variable $messages', 'C:\\xampp\\htdocs\\e-arsip_ci4\\app\\Views\\pages\\bantuan_chat.php', 51)
 2 SYSTEMPATH\View\View.php(226): include('C:\\xampp\\htdocs\\e-arsip_ci4\\app\\Views\\pages\\bantuan_chat.php')
 3 SYSTEMPATH\View\View.php(229): CodeIgniter\View\View->CodeIgniter\View\{closure}()
 4 SYSTEMPATH\Common.php(1167): CodeIgniter\View\View->render('pages/bantuan_chat', [], true)
 5 APPPATH\Controllers\Bantuan.php(69): view('pages/bantuan_chat', [...])
 6 SYSTEMPATH\CodeIgniter.php(933): App\Controllers\Bantuan->chat('18', 'default')
 7 SYSTEMPATH\CodeIgniter.php(507): CodeIgniter\CodeIgniter->runController(Object(App\Controllers\Bantuan))
 8 SYSTEMPATH\CodeIgniter.php(354): CodeIgniter\CodeIgniter->handleRequest(null, Object(Config\Cache), false)
 9 SYSTEMPATH\Boot.php(363): CodeIgniter\CodeIgniter->run()
10 SYSTEMPATH\Boot.php(68): CodeIgniter\Boot::runCodeIgniter(Object(CodeIgniter\CodeIgniter))
11 FCPATH\index.php(59): CodeIgniter\Boot::bootWeb(Object(Config\Paths))
DEBUG - 2025-11-08 02:11:54 --> Session: Class initialized using 'CodeIgniter\Session\Handlers\FileHandler' driver.
CRITICAL - 2025-11-08 02:11:54 --> ErrorException: Undefined variable $messages
[Method: GET, Route: bantuan/chat/18/default]
in APPPATH\Views\pages\bantuan_chat.php on line 51.
 1 APPPATH\Views\pages\bantuan_chat.php(51): CodeIgniter\Debug\Exceptions->errorHandler(2, 'Undefined variable $messages', 'C:\\xampp\\htdocs\\e-arsip_ci4\\app\\Views\\pages\\bantuan_chat.php', 51)
 2 SYSTEMPATH\View\View.php(226): include('C:\\xampp\\htdocs\\e-arsip_ci4\\app\\Views\\pages\\bantuan_chat.php')
 3 SYSTEMPATH\View\View.php(229): CodeIgniter\View\View->CodeIgniter\View\{closure}()
 4 SYSTEMPATH\Common.php(1167): CodeIgniter\View\View->render('pages/bantuan_chat', [], true)
 5 APPPATH\Controllers\Bantuan.php(69): view('pages/bantuan_chat', [...])
 6 SYSTEMPATH\CodeIgniter.php(933): App\Controllers\Bantuan->chat('18', 'default')
 7 SYSTEMPATH\CodeIgniter.php(507): CodeIgniter\CodeIgniter->runController(Object(App\Controllers\Bantuan))
 8 SYSTEMPATH\CodeIgniter.php(354): CodeIgniter\CodeIgniter->handleRequest(null, Object(Config\Cache), false)
 9 SYSTEMPATH\Boot.php(363): CodeIgniter\CodeIgniter->run()
10 SYSTEMPATH\Boot.php(68): CodeIgniter\Boot::runCodeIgniter(Object(CodeIgniter\CodeIgniter))
11 FCPATH\index.php(59): CodeIgniter\Boot::bootWeb(Object(Config\Paths))
DEBUG - 2025-11-08 02:11:55 --> Session: Class initialized using 'CodeIgniter\Session\Handlers\FileHandler' driver.
CRITICAL - 2025-11-08 02:11:55 --> ErrorException: Undefined variable $messages
[Method: GET, Route: bantuan/chat/18/default]
in APPPATH\Views\pages\bantuan_chat.php on line 51.
 1 APPPATH\Views\pages\bantuan_chat.php(51): CodeIgniter\Debug\Exceptions->errorHandler(2, 'Undefined variable $messages', 'C:\\xampp\\htdocs\\e-arsip_ci4\\app\\Views\\pages\\bantuan_chat.php', 51)
 2 SYSTEMPATH\View\View.php(226): include('C:\\xampp\\htdocs\\e-arsip_ci4\\app\\Views\\pages\\bantuan_chat.php')
 3 SYSTEMPATH\View\View.php(229): CodeIgniter\View\View->CodeIgniter\View\{closure}()
 4 SYSTEMPATH\Common.php(1167): CodeIgniter\View\View->render('pages/bantuan_chat', [], true)
 5 APPPATH\Controllers\Bantuan.php(69): view('pages/bantuan_chat', [...])
 6 SYSTEMPATH\CodeIgniter.php(933): App\Controllers\Bantuan->chat('18', 'default')
 7 SYSTEMPATH\CodeIgniter.php(507): CodeIgniter\CodeIgniter->runController(Object(App\Controllers\Bantuan))
 8 SYSTEMPATH\CodeIgniter.php(354): CodeIgniter\CodeIgniter->handleRequest(null, Object(Config\Cache), false)
 9 SYSTEMPATH\Boot.php(363): CodeIgniter\CodeIgniter->run()
10 SYSTEMPATH\Boot.php(68): CodeIgniter\Boot::runCodeIgniter(Object(CodeIgniter\CodeIgniter))
11 FCPATH\index.php(59): CodeIgniter\Boot::bootWeb(Object(Config\Paths))
DEBUG - 2025-11-08 02:11:56 --> Session: Class initialized using 'CodeIgniter\Session\Handlers\FileHandler' driver.
CRITICAL - 2025-11-08 02:11:56 --> ErrorException: Undefined variable $messages
[Method: GET, Route: bantuan/chat/18/default]
in APPPATH\Views\pages\bantuan_chat.php on line 51.
 1 APPPATH\Views\pages\bantuan_chat.php(51): CodeIgniter\Debug\Exceptions->errorHandler(2, 'Undefined variable $messages', 'C:\\xampp\\htdocs\\e-arsip_ci4\\app\\Views\\pages\\bantuan_chat.php', 51)
 2 SYSTEMPATH\View\View.php(226): include('C:\\xampp\\htdocs\\e-arsip_ci4\\app\\Views\\pages\\bantuan_chat.php')
 3 SYSTEMPATH\View\View.php(229): CodeIgniter\View\View->CodeIgniter\View\{closure}()
 4 SYSTEMPATH\Common.php(1167): CodeIgniter\View\View->render('pages/bantuan_chat', [], true)
 5 APPPATH\Controllers\Bantuan.php(69): view('pages/bantuan_chat', [...])
 6 SYSTEMPATH\CodeIgniter.php(933): App\Controllers\Bantuan->chat('18', 'default')
 7 SYSTEMPATH\CodeIgniter.php(507): CodeIgniter\CodeIgniter->runController(Object(App\Controllers\Bantuan))
 8 SYSTEMPATH\CodeIgniter.php(354): CodeIgniter\CodeIgniter->handleRequest(null, Object(Config\Cache), false)
 9 SYSTEMPATH\Boot.php(363): CodeIgniter\CodeIgniter->run()
10 SYSTEMPATH\Boot.php(68): CodeIgniter\Boot::runCodeIgniter(Object(CodeIgniter\CodeIgniter))
11 FCPATH\index.php(59): CodeIgniter\Boot::bootWeb(Object(Config\Paths))
DEBUG - 2025-11-08 02:11:58 --> Session: Class initialized using 'CodeIgniter\Session\Handlers\FileHandler' driver.
CRITICAL - 2025-11-08 02:11:58 --> ErrorException: Undefined variable $messages
[Method: GET, Route: bantuan/chat/18/default]
in APPPATH\Views\pages\bantuan_chat.php on line 51.
 1 APPPATH\Views\pages\bantuan_chat.php(51): CodeIgniter\Debug\Exceptions->errorHandler(2, 'Undefined variable $messages', 'C:\\xampp\\htdocs\\e-arsip_ci4\\app\\Views\\pages\\bantuan_chat.php', 51)
 2 SYSTEMPATH\View\View.php(226): include('C:\\xampp\\htdocs\\e-arsip_ci4\\app\\Views\\pages\\bantuan_chat.php')
 3 SYSTEMPATH\View\View.php(229): CodeIgniter\View\View->CodeIgniter\View\{closure}()
 4 SYSTEMPATH\Common.php(1167): CodeIgniter\View\View->render('pages/bantuan_chat', [], true)
 5 APPPATH\Controllers\Bantuan.php(69): view('pages/bantuan_chat', [...])
 6 SYSTEMPATH\CodeIgniter.php(933): App\Controllers\Bantuan->chat('18', 'default')
 7 SYSTEMPATH\CodeIgniter.php(507): CodeIgniter\CodeIgniter->runController(Object(App\Controllers\Bantuan))
 8 SYSTEMPATH\CodeIgniter.php(354): CodeIgniter\CodeIgniter->handleRequest(null, Object(Config\Cache), false)
 9 SYSTEMPATH\Boot.php(363): CodeIgniter\CodeIgniter->run()
10 SYSTEMPATH\Boot.php(68): CodeIgniter\Boot::runCodeIgniter(Object(CodeIgniter\CodeIgniter))
11 FCPATH\index.php(59): CodeIgniter\Boot::bootWeb(Object(Config\Paths))
DEBUG - 2025-11-08 02:11:59 --> Session: Class initialized using 'CodeIgniter\Session\Handlers\FileHandler' driver.
CRITICAL - 2025-11-08 02:11:59 --> ErrorException: Undefined variable $messages
[Method: GET, Route: bantuan/chat/18/default]
in APPPATH\Views\pages\bantuan_chat.php on line 51.
 1 APPPATH\Views\pages\bantuan_chat.php(51): CodeIgniter\Debug\Exceptions->errorHandler(2, 'Undefined variable $messages', 'C:\\xampp\\htdocs\\e-arsip_ci4\\app\\Views\\pages\\bantuan_chat.php', 51)
 2 SYSTEMPATH\View\View.php(226): include('C:\\xampp\\htdocs\\e-arsip_ci4\\app\\Views\\pages\\bantuan_chat.php')
 3 SYSTEMPATH\View\View.php(229): CodeIgniter\View\View->CodeIgniter\View\{closure}()
 4 SYSTEMPATH\Common.php(1167): CodeIgniter\View\View->render('pages/bantuan_chat', [], true)
 5 APPPATH\Controllers\Bantuan.php(69): view('pages/bantuan_chat', [...])
 6 SYSTEMPATH\CodeIgniter.php(933): App\Controllers\Bantuan->chat('18', 'default')
 7 SYSTEMPATH\CodeIgniter.php(507): CodeIgniter\CodeIgniter->runController(Object(App\Controllers\Bantuan))
 8 SYSTEMPATH\CodeIgniter.php(354): CodeIgniter\CodeIgniter->handleRequest(null, Object(Config\Cache), false)
 9 SYSTEMPATH\Boot.php(363): CodeIgniter\CodeIgniter->run()
10 SYSTEMPATH\Boot.php(68): CodeIgniter\Boot::runCodeIgniter(Object(CodeIgniter\CodeIgniter))
11 FCPATH\index.php(59): CodeIgniter\Boot::bootWeb(Object(Config\Paths))
DEBUG - 2025-11-08 02:12:00 --> Session: Class initialized using 'CodeIgniter\Session\Handlers\FileHandler' driver.
CRITICAL - 2025-11-08 02:12:00 --> ErrorException: Undefined variable $messages
[Method: GET, Route: bantuan/chat/18/default]
in APPPATH\Views\pages\bantuan_chat.php on line 51.
 1 APPPATH\Views\pages\bantuan_chat.php(51): CodeIgniter\Debug\Exceptions->errorHandler(2, 'Undefined variable $messages', 'C:\\xampp\\htdocs\\e-arsip_ci4\\app\\Views\\pages\\bantuan_chat.php', 51)
 2 SYSTEMPATH\View\View.php(226): include('C:\\xampp\\htdocs\\e-arsip_ci4\\app\\Views\\pages\\bantuan_chat.php')
 3 SYSTEMPATH\View\View.php(229): CodeIgniter\View\View->CodeIgniter\View\{closure}()
 4 SYSTEMPATH\Common.php(1167): CodeIgniter\View\View->render('pages/bantuan_chat', [], true)
 5 APPPATH\Controllers\Bantuan.php(69): view('pages/bantuan_chat', [...])
 6 SYSTEMPATH\CodeIgniter.php(933): App\Controllers\Bantuan->chat('18', 'default')
 7 SYSTEMPATH\CodeIgniter.php(507): CodeIgniter\CodeIgniter->runController(Object(App\Controllers\Bantuan))
 8 SYSTEMPATH\CodeIgniter.php(354): CodeIgniter\CodeIgniter->handleRequest(null, Object(Config\Cache), false)
 9 SYSTEMPATH\Boot.php(363): CodeIgniter\CodeIgniter->run()
10 SYSTEMPATH\Boot.php(68): CodeIgniter\Boot::runCodeIgniter(Object(CodeIgniter\CodeIgniter))
11 FCPATH\index.php(59): CodeIgniter\Boot::bootWeb(Object(Config\Paths))
DEBUG - 2025-11-08 02:12:01 --> Session: Class initialized using 'CodeIgniter\Session\Handlers\FileHandler' driver.
CRITICAL - 2025-11-08 02:12:01 --> ErrorException: Undefined variable $messages
[Method: GET, Route: bantuan/chat/18/default]
in APPPATH\Views\pages\bantuan_chat.php on line 51.
 1 APPPATH\Views\pages\bantuan_chat.php(51): CodeIgniter\Debug\Exceptions->errorHandler(2, 'Undefined variable $messages', 'C:\\xampp\\htdocs\\e-arsip_ci4\\app\\Views\\pages\\bantuan_chat.php', 51)
 2 SYSTEMPATH\View\View.php(226): include('C:\\xampp\\htdocs\\e-arsip_ci4\\app\\Views\\pages\\bantuan_chat.php')
 3 SYSTEMPATH\View\View.php(229): CodeIgniter\View\View->CodeIgniter\View\{closure}()
 4 SYSTEMPATH\Common.php(1167): CodeIgniter\View\View->render('pages/bantuan_chat', [], true)
 5 APPPATH\Controllers\Bantuan.php(69): view('pages/bantuan_chat', [...])
 6 SYSTEMPATH\CodeIgniter.php(933): App\Controllers\Bantuan->chat('18', 'default')
 7 SYSTEMPATH\CodeIgniter.php(507): CodeIgniter\CodeIgniter->runController(Object(App\Controllers\Bantuan))
 8 SYSTEMPATH\CodeIgniter.php(354): CodeIgniter\CodeIgniter->handleRequest(null, Object(Config\Cache), false)
 9 SYSTEMPATH\Boot.php(363): CodeIgniter\CodeIgniter->run()
10 SYSTEMPATH\Boot.php(68): CodeIgniter\Boot::runCodeIgniter(Object(CodeIgniter\CodeIgniter))
11 FCPATH\index.php(59): CodeIgniter\Boot::bootWeb(Object(Config\Paths))
DEBUG - 2025-11-08 02:12:02 --> Session: Class initialized using 'CodeIgniter\Session\Handlers\FileHandler' driver.
CRITICAL - 2025-11-08 02:12:02 --> ErrorException: Undefined variable $messages
[Method: GET, Route: bantuan/chat/18/default]
in APPPATH\Views\pages\bantuan_chat.php on line 51.
 1 APPPATH\Views\pages\bantuan_chat.php(51): CodeIgniter\Debug\Exceptions->errorHandler(2, 'Undefined variable $messages', 'C:\\xampp\\htdocs\\e-arsip_ci4\\app\\Views\\pages\\bantuan_chat.php', 51)
 2 SYSTEMPATH\View\View.php(226): include('C:\\xampp\\htdocs\\e-arsip_ci4\\app\\Views\\pages\\bantuan_chat.php')
 3 SYSTEMPATH\View\View.php(229): CodeIgniter\View\View->CodeIgniter\View\{closure}()
 4 SYSTEMPATH\Common.php(1167): CodeIgniter\View\View->render('pages/bantuan_chat', [], true)
 5 APPPATH\Controllers\Bantuan.php(69): view('pages/bantuan_chat', [...])
 6 SYSTEMPATH\CodeIgniter.php(933): App\Controllers\Bantuan->chat('18', 'default')
 7 SYSTEMPATH\CodeIgniter.php(507): CodeIgniter\CodeIgniter->runController(Object(App\Controllers\Bantuan))
 8 SYSTEMPATH\CodeIgniter.php(354): CodeIgniter\CodeIgniter->handleRequest(null, Object(Config\Cache), false)
 9 SYSTEMPATH\Boot.php(363): CodeIgniter\CodeIgniter->run()
10 SYSTEMPATH\Boot.php(68): CodeIgniter\Boot::runCodeIgniter(Object(CodeIgniter\CodeIgniter))
11 FCPATH\index.php(59): CodeIgniter\Boot::bootWeb(Object(Config\Paths))
DEBUG - 2025-11-08 02:12:04 --> Session: Class initialized using 'CodeIgniter\Session\Handlers\FileHandler' driver.
CRITICAL - 2025-11-08 02:12:04 --> ErrorException: Undefined variable $messages
[Method: GET, Route: bantuan/chat/18/default]
in APPPATH\Views\pages\bantuan_chat.php on line 51.
 1 APPPATH\Views\pages\bantuan_chat.php(51): CodeIgniter\Debug\Exceptions->errorHandler(2, 'Undefined variable $messages', 'C:\\xampp\\htdocs\\e-arsip_ci4\\app\\Views\\pages\\bantuan_chat.php', 51)
 2 SYSTEMPATH\View\View.php(226): include('C:\\xampp\\htdocs\\e-arsip_ci4\\app\\Views\\pages\\bantuan_chat.php')
 3 SYSTEMPATH\View\View.php(229): CodeIgniter\View\View->CodeIgniter\View\{closure}()
 4 SYSTEMPATH\Common.php(1167): CodeIgniter\View\View->render('pages/bantuan_chat', [], true)
 5 APPPATH\Controllers\Bantuan.php(69): view('pages/bantuan_chat', [...])
 6 SYSTEMPATH\CodeIgniter.php(933): App\Controllers\Bantuan->chat('18', 'default')
 7 SYSTEMPATH\CodeIgniter.php(507): CodeIgniter\CodeIgniter->runController(Object(App\Controllers\Bantuan))
 8 SYSTEMPATH\CodeIgniter.php(354): CodeIgniter\CodeIgniter->handleRequest(null, Object(Config\Cache), false)
 9 SYSTEMPATH\Boot.php(363): CodeIgniter\CodeIgniter->run()
10 SYSTEMPATH\Boot.php(68): CodeIgniter\Boot::runCodeIgniter(Object(CodeIgniter\CodeIgniter))
11 FCPATH\index.php(59): CodeIgniter\Boot::bootWeb(Object(Config\Paths))
DEBUG - 2025-11-08 02:12:05 --> Session: Class initialized using 'CodeIgniter\Session\Handlers\FileHandler' driver.
CRITICAL - 2025-11-08 02:12:05 --> ErrorException: Undefined variable $messages
[Method: GET, Route: bantuan/chat/18/default]
in APPPATH\Views\pages\bantuan_chat.php on line 51.
 1 APPPATH\Views\pages\bantuan_chat.php(51): CodeIgniter\Debug\Exceptions->errorHandler(2, 'Undefined variable $messages', 'C:\\xampp\\htdocs\\e-arsip_ci4\\app\\Views\\pages\\bantuan_chat.php', 51)
 2 SYSTEMPATH\View\View.php(226): include('C:\\xampp\\htdocs\\e-arsip_ci4\\app\\Views\\pages\\bantuan_chat.php')
 3 SYSTEMPATH\View\View.php(229): CodeIgniter\View\View->CodeIgniter\View\{closure}()
 4 SYSTEMPATH\Common.php(1167): CodeIgniter\View\View->render('pages/bantuan_chat', [], true)
 5 APPPATH\Controllers\Bantuan.php(69): view('pages/bantuan_chat', [...])
 6 SYSTEMPATH\CodeIgniter.php(933): App\Controllers\Bantuan->chat('18', 'default')
 7 SYSTEMPATH\CodeIgniter.php(507): CodeIgniter\CodeIgniter->runController(Object(App\Controllers\Bantuan))
 8 SYSTEMPATH\CodeIgniter.php(354): CodeIgniter\CodeIgniter->handleRequest(null, Object(Config\Cache), false)
 9 SYSTEMPATH\Boot.php(363): CodeIgniter\CodeIgniter->run()
10 SYSTEMPATH\Boot.php(68): CodeIgniter\Boot::runCodeIgniter(Object(CodeIgniter\CodeIgniter))
11 FCPATH\index.php(59): CodeIgniter\Boot::bootWeb(Object(Config\Paths))
DEBUG - 2025-11-08 02:12:06 --> Session: Class initialized using 'CodeIgniter\Session\Handlers\FileHandler' driver.
CRITICAL - 2025-11-08 02:12:06 --> ErrorException: Undefined variable $messages
[Method: GET, Route: bantuan/chat/18/default]
in APPPATH\Views\pages\bantuan_chat.php on line 51.
 1 APPPATH\Views\pages\bantuan_chat.php(51): CodeIgniter\Debug\Exceptions->errorHandler(2, 'Undefined variable $messages', 'C:\\xampp\\htdocs\\e-arsip_ci4\\app\\Views\\pages\\bantuan_chat.php', 51)
 2 SYSTEMPATH\View\View.php(226): include('C:\\xampp\\htdocs\\e-arsip_ci4\\app\\Views\\pages\\bantuan_chat.php')
 3 SYSTEMPATH\View\View.php(229): CodeIgniter\View\View->CodeIgniter\View\{closure}()
 4 SYSTEMPATH\Common.php(1167): CodeIgniter\View\View->render('pages/bantuan_chat', [], true)
 5 APPPATH\Controllers\Bantuan.php(69): view('pages/bantuan_chat', [...])
 6 SYSTEMPATH\CodeIgniter.php(933): App\Controllers\Bantuan->chat('18', 'default')
 7 SYSTEMPATH\CodeIgniter.php(507): CodeIgniter\CodeIgniter->runController(Object(App\Controllers\Bantuan))
 8 SYSTEMPATH\CodeIgniter.php(354): CodeIgniter\CodeIgniter->handleRequest(null, Object(Config\Cache), false)
 9 SYSTEMPATH\Boot.php(363): CodeIgniter\CodeIgniter->run()
10 SYSTEMPATH\Boot.php(68): CodeIgniter\Boot::runCodeIgniter(Object(CodeIgniter\CodeIgniter))
11 FCPATH\index.php(59): CodeIgniter\Boot::bootWeb(Object(Config\Paths))
DEBUG - 2025-11-08 02:12:07 --> Session: Class initialized using 'CodeIgniter\Session\Handlers\FileHandler' driver.
CRITICAL - 2025-11-08 02:12:07 --> ErrorException: Undefined variable $messages
[Method: GET, Route: bantuan/chat/18/default]
in APPPATH\Views\pages\bantuan_chat.php on line 51.
 1 APPPATH\Views\pages\bantuan_chat.php(51): CodeIgniter\Debug\Exceptions->errorHandler(2, 'Undefined variable $messages', 'C:\\xampp\\htdocs\\e-arsip_ci4\\app\\Views\\pages\\bantuan_chat.php', 51)
 2 SYSTEMPATH\View\View.php(226): include('C:\\xampp\\htdocs\\e-arsip_ci4\\app\\Views\\pages\\bantuan_chat.php')
 3 SYSTEMPATH\View\View.php(229): CodeIgniter\View\View->CodeIgniter\View\{closure}()
 4 SYSTEMPATH\Common.php(1167): CodeIgniter\View\View->render('pages/bantuan_chat', [], true)
 5 APPPATH\Controllers\Bantuan.php(69): view('pages/bantuan_chat', [...])
 6 SYSTEMPATH\CodeIgniter.php(933): App\Controllers\Bantuan->chat('18', 'default')
 7 SYSTEMPATH\CodeIgniter.php(507): CodeIgniter\CodeIgniter->runController(Object(App\Controllers\Bantuan))
 8 SYSTEMPATH\CodeIgniter.php(354): CodeIgniter\CodeIgniter->handleRequest(null, Object(Config\Cache), false)
 9 SYSTEMPATH\Boot.php(363): CodeIgniter\CodeIgniter->run()
10 SYSTEMPATH\Boot.php(68): CodeIgniter\Boot::runCodeIgniter(Object(CodeIgniter\CodeIgniter))
11 FCPATH\index.php(59): CodeIgniter\Boot::bootWeb(Object(Config\Paths))
DEBUG - 2025-11-08 02:12:08 --> Session: Class initialized using 'CodeIgniter\Session\Handlers\FileHandler' driver.
CRITICAL - 2025-11-08 02:12:08 --> ErrorException: Undefined variable $messages
[Method: GET, Route: bantuan/chat/18/default]
in APPPATH\Views\pages\bantuan_chat.php on line 51.
 1 APPPATH\Views\pages\bantuan_chat.php(51): CodeIgniter\Debug\Exceptions->errorHandler(2, 'Undefined variable $messages', 'C:\\xampp\\htdocs\\e-arsip_ci4\\app\\Views\\pages\\bantuan_chat.php', 51)
 2 SYSTEMPATH\View\View.php(226): include('C:\\xampp\\htdocs\\e-arsip_ci4\\app\\Views\\pages\\bantuan_chat.php')
 3 SYSTEMPATH\View\View.php(229): CodeIgniter\View\View->CodeIgniter\View\{closure}()
 4 SYSTEMPATH\Common.php(1167): CodeIgniter\View\View->render('pages/bantuan_chat', [], true)
 5 APPPATH\Controllers\Bantuan.php(69): view('pages/bantuan_chat', [...])
 6 SYSTEMPATH\CodeIgniter.php(933): App\Controllers\Bantuan->chat('18', 'default')
 7 SYSTEMPATH\CodeIgniter.php(507): CodeIgniter\CodeIgniter->runController(Object(App\Controllers\Bantuan))
 8 SYSTEMPATH\CodeIgniter.php(354): CodeIgniter\CodeIgniter->handleRequest(null, Object(Config\Cache), false)
 9 SYSTEMPATH\Boot.php(363): CodeIgniter\CodeIgniter->run()
10 SYSTEMPATH\Boot.php(68): CodeIgniter\Boot::runCodeIgniter(Object(CodeIgniter\CodeIgniter))
11 FCPATH\index.php(59): CodeIgniter\Boot::bootWeb(Object(Config\Paths))
DEBUG - 2025-11-08 02:12:10 --> Session: Class initialized using 'CodeIgniter\Session\Handlers\FileHandler' driver.
CRITICAL - 2025-11-08 02:12:10 --> ErrorException: Undefined variable $messages
[Method: GET, Route: bantuan/chat/18/default]
in APPPATH\Views\pages\bantuan_chat.php on line 51.
 1 APPPATH\Views\pages\bantuan_chat.php(51): CodeIgniter\Debug\Exceptions->errorHandler(2, 'Undefined variable $messages', 'C:\\xampp\\htdocs\\e-arsip_ci4\\app\\Views\\pages\\bantuan_chat.php', 51)
 2 SYSTEMPATH\View\View.php(226): include('C:\\xampp\\htdocs\\e-arsip_ci4\\app\\Views\\pages\\bantuan_chat.php')
 3 SYSTEMPATH\View\View.php(229): CodeIgniter\View\View->CodeIgniter\View\{closure}()
 4 SYSTEMPATH\Common.php(1167): CodeIgniter\View\View->render('pages/bantuan_chat', [], true)
 5 APPPATH\Controllers\Bantuan.php(69): view('pages/bantuan_chat', [...])
 6 SYSTEMPATH\CodeIgniter.php(933): App\Controllers\Bantuan->chat('18', 'default')
 7 SYSTEMPATH\CodeIgniter.php(507): CodeIgniter\CodeIgniter->runController(Object(App\Controllers\Bantuan))
 8 SYSTEMPATH\CodeIgniter.php(354): CodeIgniter\CodeIgniter->handleRequest(null, Object(Config\Cache), false)
 9 SYSTEMPATH\Boot.php(363): CodeIgniter\CodeIgniter->run()
10 SYSTEMPATH\Boot.php(68): CodeIgniter\Boot::runCodeIgniter(Object(CodeIgniter\CodeIgniter))
11 FCPATH\index.php(59): CodeIgniter\Boot::bootWeb(Object(Config\Paths))
DEBUG - 2025-11-08 02:12:11 --> Session: Class initialized using 'CodeIgniter\Session\Handlers\FileHandler' driver.
CRITICAL - 2025-11-08 02:12:11 --> ErrorException: Undefined variable $messages
[Method: GET, Route: bantuan/chat/18/default]
in APPPATH\Views\pages\bantuan_chat.php on line 51.
 1 APPPATH\Views\pages\bantuan_chat.php(51): CodeIgniter\Debug\Exceptions->errorHandler(2, 'Undefined variable $messages', 'C:\\xampp\\htdocs\\e-arsip_ci4\\app\\Views\\pages\\bantuan_chat.php', 51)
 2 SYSTEMPATH\View\View.php(226): include('C:\\xampp\\htdocs\\e-arsip_ci4\\app\\Views\\pages\\bantuan_chat.php')
 3 SYSTEMPATH\View\View.php(229): CodeIgniter\View\View->CodeIgniter\View\{closure}()
 4 SYSTEMPATH\Common.php(1167): CodeIgniter\View\View->render('pages/bantuan_chat', [], true)
 5 APPPATH\Controllers\Bantuan.php(69): view('pages/bantuan_chat', [...])
 6 SYSTEMPATH\CodeIgniter.php(933): App\Controllers\Bantuan->chat('18', 'default')
 7 SYSTEMPATH\CodeIgniter.php(507): CodeIgniter\CodeIgniter->runController(Object(App\Controllers\Bantuan))
 8 SYSTEMPATH\CodeIgniter.php(354): CodeIgniter\CodeIgniter->handleRequest(null, Object(Config\Cache), false)
 9 SYSTEMPATH\Boot.php(363): CodeIgniter\CodeIgniter->run()
10 SYSTEMPATH\Boot.php(68): CodeIgniter\Boot::runCodeIgniter(Object(CodeIgniter\CodeIgniter))
11 FCPATH\index.php(59): CodeIgniter\Boot::bootWeb(Object(Config\Paths))
DEBUG - 2025-11-08 02:12:12 --> Session: Class initialized using 'CodeIgniter\Session\Handlers\FileHandler' driver.
CRITICAL - 2025-11-08 02:12:12 --> ErrorException: Undefined variable $messages
[Method: GET, Route: bantuan/chat/18/default]
in APPPATH\Views\pages\bantuan_chat.php on line 51.
 1 APPPATH\Views\pages\bantuan_chat.php(51): CodeIgniter\Debug\Exceptions->errorHandler(2, 'Undefined variable $messages', 'C:\\xampp\\htdocs\\e-arsip_ci4\\app\\Views\\pages\\bantuan_chat.php', 51)
 2 SYSTEMPATH\View\View.php(226): include('C:\\xampp\\htdocs\\e-arsip_ci4\\app\\Views\\pages\\bantuan_chat.php')
 3 SYSTEMPATH\View\View.php(229): CodeIgniter\View\View->CodeIgniter\View\{closure}()
 4 SYSTEMPATH\Common.php(1167): CodeIgniter\View\View->render('pages/bantuan_chat', [], true)
 5 APPPATH\Controllers\Bantuan.php(69): view('pages/bantuan_chat', [...])
 6 SYSTEMPATH\CodeIgniter.php(933): App\Controllers\Bantuan->chat('18', 'default')
 7 SYSTEMPATH\CodeIgniter.php(507): CodeIgniter\CodeIgniter->runController(Object(App\Controllers\Bantuan))
 8 SYSTEMPATH\CodeIgniter.php(354): CodeIgniter\CodeIgniter->handleRequest(null, Object(Config\Cache), false)
 9 SYSTEMPATH\Boot.php(363): CodeIgniter\CodeIgniter->run()
10 SYSTEMPATH\Boot.php(68): CodeIgniter\Boot::runCodeIgniter(Object(CodeIgniter\CodeIgniter))
11 FCPATH\index.php(59): CodeIgniter\Boot::bootWeb(Object(Config\Paths))
DEBUG - 2025-11-08 02:12:13 --> Session: Class initialized using 'CodeIgniter\Session\Handlers\FileHandler' driver.
CRITICAL - 2025-11-08 02:12:13 --> ErrorException: Undefined variable $messages
[Method: GET, Route: bantuan/chat/18/default]
in APPPATH\Views\pages\bantuan_chat.php on line 51.
 1 APPPATH\Views\pages\bantuan_chat.php(51): CodeIgniter\Debug\Exceptions->errorHandler(2, 'Undefined variable $messages', 'C:\\xampp\\htdocs\\e-arsip_ci4\\app\\Views\\pages\\bantuan_chat.php', 51)
 2 SYSTEMPATH\View\View.php(226): include('C:\\xampp\\htdocs\\e-arsip_ci4\\app\\Views\\pages\\bantuan_chat.php')
 3 SYSTEMPATH\View\View.php(229): CodeIgniter\View\View->CodeIgniter\View\{closure}()
 4 SYSTEMPATH\Common.php(1167): CodeIgniter\View\View->render('pages/bantuan_chat', [], true)
 5 APPPATH\Controllers\Bantuan.php(69): view('pages/bantuan_chat', [...])
 6 SYSTEMPATH\CodeIgniter.php(933): App\Controllers\Bantuan->chat('18', 'default')
 7 SYSTEMPATH\CodeIgniter.php(507): CodeIgniter\CodeIgniter->runController(Object(App\Controllers\Bantuan))
 8 SYSTEMPATH\CodeIgniter.php(354): CodeIgniter\CodeIgniter->handleRequest(null, Object(Config\Cache), false)
 9 SYSTEMPATH\Boot.php(363): CodeIgniter\CodeIgniter->run()
10 SYSTEMPATH\Boot.php(68): CodeIgniter\Boot::runCodeIgniter(Object(CodeIgniter\CodeIgniter))
11 FCPATH\index.php(59): CodeIgniter\Boot::bootWeb(Object(Config\Paths))
DEBUG - 2025-11-08 02:12:14 --> Session: Class initialized using 'CodeIgniter\Session\Handlers\FileHandler' driver.
CRITICAL - 2025-11-08 02:12:14 --> ErrorException: Undefined variable $messages
[Method: GET, Route: bantuan/chat/18/default]
in APPPATH\Views\pages\bantuan_chat.php on line 51.
 1 APPPATH\Views\pages\bantuan_chat.php(51): CodeIgniter\Debug\Exceptions->errorHandler(2, 'Undefined variable $messages', 'C:\\xampp\\htdocs\\e-arsip_ci4\\app\\Views\\pages\\bantuan_chat.php', 51)
 2 SYSTEMPATH\View\View.php(226): include('C:\\xampp\\htdocs\\e-arsip_ci4\\app\\Views\\pages\\bantuan_chat.php')
 3 SYSTEMPATH\View\View.php(229): CodeIgniter\View\View->CodeIgniter\View\{closure}()
 4 SYSTEMPATH\Common.php(1167): CodeIgniter\View\View->render('pages/bantuan_chat', [], true)
 5 APPPATH\Controllers\Bantuan.php(69): view('pages/bantuan_chat', [...])
 6 SYSTEMPATH\CodeIgniter.php(933): App\Controllers\Bantuan->chat('18', 'default')
 7 SYSTEMPATH\CodeIgniter.php(507): CodeIgniter\CodeIgniter->runController(Object(App\Controllers\Bantuan))
 8 SYSTEMPATH\CodeIgniter.php(354): CodeIgniter\CodeIgniter->handleRequest(null, Object(Config\Cache), false)
 9 SYSTEMPATH\Boot.php(363): CodeIgniter\CodeIgniter->run()
10 SYSTEMPATH\Boot.php(68): CodeIgniter\Boot::runCodeIgniter(Object(CodeIgniter\CodeIgniter))
11 FCPATH\index.php(59): CodeIgniter\Boot::bootWeb(Object(Config\Paths))
DEBUG - 2025-11-08 02:12:16 --> Session: Class initialized using 'CodeIgniter\Session\Handlers\FileHandler' driver.
CRITICAL - 2025-11-08 02:12:16 --> ErrorException: Undefined variable $messages
[Method: GET, Route: bantuan/chat/18/default]
in APPPATH\Views\pages\bantuan_chat.php on line 51.
 1 APPPATH\Views\pages\bantuan_chat.php(51): CodeIgniter\Debug\Exceptions->errorHandler(2, 'Undefined variable $messages', 'C:\\xampp\\htdocs\\e-arsip_ci4\\app\\Views\\pages\\bantuan_chat.php', 51)
 2 SYSTEMPATH\View\View.php(226): include('C:\\xampp\\htdocs\\e-arsip_ci4\\app\\Views\\pages\\bantuan_chat.php')
 3 SYSTEMPATH\View\View.php(229): CodeIgniter\View\View->CodeIgniter\View\{closure}()
 4 SYSTEMPATH\Common.php(1167): CodeIgniter\View\View->render('pages/bantuan_chat', [], true)
 5 APPPATH\Controllers\Bantuan.php(69): view('pages/bantuan_chat', [...])
 6 SYSTEMPATH\CodeIgniter.php(933): App\Controllers\Bantuan->chat('18', 'default')
 7 SYSTEMPATH\CodeIgniter.php(507): CodeIgniter\CodeIgniter->runController(Object(App\Controllers\Bantuan))
 8 SYSTEMPATH\CodeIgniter.php(354): CodeIgniter\CodeIgniter->handleRequest(null, Object(Config\Cache), false)
 9 SYSTEMPATH\Boot.php(363): CodeIgniter\CodeIgniter->run()
10 SYSTEMPATH\Boot.php(68): CodeIgniter\Boot::runCodeIgniter(Object(CodeIgniter\CodeIgniter))
11 FCPATH\index.php(59): CodeIgniter\Boot::bootWeb(Object(Config\Paths))
DEBUG - 2025-11-08 02:12:17 --> Session: Class initialized using 'CodeIgniter\Session\Handlers\FileHandler' driver.
CRITICAL - 2025-11-08 02:12:17 --> ErrorException: Undefined variable $messages
[Method: GET, Route: bantuan/chat/18/default]
in APPPATH\Views\pages\bantuan_chat.php on line 51.
 1 APPPATH\Views\pages\bantuan_chat.php(51): CodeIgniter\Debug\Exceptions->errorHandler(2, 'Undefined variable $messages', 'C:\\xampp\\htdocs\\e-arsip_ci4\\app\\Views\\pages\\bantuan_chat.php', 51)
 2 SYSTEMPATH\View\View.php(226): include('C:\\xampp\\htdocs\\e-arsip_ci4\\app\\Views\\pages\\bantuan_chat.php')
 3 SYSTEMPATH\View\View.php(229): CodeIgniter\View\View->CodeIgniter\View\{closure}()
 4 SYSTEMPATH\Common.php(1167): CodeIgniter\View\View->render('pages/bantuan_chat', [], true)
 5 APPPATH\Controllers\Bantuan.php(69): view('pages/bantuan_chat', [...])
 6 SYSTEMPATH\CodeIgniter.php(933): App\Controllers\Bantuan->chat('18', 'default')
 7 SYSTEMPATH\CodeIgniter.php(507): CodeIgniter\CodeIgniter->runController(Object(App\Controllers\Bantuan))
 8 SYSTEMPATH\CodeIgniter.php(354): CodeIgniter\CodeIgniter->handleRequest(null, Object(Config\Cache), false)
 9 SYSTEMPATH\Boot.php(363): CodeIgniter\CodeIgniter->run()
10 SYSTEMPATH\Boot.php(68): CodeIgniter\Boot::runCodeIgniter(Object(CodeIgniter\CodeIgniter))
11 FCPATH\index.php(59): CodeIgniter\Boot::bootWeb(Object(Config\Paths))
DEBUG - 2025-11-08 02:12:18 --> Session: Class initialized using 'CodeIgniter\Session\Handlers\FileHandler' driver.
CRITICAL - 2025-11-08 02:12:18 --> ErrorException: Undefined variable $messages
[Method: GET, Route: bantuan/chat/18/default]
in APPPATH\Views\pages\bantuan_chat.php on line 51.
 1 APPPATH\Views\pages\bantuan_chat.php(51): CodeIgniter\Debug\Exceptions->errorHandler(2, 'Undefined variable $messages', 'C:\\xampp\\htdocs\\e-arsip_ci4\\app\\Views\\pages\\bantuan_chat.php', 51)
 2 SYSTEMPATH\View\View.php(226): include('C:\\xampp\\htdocs\\e-arsip_ci4\\app\\Views\\pages\\bantuan_chat.php')
 3 SYSTEMPATH\View\View.php(229): CodeIgniter\View\View->CodeIgniter\View\{closure}()
 4 SYSTEMPATH\Common.php(1167): CodeIgniter\View\View->render('pages/bantuan_chat', [], true)
 5 APPPATH\Controllers\Bantuan.php(69): view('pages/bantuan_chat', [...])
 6 SYSTEMPATH\CodeIgniter.php(933): App\Controllers\Bantuan->chat('18', 'default')
 7 SYSTEMPATH\CodeIgniter.php(507): CodeIgniter\CodeIgniter->runController(Object(App\Controllers\Bantuan))
 8 SYSTEMPATH\CodeIgniter.php(354): CodeIgniter\CodeIgniter->handleRequest(null, Object(Config\Cache), false)
 9 SYSTEMPATH\Boot.php(363): CodeIgniter\CodeIgniter->run()
10 SYSTEMPATH\Boot.php(68): CodeIgniter\Boot::runCodeIgniter(Object(CodeIgniter\CodeIgniter))
11 FCPATH\index.php(59): CodeIgniter\Boot::bootWeb(Object(Config\Paths))
DEBUG - 2025-11-08 02:12:19 --> Session: Class initialized using 'CodeIgniter\Session\Handlers\FileHandler' driver.
CRITICAL - 2025-11-08 02:12:19 --> ErrorException: Undefined variable $messages
[Method: GET, Route: bantuan/chat/18/default]
in APPPATH\Views\pages\bantuan_chat.php on line 51.
 1 APPPATH\Views\pages\bantuan_chat.php(51): CodeIgniter\Debug\Exceptions->errorHandler(2, 'Undefined variable $messages', 'C:\\xampp\\htdocs\\e-arsip_ci4\\app\\Views\\pages\\bantuan_chat.php', 51)
 2 SYSTEMPATH\View\View.php(226): include('C:\\xampp\\htdocs\\e-arsip_ci4\\app\\Views\\pages\\bantuan_chat.php')
 3 SYSTEMPATH\View\View.php(229): CodeIgniter\View\View->CodeIgniter\View\{closure}()
 4 SYSTEMPATH\Common.php(1167): CodeIgniter\View\View->render('pages/bantuan_chat', [], true)
 5 APPPATH\Controllers\Bantuan.php(69): view('pages/bantuan_chat', [...])
 6 SYSTEMPATH\CodeIgniter.php(933): App\Controllers\Bantuan->chat('18', 'default')
 7 SYSTEMPATH\CodeIgniter.php(507): CodeIgniter\CodeIgniter->runController(Object(App\Controllers\Bantuan))
 8 SYSTEMPATH\CodeIgniter.php(354): CodeIgniter\CodeIgniter->handleRequest(null, Object(Config\Cache), false)
 9 SYSTEMPATH\Boot.php(363): CodeIgniter\CodeIgniter->run()
10 SYSTEMPATH\Boot.php(68): CodeIgniter\Boot::runCodeIgniter(Object(CodeIgniter\CodeIgniter))
11 FCPATH\index.php(59): CodeIgniter\Boot::bootWeb(Object(Config\Paths))
DEBUG - 2025-11-08 02:12:20 --> Session: Class initialized using 'CodeIgniter\Session\Handlers\FileHandler' driver.
CRITICAL - 2025-11-08 02:12:20 --> ErrorException: Undefined variable $messages
[Method: GET, Route: bantuan/chat/18/default]
in APPPATH\Views\pages\bantuan_chat.php on line 51.
 1 APPPATH\Views\pages\bantuan_chat.php(51): CodeIgniter\Debug\Exceptions->errorHandler(2, 'Undefined variable $messages', 'C:\\xampp\\htdocs\\e-arsip_ci4\\app\\Views\\pages\\bantuan_chat.php', 51)
 2 SYSTEMPATH\View\View.php(226): include('C:\\xampp\\htdocs\\e-arsip_ci4\\app\\Views\\pages\\bantuan_chat.php')
 3 SYSTEMPATH\View\View.php(229): CodeIgniter\View\View->CodeIgniter\View\{closure}()
 4 SYSTEMPATH\Common.php(1167): CodeIgniter\View\View->render('pages/bantuan_chat', [], true)
 5 APPPATH\Controllers\Bantuan.php(69): view('pages/bantuan_chat', [...])
 6 SYSTEMPATH\CodeIgniter.php(933): App\Controllers\Bantuan->chat('18', 'default')
 7 SYSTEMPATH\CodeIgniter.php(507): CodeIgniter\CodeIgniter->runController(Object(App\Controllers\Bantuan))
 8 SYSTEMPATH\CodeIgniter.php(354): CodeIgniter\CodeIgniter->handleRequest(null, Object(Config\Cache), false)
 9 SYSTEMPATH\Boot.php(363): CodeIgniter\CodeIgniter->run()
10 SYSTEMPATH\Boot.php(68): CodeIgniter\Boot::runCodeIgniter(Object(CodeIgniter\CodeIgniter))
11 FCPATH\index.php(59): CodeIgniter\Boot::bootWeb(Object(Config\Paths))
DEBUG - 2025-11-08 02:12:22 --> Session: Class initialized using 'CodeIgniter\Session\Handlers\FileHandler' driver.
CRITICAL - 2025-11-08 02:12:22 --> ErrorException: Undefined variable $messages
[Method: GET, Route: bantuan/chat/18/default]
in APPPATH\Views\pages\bantuan_chat.php on line 51.
 1 APPPATH\Views\pages\bantuan_chat.php(51): CodeIgniter\Debug\Exceptions->errorHandler(2, 'Undefined variable $messages', 'C:\\xampp\\htdocs\\e-arsip_ci4\\app\\Views\\pages\\bantuan_chat.php', 51)
 2 SYSTEMPATH\View\View.php(226): include('C:\\xampp\\htdocs\\e-arsip_ci4\\app\\Views\\pages\\bantuan_chat.php')
 3 SYSTEMPATH\View\View.php(229): CodeIgniter\View\View->CodeIgniter\View\{closure}()
 4 SYSTEMPATH\Common.php(1167): CodeIgniter\View\View->render('pages/bantuan_chat', [], true)
 5 APPPATH\Controllers\Bantuan.php(69): view('pages/bantuan_chat', [...])
 6 SYSTEMPATH\CodeIgniter.php(933): App\Controllers\Bantuan->chat('18', 'default')
 7 SYSTEMPATH\CodeIgniter.php(507): CodeIgniter\CodeIgniter->runController(Object(App\Controllers\Bantuan))
 8 SYSTEMPATH\CodeIgniter.php(354): CodeIgniter\CodeIgniter->handleRequest(null, Object(Config\Cache), false)
 9 SYSTEMPATH\Boot.php(363): CodeIgniter\CodeIgniter->run()
10 SYSTEMPATH\Boot.php(68): CodeIgniter\Boot::runCodeIgniter(Object(CodeIgniter\CodeIgniter))
11 FCPATH\index.php(59): CodeIgniter\Boot::bootWeb(Object(Config\Paths))
DEBUG - 2025-11-08 02:12:23 --> Session: Class initialized using 'CodeIgniter\Session\Handlers\FileHandler' driver.
CRITICAL - 2025-11-08 02:12:23 --> ErrorException: Undefined variable $messages
[Method: GET, Route: bantuan/chat/18/default]
in APPPATH\Views\pages\bantuan_chat.php on line 51.
 1 APPPATH\Views\pages\bantuan_chat.php(51): CodeIgniter\Debug\Exceptions->errorHandler(2, 'Undefined variable $messages', 'C:\\xampp\\htdocs\\e-arsip_ci4\\app\\Views\\pages\\bantuan_chat.php', 51)
 2 SYSTEMPATH\View\View.php(226): include('C:\\xampp\\htdocs\\e-arsip_ci4\\app\\Views\\pages\\bantuan_chat.php')
 3 SYSTEMPATH\View\View.php(229): CodeIgniter\View\View->CodeIgniter\View\{closure}()
 4 SYSTEMPATH\Common.php(1167): CodeIgniter\View\View->render('pages/bantuan_chat', [], true)
 5 APPPATH\Controllers\Bantuan.php(69): view('pages/bantuan_chat', [...])
 6 SYSTEMPATH\CodeIgniter.php(933): App\Controllers\Bantuan->chat('18', 'default')
 7 SYSTEMPATH\CodeIgniter.php(507): CodeIgniter\CodeIgniter->runController(Object(App\Controllers\Bantuan))
 8 SYSTEMPATH\CodeIgniter.php(354): CodeIgniter\CodeIgniter->handleRequest(null, Object(Config\Cache), false)
 9 SYSTEMPATH\Boot.php(363): CodeIgniter\CodeIgniter->run()
10 SYSTEMPATH\Boot.php(68): CodeIgniter\Boot::runCodeIgniter(Object(CodeIgniter\CodeIgniter))
11 FCPATH\index.php(59): CodeIgniter\Boot::bootWeb(Object(Config\Paths))
DEBUG - 2025-11-08 02:12:24 --> Session: Class initialized using 'CodeIgniter\Session\Handlers\FileHandler' driver.
CRITICAL - 2025-11-08 02:12:24 --> ErrorException: Undefined variable $messages
[Method: GET, Route: bantuan/chat/18/default]
in APPPATH\Views\pages\bantuan_chat.php on line 51.
 1 APPPATH\Views\pages\bantuan_chat.php(51): CodeIgniter\Debug\Exceptions->errorHandler(2, 'Undefined variable $messages', 'C:\\xampp\\htdocs\\e-arsip_ci4\\app\\Views\\pages\\bantuan_chat.php', 51)
 2 SYSTEMPATH\View\View.php(226): include('C:\\xampp\\htdocs\\e-arsip_ci4\\app\\Views\\pages\\bantuan_chat.php')
 3 SYSTEMPATH\View\View.php(229): CodeIgniter\View\View->CodeIgniter\View\{closure}()
 4 SYSTEMPATH\Common.php(1167): CodeIgniter\View\View->render('pages/bantuan_chat', [], true)
 5 APPPATH\Controllers\Bantuan.php(69): view('pages/bantuan_chat', [...])
 6 SYSTEMPATH\CodeIgniter.php(933): App\Controllers\Bantuan->chat('18', 'default')
 7 SYSTEMPATH\CodeIgniter.php(507): CodeIgniter\CodeIgniter->runController(Object(App\Controllers\Bantuan))
 8 SYSTEMPATH\CodeIgniter.php(354): CodeIgniter\CodeIgniter->handleRequest(null, Object(Config\Cache), false)
 9 SYSTEMPATH\Boot.php(363): CodeIgniter\CodeIgniter->run()
10 SYSTEMPATH\Boot.php(68): CodeIgniter\Boot::runCodeIgniter(Object(CodeIgniter\CodeIgniter))
11 FCPATH\index.php(59): CodeIgniter\Boot::bootWeb(Object(Config\Paths))
DEBUG - 2025-11-08 02:12:25 --> Session: Class initialized using 'CodeIgniter\Session\Handlers\FileHandler' driver.
CRITICAL - 2025-11-08 02:12:25 --> ErrorException: Undefined variable $messages
[Method: GET, Route: bantuan/chat/18/default]
in APPPATH\Views\pages\bantuan_chat.php on line 51.
 1 APPPATH\Views\pages\bantuan_chat.php(51): CodeIgniter\Debug\Exceptions->errorHandler(2, 'Undefined variable $messages', 'C:\\xampp\\htdocs\\e-arsip_ci4\\app\\Views\\pages\\bantuan_chat.php', 51)
 2 SYSTEMPATH\View\View.php(226): include('C:\\xampp\\htdocs\\e-arsip_ci4\\app\\Views\\pages\\bantuan_chat.php')
 3 SYSTEMPATH\View\View.php(229): CodeIgniter\View\View->CodeIgniter\View\{closure}()
 4 SYSTEMPATH\Common.php(1167): CodeIgniter\View\View->render('pages/bantuan_chat', [], true)
 5 APPPATH\Controllers\Bantuan.php(69): view('pages/bantuan_chat', [...])
 6 SYSTEMPATH\CodeIgniter.php(933): App\Controllers\Bantuan->chat('18', 'default')
 7 SYSTEMPATH\CodeIgniter.php(507): CodeIgniter\CodeIgniter->runController(Object(App\Controllers\Bantuan))
 8 SYSTEMPATH\CodeIgniter.php(354): CodeIgniter\CodeIgniter->handleRequest(null, Object(Config\Cache), false)
 9 SYSTEMPATH\Boot.php(363): CodeIgniter\CodeIgniter->run()
10 SYSTEMPATH\Boot.php(68): CodeIgniter\Boot::runCodeIgniter(Object(CodeIgniter\CodeIgniter))
11 FCPATH\index.php(59): CodeIgniter\Boot::bootWeb(Object(Config\Paths))
DEBUG - 2025-11-08 02:12:26 --> Session: Class initialized using 'CodeIgniter\Session\Handlers\FileHandler' driver.
CRITICAL - 2025-11-08 02:12:26 --> ErrorException: Undefined variable $messages
[Method: GET, Route: bantuan/chat/18/default]
in APPPATH\Views\pages\bantuan_chat.php on line 51.
 1 APPPATH\Views\pages\bantuan_chat.php(51): CodeIgniter\Debug\Exceptions->errorHandler(2, 'Undefined variable $messages', 'C:\\xampp\\htdocs\\e-arsip_ci4\\app\\Views\\pages\\bantuan_chat.php', 51)
 2 SYSTEMPATH\View\View.php(226): include('C:\\xampp\\htdocs\\e-arsip_ci4\\app\\Views\\pages\\bantuan_chat.php')
 3 SYSTEMPATH\View\View.php(229): CodeIgniter\View\View->CodeIgniter\View\{closure}()
 4 SYSTEMPATH\Common.php(1167): CodeIgniter\View\View->render('pages/bantuan_chat', [], true)
 5 APPPATH\Controllers\Bantuan.php(69): view('pages/bantuan_chat', [...])
 6 SYSTEMPATH\CodeIgniter.php(933): App\Controllers\Bantuan->chat('18', 'default')
 7 SYSTEMPATH\CodeIgniter.php(507): CodeIgniter\CodeIgniter->runController(Object(App\Controllers\Bantuan))
 8 SYSTEMPATH\CodeIgniter.php(354): CodeIgniter\CodeIgniter->handleRequest(null, Object(Config\Cache), false)
 9 SYSTEMPATH\Boot.php(363): CodeIgniter\CodeIgniter->run()
10 SYSTEMPATH\Boot.php(68): CodeIgniter\Boot::runCodeIgniter(Object(CodeIgniter\CodeIgniter))
11 FCPATH\index.php(59): CodeIgniter\Boot::bootWeb(Object(Config\Paths))
DEBUG - 2025-11-08 02:12:28 --> Session: Class initialized using 'CodeIgniter\Session\Handlers\FileHandler' driver.
CRITICAL - 2025-11-08 02:12:28 --> ErrorException: Undefined variable $messages
[Method: GET, Route: bantuan/chat/18/default]
in APPPATH\Views\pages\bantuan_chat.php on line 51.
 1 APPPATH\Views\pages\bantuan_chat.php(51): CodeIgniter\Debug\Exceptions->errorHandler(2, 'Undefined variable $messages', 'C:\\xampp\\htdocs\\e-arsip_ci4\\app\\Views\\pages\\bantuan_chat.php', 51)
 2 SYSTEMPATH\View\View.php(226): include('C:\\xampp\\htdocs\\e-arsip_ci4\\app\\Views\\pages\\bantuan_chat.php')
 3 SYSTEMPATH\View\View.php(229): CodeIgniter\View\View->CodeIgniter\View\{closure}()
 4 SYSTEMPATH\Common.php(1167): CodeIgniter\View\View->render('pages/bantuan_chat', [], true)
 5 APPPATH\Controllers\Bantuan.php(69): view('pages/bantuan_chat', [...])
 6 SYSTEMPATH\CodeIgniter.php(933): App\Controllers\Bantuan->chat('18', 'default')
 7 SYSTEMPATH\CodeIgniter.php(507): CodeIgniter\CodeIgniter->runController(Object(App\Controllers\Bantuan))
 8 SYSTEMPATH\CodeIgniter.php(354): CodeIgniter\CodeIgniter->handleRequest(null, Object(Config\Cache), false)
 9 SYSTEMPATH\Boot.php(363): CodeIgniter\CodeIgniter->run()
10 SYSTEMPATH\Boot.php(68): CodeIgniter\Boot::runCodeIgniter(Object(CodeIgniter\CodeIgniter))
11 FCPATH\index.php(59): CodeIgniter\Boot::bootWeb(Object(Config\Paths))
DEBUG - 2025-11-08 02:12:29 --> Session: Class initialized using 'CodeIgniter\Session\Handlers\FileHandler' driver.
CRITICAL - 2025-11-08 02:12:29 --> ErrorException: Undefined variable $messages
[Method: GET, Route: bantuan/chat/18/default]
in APPPATH\Views\pages\bantuan_chat.php on line 51.
 1 APPPATH\Views\pages\bantuan_chat.php(51): CodeIgniter\Debug\Exceptions->errorHandler(2, 'Undefined variable $messages', 'C:\\xampp\\htdocs\\e-arsip_ci4\\app\\Views\\pages\\bantuan_chat.php', 51)
 2 SYSTEMPATH\View\View.php(226): include('C:\\xampp\\htdocs\\e-arsip_ci4\\app\\Views\\pages\\bantuan_chat.php')
 3 SYSTEMPATH\View\View.php(229): CodeIgniter\View\View->CodeIgniter\View\{closure}()
 4 SYSTEMPATH\Common.php(1167): CodeIgniter\View\View->render('pages/bantuan_chat', [], true)
 5 APPPATH\Controllers\Bantuan.php(69): view('pages/bantuan_chat', [...])
 6 SYSTEMPATH\CodeIgniter.php(933): App\Controllers\Bantuan->chat('18', 'default')
 7 SYSTEMPATH\CodeIgniter.php(507): CodeIgniter\CodeIgniter->runController(Object(App\Controllers\Bantuan))
 8 SYSTEMPATH\CodeIgniter.php(354): CodeIgniter\CodeIgniter->handleRequest(null, Object(Config\Cache), false)
 9 SYSTEMPATH\Boot.php(363): CodeIgniter\CodeIgniter->run()
10 SYSTEMPATH\Boot.php(68): CodeIgniter\Boot::runCodeIgniter(Object(CodeIgniter\CodeIgniter))
11 FCPATH\index.php(59): CodeIgniter\Boot::bootWeb(Object(Config\Paths))
DEBUG - 2025-11-08 02:12:30 --> Session: Class initialized using 'CodeIgniter\Session\Handlers\FileHandler' driver.
CRITICAL - 2025-11-08 02:12:30 --> ErrorException: Undefined variable $messages
[Method: GET, Route: bantuan/chat/18/default]
in APPPATH\Views\pages\bantuan_chat.php on line 51.
 1 APPPATH\Views\pages\bantuan_chat.php(51): CodeIgniter\Debug\Exceptions->errorHandler(2, 'Undefined variable $messages', 'C:\\xampp\\htdocs\\e-arsip_ci4\\app\\Views\\pages\\bantuan_chat.php', 51)
 2 SYSTEMPATH\View\View.php(226): include('C:\\xampp\\htdocs\\e-arsip_ci4\\app\\Views\\pages\\bantuan_chat.php')
 3 SYSTEMPATH\View\View.php(229): CodeIgniter\View\View->CodeIgniter\View\{closure}()
 4 SYSTEMPATH\Common.php(1167): CodeIgniter\View\View->render('pages/bantuan_chat', [], true)
 5 APPPATH\Controllers\Bantuan.php(69): view('pages/bantuan_chat', [...])
 6 SYSTEMPATH\CodeIgniter.php(933): App\Controllers\Bantuan->chat('18', 'default')
 7 SYSTEMPATH\CodeIgniter.php(507): CodeIgniter\CodeIgniter->runController(Object(App\Controllers\Bantuan))
 8 SYSTEMPATH\CodeIgniter.php(354): CodeIgniter\CodeIgniter->handleRequest(null, Object(Config\Cache), false)
 9 SYSTEMPATH\Boot.php(363): CodeIgniter\CodeIgniter->run()
10 SYSTEMPATH\Boot.php(68): CodeIgniter\Boot::runCodeIgniter(Object(CodeIgniter\CodeIgniter))
11 FCPATH\index.php(59): CodeIgniter\Boot::bootWeb(Object(Config\Paths))
DEBUG - 2025-11-08 02:12:31 --> Session: Class initialized using 'CodeIgniter\Session\Handlers\FileHandler' driver.
CRITICAL - 2025-11-08 02:12:31 --> ErrorException: Undefined variable $messages
[Method: GET, Route: bantuan/chat/18/default]
in APPPATH\Views\pages\bantuan_chat.php on line 51.
 1 APPPATH\Views\pages\bantuan_chat.php(51): CodeIgniter\Debug\Exceptions->errorHandler(2, 'Undefined variable $messages', 'C:\\xampp\\htdocs\\e-arsip_ci4\\app\\Views\\pages\\bantuan_chat.php', 51)
 2 SYSTEMPATH\View\View.php(226): include('C:\\xampp\\htdocs\\e-arsip_ci4\\app\\Views\\pages\\bantuan_chat.php')
 3 SYSTEMPATH\View\View.php(229): CodeIgniter\View\View->CodeIgniter\View\{closure}()
 4 SYSTEMPATH\Common.php(1167): CodeIgniter\View\View->render('pages/bantuan_chat', [], true)
 5 APPPATH\Controllers\Bantuan.php(69): view('pages/bantuan_chat', [...])
 6 SYSTEMPATH\CodeIgniter.php(933): App\Controllers\Bantuan->chat('18', 'default')
 7 SYSTEMPATH\CodeIgniter.php(507): CodeIgniter\CodeIgniter->runController(Object(App\Controllers\Bantuan))
 8 SYSTEMPATH\CodeIgniter.php(354): CodeIgniter\CodeIgniter->handleRequest(null, Object(Config\Cache), false)
 9 SYSTEMPATH\Boot.php(363): CodeIgniter\CodeIgniter->run()
10 SYSTEMPATH\Boot.php(68): CodeIgniter\Boot::runCodeIgniter(Object(CodeIgniter\CodeIgniter))
11 FCPATH\index.php(59): CodeIgniter\Boot::bootWeb(Object(Config\Paths))
DEBUG - 2025-11-08 02:12:32 --> Session: Class initialized using 'CodeIgniter\Session\Handlers\FileHandler' driver.
CRITICAL - 2025-11-08 02:12:32 --> ErrorException: Undefined variable $messages
[Method: GET, Route: bantuan/chat/18/default]
in APPPATH\Views\pages\bantuan_chat.php on line 51.
 1 APPPATH\Views\pages\bantuan_chat.php(51): CodeIgniter\Debug\Exceptions->errorHandler(2, 'Undefined variable $messages', 'C:\\xampp\\htdocs\\e-arsip_ci4\\app\\Views\\pages\\bantuan_chat.php', 51)
 2 SYSTEMPATH\View\View.php(226): include('C:\\xampp\\htdocs\\e-arsip_ci4\\app\\Views\\pages\\bantuan_chat.php')
 3 SYSTEMPATH\View\View.php(229): CodeIgniter\View\View->CodeIgniter\View\{closure}()
 4 SYSTEMPATH\Common.php(1167): CodeIgniter\View\View->render('pages/bantuan_chat', [], true)
 5 APPPATH\Controllers\Bantuan.php(69): view('pages/bantuan_chat', [...])
 6 SYSTEMPATH\CodeIgniter.php(933): App\Controllers\Bantuan->chat('18', 'default')
 7 SYSTEMPATH\CodeIgniter.php(507): CodeIgniter\CodeIgniter->runController(Object(App\Controllers\Bantuan))
 8 SYSTEMPATH\CodeIgniter.php(354): CodeIgniter\CodeIgniter->handleRequest(null, Object(Config\Cache), false)
 9 SYSTEMPATH\Boot.php(363): CodeIgniter\CodeIgniter->run()
10 SYSTEMPATH\Boot.php(68): CodeIgniter\Boot::runCodeIgniter(Object(CodeIgniter\CodeIgniter))
11 FCPATH\index.php(59): CodeIgniter\Boot::bootWeb(Object(Config\Paths))
DEBUG - 2025-11-08 02:12:34 --> Session: Class initialized using 'CodeIgniter\Session\Handlers\FileHandler' driver.
CRITICAL - 2025-11-08 02:12:34 --> ErrorException: Undefined variable $messages
[Method: GET, Route: bantuan/chat/18/default]
in APPPATH\Views\pages\bantuan_chat.php on line 51.
 1 APPPATH\Views\pages\bantuan_chat.php(51): CodeIgniter\Debug\Exceptions->errorHandler(2, 'Undefined variable $messages', 'C:\\xampp\\htdocs\\e-arsip_ci4\\app\\Views\\pages\\bantuan_chat.php', 51)
 2 SYSTEMPATH\View\View.php(226): include('C:\\xampp\\htdocs\\e-arsip_ci4\\app\\Views\\pages\\bantuan_chat.php')
 3 SYSTEMPATH\View\View.php(229): CodeIgniter\View\View->CodeIgniter\View\{closure}()
 4 SYSTEMPATH\Common.php(1167): CodeIgniter\View\View->render('pages/bantuan_chat', [], true)
 5 APPPATH\Controllers\Bantuan.php(69): view('pages/bantuan_chat', [...])
 6 SYSTEMPATH\CodeIgniter.php(933): App\Controllers\Bantuan->chat('18', 'default')
 7 SYSTEMPATH\CodeIgniter.php(507): CodeIgniter\CodeIgniter->runController(Object(App\Controllers\Bantuan))
 8 SYSTEMPATH\CodeIgniter.php(354): CodeIgniter\CodeIgniter->handleRequest(null, Object(Config\Cache), false)
 9 SYSTEMPATH\Boot.php(363): CodeIgniter\CodeIgniter->run()
10 SYSTEMPATH\Boot.php(68): CodeIgniter\Boot::runCodeIgniter(Object(CodeIgniter\CodeIgniter))
11 FCPATH\index.php(59): CodeIgniter\Boot::bootWeb(Object(Config\Paths))
DEBUG - 2025-11-08 02:12:35 --> Session: Class initialized using 'CodeIgniter\Session\Handlers\FileHandler' driver.
CRITICAL - 2025-11-08 02:12:35 --> ErrorException: Undefined variable $messages
[Method: GET, Route: bantuan/chat/18/default]
in APPPATH\Views\pages\bantuan_chat.php on line 51.
 1 APPPATH\Views\pages\bantuan_chat.php(51): CodeIgniter\Debug\Exceptions->errorHandler(2, 'Undefined variable $messages', 'C:\\xampp\\htdocs\\e-arsip_ci4\\app\\Views\\pages\\bantuan_chat.php', 51)
 2 SYSTEMPATH\View\View.php(226): include('C:\\xampp\\htdocs\\e-arsip_ci4\\app\\Views\\pages\\bantuan_chat.php')
 3 SYSTEMPATH\View\View.php(229): CodeIgniter\View\View->CodeIgniter\View\{closure}()
 4 SYSTEMPATH\Common.php(1167): CodeIgniter\View\View->render('pages/bantuan_chat', [], true)
 5 APPPATH\Controllers\Bantuan.php(69): view('pages/bantuan_chat', [...])
 6 SYSTEMPATH\CodeIgniter.php(933): App\Controllers\Bantuan->chat('18', 'default')
 7 SYSTEMPATH\CodeIgniter.php(507): CodeIgniter\CodeIgniter->runController(Object(App\Controllers\Bantuan))
 8 SYSTEMPATH\CodeIgniter.php(354): CodeIgniter\CodeIgniter->handleRequest(null, Object(Config\Cache), false)
 9 SYSTEMPATH\Boot.php(363): CodeIgniter\CodeIgniter->run()
10 SYSTEMPATH\Boot.php(68): CodeIgniter\Boot::runCodeIgniter(Object(CodeIgniter\CodeIgniter))
11 FCPATH\index.php(59): CodeIgniter\Boot::bootWeb(Object(Config\Paths))
DEBUG - 2025-11-08 02:12:36 --> Session: Class initialized using 'CodeIgniter\Session\Handlers\FileHandler' driver.
CRITICAL - 2025-11-08 02:12:36 --> ErrorException: Undefined variable $messages
[Method: GET, Route: bantuan/chat/18/default]
in APPPATH\Views\pages\bantuan_chat.php on line 51.
 1 APPPATH\Views\pages\bantuan_chat.php(51): CodeIgniter\Debug\Exceptions->errorHandler(2, 'Undefined variable $messages', 'C:\\xampp\\htdocs\\e-arsip_ci4\\app\\Views\\pages\\bantuan_chat.php', 51)
 2 SYSTEMPATH\View\View.php(226): include('C:\\xampp\\htdocs\\e-arsip_ci4\\app\\Views\\pages\\bantuan_chat.php')
 3 SYSTEMPATH\View\View.php(229): CodeIgniter\View\View->CodeIgniter\View\{closure}()
 4 SYSTEMPATH\Common.php(1167): CodeIgniter\View\View->render('pages/bantuan_chat', [], true)
 5 APPPATH\Controllers\Bantuan.php(69): view('pages/bantuan_chat', [...])
 6 SYSTEMPATH\CodeIgniter.php(933): App\Controllers\Bantuan->chat('18', 'default')
 7 SYSTEMPATH\CodeIgniter.php(507): CodeIgniter\CodeIgniter->runController(Object(App\Controllers\Bantuan))
 8 SYSTEMPATH\CodeIgniter.php(354): CodeIgniter\CodeIgniter->handleRequest(null, Object(Config\Cache), false)
 9 SYSTEMPATH\Boot.php(363): CodeIgniter\CodeIgniter->run()
10 SYSTEMPATH\Boot.php(68): CodeIgniter\Boot::runCodeIgniter(Object(CodeIgniter\CodeIgniter))
11 FCPATH\index.php(59): CodeIgniter\Boot::bootWeb(Object(Config\Paths))
DEBUG - 2025-11-08 02:12:37 --> Session: Class initialized using 'CodeIgniter\Session\Handlers\FileHandler' driver.
CRITICAL - 2025-11-08 02:12:37 --> ErrorException: Undefined variable $messages
[Method: GET, Route: bantuan/chat/18/default]
in APPPATH\Views\pages\bantuan_chat.php on line 51.
 1 APPPATH\Views\pages\bantuan_chat.php(51): CodeIgniter\Debug\Exceptions->errorHandler(2, 'Undefined variable $messages', 'C:\\xampp\\htdocs\\e-arsip_ci4\\app\\Views\\pages\\bantuan_chat.php', 51)
 2 SYSTEMPATH\View\View.php(226): include('C:\\xampp\\htdocs\\e-arsip_ci4\\app\\Views\\pages\\bantuan_chat.php')
 3 SYSTEMPATH\View\View.php(229): CodeIgniter\View\View->CodeIgniter\View\{closure}()
 4 SYSTEMPATH\Common.php(1167): CodeIgniter\View\View->render('pages/bantuan_chat', [], true)
 5 APPPATH\Controllers\Bantuan.php(69): view('pages/bantuan_chat', [...])
 6 SYSTEMPATH\CodeIgniter.php(933): App\Controllers\Bantuan->chat('18', 'default')
 7 SYSTEMPATH\CodeIgniter.php(507): CodeIgniter\CodeIgniter->runController(Object(App\Controllers\Bantuan))
 8 SYSTEMPATH\CodeIgniter.php(354): CodeIgniter\CodeIgniter->handleRequest(null, Object(Config\Cache), false)
 9 SYSTEMPATH\Boot.php(363): CodeIgniter\CodeIgniter->run()
10 SYSTEMPATH\Boot.php(68): CodeIgniter\Boot::runCodeIgniter(Object(CodeIgniter\CodeIgniter))
11 FCPATH\index.php(59): CodeIgniter\Boot::bootWeb(Object(Config\Paths))
DEBUG - 2025-11-08 02:12:38 --> Session: Class initialized using 'CodeIgniter\Session\Handlers\FileHandler' driver.
CRITICAL - 2025-11-08 02:12:38 --> ErrorException: Undefined variable $messages
[Method: GET, Route: bantuan/chat/18/default]
in APPPATH\Views\pages\bantuan_chat.php on line 51.
 1 APPPATH\Views\pages\bantuan_chat.php(51): CodeIgniter\Debug\Exceptions->errorHandler(2, 'Undefined variable $messages', 'C:\\xampp\\htdocs\\e-arsip_ci4\\app\\Views\\pages\\bantuan_chat.php', 51)
 2 SYSTEMPATH\View\View.php(226): include('C:\\xampp\\htdocs\\e-arsip_ci4\\app\\Views\\pages\\bantuan_chat.php')
 3 SYSTEMPATH\View\View.php(229): CodeIgniter\View\View->CodeIgniter\View\{closure}()
 4 SYSTEMPATH\Common.php(1167): CodeIgniter\View\View->render('pages/bantuan_chat', [], true)
 5 APPPATH\Controllers\Bantuan.php(69): view('pages/bantuan_chat', [...])
 6 SYSTEMPATH\CodeIgniter.php(933): App\Controllers\Bantuan->chat('18', 'default')
 7 SYSTEMPATH\CodeIgniter.php(507): CodeIgniter\CodeIgniter->runController(Object(App\Controllers\Bantuan))
 8 SYSTEMPATH\CodeIgniter.php(354): CodeIgniter\CodeIgniter->handleRequest(null, Object(Config\Cache), false)
 9 SYSTEMPATH\Boot.php(363): CodeIgniter\CodeIgniter->run()
10 SYSTEMPATH\Boot.php(68): CodeIgniter\Boot::runCodeIgniter(Object(CodeIgniter\CodeIgniter))
11 FCPATH\index.php(59): CodeIgniter\Boot::bootWeb(Object(Config\Paths))
DEBUG - 2025-11-08 02:12:40 --> Session: Class initialized using 'CodeIgniter\Session\Handlers\FileHandler' driver.
CRITICAL - 2025-11-08 02:12:40 --> ErrorException: Undefined variable $messages
[Method: GET, Route: bantuan/chat/18/default]
in APPPATH\Views\pages\bantuan_chat.php on line 51.
 1 APPPATH\Views\pages\bantuan_chat.php(51): CodeIgniter\Debug\Exceptions->errorHandler(2, 'Undefined variable $messages', 'C:\\xampp\\htdocs\\e-arsip_ci4\\app\\Views\\pages\\bantuan_chat.php', 51)
 2 SYSTEMPATH\View\View.php(226): include('C:\\xampp\\htdocs\\e-arsip_ci4\\app\\Views\\pages\\bantuan_chat.php')
 3 SYSTEMPATH\View\View.php(229): CodeIgniter\View\View->CodeIgniter\View\{closure}()
 4 SYSTEMPATH\Common.php(1167): CodeIgniter\View\View->render('pages/bantuan_chat', [], true)
 5 APPPATH\Controllers\Bantuan.php(69): view('pages/bantuan_chat', [...])
 6 SYSTEMPATH\CodeIgniter.php(933): App\Controllers\Bantuan->chat('18', 'default')
 7 SYSTEMPATH\CodeIgniter.php(507): CodeIgniter\CodeIgniter->runController(Object(App\Controllers\Bantuan))
 8 SYSTEMPATH\CodeIgniter.php(354): CodeIgniter\CodeIgniter->handleRequest(null, Object(Config\Cache), false)
 9 SYSTEMPATH\Boot.php(363): CodeIgniter\CodeIgniter->run()
10 SYSTEMPATH\Boot.php(68): CodeIgniter\Boot::runCodeIgniter(Object(CodeIgniter\CodeIgniter))
11 FCPATH\index.php(59): CodeIgniter\Boot::bootWeb(Object(Config\Paths))
DEBUG - 2025-11-08 02:12:41 --> Session: Class initialized using 'CodeIgniter\Session\Handlers\FileHandler' driver.
CRITICAL - 2025-11-08 02:12:41 --> ErrorException: Undefined variable $messages
[Method: GET, Route: bantuan/chat/18/default]
in APPPATH\Views\pages\bantuan_chat.php on line 51.
 1 APPPATH\Views\pages\bantuan_chat.php(51): CodeIgniter\Debug\Exceptions->errorHandler(2, 'Undefined variable $messages', 'C:\\xampp\\htdocs\\e-arsip_ci4\\app\\Views\\pages\\bantuan_chat.php', 51)
 2 SYSTEMPATH\View\View.php(226): include('C:\\xampp\\htdocs\\e-arsip_ci4\\app\\Views\\pages\\bantuan_chat.php')
 3 SYSTEMPATH\View\View.php(229): CodeIgniter\View\View->CodeIgniter\View\{closure}()
 4 SYSTEMPATH\Common.php(1167): CodeIgniter\View\View->render('pages/bantuan_chat', [], true)
 5 APPPATH\Controllers\Bantuan.php(69): view('pages/bantuan_chat', [...])
 6 SYSTEMPATH\CodeIgniter.php(933): App\Controllers\Bantuan->chat('18', 'default')
 7 SYSTEMPATH\CodeIgniter.php(507): CodeIgniter\CodeIgniter->runController(Object(App\Controllers\Bantuan))
 8 SYSTEMPATH\CodeIgniter.php(354): CodeIgniter\CodeIgniter->handleRequest(null, Object(Config\Cache), false)
 9 SYSTEMPATH\Boot.php(363): CodeIgniter\CodeIgniter->run()
10 SYSTEMPATH\Boot.php(68): CodeIgniter\Boot::runCodeIgniter(Object(CodeIgniter\CodeIgniter))
11 FCPATH\index.php(59): CodeIgniter\Boot::bootWeb(Object(Config\Paths))
DEBUG - 2025-11-08 02:12:42 --> Session: Class initialized using 'CodeIgniter\Session\Handlers\FileHandler' driver.
CRITICAL - 2025-11-08 02:12:42 --> ErrorException: Undefined variable $messages
[Method: GET, Route: bantuan/chat/18/default]
in APPPATH\Views\pages\bantuan_chat.php on line 51.
 1 APPPATH\Views\pages\bantuan_chat.php(51): CodeIgniter\Debug\Exceptions->errorHandler(2, 'Undefined variable $messages', 'C:\\xampp\\htdocs\\e-arsip_ci4\\app\\Views\\pages\\bantuan_chat.php', 51)
 2 SYSTEMPATH\View\View.php(226): include('C:\\xampp\\htdocs\\e-arsip_ci4\\app\\Views\\pages\\bantuan_chat.php')
 3 SYSTEMPATH\View\View.php(229): CodeIgniter\View\View->CodeIgniter\View\{closure}()
 4 SYSTEMPATH\Common.php(1167): CodeIgniter\View\View->render('pages/bantuan_chat', [], true)
 5 APPPATH\Controllers\Bantuan.php(69): view('pages/bantuan_chat', [...])
 6 SYSTEMPATH\CodeIgniter.php(933): App\Controllers\Bantuan->chat('18', 'default')
 7 SYSTEMPATH\CodeIgniter.php(507): CodeIgniter\CodeIgniter->runController(Object(App\Controllers\Bantuan))
 8 SYSTEMPATH\CodeIgniter.php(354): CodeIgniter\CodeIgniter->handleRequest(null, Object(Config\Cache), false)
 9 SYSTEMPATH\Boot.php(363): CodeIgniter\CodeIgniter->run()
10 SYSTEMPATH\Boot.php(68): CodeIgniter\Boot::runCodeIgniter(Object(CodeIgniter\CodeIgniter))
11 FCPATH\index.php(59): CodeIgniter\Boot::bootWeb(Object(Config\Paths))
DEBUG - 2025-11-08 02:12:43 --> Session: Class initialized using 'CodeIgniter\Session\Handlers\FileHandler' driver.
CRITICAL - 2025-11-08 02:12:43 --> ErrorException: Undefined variable $messages
[Method: GET, Route: bantuan/chat/18/default]
in APPPATH\Views\pages\bantuan_chat.php on line 51.
 1 APPPATH\Views\pages\bantuan_chat.php(51): CodeIgniter\Debug\Exceptions->errorHandler(2, 'Undefined variable $messages', 'C:\\xampp\\htdocs\\e-arsip_ci4\\app\\Views\\pages\\bantuan_chat.php', 51)
 2 SYSTEMPATH\View\View.php(226): include('C:\\xampp\\htdocs\\e-arsip_ci4\\app\\Views\\pages\\bantuan_chat.php')
 3 SYSTEMPATH\View\View.php(229): CodeIgniter\View\View->CodeIgniter\View\{closure}()
 4 SYSTEMPATH\Common.php(1167): CodeIgniter\View\View->render('pages/bantuan_chat', [], true)
 5 APPPATH\Controllers\Bantuan.php(69): view('pages/bantuan_chat', [...])
 6 SYSTEMPATH\CodeIgniter.php(933): App\Controllers\Bantuan->chat('18', 'default')
 7 SYSTEMPATH\CodeIgniter.php(507): CodeIgniter\CodeIgniter->runController(Object(App\Controllers\Bantuan))
 8 SYSTEMPATH\CodeIgniter.php(354): CodeIgniter\CodeIgniter->handleRequest(null, Object(Config\Cache), false)
 9 SYSTEMPATH\Boot.php(363): CodeIgniter\CodeIgniter->run()
10 SYSTEMPATH\Boot.php(68): CodeIgniter\Boot::runCodeIgniter(Object(CodeIgniter\CodeIgniter))
11 FCPATH\index.php(59): CodeIgniter\Boot::bootWeb(Object(Config\Paths))
DEBUG - 2025-11-08 02:12:44 --> Session: Class initialized using 'CodeIgniter\Session\Handlers\FileHandler' driver.
CRITICAL - 2025-11-08 02:12:44 --> ErrorException: Undefined variable $messages
[Method: GET, Route: bantuan/chat/18/default]
in APPPATH\Views\pages\bantuan_chat.php on line 51.
 1 APPPATH\Views\pages\bantuan_chat.php(51): CodeIgniter\Debug\Exceptions->errorHandler(2, 'Undefined variable $messages', 'C:\\xampp\\htdocs\\e-arsip_ci4\\app\\Views\\pages\\bantuan_chat.php', 51)
 2 SYSTEMPATH\View\View.php(226): include('C:\\xampp\\htdocs\\e-arsip_ci4\\app\\Views\\pages\\bantuan_chat.php')
 3 SYSTEMPATH\View\View.php(229): CodeIgniter\View\View->CodeIgniter\View\{closure}()
 4 SYSTEMPATH\Common.php(1167): CodeIgniter\View\View->render('pages/bantuan_chat', [], true)
 5 APPPATH\Controllers\Bantuan.php(69): view('pages/bantuan_chat', [...])
 6 SYSTEMPATH\CodeIgniter.php(933): App\Controllers\Bantuan->chat('18', 'default')
 7 SYSTEMPATH\CodeIgniter.php(507): CodeIgniter\CodeIgniter->runController(Object(App\Controllers\Bantuan))
 8 SYSTEMPATH\CodeIgniter.php(354): CodeIgniter\CodeIgniter->handleRequest(null, Object(Config\Cache), false)
 9 SYSTEMPATH\Boot.php(363): CodeIgniter\CodeIgniter->run()
10 SYSTEMPATH\Boot.php(68): CodeIgniter\Boot::runCodeIgniter(Object(CodeIgniter\CodeIgniter))
11 FCPATH\index.php(59): CodeIgniter\Boot::bootWeb(Object(Config\Paths))
DEBUG - 2025-11-08 02:12:46 --> Session: Class initialized using 'CodeIgniter\Session\Handlers\FileHandler' driver.
CRITICAL - 2025-11-08 02:12:46 --> ErrorException: Undefined variable $messages
[Method: GET, Route: bantuan/chat/18/default]
in APPPATH\Views\pages\bantuan_chat.php on line 51.
 1 APPPATH\Views\pages\bantuan_chat.php(51): CodeIgniter\Debug\Exceptions->errorHandler(2, 'Undefined variable $messages', 'C:\\xampp\\htdocs\\e-arsip_ci4\\app\\Views\\pages\\bantuan_chat.php', 51)
 2 SYSTEMPATH\View\View.php(226): include('C:\\xampp\\htdocs\\e-arsip_ci4\\app\\Views\\pages\\bantuan_chat.php')
 3 SYSTEMPATH\View\View.php(229): CodeIgniter\View\View->CodeIgniter\View\{closure}()
 4 SYSTEMPATH\Common.php(1167): CodeIgniter\View\View->render('pages/bantuan_chat', [], true)
 5 APPPATH\Controllers\Bantuan.php(69): view('pages/bantuan_chat', [...])
 6 SYSTEMPATH\CodeIgniter.php(933): App\Controllers\Bantuan->chat('18', 'default')
 7 SYSTEMPATH\CodeIgniter.php(507): CodeIgniter\CodeIgniter->runController(Object(App\Controllers\Bantuan))
 8 SYSTEMPATH\CodeIgniter.php(354): CodeIgniter\CodeIgniter->handleRequest(null, Object(Config\Cache), false)
 9 SYSTEMPATH\Boot.php(363): CodeIgniter\CodeIgniter->run()
10 SYSTEMPATH\Boot.php(68): CodeIgniter\Boot::runCodeIgniter(Object(CodeIgniter\CodeIgniter))
11 FCPATH\index.php(59): CodeIgniter\Boot::bootWeb(Object(Config\Paths))
DEBUG - 2025-11-08 02:12:47 --> Session: Class initialized using 'CodeIgniter\Session\Handlers\FileHandler' driver.
CRITICAL - 2025-11-08 02:12:47 --> ErrorException: Undefined variable $messages
[Method: GET, Route: bantuan/chat/18/default]
in APPPATH\Views\pages\bantuan_chat.php on line 51.
 1 APPPATH\Views\pages\bantuan_chat.php(51): CodeIgniter\Debug\Exceptions->errorHandler(2, 'Undefined variable $messages', 'C:\\xampp\\htdocs\\e-arsip_ci4\\app\\Views\\pages\\bantuan_chat.php', 51)
 2 SYSTEMPATH\View\View.php(226): include('C:\\xampp\\htdocs\\e-arsip_ci4\\app\\Views\\pages\\bantuan_chat.php')
 3 SYSTEMPATH\View\View.php(229): CodeIgniter\View\View->CodeIgniter\View\{closure}()
 4 SYSTEMPATH\Common.php(1167): CodeIgniter\View\View->render('pages/bantuan_chat', [], true)
 5 APPPATH\Controllers\Bantuan.php(69): view('pages/bantuan_chat', [...])
 6 SYSTEMPATH\CodeIgniter.php(933): App\Controllers\Bantuan->chat('18', 'default')
 7 SYSTEMPATH\CodeIgniter.php(507): CodeIgniter\CodeIgniter->runController(Object(App\Controllers\Bantuan))
 8 SYSTEMPATH\CodeIgniter.php(354): CodeIgniter\CodeIgniter->handleRequest(null, Object(Config\Cache), false)
 9 SYSTEMPATH\Boot.php(363): CodeIgniter\CodeIgniter->run()
10 SYSTEMPATH\Boot.php(68): CodeIgniter\Boot::runCodeIgniter(Object(CodeIgniter\CodeIgniter))
11 FCPATH\index.php(59): CodeIgniter\Boot::bootWeb(Object(Config\Paths))
DEBUG - 2025-11-08 02:12:48 --> Session: Class initialized using 'CodeIgniter\Session\Handlers\FileHandler' driver.
CRITICAL - 2025-11-08 02:12:48 --> ErrorException: Undefined variable $messages
[Method: GET, Route: bantuan/chat/18/default]
in APPPATH\Views\pages\bantuan_chat.php on line 51.
 1 APPPATH\Views\pages\bantuan_chat.php(51): CodeIgniter\Debug\Exceptions->errorHandler(2, 'Undefined variable $messages', 'C:\\xampp\\htdocs\\e-arsip_ci4\\app\\Views\\pages\\bantuan_chat.php', 51)
 2 SYSTEMPATH\View\View.php(226): include('C:\\xampp\\htdocs\\e-arsip_ci4\\app\\Views\\pages\\bantuan_chat.php')
 3 SYSTEMPATH\View\View.php(229): CodeIgniter\View\View->CodeIgniter\View\{closure}()
 4 SYSTEMPATH\Common.php(1167): CodeIgniter\View\View->render('pages/bantuan_chat', [], true)
 5 APPPATH\Controllers\Bantuan.php(69): view('pages/bantuan_chat', [...])
 6 SYSTEMPATH\CodeIgniter.php(933): App\Controllers\Bantuan->chat('18', 'default')
 7 SYSTEMPATH\CodeIgniter.php(507): CodeIgniter\CodeIgniter->runController(Object(App\Controllers\Bantuan))
 8 SYSTEMPATH\CodeIgniter.php(354): CodeIgniter\CodeIgniter->handleRequest(null, Object(Config\Cache), false)
 9 SYSTEMPATH\Boot.php(363): CodeIgniter\CodeIgniter->run()
10 SYSTEMPATH\Boot.php(68): CodeIgniter\Boot::runCodeIgniter(Object(CodeIgniter\CodeIgniter))
11 FCPATH\index.php(59): CodeIgniter\Boot::bootWeb(Object(Config\Paths))
DEBUG - 2025-11-08 02:12:49 --> Session: Class initialized using 'CodeIgniter\Session\Handlers\FileHandler' driver.
CRITICAL - 2025-11-08 02:12:49 --> ErrorException: Undefined variable $messages
[Method: GET, Route: bantuan/chat/18/default]
in APPPATH\Views\pages\bantuan_chat.php on line 51.
 1 APPPATH\Views\pages\bantuan_chat.php(51): CodeIgniter\Debug\Exceptions->errorHandler(2, 'Undefined variable $messages', 'C:\\xampp\\htdocs\\e-arsip_ci4\\app\\Views\\pages\\bantuan_chat.php', 51)
 2 SYSTEMPATH\View\View.php(226): include('C:\\xampp\\htdocs\\e-arsip_ci4\\app\\Views\\pages\\bantuan_chat.php')
 3 SYSTEMPATH\View\View.php(229): CodeIgniter\View\View->CodeIgniter\View\{closure}()
 4 SYSTEMPATH\Common.php(1167): CodeIgniter\View\View->render('pages/bantuan_chat', [], true)
 5 APPPATH\Controllers\Bantuan.php(69): view('pages/bantuan_chat', [...])
 6 SYSTEMPATH\CodeIgniter.php(933): App\Controllers\Bantuan->chat('18', 'default')
 7 SYSTEMPATH\CodeIgniter.php(507): CodeIgniter\CodeIgniter->runController(Object(App\Controllers\Bantuan))
 8 SYSTEMPATH\CodeIgniter.php(354): CodeIgniter\CodeIgniter->handleRequest(null, Object(Config\Cache), false)
 9 SYSTEMPATH\Boot.php(363): CodeIgniter\CodeIgniter->run()
10 SYSTEMPATH\Boot.php(68): CodeIgniter\Boot::runCodeIgniter(Object(CodeIgniter\CodeIgniter))
11 FCPATH\index.php(59): CodeIgniter\Boot::bootWeb(Object(Config\Paths))
DEBUG - 2025-11-08 02:12:50 --> Session: Class initialized using 'CodeIgniter\Session\Handlers\FileHandler' driver.
CRITICAL - 2025-11-08 02:12:50 --> ErrorException: Undefined variable $messages
[Method: GET, Route: bantuan/chat/18/default]
in APPPATH\Views\pages\bantuan_chat.php on line 51.
 1 APPPATH\Views\pages\bantuan_chat.php(51): CodeIgniter\Debug\Exceptions->errorHandler(2, 'Undefined variable $messages', 'C:\\xampp\\htdocs\\e-arsip_ci4\\app\\Views\\pages\\bantuan_chat.php', 51)
 2 SYSTEMPATH\View\View.php(226): include('C:\\xampp\\htdocs\\e-arsip_ci4\\app\\Views\\pages\\bantuan_chat.php')
 3 SYSTEMPATH\View\View.php(229): CodeIgniter\View\View->CodeIgniter\View\{closure}()
 4 SYSTEMPATH\Common.php(1167): CodeIgniter\View\View->render('pages/bantuan_chat', [], true)
 5 APPPATH\Controllers\Bantuan.php(69): view('pages/bantuan_chat', [...])
 6 SYSTEMPATH\CodeIgniter.php(933): App\Controllers\Bantuan->chat('18', 'default')
 7 SYSTEMPATH\CodeIgniter.php(507): CodeIgniter\CodeIgniter->runController(Object(App\Controllers\Bantuan))
 8 SYSTEMPATH\CodeIgniter.php(354): CodeIgniter\CodeIgniter->handleRequest(null, Object(Config\Cache), false)
 9 SYSTEMPATH\Boot.php(363): CodeIgniter\CodeIgniter->run()
10 SYSTEMPATH\Boot.php(68): CodeIgniter\Boot::runCodeIgniter(Object(CodeIgniter\CodeIgniter))
11 FCPATH\index.php(59): CodeIgniter\Boot::bootWeb(Object(Config\Paths))
DEBUG - 2025-11-08 02:12:52 --> Session: Class initialized using 'CodeIgniter\Session\Handlers\FileHandler' driver.
CRITICAL - 2025-11-08 02:12:52 --> ErrorException: Undefined variable $messages
[Method: GET, Route: bantuan/chat/18/default]
in APPPATH\Views\pages\bantuan_chat.php on line 51.
 1 APPPATH\Views\pages\bantuan_chat.php(51): CodeIgniter\Debug\Exceptions->errorHandler(2, 'Undefined variable $messages', 'C:\\xampp\\htdocs\\e-arsip_ci4\\app\\Views\\pages\\bantuan_chat.php', 51)
 2 SYSTEMPATH\View\View.php(226): include('C:\\xampp\\htdocs\\e-arsip_ci4\\app\\Views\\pages\\bantuan_chat.php')
 3 SYSTEMPATH\View\View.php(229): CodeIgniter\View\View->CodeIgniter\View\{closure}()
 4 SYSTEMPATH\Common.php(1167): CodeIgniter\View\View->render('pages/bantuan_chat', [], true)
 5 APPPATH\Controllers\Bantuan.php(69): view('pages/bantuan_chat', [...])
 6 SYSTEMPATH\CodeIgniter.php(933): App\Controllers\Bantuan->chat('18', 'default')
 7 SYSTEMPATH\CodeIgniter.php(507): CodeIgniter\CodeIgniter->runController(Object(App\Controllers\Bantuan))
 8 SYSTEMPATH\CodeIgniter.php(354): CodeIgniter\CodeIgniter->handleRequest(null, Object(Config\Cache), false)
 9 SYSTEMPATH\Boot.php(363): CodeIgniter\CodeIgniter->run()
10 SYSTEMPATH\Boot.php(68): CodeIgniter\Boot::runCodeIgniter(Object(CodeIgniter\CodeIgniter))
11 FCPATH\index.php(59): CodeIgniter\Boot::bootWeb(Object(Config\Paths))
DEBUG - 2025-11-08 02:12:53 --> Session: Class initialized using 'CodeIgniter\Session\Handlers\FileHandler' driver.
CRITICAL - 2025-11-08 02:12:53 --> ErrorException: Undefined variable $messages
[Method: GET, Route: bantuan/chat/18/default]
in APPPATH\Views\pages\bantuan_chat.php on line 51.
 1 APPPATH\Views\pages\bantuan_chat.php(51): CodeIgniter\Debug\Exceptions->errorHandler(2, 'Undefined variable $messages', 'C:\\xampp\\htdocs\\e-arsip_ci4\\app\\Views\\pages\\bantuan_chat.php', 51)
 2 SYSTEMPATH\View\View.php(226): include('C:\\xampp\\htdocs\\e-arsip_ci4\\app\\Views\\pages\\bantuan_chat.php')
 3 SYSTEMPATH\View\View.php(229): CodeIgniter\View\View->CodeIgniter\View\{closure}()
 4 SYSTEMPATH\Common.php(1167): CodeIgniter\View\View->render('pages/bantuan_chat', [], true)
 5 APPPATH\Controllers\Bantuan.php(69): view('pages/bantuan_chat', [...])
 6 SYSTEMPATH\CodeIgniter.php(933): App\Controllers\Bantuan->chat('18', 'default')
 7 SYSTEMPATH\CodeIgniter.php(507): CodeIgniter\CodeIgniter->runController(Object(App\Controllers\Bantuan))
 8 SYSTEMPATH\CodeIgniter.php(354): CodeIgniter\CodeIgniter->handleRequest(null, Object(Config\Cache), false)
 9 SYSTEMPATH\Boot.php(363): CodeIgniter\CodeIgniter->run()
10 SYSTEMPATH\Boot.php(68): CodeIgniter\Boot::runCodeIgniter(Object(CodeIgniter\CodeIgniter))
11 FCPATH\index.php(59): CodeIgniter\Boot::bootWeb(Object(Config\Paths))
DEBUG - 2025-11-08 02:12:54 --> Session: Class initialized using 'CodeIgniter\Session\Handlers\FileHandler' driver.
CRITICAL - 2025-11-08 02:12:54 --> ErrorException: Undefined variable $messages
[Method: GET, Route: bantuan/chat/18/default]
in APPPATH\Views\pages\bantuan_chat.php on line 51.
 1 APPPATH\Views\pages\bantuan_chat.php(51): CodeIgniter\Debug\Exceptions->errorHandler(2, 'Undefined variable $messages', 'C:\\xampp\\htdocs\\e-arsip_ci4\\app\\Views\\pages\\bantuan_chat.php', 51)
 2 SYSTEMPATH\View\View.php(226): include('C:\\xampp\\htdocs\\e-arsip_ci4\\app\\Views\\pages\\bantuan_chat.php')
 3 SYSTEMPATH\View\View.php(229): CodeIgniter\View\View->CodeIgniter\View\{closure}()
 4 SYSTEMPATH\Common.php(1167): CodeIgniter\View\View->render('pages/bantuan_chat', [], true)
 5 APPPATH\Controllers\Bantuan.php(69): view('pages/bantuan_chat', [...])
 6 SYSTEMPATH\CodeIgniter.php(933): App\Controllers\Bantuan->chat('18', 'default')
 7 SYSTEMPATH\CodeIgniter.php(507): CodeIgniter\CodeIgniter->runController(Object(App\Controllers\Bantuan))
 8 SYSTEMPATH\CodeIgniter.php(354): CodeIgniter\CodeIgniter->handleRequest(null, Object(Config\Cache), false)
 9 SYSTEMPATH\Boot.php(363): CodeIgniter\CodeIgniter->run()
10 SYSTEMPATH\Boot.php(68): CodeIgniter\Boot::runCodeIgniter(Object(CodeIgniter\CodeIgniter))
11 FCPATH\index.php(59): CodeIgniter\Boot::bootWeb(Object(Config\Paths))
DEBUG - 2025-11-08 02:12:55 --> Session: Class initialized using 'CodeIgniter\Session\Handlers\FileHandler' driver.
CRITICAL - 2025-11-08 02:12:55 --> ErrorException: Undefined variable $messages
[Method: GET, Route: bantuan/chat/18/default]
in APPPATH\Views\pages\bantuan_chat.php on line 51.
 1 APPPATH\Views\pages\bantuan_chat.php(51): CodeIgniter\Debug\Exceptions->errorHandler(2, 'Undefined variable $messages', 'C:\\xampp\\htdocs\\e-arsip_ci4\\app\\Views\\pages\\bantuan_chat.php', 51)
 2 SYSTEMPATH\View\View.php(226): include('C:\\xampp\\htdocs\\e-arsip_ci4\\app\\Views\\pages\\bantuan_chat.php')
 3 SYSTEMPATH\View\View.php(229): CodeIgniter\View\View->CodeIgniter\View\{closure}()
 4 SYSTEMPATH\Common.php(1167): CodeIgniter\View\View->render('pages/bantuan_chat', [], true)
 5 APPPATH\Controllers\Bantuan.php(69): view('pages/bantuan_chat', [...])
 6 SYSTEMPATH\CodeIgniter.php(933): App\Controllers\Bantuan->chat('18', 'default')
 7 SYSTEMPATH\CodeIgniter.php(507): CodeIgniter\CodeIgniter->runController(Object(App\Controllers\Bantuan))
 8 SYSTEMPATH\CodeIgniter.php(354): CodeIgniter\CodeIgniter->handleRequest(null, Object(Config\Cache), false)
 9 SYSTEMPATH\Boot.php(363): CodeIgniter\CodeIgniter->run()
10 SYSTEMPATH\Boot.php(68): CodeIgniter\Boot::runCodeIgniter(Object(CodeIgniter\CodeIgniter))
11 FCPATH\index.php(59): CodeIgniter\Boot::bootWeb(Object(Config\Paths))
DEBUG - 2025-11-08 02:12:56 --> Session: Class initialized using 'CodeIgniter\Session\Handlers\FileHandler' driver.
CRITICAL - 2025-11-08 02:12:56 --> ErrorException: Undefined variable $messages
[Method: GET, Route: bantuan/chat/18/default]
in APPPATH\Views\pages\bantuan_chat.php on line 51.
 1 APPPATH\Views\pages\bantuan_chat.php(51): CodeIgniter\Debug\Exceptions->errorHandler(2, 'Undefined variable $messages', 'C:\\xampp\\htdocs\\e-arsip_ci4\\app\\Views\\pages\\bantuan_chat.php', 51)
 2 SYSTEMPATH\View\View.php(226): include('C:\\xampp\\htdocs\\e-arsip_ci4\\app\\Views\\pages\\bantuan_chat.php')
 3 SYSTEMPATH\View\View.php(229): CodeIgniter\View\View->CodeIgniter\View\{closure}()
 4 SYSTEMPATH\Common.php(1167): CodeIgniter\View\View->render('pages/bantuan_chat', [], true)
 5 APPPATH\Controllers\Bantuan.php(69): view('pages/bantuan_chat', [...])
 6 SYSTEMPATH\CodeIgniter.php(933): App\Controllers\Bantuan->chat('18', 'default')
 7 SYSTEMPATH\CodeIgniter.php(507): CodeIgniter\CodeIgniter->runController(Object(App\Controllers\Bantuan))
 8 SYSTEMPATH\CodeIgniter.php(354): CodeIgniter\CodeIgniter->handleRequest(null, Object(Config\Cache), false)
 9 SYSTEMPATH\Boot.php(363): CodeIgniter\CodeIgniter->run()
10 SYSTEMPATH\Boot.php(68): CodeIgniter\Boot::runCodeIgniter(Object(CodeIgniter\CodeIgniter))
11 FCPATH\index.php(59): CodeIgniter\Boot::bootWeb(Object(Config\Paths))
DEBUG - 2025-11-08 02:12:58 --> Session: Class initialized using 'CodeIgniter\Session\Handlers\FileHandler' driver.
CRITICAL - 2025-11-08 02:12:58 --> ErrorException: Undefined variable $messages
[Method: GET, Route: bantuan/chat/18/default]
in APPPATH\Views\pages\bantuan_chat.php on line 51.
 1 APPPATH\Views\pages\bantuan_chat.php(51): CodeIgniter\Debug\Exceptions->errorHandler(2, 'Undefined variable $messages', 'C:\\xampp\\htdocs\\e-arsip_ci4\\app\\Views\\pages\\bantuan_chat.php', 51)
 2 SYSTEMPATH\View\View.php(226): include('C:\\xampp\\htdocs\\e-arsip_ci4\\app\\Views\\pages\\bantuan_chat.php')
 3 SYSTEMPATH\View\View.php(229): CodeIgniter\View\View->CodeIgniter\View\{closure}()
 4 SYSTEMPATH\Common.php(1167): CodeIgniter\View\View->render('pages/bantuan_chat', [], true)
 5 APPPATH\Controllers\Bantuan.php(69): view('pages/bantuan_chat', [...])
 6 SYSTEMPATH\CodeIgniter.php(933): App\Controllers\Bantuan->chat('18', 'default')
 7 SYSTEMPATH\CodeIgniter.php(507): CodeIgniter\CodeIgniter->runController(Object(App\Controllers\Bantuan))
 8 SYSTEMPATH\CodeIgniter.php(354): CodeIgniter\CodeIgniter->handleRequest(null, Object(Config\Cache), false)
 9 SYSTEMPATH\Boot.php(363): CodeIgniter\CodeIgniter->run()
10 SYSTEMPATH\Boot.php(68): CodeIgniter\Boot::runCodeIgniter(Object(CodeIgniter\CodeIgniter))
11 FCPATH\index.php(59): CodeIgniter\Boot::bootWeb(Object(Config\Paths))
DEBUG - 2025-11-08 02:12:59 --> Session: Class initialized using 'CodeIgniter\Session\Handlers\FileHandler' driver.
CRITICAL - 2025-11-08 02:12:59 --> ErrorException: Undefined variable $messages
[Method: GET, Route: bantuan/chat/18/default]
in APPPATH\Views\pages\bantuan_chat.php on line 51.
 1 APPPATH\Views\pages\bantuan_chat.php(51): CodeIgniter\Debug\Exceptions->errorHandler(2, 'Undefined variable $messages', 'C:\\xampp\\htdocs\\e-arsip_ci4\\app\\Views\\pages\\bantuan_chat.php', 51)
 2 SYSTEMPATH\View\View.php(226): include('C:\\xampp\\htdocs\\e-arsip_ci4\\app\\Views\\pages\\bantuan_chat.php')
 3 SYSTEMPATH\View\View.php(229): CodeIgniter\View\View->CodeIgniter\View\{closure}()
 4 SYSTEMPATH\Common.php(1167): CodeIgniter\View\View->render('pages/bantuan_chat', [], true)
 5 APPPATH\Controllers\Bantuan.php(69): view('pages/bantuan_chat', [...])
 6 SYSTEMPATH\CodeIgniter.php(933): App\Controllers\Bantuan->chat('18', 'default')
 7 SYSTEMPATH\CodeIgniter.php(507): CodeIgniter\CodeIgniter->runController(Object(App\Controllers\Bantuan))
 8 SYSTEMPATH\CodeIgniter.php(354): CodeIgniter\CodeIgniter->handleRequest(null, Object(Config\Cache), false)
 9 SYSTEMPATH\Boot.php(363): CodeIgniter\CodeIgniter->run()
10 SYSTEMPATH\Boot.php(68): CodeIgniter\Boot::runCodeIgniter(Object(CodeIgniter\CodeIgniter))
11 FCPATH\index.php(59): CodeIgniter\Boot::bootWeb(Object(Config\Paths))
DEBUG - 2025-11-08 02:13:00 --> Session: Class initialized using 'CodeIgniter\Session\Handlers\FileHandler' driver.
CRITICAL - 2025-11-08 02:13:00 --> ErrorException: Undefined variable $messages
[Method: GET, Route: bantuan/chat/18/default]
in APPPATH\Views\pages\bantuan_chat.php on line 51.
 1 APPPATH\Views\pages\bantuan_chat.php(51): CodeIgniter\Debug\Exceptions->errorHandler(2, 'Undefined variable $messages', 'C:\\xampp\\htdocs\\e-arsip_ci4\\app\\Views\\pages\\bantuan_chat.php', 51)
 2 SYSTEMPATH\View\View.php(226): include('C:\\xampp\\htdocs\\e-arsip_ci4\\app\\Views\\pages\\bantuan_chat.php')
 3 SYSTEMPATH\View\View.php(229): CodeIgniter\View\View->CodeIgniter\View\{closure}()
 4 SYSTEMPATH\Common.php(1167): CodeIgniter\View\View->render('pages/bantuan_chat', [], true)
 5 APPPATH\Controllers\Bantuan.php(69): view('pages/bantuan_chat', [...])
 6 SYSTEMPATH\CodeIgniter.php(933): App\Controllers\Bantuan->chat('18', 'default')
 7 SYSTEMPATH\CodeIgniter.php(507): CodeIgniter\CodeIgniter->runController(Object(App\Controllers\Bantuan))
 8 SYSTEMPATH\CodeIgniter.php(354): CodeIgniter\CodeIgniter->handleRequest(null, Object(Config\Cache), false)
 9 SYSTEMPATH\Boot.php(363): CodeIgniter\CodeIgniter->run()
10 SYSTEMPATH\Boot.php(68): CodeIgniter\Boot::runCodeIgniter(Object(CodeIgniter\CodeIgniter))
11 FCPATH\index.php(59): CodeIgniter\Boot::bootWeb(Object(Config\Paths))
DEBUG - 2025-11-08 02:13:01 --> Session: Class initialized using 'CodeIgniter\Session\Handlers\FileHandler' driver.
CRITICAL - 2025-11-08 02:13:01 --> ErrorException: Undefined variable $messages
[Method: GET, Route: bantuan/chat/18/default]
in APPPATH\Views\pages\bantuan_chat.php on line 51.
 1 APPPATH\Views\pages\bantuan_chat.php(51): CodeIgniter\Debug\Exceptions->errorHandler(2, 'Undefined variable $messages', 'C:\\xampp\\htdocs\\e-arsip_ci4\\app\\Views\\pages\\bantuan_chat.php', 51)
 2 SYSTEMPATH\View\View.php(226): include('C:\\xampp\\htdocs\\e-arsip_ci4\\app\\Views\\pages\\bantuan_chat.php')
 3 SYSTEMPATH\View\View.php(229): CodeIgniter\View\View->CodeIgniter\View\{closure}()
 4 SYSTEMPATH\Common.php(1167): CodeIgniter\View\View->render('pages/bantuan_chat', [], true)
 5 APPPATH\Controllers\Bantuan.php(69): view('pages/bantuan_chat', [...])
 6 SYSTEMPATH\CodeIgniter.php(933): App\Controllers\Bantuan->chat('18', 'default')
 7 SYSTEMPATH\CodeIgniter.php(507): CodeIgniter\CodeIgniter->runController(Object(App\Controllers\Bantuan))
 8 SYSTEMPATH\CodeIgniter.php(354): CodeIgniter\CodeIgniter->handleRequest(null, Object(Config\Cache), false)
 9 SYSTEMPATH\Boot.php(363): CodeIgniter\CodeIgniter->run()
10 SYSTEMPATH\Boot.php(68): CodeIgniter\Boot::runCodeIgniter(Object(CodeIgniter\CodeIgniter))
11 FCPATH\index.php(59): CodeIgniter\Boot::bootWeb(Object(Config\Paths))
DEBUG - 2025-11-08 02:13:02 --> Session: Class initialized using 'CodeIgniter\Session\Handlers\FileHandler' driver.
CRITICAL - 2025-11-08 02:13:02 --> ErrorException: Undefined variable $messages
[Method: GET, Route: bantuan/chat/18/default]
in APPPATH\Views\pages\bantuan_chat.php on line 51.
 1 APPPATH\Views\pages\bantuan_chat.php(51): CodeIgniter\Debug\Exceptions->errorHandler(2, 'Undefined variable $messages', 'C:\\xampp\\htdocs\\e-arsip_ci4\\app\\Views\\pages\\bantuan_chat.php', 51)
 2 SYSTEMPATH\View\View.php(226): include('C:\\xampp\\htdocs\\e-arsip_ci4\\app\\Views\\pages\\bantuan_chat.php')
 3 SYSTEMPATH\View\View.php(229): CodeIgniter\View\View->CodeIgniter\View\{closure}()
 4 SYSTEMPATH\Common.php(1167): CodeIgniter\View\View->render('pages/bantuan_chat', [], true)
 5 APPPATH\Controllers\Bantuan.php(69): view('pages/bantuan_chat', [...])
 6 SYSTEMPATH\CodeIgniter.php(933): App\Controllers\Bantuan->chat('18', 'default')
 7 SYSTEMPATH\CodeIgniter.php(507): CodeIgniter\CodeIgniter->runController(Object(App\Controllers\Bantuan))
 8 SYSTEMPATH\CodeIgniter.php(354): CodeIgniter\CodeIgniter->handleRequest(null, Object(Config\Cache), false)
 9 SYSTEMPATH\Boot.php(363): CodeIgniter\CodeIgniter->run()
10 SYSTEMPATH\Boot.php(68): CodeIgniter\Boot::runCodeIgniter(Object(CodeIgniter\CodeIgniter))
11 FCPATH\index.php(59): CodeIgniter\Boot::bootWeb(Object(Config\Paths))
DEBUG - 2025-11-08 02:13:04 --> Session: Class initialized using 'CodeIgniter\Session\Handlers\FileHandler' driver.
CRITICAL - 2025-11-08 02:13:04 --> ErrorException: Undefined variable $messages
[Method: GET, Route: bantuan/chat/18/default]
in APPPATH\Views\pages\bantuan_chat.php on line 51.
 1 APPPATH\Views\pages\bantuan_chat.php(51): CodeIgniter\Debug\Exceptions->errorHandler(2, 'Undefined variable $messages', 'C:\\xampp\\htdocs\\e-arsip_ci4\\app\\Views\\pages\\bantuan_chat.php', 51)
 2 SYSTEMPATH\View\View.php(226): include('C:\\xampp\\htdocs\\e-arsip_ci4\\app\\Views\\pages\\bantuan_chat.php')
 3 SYSTEMPATH\View\View.php(229): CodeIgniter\View\View->CodeIgniter\View\{closure}()
 4 SYSTEMPATH\Common.php(1167): CodeIgniter\View\View->render('pages/bantuan_chat', [], true)
 5 APPPATH\Controllers\Bantuan.php(69): view('pages/bantuan_chat', [...])
 6 SYSTEMPATH\CodeIgniter.php(933): App\Controllers\Bantuan->chat('18', 'default')
 7 SYSTEMPATH\CodeIgniter.php(507): CodeIgniter\CodeIgniter->runController(Object(App\Controllers\Bantuan))
 8 SYSTEMPATH\CodeIgniter.php(354): CodeIgniter\CodeIgniter->handleRequest(null, Object(Config\Cache), false)
 9 SYSTEMPATH\Boot.php(363): CodeIgniter\CodeIgniter->run()
10 SYSTEMPATH\Boot.php(68): CodeIgniter\Boot::runCodeIgniter(Object(CodeIgniter\CodeIgniter))
11 FCPATH\index.php(59): CodeIgniter\Boot::bootWeb(Object(Config\Paths))
DEBUG - 2025-11-08 02:13:05 --> Session: Class initialized using 'CodeIgniter\Session\Handlers\FileHandler' driver.
CRITICAL - 2025-11-08 02:13:05 --> ErrorException: Undefined variable $messages
[Method: GET, Route: bantuan/chat/18/default]
in APPPATH\Views\pages\bantuan_chat.php on line 51.
 1 APPPATH\Views\pages\bantuan_chat.php(51): CodeIgniter\Debug\Exceptions->errorHandler(2, 'Undefined variable $messages', 'C:\\xampp\\htdocs\\e-arsip_ci4\\app\\Views\\pages\\bantuan_chat.php', 51)
 2 SYSTEMPATH\View\View.php(226): include('C:\\xampp\\htdocs\\e-arsip_ci4\\app\\Views\\pages\\bantuan_chat.php')
 3 SYSTEMPATH\View\View.php(229): CodeIgniter\View\View->CodeIgniter\View\{closure}()
 4 SYSTEMPATH\Common.php(1167): CodeIgniter\View\View->render('pages/bantuan_chat', [], true)
 5 APPPATH\Controllers\Bantuan.php(69): view('pages/bantuan_chat', [...])
 6 SYSTEMPATH\CodeIgniter.php(933): App\Controllers\Bantuan->chat('18', 'default')
 7 SYSTEMPATH\CodeIgniter.php(507): CodeIgniter\CodeIgniter->runController(Object(App\Controllers\Bantuan))
 8 SYSTEMPATH\CodeIgniter.php(354): CodeIgniter\CodeIgniter->handleRequest(null, Object(Config\Cache), false)
 9 SYSTEMPATH\Boot.php(363): CodeIgniter\CodeIgniter->run()
10 SYSTEMPATH\Boot.php(68): CodeIgniter\Boot::runCodeIgniter(Object(CodeIgniter\CodeIgniter))
11 FCPATH\index.php(59): CodeIgniter\Boot::bootWeb(Object(Config\Paths))
DEBUG - 2025-11-08 02:13:06 --> Session: Class initialized using 'CodeIgniter\Session\Handlers\FileHandler' driver.
CRITICAL - 2025-11-08 02:13:06 --> ErrorException: Undefined variable $messages
[Method: GET, Route: bantuan/chat/18/default]
in APPPATH\Views\pages\bantuan_chat.php on line 51.
 1 APPPATH\Views\pages\bantuan_chat.php(51): CodeIgniter\Debug\Exceptions->errorHandler(2, 'Undefined variable $messages', 'C:\\xampp\\htdocs\\e-arsip_ci4\\app\\Views\\pages\\bantuan_chat.php', 51)
 2 SYSTEMPATH\View\View.php(226): include('C:\\xampp\\htdocs\\e-arsip_ci4\\app\\Views\\pages\\bantuan_chat.php')
 3 SYSTEMPATH\View\View.php(229): CodeIgniter\View\View->CodeIgniter\View\{closure}()
 4 SYSTEMPATH\Common.php(1167): CodeIgniter\View\View->render('pages/bantuan_chat', [], true)
 5 APPPATH\Controllers\Bantuan.php(69): view('pages/bantuan_chat', [...])
 6 SYSTEMPATH\CodeIgniter.php(933): App\Controllers\Bantuan->chat('18', 'default')
 7 SYSTEMPATH\CodeIgniter.php(507): CodeIgniter\CodeIgniter->runController(Object(App\Controllers\Bantuan))
 8 SYSTEMPATH\CodeIgniter.php(354): CodeIgniter\CodeIgniter->handleRequest(null, Object(Config\Cache), false)
 9 SYSTEMPATH\Boot.php(363): CodeIgniter\CodeIgniter->run()
10 SYSTEMPATH\Boot.php(68): CodeIgniter\Boot::runCodeIgniter(Object(CodeIgniter\CodeIgniter))
11 FCPATH\index.php(59): CodeIgniter\Boot::bootWeb(Object(Config\Paths))
DEBUG - 2025-11-08 02:13:07 --> Session: Class initialized using 'CodeIgniter\Session\Handlers\FileHandler' driver.
CRITICAL - 2025-11-08 02:13:07 --> ErrorException: Undefined variable $messages
[Method: GET, Route: bantuan/chat/18/default]
in APPPATH\Views\pages\bantuan_chat.php on line 51.
 1 APPPATH\Views\pages\bantuan_chat.php(51): CodeIgniter\Debug\Exceptions->errorHandler(2, 'Undefined variable $messages', 'C:\\xampp\\htdocs\\e-arsip_ci4\\app\\Views\\pages\\bantuan_chat.php', 51)
 2 SYSTEMPATH\View\View.php(226): include('C:\\xampp\\htdocs\\e-arsip_ci4\\app\\Views\\pages\\bantuan_chat.php')
 3 SYSTEMPATH\View\View.php(229): CodeIgniter\View\View->CodeIgniter\View\{closure}()
 4 SYSTEMPATH\Common.php(1167): CodeIgniter\View\View->render('pages/bantuan_chat', [], true)
 5 APPPATH\Controllers\Bantuan.php(69): view('pages/bantuan_chat', [...])
 6 SYSTEMPATH\CodeIgniter.php(933): App\Controllers\Bantuan->chat('18', 'default')
 7 SYSTEMPATH\CodeIgniter.php(507): CodeIgniter\CodeIgniter->runController(Object(App\Controllers\Bantuan))
 8 SYSTEMPATH\CodeIgniter.php(354): CodeIgniter\CodeIgniter->handleRequest(null, Object(Config\Cache), false)
 9 SYSTEMPATH\Boot.php(363): CodeIgniter\CodeIgniter->run()
10 SYSTEMPATH\Boot.php(68): CodeIgniter\Boot::runCodeIgniter(Object(CodeIgniter\CodeIgniter))
11 FCPATH\index.php(59): CodeIgniter\Boot::bootWeb(Object(Config\Paths))
DEBUG - 2025-11-08 02:13:08 --> Session: Class initialized using 'CodeIgniter\Session\Handlers\FileHandler' driver.
CRITICAL - 2025-11-08 02:13:08 --> ErrorException: Undefined variable $messages
[Method: GET, Route: bantuan/chat/18/default]
in APPPATH\Views\pages\bantuan_chat.php on line 51.
 1 APPPATH\Views\pages\bantuan_chat.php(51): CodeIgniter\Debug\Exceptions->errorHandler(2, 'Undefined variable $messages', 'C:\\xampp\\htdocs\\e-arsip_ci4\\app\\Views\\pages\\bantuan_chat.php', 51)
 2 SYSTEMPATH\View\View.php(226): include('C:\\xampp\\htdocs\\e-arsip_ci4\\app\\Views\\pages\\bantuan_chat.php')
 3 SYSTEMPATH\View\View.php(229): CodeIgniter\View\View->CodeIgniter\View\{closure}()
 4 SYSTEMPATH\Common.php(1167): CodeIgniter\View\View->render('pages/bantuan_chat', [], true)
 5 APPPATH\Controllers\Bantuan.php(69): view('pages/bantuan_chat', [...])
 6 SYSTEMPATH\CodeIgniter.php(933): App\Controllers\Bantuan->chat('18', 'default')
 7 SYSTEMPATH\CodeIgniter.php(507): CodeIgniter\CodeIgniter->runController(Object(App\Controllers\Bantuan))
 8 SYSTEMPATH\CodeIgniter.php(354): CodeIgniter\CodeIgniter->handleRequest(null, Object(Config\Cache), false)
 9 SYSTEMPATH\Boot.php(363): CodeIgniter\CodeIgniter->run()
10 SYSTEMPATH\Boot.php(68): CodeIgniter\Boot::runCodeIgniter(Object(CodeIgniter\CodeIgniter))
11 FCPATH\index.php(59): CodeIgniter\Boot::bootWeb(Object(Config\Paths))
DEBUG - 2025-11-08 02:13:10 --> Session: Class initialized using 'CodeIgniter\Session\Handlers\FileHandler' driver.
CRITICAL - 2025-11-08 02:13:10 --> ErrorException: Undefined variable $messages
[Method: GET, Route: bantuan/chat/18/default]
in APPPATH\Views\pages\bantuan_chat.php on line 51.
 1 APPPATH\Views\pages\bantuan_chat.php(51): CodeIgniter\Debug\Exceptions->errorHandler(2, 'Undefined variable $messages', 'C:\\xampp\\htdocs\\e-arsip_ci4\\app\\Views\\pages\\bantuan_chat.php', 51)
 2 SYSTEMPATH\View\View.php(226): include('C:\\xampp\\htdocs\\e-arsip_ci4\\app\\Views\\pages\\bantuan_chat.php')
 3 SYSTEMPATH\View\View.php(229): CodeIgniter\View\View->CodeIgniter\View\{closure}()
 4 SYSTEMPATH\Common.php(1167): CodeIgniter\View\View->render('pages/bantuan_chat', [], true)
 5 APPPATH\Controllers\Bantuan.php(69): view('pages/bantuan_chat', [...])
 6 SYSTEMPATH\CodeIgniter.php(933): App\Controllers\Bantuan->chat('18', 'default')
 7 SYSTEMPATH\CodeIgniter.php(507): CodeIgniter\CodeIgniter->runController(Object(App\Controllers\Bantuan))
 8 SYSTEMPATH\CodeIgniter.php(354): CodeIgniter\CodeIgniter->handleRequest(null, Object(Config\Cache), false)
 9 SYSTEMPATH\Boot.php(363): CodeIgniter\CodeIgniter->run()
10 SYSTEMPATH\Boot.php(68): CodeIgniter\Boot::runCodeIgniter(Object(CodeIgniter\CodeIgniter))
11 FCPATH\index.php(59): CodeIgniter\Boot::bootWeb(Object(Config\Paths))
DEBUG - 2025-11-08 02:13:11 --> Session: Class initialized using 'CodeIgniter\Session\Handlers\FileHandler' driver.
CRITICAL - 2025-11-08 02:13:11 --> ErrorException: Undefined variable $messages
[Method: GET, Route: bantuan/chat/18/default]
in APPPATH\Views\pages\bantuan_chat.php on line 51.
 1 APPPATH\Views\pages\bantuan_chat.php(51): CodeIgniter\Debug\Exceptions->errorHandler(2, 'Undefined variable $messages', 'C:\\xampp\\htdocs\\e-arsip_ci4\\app\\Views\\pages\\bantuan_chat.php', 51)
 2 SYSTEMPATH\View\View.php(226): include('C:\\xampp\\htdocs\\e-arsip_ci4\\app\\Views\\pages\\bantuan_chat.php')
 3 SYSTEMPATH\View\View.php(229): CodeIgniter\View\View->CodeIgniter\View\{closure}()
 4 SYSTEMPATH\Common.php(1167): CodeIgniter\View\View->render('pages/bantuan_chat', [], true)
 5 APPPATH\Controllers\Bantuan.php(69): view('pages/bantuan_chat', [...])
 6 SYSTEMPATH\CodeIgniter.php(933): App\Controllers\Bantuan->chat('18', 'default')
 7 SYSTEMPATH\CodeIgniter.php(507): CodeIgniter\CodeIgniter->runController(Object(App\Controllers\Bantuan))
 8 SYSTEMPATH\CodeIgniter.php(354): CodeIgniter\CodeIgniter->handleRequest(null, Object(Config\Cache), false)
 9 SYSTEMPATH\Boot.php(363): CodeIgniter\CodeIgniter->run()
10 SYSTEMPATH\Boot.php(68): CodeIgniter\Boot::runCodeIgniter(Object(CodeIgniter\CodeIgniter))
11 FCPATH\index.php(59): CodeIgniter\Boot::bootWeb(Object(Config\Paths))
DEBUG - 2025-11-08 02:13:12 --> Session: Class initialized using 'CodeIgniter\Session\Handlers\FileHandler' driver.
CRITICAL - 2025-11-08 02:13:12 --> ErrorException: Undefined variable $messages
[Method: GET, Route: bantuan/chat/18/default]
in APPPATH\Views\pages\bantuan_chat.php on line 51.
 1 APPPATH\Views\pages\bantuan_chat.php(51): CodeIgniter\Debug\Exceptions->errorHandler(2, 'Undefined variable $messages', 'C:\\xampp\\htdocs\\e-arsip_ci4\\app\\Views\\pages\\bantuan_chat.php', 51)
 2 SYSTEMPATH\View\View.php(226): include('C:\\xampp\\htdocs\\e-arsip_ci4\\app\\Views\\pages\\bantuan_chat.php')
 3 SYSTEMPATH\View\View.php(229): CodeIgniter\View\View->CodeIgniter\View\{closure}()
 4 SYSTEMPATH\Common.php(1167): CodeIgniter\View\View->render('pages/bantuan_chat', [], true)
 5 APPPATH\Controllers\Bantuan.php(69): view('pages/bantuan_chat', [...])
 6 SYSTEMPATH\CodeIgniter.php(933): App\Controllers\Bantuan->chat('18', 'default')
 7 SYSTEMPATH\CodeIgniter.php(507): CodeIgniter\CodeIgniter->runController(Object(App\Controllers\Bantuan))
 8 SYSTEMPATH\CodeIgniter.php(354): CodeIgniter\CodeIgniter->handleRequest(null, Object(Config\Cache), false)
 9 SYSTEMPATH\Boot.php(363): CodeIgniter\CodeIgniter->run()
10 SYSTEMPATH\Boot.php(68): CodeIgniter\Boot::runCodeIgniter(Object(CodeIgniter\CodeIgniter))
11 FCPATH\index.php(59): CodeIgniter\Boot::bootWeb(Object(Config\Paths))
DEBUG - 2025-11-08 02:13:13 --> Session: Class initialized using 'CodeIgniter\Session\Handlers\FileHandler' driver.
CRITICAL - 2025-11-08 02:13:13 --> ErrorException: Undefined variable $messages
[Method: GET, Route: bantuan/chat/18/default]
in APPPATH\Views\pages\bantuan_chat.php on line 51.
 1 APPPATH\Views\pages\bantuan_chat.php(51): CodeIgniter\Debug\Exceptions->errorHandler(2, 'Undefined variable $messages', 'C:\\xampp\\htdocs\\e-arsip_ci4\\app\\Views\\pages\\bantuan_chat.php', 51)
 2 SYSTEMPATH\View\View.php(226): include('C:\\xampp\\htdocs\\e-arsip_ci4\\app\\Views\\pages\\bantuan_chat.php')
 3 SYSTEMPATH\View\View.php(229): CodeIgniter\View\View->CodeIgniter\View\{closure}()
 4 SYSTEMPATH\Common.php(1167): CodeIgniter\View\View->render('pages/bantuan_chat', [], true)
 5 APPPATH\Controllers\Bantuan.php(69): view('pages/bantuan_chat', [...])
 6 SYSTEMPATH\CodeIgniter.php(933): App\Controllers\Bantuan->chat('18', 'default')
 7 SYSTEMPATH\CodeIgniter.php(507): CodeIgniter\CodeIgniter->runController(Object(App\Controllers\Bantuan))
 8 SYSTEMPATH\CodeIgniter.php(354): CodeIgniter\CodeIgniter->handleRequest(null, Object(Config\Cache), false)
 9 SYSTEMPATH\Boot.php(363): CodeIgniter\CodeIgniter->run()
10 SYSTEMPATH\Boot.php(68): CodeIgniter\Boot::runCodeIgniter(Object(CodeIgniter\CodeIgniter))
11 FCPATH\index.php(59): CodeIgniter\Boot::bootWeb(Object(Config\Paths))
DEBUG - 2025-11-08 02:13:14 --> Session: Class initialized using 'CodeIgniter\Session\Handlers\FileHandler' driver.
CRITICAL - 2025-11-08 02:13:14 --> ErrorException: Undefined variable $messages
[Method: GET, Route: bantuan/chat/18/default]
in APPPATH\Views\pages\bantuan_chat.php on line 51.
 1 APPPATH\Views\pages\bantuan_chat.php(51): CodeIgniter\Debug\Exceptions->errorHandler(2, 'Undefined variable $messages', 'C:\\xampp\\htdocs\\e-arsip_ci4\\app\\Views\\pages\\bantuan_chat.php', 51)
 2 SYSTEMPATH\View\View.php(226): include('C:\\xampp\\htdocs\\e-arsip_ci4\\app\\Views\\pages\\bantuan_chat.php')
 3 SYSTEMPATH\View\View.php(229): CodeIgniter\View\View->CodeIgniter\View\{closure}()
 4 SYSTEMPATH\Common.php(1167): CodeIgniter\View\View->render('pages/bantuan_chat', [], true)
 5 APPPATH\Controllers\Bantuan.php(69): view('pages/bantuan_chat', [...])
 6 SYSTEMPATH\CodeIgniter.php(933): App\Controllers\Bantuan->chat('18', 'default')
 7 SYSTEMPATH\CodeIgniter.php(507): CodeIgniter\CodeIgniter->runController(Object(App\Controllers\Bantuan))
 8 SYSTEMPATH\CodeIgniter.php(354): CodeIgniter\CodeIgniter->handleRequest(null, Object(Config\Cache), false)
 9 SYSTEMPATH\Boot.php(363): CodeIgniter\CodeIgniter->run()
10 SYSTEMPATH\Boot.php(68): CodeIgniter\Boot::runCodeIgniter(Object(CodeIgniter\CodeIgniter))
11 FCPATH\index.php(59): CodeIgniter\Boot::bootWeb(Object(Config\Paths))
DEBUG - 2025-11-08 02:13:16 --> Session: Class initialized using 'CodeIgniter\Session\Handlers\FileHandler' driver.
CRITICAL - 2025-11-08 02:13:16 --> ErrorException: Undefined variable $messages
[Method: GET, Route: bantuan/chat/18/default]
in APPPATH\Views\pages\bantuan_chat.php on line 51.
 1 APPPATH\Views\pages\bantuan_chat.php(51): CodeIgniter\Debug\Exceptions->errorHandler(2, 'Undefined variable $messages', 'C:\\xampp\\htdocs\\e-arsip_ci4\\app\\Views\\pages\\bantuan_chat.php', 51)
 2 SYSTEMPATH\View\View.php(226): include('C:\\xampp\\htdocs\\e-arsip_ci4\\app\\Views\\pages\\bantuan_chat.php')
 3 SYSTEMPATH\View\View.php(229): CodeIgniter\View\View->CodeIgniter\View\{closure}()
 4 SYSTEMPATH\Common.php(1167): CodeIgniter\View\View->render('pages/bantuan_chat', [], true)
 5 APPPATH\Controllers\Bantuan.php(69): view('pages/bantuan_chat', [...])
 6 SYSTEMPATH\CodeIgniter.php(933): App\Controllers\Bantuan->chat('18', 'default')
 7 SYSTEMPATH\CodeIgniter.php(507): CodeIgniter\CodeIgniter->runController(Object(App\Controllers\Bantuan))
 8 SYSTEMPATH\CodeIgniter.php(354): CodeIgniter\CodeIgniter->handleRequest(null, Object(Config\Cache), false)
 9 SYSTEMPATH\Boot.php(363): CodeIgniter\CodeIgniter->run()
10 SYSTEMPATH\Boot.php(68): CodeIgniter\Boot::runCodeIgniter(Object(CodeIgniter\CodeIgniter))
11 FCPATH\index.php(59): CodeIgniter\Boot::bootWeb(Object(Config\Paths))
DEBUG - 2025-11-08 02:13:17 --> Session: Class initialized using 'CodeIgniter\Session\Handlers\FileHandler' driver.
CRITICAL - 2025-11-08 02:13:17 --> ErrorException: Undefined variable $messages
[Method: GET, Route: bantuan/chat/18/default]
in APPPATH\Views\pages\bantuan_chat.php on line 51.
 1 APPPATH\Views\pages\bantuan_chat.php(51): CodeIgniter\Debug\Exceptions->errorHandler(2, 'Undefined variable $messages', 'C:\\xampp\\htdocs\\e-arsip_ci4\\app\\Views\\pages\\bantuan_chat.php', 51)
 2 SYSTEMPATH\View\View.php(226): include('C:\\xampp\\htdocs\\e-arsip_ci4\\app\\Views\\pages\\bantuan_chat.php')
 3 SYSTEMPATH\View\View.php(229): CodeIgniter\View\View->CodeIgniter\View\{closure}()
 4 SYSTEMPATH\Common.php(1167): CodeIgniter\View\View->render('pages/bantuan_chat', [], true)
 5 APPPATH\Controllers\Bantuan.php(69): view('pages/bantuan_chat', [...])
 6 SYSTEMPATH\CodeIgniter.php(933): App\Controllers\Bantuan->chat('18', 'default')
 7 SYSTEMPATH\CodeIgniter.php(507): CodeIgniter\CodeIgniter->runController(Object(App\Controllers\Bantuan))
 8 SYSTEMPATH\CodeIgniter.php(354): CodeIgniter\CodeIgniter->handleRequest(null, Object(Config\Cache), false)
 9 SYSTEMPATH\Boot.php(363): CodeIgniter\CodeIgniter->run()
10 SYSTEMPATH\Boot.php(68): CodeIgniter\Boot::runCodeIgniter(Object(CodeIgniter\CodeIgniter))
11 FCPATH\index.php(59): CodeIgniter\Boot::bootWeb(Object(Config\Paths))
DEBUG - 2025-11-08 02:13:18 --> Session: Class initialized using 'CodeIgniter\Session\Handlers\FileHandler' driver.
CRITICAL - 2025-11-08 02:13:18 --> ErrorException: Undefined variable $messages
[Method: GET, Route: bantuan/chat/18/default]
in APPPATH\Views\pages\bantuan_chat.php on line 51.
 1 APPPATH\Views\pages\bantuan_chat.php(51): CodeIgniter\Debug\Exceptions->errorHandler(2, 'Undefined variable $messages', 'C:\\xampp\\htdocs\\e-arsip_ci4\\app\\Views\\pages\\bantuan_chat.php', 51)
 2 SYSTEMPATH\View\View.php(226): include('C:\\xampp\\htdocs\\e-arsip_ci4\\app\\Views\\pages\\bantuan_chat.php')
 3 SYSTEMPATH\View\View.php(229): CodeIgniter\View\View->CodeIgniter\View\{closure}()
 4 SYSTEMPATH\Common.php(1167): CodeIgniter\View\View->render('pages/bantuan_chat', [], true)
 5 APPPATH\Controllers\Bantuan.php(69): view('pages/bantuan_chat', [...])
 6 SYSTEMPATH\CodeIgniter.php(933): App\Controllers\Bantuan->chat('18', 'default')
 7 SYSTEMPATH\CodeIgniter.php(507): CodeIgniter\CodeIgniter->runController(Object(App\Controllers\Bantuan))
 8 SYSTEMPATH\CodeIgniter.php(354): CodeIgniter\CodeIgniter->handleRequest(null, Object(Config\Cache), false)
 9 SYSTEMPATH\Boot.php(363): CodeIgniter\CodeIgniter->run()
10 SYSTEMPATH\Boot.php(68): CodeIgniter\Boot::runCodeIgniter(Object(CodeIgniter\CodeIgniter))
11 FCPATH\index.php(59): CodeIgniter\Boot::bootWeb(Object(Config\Paths))
DEBUG - 2025-11-08 02:13:19 --> Session: Class initialized using 'CodeIgniter\Session\Handlers\FileHandler' driver.
CRITICAL - 2025-11-08 02:13:19 --> ErrorException: Undefined variable $messages
[Method: GET, Route: bantuan/chat/18/default]
in APPPATH\Views\pages\bantuan_chat.php on line 51.
 1 APPPATH\Views\pages\bantuan_chat.php(51): CodeIgniter\Debug\Exceptions->errorHandler(2, 'Undefined variable $messages', 'C:\\xampp\\htdocs\\e-arsip_ci4\\app\\Views\\pages\\bantuan_chat.php', 51)
 2 SYSTEMPATH\View\View.php(226): include('C:\\xampp\\htdocs\\e-arsip_ci4\\app\\Views\\pages\\bantuan_chat.php')
 3 SYSTEMPATH\View\View.php(229): CodeIgniter\View\View->CodeIgniter\View\{closure}()
 4 SYSTEMPATH\Common.php(1167): CodeIgniter\View\View->render('pages/bantuan_chat', [], true)
 5 APPPATH\Controllers\Bantuan.php(69): view('pages/bantuan_chat', [...])
 6 SYSTEMPATH\CodeIgniter.php(933): App\Controllers\Bantuan->chat('18', 'default')
 7 SYSTEMPATH\CodeIgniter.php(507): CodeIgniter\CodeIgniter->runController(Object(App\Controllers\Bantuan))
 8 SYSTEMPATH\CodeIgniter.php(354): CodeIgniter\CodeIgniter->handleRequest(null, Object(Config\Cache), false)
 9 SYSTEMPATH\Boot.php(363): CodeIgniter\CodeIgniter->run()
10 SYSTEMPATH\Boot.php(68): CodeIgniter\Boot::runCodeIgniter(Object(CodeIgniter\CodeIgniter))
11 FCPATH\index.php(59): CodeIgniter\Boot::bootWeb(Object(Config\Paths))
DEBUG - 2025-11-08 02:13:20 --> Session: Class initialized using 'CodeIgniter\Session\Handlers\FileHandler' driver.
CRITICAL - 2025-11-08 02:13:20 --> ErrorException: Undefined variable $messages
[Method: GET, Route: bantuan/chat/18/default]
in APPPATH\Views\pages\bantuan_chat.php on line 51.
 1 APPPATH\Views\pages\bantuan_chat.php(51): CodeIgniter\Debug\Exceptions->errorHandler(2, 'Undefined variable $messages', 'C:\\xampp\\htdocs\\e-arsip_ci4\\app\\Views\\pages\\bantuan_chat.php', 51)
 2 SYSTEMPATH\View\View.php(226): include('C:\\xampp\\htdocs\\e-arsip_ci4\\app\\Views\\pages\\bantuan_chat.php')
 3 SYSTEMPATH\View\View.php(229): CodeIgniter\View\View->CodeIgniter\View\{closure}()
 4 SYSTEMPATH\Common.php(1167): CodeIgniter\View\View->render('pages/bantuan_chat', [], true)
 5 APPPATH\Controllers\Bantuan.php(69): view('pages/bantuan_chat', [...])
 6 SYSTEMPATH\CodeIgniter.php(933): App\Controllers\Bantuan->chat('18', 'default')
 7 SYSTEMPATH\CodeIgniter.php(507): CodeIgniter\CodeIgniter->runController(Object(App\Controllers\Bantuan))
 8 SYSTEMPATH\CodeIgniter.php(354): CodeIgniter\CodeIgniter->handleRequest(null, Object(Config\Cache), false)
 9 SYSTEMPATH\Boot.php(363): CodeIgniter\CodeIgniter->run()
10 SYSTEMPATH\Boot.php(68): CodeIgniter\Boot::runCodeIgniter(Object(CodeIgniter\CodeIgniter))
11 FCPATH\index.php(59): CodeIgniter\Boot::bootWeb(Object(Config\Paths))
DEBUG - 2025-11-08 02:13:22 --> Session: Class initialized using 'CodeIgniter\Session\Handlers\FileHandler' driver.
CRITICAL - 2025-11-08 02:13:22 --> ErrorException: Undefined variable $messages
[Method: GET, Route: bantuan/chat/18/default]
in APPPATH\Views\pages\bantuan_chat.php on line 51.
 1 APPPATH\Views\pages\bantuan_chat.php(51): CodeIgniter\Debug\Exceptions->errorHandler(2, 'Undefined variable $messages', 'C:\\xampp\\htdocs\\e-arsip_ci4\\app\\Views\\pages\\bantuan_chat.php', 51)
 2 SYSTEMPATH\View\View.php(226): include('C:\\xampp\\htdocs\\e-arsip_ci4\\app\\Views\\pages\\bantuan_chat.php')
 3 SYSTEMPATH\View\View.php(229): CodeIgniter\View\View->CodeIgniter\View\{closure}()
 4 SYSTEMPATH\Common.php(1167): CodeIgniter\View\View->render('pages/bantuan_chat', [], true)
 5 APPPATH\Controllers\Bantuan.php(69): view('pages/bantuan_chat', [...])
 6 SYSTEMPATH\CodeIgniter.php(933): App\Controllers\Bantuan->chat('18', 'default')
 7 SYSTEMPATH\CodeIgniter.php(507): CodeIgniter\CodeIgniter->runController(Object(App\Controllers\Bantuan))
 8 SYSTEMPATH\CodeIgniter.php(354): CodeIgniter\CodeIgniter->handleRequest(null, Object(Config\Cache), false)
 9 SYSTEMPATH\Boot.php(363): CodeIgniter\CodeIgniter->run()
10 SYSTEMPATH\Boot.php(68): CodeIgniter\Boot::runCodeIgniter(Object(CodeIgniter\CodeIgniter))
11 FCPATH\index.php(59): CodeIgniter\Boot::bootWeb(Object(Config\Paths))
DEBUG - 2025-11-08 02:13:24 --> Session: Class initialized using 'CodeIgniter\Session\Handlers\FileHandler' driver.
CRITICAL - 2025-11-08 02:13:24 --> ErrorException: Undefined variable $messages
[Method: GET, Route: bantuan/chat/18/default]
in APPPATH\Views\pages\bantuan_chat.php on line 51.
 1 APPPATH\Views\pages\bantuan_chat.php(51): CodeIgniter\Debug\Exceptions->errorHandler(2, 'Undefined variable $messages', 'C:\\xampp\\htdocs\\e-arsip_ci4\\app\\Views\\pages\\bantuan_chat.php', 51)
 2 SYSTEMPATH\View\View.php(226): include('C:\\xampp\\htdocs\\e-arsip_ci4\\app\\Views\\pages\\bantuan_chat.php')
 3 SYSTEMPATH\View\View.php(229): CodeIgniter\View\View->CodeIgniter\View\{closure}()
 4 SYSTEMPATH\Common.php(1167): CodeIgniter\View\View->render('pages/bantuan_chat', [], true)
 5 APPPATH\Controllers\Bantuan.php(69): view('pages/bantuan_chat', [...])
 6 SYSTEMPATH\CodeIgniter.php(933): App\Controllers\Bantuan->chat('18', 'default')
 7 SYSTEMPATH\CodeIgniter.php(507): CodeIgniter\CodeIgniter->runController(Object(App\Controllers\Bantuan))
 8 SYSTEMPATH\CodeIgniter.php(354): CodeIgniter\CodeIgniter->handleRequest(null, Object(Config\Cache), false)
 9 SYSTEMPATH\Boot.php(363): CodeIgniter\CodeIgniter->run()
10 SYSTEMPATH\Boot.php(68): CodeIgniter\Boot::runCodeIgniter(Object(CodeIgniter\CodeIgniter))
11 FCPATH\index.php(59): CodeIgniter\Boot::bootWeb(Object(Config\Paths))
DEBUG - 2025-11-08 02:13:25 --> Session: Class initialized using 'CodeIgniter\Session\Handlers\FileHandler' driver.
CRITICAL - 2025-11-08 02:13:25 --> ErrorException: Undefined variable $messages
[Method: GET, Route: bantuan/chat/18/default]
in APPPATH\Views\pages\bantuan_chat.php on line 51.
 1 APPPATH\Views\pages\bantuan_chat.php(51): CodeIgniter\Debug\Exceptions->errorHandler(2, 'Undefined variable $messages', 'C:\\xampp\\htdocs\\e-arsip_ci4\\app\\Views\\pages\\bantuan_chat.php', 51)
 2 SYSTEMPATH\View\View.php(226): include('C:\\xampp\\htdocs\\e-arsip_ci4\\app\\Views\\pages\\bantuan_chat.php')
 3 SYSTEMPATH\View\View.php(229): CodeIgniter\View\View->CodeIgniter\View\{closure}()
 4 SYSTEMPATH\Common.php(1167): CodeIgniter\View\View->render('pages/bantuan_chat', [], true)
 5 APPPATH\Controllers\Bantuan.php(69): view('pages/bantuan_chat', [...])
 6 SYSTEMPATH\CodeIgniter.php(933): App\Controllers\Bantuan->chat('18', 'default')
 7 SYSTEMPATH\CodeIgniter.php(507): CodeIgniter\CodeIgniter->runController(Object(App\Controllers\Bantuan))
 8 SYSTEMPATH\CodeIgniter.php(354): CodeIgniter\CodeIgniter->handleRequest(null, Object(Config\Cache), false)
 9 SYSTEMPATH\Boot.php(363): CodeIgniter\CodeIgniter->run()
10 SYSTEMPATH\Boot.php(68): CodeIgniter\Boot::runCodeIgniter(Object(CodeIgniter\CodeIgniter))
11 FCPATH\index.php(59): CodeIgniter\Boot::bootWeb(Object(Config\Paths))
DEBUG - 2025-11-08 02:13:26 --> Session: Class initialized using 'CodeIgniter\Session\Handlers\FileHandler' driver.
CRITICAL - 2025-11-08 02:13:26 --> ErrorException: Undefined variable $messages
[Method: GET, Route: bantuan/chat/18/default]
in APPPATH\Views\pages\bantuan_chat.php on line 51.
 1 APPPATH\Views\pages\bantuan_chat.php(51): CodeIgniter\Debug\Exceptions->errorHandler(2, 'Undefined variable $messages', 'C:\\xampp\\htdocs\\e-arsip_ci4\\app\\Views\\pages\\bantuan_chat.php', 51)
 2 SYSTEMPATH\View\View.php(226): include('C:\\xampp\\htdocs\\e-arsip_ci4\\app\\Views\\pages\\bantuan_chat.php')
 3 SYSTEMPATH\View\View.php(229): CodeIgniter\View\View->CodeIgniter\View\{closure}()
 4 SYSTEMPATH\Common.php(1167): CodeIgniter\View\View->render('pages/bantuan_chat', [], true)
 5 APPPATH\Controllers\Bantuan.php(69): view('pages/bantuan_chat', [...])
 6 SYSTEMPATH\CodeIgniter.php(933): App\Controllers\Bantuan->chat('18', 'default')
 7 SYSTEMPATH\CodeIgniter.php(507): CodeIgniter\CodeIgniter->runController(Object(App\Controllers\Bantuan))
 8 SYSTEMPATH\CodeIgniter.php(354): CodeIgniter\CodeIgniter->handleRequest(null, Object(Config\Cache), false)
 9 SYSTEMPATH\Boot.php(363): CodeIgniter\CodeIgniter->run()
10 SYSTEMPATH\Boot.php(68): CodeIgniter\Boot::runCodeIgniter(Object(CodeIgniter\CodeIgniter))
11 FCPATH\index.php(59): CodeIgniter\Boot::bootWeb(Object(Config\Paths))
DEBUG - 2025-11-08 02:13:27 --> Session: Class initialized using 'CodeIgniter\Session\Handlers\FileHandler' driver.
CRITICAL - 2025-11-08 02:13:27 --> ErrorException: Undefined variable $messages
[Method: GET, Route: bantuan/chat/18/default]
in APPPATH\Views\pages\bantuan_chat.php on line 51.
 1 APPPATH\Views\pages\bantuan_chat.php(51): CodeIgniter\Debug\Exceptions->errorHandler(2, 'Undefined variable $messages', 'C:\\xampp\\htdocs\\e-arsip_ci4\\app\\Views\\pages\\bantuan_chat.php', 51)
 2 SYSTEMPATH\View\View.php(226): include('C:\\xampp\\htdocs\\e-arsip_ci4\\app\\Views\\pages\\bantuan_chat.php')
 3 SYSTEMPATH\View\View.php(229): CodeIgniter\View\View->CodeIgniter\View\{closure}()
 4 SYSTEMPATH\Common.php(1167): CodeIgniter\View\View->render('pages/bantuan_chat', [], true)
 5 APPPATH\Controllers\Bantuan.php(69): view('pages/bantuan_chat', [...])
 6 SYSTEMPATH\CodeIgniter.php(933): App\Controllers\Bantuan->chat('18', 'default')
 7 SYSTEMPATH\CodeIgniter.php(507): CodeIgniter\CodeIgniter->runController(Object(App\Controllers\Bantuan))
 8 SYSTEMPATH\CodeIgniter.php(354): CodeIgniter\CodeIgniter->handleRequest(null, Object(Config\Cache), false)
 9 SYSTEMPATH\Boot.php(363): CodeIgniter\CodeIgniter->run()
10 SYSTEMPATH\Boot.php(68): CodeIgniter\Boot::runCodeIgniter(Object(CodeIgniter\CodeIgniter))
11 FCPATH\index.php(59): CodeIgniter\Boot::bootWeb(Object(Config\Paths))
DEBUG - 2025-11-08 02:13:28 --> Session: Class initialized using 'CodeIgniter\Session\Handlers\FileHandler' driver.
CRITICAL - 2025-11-08 02:13:28 --> ErrorException: Undefined variable $messages
[Method: GET, Route: bantuan/chat/18/default]
in APPPATH\Views\pages\bantuan_chat.php on line 51.
 1 APPPATH\Views\pages\bantuan_chat.php(51): CodeIgniter\Debug\Exceptions->errorHandler(2, 'Undefined variable $messages', 'C:\\xampp\\htdocs\\e-arsip_ci4\\app\\Views\\pages\\bantuan_chat.php', 51)
 2 SYSTEMPATH\View\View.php(226): include('C:\\xampp\\htdocs\\e-arsip_ci4\\app\\Views\\pages\\bantuan_chat.php')
 3 SYSTEMPATH\View\View.php(229): CodeIgniter\View\View->CodeIgniter\View\{closure}()
 4 SYSTEMPATH\Common.php(1167): CodeIgniter\View\View->render('pages/bantuan_chat', [], true)
 5 APPPATH\Controllers\Bantuan.php(69): view('pages/bantuan_chat', [...])
 6 SYSTEMPATH\CodeIgniter.php(933): App\Controllers\Bantuan->chat('18', 'default')
 7 SYSTEMPATH\CodeIgniter.php(507): CodeIgniter\CodeIgniter->runController(Object(App\Controllers\Bantuan))
 8 SYSTEMPATH\CodeIgniter.php(354): CodeIgniter\CodeIgniter->handleRequest(null, Object(Config\Cache), false)
 9 SYSTEMPATH\Boot.php(363): CodeIgniter\CodeIgniter->run()
10 SYSTEMPATH\Boot.php(68): CodeIgniter\Boot::runCodeIgniter(Object(CodeIgniter\CodeIgniter))
11 FCPATH\index.php(59): CodeIgniter\Boot::bootWeb(Object(Config\Paths))
DEBUG - 2025-11-08 02:13:30 --> Session: Class initialized using 'CodeIgniter\Session\Handlers\FileHandler' driver.
CRITICAL - 2025-11-08 02:13:30 --> ErrorException: Undefined variable $messages
[Method: GET, Route: bantuan/chat/18/default]
in APPPATH\Views\pages\bantuan_chat.php on line 51.
 1 APPPATH\Views\pages\bantuan_chat.php(51): CodeIgniter\Debug\Exceptions->errorHandler(2, 'Undefined variable $messages', 'C:\\xampp\\htdocs\\e-arsip_ci4\\app\\Views\\pages\\bantuan_chat.php', 51)
 2 SYSTEMPATH\View\View.php(226): include('C:\\xampp\\htdocs\\e-arsip_ci4\\app\\Views\\pages\\bantuan_chat.php')
 3 SYSTEMPATH\View\View.php(229): CodeIgniter\View\View->CodeIgniter\View\{closure}()
 4 SYSTEMPATH\Common.php(1167): CodeIgniter\View\View->render('pages/bantuan_chat', [], true)
 5 APPPATH\Controllers\Bantuan.php(69): view('pages/bantuan_chat', [...])
 6 SYSTEMPATH\CodeIgniter.php(933): App\Controllers\Bantuan->chat('18', 'default')
 7 SYSTEMPATH\CodeIgniter.php(507): CodeIgniter\CodeIgniter->runController(Object(App\Controllers\Bantuan))
 8 SYSTEMPATH\CodeIgniter.php(354): CodeIgniter\CodeIgniter->handleRequest(null, Object(Config\Cache), false)
 9 SYSTEMPATH\Boot.php(363): CodeIgniter\CodeIgniter->run()
10 SYSTEMPATH\Boot.php(68): CodeIgniter\Boot::runCodeIgniter(Object(CodeIgniter\CodeIgniter))
11 FCPATH\index.php(59): CodeIgniter\Boot::bootWeb(Object(Config\Paths))
DEBUG - 2025-11-08 02:13:31 --> Session: Class initialized using 'CodeIgniter\Session\Handlers\FileHandler' driver.
CRITICAL - 2025-11-08 02:13:31 --> ErrorException: Undefined variable $messages
[Method: GET, Route: bantuan/chat/18/default]
in APPPATH\Views\pages\bantuan_chat.php on line 51.
 1 APPPATH\Views\pages\bantuan_chat.php(51): CodeIgniter\Debug\Exceptions->errorHandler(2, 'Undefined variable $messages', 'C:\\xampp\\htdocs\\e-arsip_ci4\\app\\Views\\pages\\bantuan_chat.php', 51)
 2 SYSTEMPATH\View\View.php(226): include('C:\\xampp\\htdocs\\e-arsip_ci4\\app\\Views\\pages\\bantuan_chat.php')
 3 SYSTEMPATH\View\View.php(229): CodeIgniter\View\View->CodeIgniter\View\{closure}()
 4 SYSTEMPATH\Common.php(1167): CodeIgniter\View\View->render('pages/bantuan_chat', [], true)
 5 APPPATH\Controllers\Bantuan.php(69): view('pages/bantuan_chat', [...])
 6 SYSTEMPATH\CodeIgniter.php(933): App\Controllers\Bantuan->chat('18', 'default')
 7 SYSTEMPATH\CodeIgniter.php(507): CodeIgniter\CodeIgniter->runController(Object(App\Controllers\Bantuan))
 8 SYSTEMPATH\CodeIgniter.php(354): CodeIgniter\CodeIgniter->handleRequest(null, Object(Config\Cache), false)
 9 SYSTEMPATH\Boot.php(363): CodeIgniter\CodeIgniter->run()
10 SYSTEMPATH\Boot.php(68): CodeIgniter\Boot::runCodeIgniter(Object(CodeIgniter\CodeIgniter))
11 FCPATH\index.php(59): CodeIgniter\Boot::bootWeb(Object(Config\Paths))
DEBUG - 2025-11-08 02:13:32 --> Session: Class initialized using 'CodeIgniter\Session\Handlers\FileHandler' driver.
CRITICAL - 2025-11-08 02:13:32 --> ErrorException: Undefined variable $messages
[Method: GET, Route: bantuan/chat/18/default]
in APPPATH\Views\pages\bantuan_chat.php on line 51.
 1 APPPATH\Views\pages\bantuan_chat.php(51): CodeIgniter\Debug\Exceptions->errorHandler(2, 'Undefined variable $messages', 'C:\\xampp\\htdocs\\e-arsip_ci4\\app\\Views\\pages\\bantuan_chat.php', 51)
 2 SYSTEMPATH\View\View.php(226): include('C:\\xampp\\htdocs\\e-arsip_ci4\\app\\Views\\pages\\bantuan_chat.php')
 3 SYSTEMPATH\View\View.php(229): CodeIgniter\View\View->CodeIgniter\View\{closure}()
 4 SYSTEMPATH\Common.php(1167): CodeIgniter\View\View->render('pages/bantuan_chat', [], true)
 5 APPPATH\Controllers\Bantuan.php(69): view('pages/bantuan_chat', [...])
 6 SYSTEMPATH\CodeIgniter.php(933): App\Controllers\Bantuan->chat('18', 'default')
 7 SYSTEMPATH\CodeIgniter.php(507): CodeIgniter\CodeIgniter->runController(Object(App\Controllers\Bantuan))
 8 SYSTEMPATH\CodeIgniter.php(354): CodeIgniter\CodeIgniter->handleRequest(null, Object(Config\Cache), false)
 9 SYSTEMPATH\Boot.php(363): CodeIgniter\CodeIgniter->run()
10 SYSTEMPATH\Boot.php(68): CodeIgniter\Boot::runCodeIgniter(Object(CodeIgniter\CodeIgniter))
11 FCPATH\index.php(59): CodeIgniter\Boot::bootWeb(Object(Config\Paths))
DEBUG - 2025-11-08 02:13:33 --> Session: Class initialized using 'CodeIgniter\Session\Handlers\FileHandler' driver.
CRITICAL - 2025-11-08 02:13:33 --> ErrorException: Undefined variable $messages
[Method: GET, Route: bantuan/chat/18/default]
in APPPATH\Views\pages\bantuan_chat.php on line 51.
 1 APPPATH\Views\pages\bantuan_chat.php(51): CodeIgniter\Debug\Exceptions->errorHandler(2, 'Undefined variable $messages', 'C:\\xampp\\htdocs\\e-arsip_ci4\\app\\Views\\pages\\bantuan_chat.php', 51)
 2 SYSTEMPATH\View\View.php(226): include('C:\\xampp\\htdocs\\e-arsip_ci4\\app\\Views\\pages\\bantuan_chat.php')
 3 SYSTEMPATH\View\View.php(229): CodeIgniter\View\View->CodeIgniter\View\{closure}()
 4 SYSTEMPATH\Common.php(1167): CodeIgniter\View\View->render('pages/bantuan_chat', [], true)
 5 APPPATH\Controllers\Bantuan.php(69): view('pages/bantuan_chat', [...])
 6 SYSTEMPATH\CodeIgniter.php(933): App\Controllers\Bantuan->chat('18', 'default')
 7 SYSTEMPATH\CodeIgniter.php(507): CodeIgniter\CodeIgniter->runController(Object(App\Controllers\Bantuan))
 8 SYSTEMPATH\CodeIgniter.php(354): CodeIgniter\CodeIgniter->handleRequest(null, Object(Config\Cache), false)
 9 SYSTEMPATH\Boot.php(363): CodeIgniter\CodeIgniter->run()
10 SYSTEMPATH\Boot.php(68): CodeIgniter\Boot::runCodeIgniter(Object(CodeIgniter\CodeIgniter))
11 FCPATH\index.php(59): CodeIgniter\Boot::bootWeb(Object(Config\Paths))
DEBUG - 2025-11-08 02:13:34 --> Session: Class initialized using 'CodeIgniter\Session\Handlers\FileHandler' driver.
CRITICAL - 2025-11-08 02:13:34 --> ErrorException: Undefined variable $messages
[Method: GET, Route: bantuan/chat/18/default]
in APPPATH\Views\pages\bantuan_chat.php on line 51.
 1 APPPATH\Views\pages\bantuan_chat.php(51): CodeIgniter\Debug\Exceptions->errorHandler(2, 'Undefined variable $messages', 'C:\\xampp\\htdocs\\e-arsip_ci4\\app\\Views\\pages\\bantuan_chat.php', 51)
 2 SYSTEMPATH\View\View.php(226): include('C:\\xampp\\htdocs\\e-arsip_ci4\\app\\Views\\pages\\bantuan_chat.php')
 3 SYSTEMPATH\View\View.php(229): CodeIgniter\View\View->CodeIgniter\View\{closure}()
 4 SYSTEMPATH\Common.php(1167): CodeIgniter\View\View->render('pages/bantuan_chat', [], true)
 5 APPPATH\Controllers\Bantuan.php(69): view('pages/bantuan_chat', [...])
 6 SYSTEMPATH\CodeIgniter.php(933): App\Controllers\Bantuan->chat('18', 'default')
 7 SYSTEMPATH\CodeIgniter.php(507): CodeIgniter\CodeIgniter->runController(Object(App\Controllers\Bantuan))
 8 SYSTEMPATH\CodeIgniter.php(354): CodeIgniter\CodeIgniter->handleRequest(null, Object(Config\Cache), false)
 9 SYSTEMPATH\Boot.php(363): CodeIgniter\CodeIgniter->run()
10 SYSTEMPATH\Boot.php(68): CodeIgniter\Boot::runCodeIgniter(Object(CodeIgniter\CodeIgniter))
11 FCPATH\index.php(59): CodeIgniter\Boot::bootWeb(Object(Config\Paths))
DEBUG - 2025-11-08 02:13:36 --> Session: Class initialized using 'CodeIgniter\Session\Handlers\FileHandler' driver.
CRITICAL - 2025-11-08 02:13:36 --> ErrorException: Undefined variable $messages
[Method: GET, Route: bantuan/chat/18/default]
in APPPATH\Views\pages\bantuan_chat.php on line 51.
 1 APPPATH\Views\pages\bantuan_chat.php(51): CodeIgniter\Debug\Exceptions->errorHandler(2, 'Undefined variable $messages', 'C:\\xampp\\htdocs\\e-arsip_ci4\\app\\Views\\pages\\bantuan_chat.php', 51)
 2 SYSTEMPATH\View\View.php(226): include('C:\\xampp\\htdocs\\e-arsip_ci4\\app\\Views\\pages\\bantuan_chat.php')
 3 SYSTEMPATH\View\View.php(229): CodeIgniter\View\View->CodeIgniter\View\{closure}()
 4 SYSTEMPATH\Common.php(1167): CodeIgniter\View\View->render('pages/bantuan_chat', [], true)
 5 APPPATH\Controllers\Bantuan.php(69): view('pages/bantuan_chat', [...])
 6 SYSTEMPATH\CodeIgniter.php(933): App\Controllers\Bantuan->chat('18', 'default')
 7 SYSTEMPATH\CodeIgniter.php(507): CodeIgniter\CodeIgniter->runController(Object(App\Controllers\Bantuan))
 8 SYSTEMPATH\CodeIgniter.php(354): CodeIgniter\CodeIgniter->handleRequest(null, Object(Config\Cache), false)
 9 SYSTEMPATH\Boot.php(363): CodeIgniter\CodeIgniter->run()
10 SYSTEMPATH\Boot.php(68): CodeIgniter\Boot::runCodeIgniter(Object(CodeIgniter\CodeIgniter))
11 FCPATH\index.php(59): CodeIgniter\Boot::bootWeb(Object(Config\Paths))
DEBUG - 2025-11-08 02:13:37 --> Session: Class initialized using 'CodeIgniter\Session\Handlers\FileHandler' driver.
CRITICAL - 2025-11-08 02:13:37 --> ErrorException: Undefined variable $messages
[Method: GET, Route: bantuan/chat/18/default]
in APPPATH\Views\pages\bantuan_chat.php on line 51.
 1 APPPATH\Views\pages\bantuan_chat.php(51): CodeIgniter\Debug\Exceptions->errorHandler(2, 'Undefined variable $messages', 'C:\\xampp\\htdocs\\e-arsip_ci4\\app\\Views\\pages\\bantuan_chat.php', 51)
 2 SYSTEMPATH\View\View.php(226): include('C:\\xampp\\htdocs\\e-arsip_ci4\\app\\Views\\pages\\bantuan_chat.php')
 3 SYSTEMPATH\View\View.php(229): CodeIgniter\View\View->CodeIgniter\View\{closure}()
 4 SYSTEMPATH\Common.php(1167): CodeIgniter\View\View->render('pages/bantuan_chat', [], true)
 5 APPPATH\Controllers\Bantuan.php(69): view('pages/bantuan_chat', [...])
 6 SYSTEMPATH\CodeIgniter.php(933): App\Controllers\Bantuan->chat('18', 'default')
 7 SYSTEMPATH\CodeIgniter.php(507): CodeIgniter\CodeIgniter->runController(Object(App\Controllers\Bantuan))
 8 SYSTEMPATH\CodeIgniter.php(354): CodeIgniter\CodeIgniter->handleRequest(null, Object(Config\Cache), false)
 9 SYSTEMPATH\Boot.php(363): CodeIgniter\CodeIgniter->run()
10 SYSTEMPATH\Boot.php(68): CodeIgniter\Boot::runCodeIgniter(Object(CodeIgniter\CodeIgniter))
11 FCPATH\index.php(59): CodeIgniter\Boot::bootWeb(Object(Config\Paths))
DEBUG - 2025-11-08 02:13:38 --> Session: Class initialized using 'CodeIgniter\Session\Handlers\FileHandler' driver.
CRITICAL - 2025-11-08 02:13:38 --> ErrorException: Undefined variable $messages
[Method: GET, Route: bantuan/chat/18/default]
in APPPATH\Views\pages\bantuan_chat.php on line 51.
 1 APPPATH\Views\pages\bantuan_chat.php(51): CodeIgniter\Debug\Exceptions->errorHandler(2, 'Undefined variable $messages', 'C:\\xampp\\htdocs\\e-arsip_ci4\\app\\Views\\pages\\bantuan_chat.php', 51)
 2 SYSTEMPATH\View\View.php(226): include('C:\\xampp\\htdocs\\e-arsip_ci4\\app\\Views\\pages\\bantuan_chat.php')
 3 SYSTEMPATH\View\View.php(229): CodeIgniter\View\View->CodeIgniter\View\{closure}()
 4 SYSTEMPATH\Common.php(1167): CodeIgniter\View\View->render('pages/bantuan_chat', [], true)
 5 APPPATH\Controllers\Bantuan.php(69): view('pages/bantuan_chat', [...])
 6 SYSTEMPATH\CodeIgniter.php(933): App\Controllers\Bantuan->chat('18', 'default')
 7 SYSTEMPATH\CodeIgniter.php(507): CodeIgniter\CodeIgniter->runController(Object(App\Controllers\Bantuan))
 8 SYSTEMPATH\CodeIgniter.php(354): CodeIgniter\CodeIgniter->handleRequest(null, Object(Config\Cache), false)
 9 SYSTEMPATH\Boot.php(363): CodeIgniter\CodeIgniter->run()
10 SYSTEMPATH\Boot.php(68): CodeIgniter\Boot::runCodeIgniter(Object(CodeIgniter\CodeIgniter))
11 FCPATH\index.php(59): CodeIgniter\Boot::bootWeb(Object(Config\Paths))
DEBUG - 2025-11-08 02:13:39 --> Session: Class initialized using 'CodeIgniter\Session\Handlers\FileHandler' driver.
CRITICAL - 2025-11-08 02:13:39 --> ErrorException: Undefined variable $messages
[Method: GET, Route: bantuan/chat/18/default]
in APPPATH\Views\pages\bantuan_chat.php on line 51.
 1 APPPATH\Views\pages\bantuan_chat.php(51): CodeIgniter\Debug\Exceptions->errorHandler(2, 'Undefined variable $messages', 'C:\\xampp\\htdocs\\e-arsip_ci4\\app\\Views\\pages\\bantuan_chat.php', 51)
 2 SYSTEMPATH\View\View.php(226): include('C:\\xampp\\htdocs\\e-arsip_ci4\\app\\Views\\pages\\bantuan_chat.php')
 3 SYSTEMPATH\View\View.php(229): CodeIgniter\View\View->CodeIgniter\View\{closure}()
 4 SYSTEMPATH\Common.php(1167): CodeIgniter\View\View->render('pages/bantuan_chat', [], true)
 5 APPPATH\Controllers\Bantuan.php(69): view('pages/bantuan_chat', [...])
 6 SYSTEMPATH\CodeIgniter.php(933): App\Controllers\Bantuan->chat('18', 'default')
 7 SYSTEMPATH\CodeIgniter.php(507): CodeIgniter\CodeIgniter->runController(Object(App\Controllers\Bantuan))
 8 SYSTEMPATH\CodeIgniter.php(354): CodeIgniter\CodeIgniter->handleRequest(null, Object(Config\Cache), false)
 9 SYSTEMPATH\Boot.php(363): CodeIgniter\CodeIgniter->run()
10 SYSTEMPATH\Boot.php(68): CodeIgniter\Boot::runCodeIgniter(Object(CodeIgniter\CodeIgniter))
11 FCPATH\index.php(59): CodeIgniter\Boot::bootWeb(Object(Config\Paths))
DEBUG - 2025-11-08 02:13:40 --> Session: Class initialized using 'CodeIgniter\Session\Handlers\FileHandler' driver.
CRITICAL - 2025-11-08 02:13:40 --> ErrorException: Undefined variable $messages
[Method: GET, Route: bantuan/chat/18/default]
in APPPATH\Views\pages\bantuan_chat.php on line 51.
 1 APPPATH\Views\pages\bantuan_chat.php(51): CodeIgniter\Debug\Exceptions->errorHandler(2, 'Undefined variable $messages', 'C:\\xampp\\htdocs\\e-arsip_ci4\\app\\Views\\pages\\bantuan_chat.php', 51)
 2 SYSTEMPATH\View\View.php(226): include('C:\\xampp\\htdocs\\e-arsip_ci4\\app\\Views\\pages\\bantuan_chat.php')
 3 SYSTEMPATH\View\View.php(229): CodeIgniter\View\View->CodeIgniter\View\{closure}()
 4 SYSTEMPATH\Common.php(1167): CodeIgniter\View\View->render('pages/bantuan_chat', [], true)
 5 APPPATH\Controllers\Bantuan.php(69): view('pages/bantuan_chat', [...])
 6 SYSTEMPATH\CodeIgniter.php(933): App\Controllers\Bantuan->chat('18', 'default')
 7 SYSTEMPATH\CodeIgniter.php(507): CodeIgniter\CodeIgniter->runController(Object(App\Controllers\Bantuan))
 8 SYSTEMPATH\CodeIgniter.php(354): CodeIgniter\CodeIgniter->handleRequest(null, Object(Config\Cache), false)
 9 SYSTEMPATH\Boot.php(363): CodeIgniter\CodeIgniter->run()
10 SYSTEMPATH\Boot.php(68): CodeIgniter\Boot::runCodeIgniter(Object(CodeIgniter\CodeIgniter))
11 FCPATH\index.php(59): CodeIgniter\Boot::bootWeb(Object(Config\Paths))
DEBUG - 2025-11-08 02:13:42 --> Session: Class initialized using 'CodeIgniter\Session\Handlers\FileHandler' driver.
CRITICAL - 2025-11-08 02:13:42 --> ErrorException: Undefined variable $messages
[Method: GET, Route: bantuan/chat/18/default]
in APPPATH\Views\pages\bantuan_chat.php on line 51.
 1 APPPATH\Views\pages\bantuan_chat.php(51): CodeIgniter\Debug\Exceptions->errorHandler(2, 'Undefined variable $messages', 'C:\\xampp\\htdocs\\e-arsip_ci4\\app\\Views\\pages\\bantuan_chat.php', 51)
 2 SYSTEMPATH\View\View.php(226): include('C:\\xampp\\htdocs\\e-arsip_ci4\\app\\Views\\pages\\bantuan_chat.php')
 3 SYSTEMPATH\View\View.php(229): CodeIgniter\View\View->CodeIgniter\View\{closure}()
 4 SYSTEMPATH\Common.php(1167): CodeIgniter\View\View->render('pages/bantuan_chat', [], true)
 5 APPPATH\Controllers\Bantuan.php(69): view('pages/bantuan_chat', [...])
 6 SYSTEMPATH\CodeIgniter.php(933): App\Controllers\Bantuan->chat('18', 'default')
 7 SYSTEMPATH\CodeIgniter.php(507): CodeIgniter\CodeIgniter->runController(Object(App\Controllers\Bantuan))
 8 SYSTEMPATH\CodeIgniter.php(354): CodeIgniter\CodeIgniter->handleRequest(null, Object(Config\Cache), false)
 9 SYSTEMPATH\Boot.php(363): CodeIgniter\CodeIgniter->run()
10 SYSTEMPATH\Boot.php(68): CodeIgniter\Boot::runCodeIgniter(Object(CodeIgniter\CodeIgniter))
11 FCPATH\index.php(59): CodeIgniter\Boot::bootWeb(Object(Config\Paths))
DEBUG - 2025-11-08 02:13:43 --> Session: Class initialized using 'CodeIgniter\Session\Handlers\FileHandler' driver.
CRITICAL - 2025-11-08 02:13:43 --> ErrorException: Undefined variable $messages
[Method: GET, Route: bantuan/chat/18/default]
in APPPATH\Views\pages\bantuan_chat.php on line 51.
 1 APPPATH\Views\pages\bantuan_chat.php(51): CodeIgniter\Debug\Exceptions->errorHandler(2, 'Undefined variable $messages', 'C:\\xampp\\htdocs\\e-arsip_ci4\\app\\Views\\pages\\bantuan_chat.php', 51)
 2 SYSTEMPATH\View\View.php(226): include('C:\\xampp\\htdocs\\e-arsip_ci4\\app\\Views\\pages\\bantuan_chat.php')
 3 SYSTEMPATH\View\View.php(229): CodeIgniter\View\View->CodeIgniter\View\{closure}()
 4 SYSTEMPATH\Common.php(1167): CodeIgniter\View\View->render('pages/bantuan_chat', [], true)
 5 APPPATH\Controllers\Bantuan.php(69): view('pages/bantuan_chat', [...])
 6 SYSTEMPATH\CodeIgniter.php(933): App\Controllers\Bantuan->chat('18', 'default')
 7 SYSTEMPATH\CodeIgniter.php(507): CodeIgniter\CodeIgniter->runController(Object(App\Controllers\Bantuan))
 8 SYSTEMPATH\CodeIgniter.php(354): CodeIgniter\CodeIgniter->handleRequest(null, Object(Config\Cache), false)
 9 SYSTEMPATH\Boot.php(363): CodeIgniter\CodeIgniter->run()
10 SYSTEMPATH\Boot.php(68): CodeIgniter\Boot::runCodeIgniter(Object(CodeIgniter\CodeIgniter))
11 FCPATH\index.php(59): CodeIgniter\Boot::bootWeb(Object(Config\Paths))
DEBUG - 2025-11-08 02:13:44 --> Session: Class initialized using 'CodeIgniter\Session\Handlers\FileHandler' driver.
CRITICAL - 2025-11-08 02:13:44 --> ErrorException: Undefined variable $messages
[Method: GET, Route: bantuan/chat/18/default]
in APPPATH\Views\pages\bantuan_chat.php on line 51.
 1 APPPATH\Views\pages\bantuan_chat.php(51): CodeIgniter\Debug\Exceptions->errorHandler(2, 'Undefined variable $messages', 'C:\\xampp\\htdocs\\e-arsip_ci4\\app\\Views\\pages\\bantuan_chat.php', 51)
 2 SYSTEMPATH\View\View.php(226): include('C:\\xampp\\htdocs\\e-arsip_ci4\\app\\Views\\pages\\bantuan_chat.php')
 3 SYSTEMPATH\View\View.php(229): CodeIgniter\View\View->CodeIgniter\View\{closure}()
 4 SYSTEMPATH\Common.php(1167): CodeIgniter\View\View->render('pages/bantuan_chat', [], true)
 5 APPPATH\Controllers\Bantuan.php(69): view('pages/bantuan_chat', [...])
 6 SYSTEMPATH\CodeIgniter.php(933): App\Controllers\Bantuan->chat('18', 'default')
 7 SYSTEMPATH\CodeIgniter.php(507): CodeIgniter\CodeIgniter->runController(Object(App\Controllers\Bantuan))
 8 SYSTEMPATH\CodeIgniter.php(354): CodeIgniter\CodeIgniter->handleRequest(null, Object(Config\Cache), false)
 9 SYSTEMPATH\Boot.php(363): CodeIgniter\CodeIgniter->run()
10 SYSTEMPATH\Boot.php(68): CodeIgniter\Boot::runCodeIgniter(Object(CodeIgniter\CodeIgniter))
11 FCPATH\index.php(59): CodeIgniter\Boot::bootWeb(Object(Config\Paths))
DEBUG - 2025-11-08 02:13:45 --> Session: Class initialized using 'CodeIgniter\Session\Handlers\FileHandler' driver.
CRITICAL - 2025-11-08 02:13:45 --> ErrorException: Undefined variable $messages
[Method: GET, Route: bantuan/chat/18/default]
in APPPATH\Views\pages\bantuan_chat.php on line 51.
 1 APPPATH\Views\pages\bantuan_chat.php(51): CodeIgniter\Debug\Exceptions->errorHandler(2, 'Undefined variable $messages', 'C:\\xampp\\htdocs\\e-arsip_ci4\\app\\Views\\pages\\bantuan_chat.php', 51)
 2 SYSTEMPATH\View\View.php(226): include('C:\\xampp\\htdocs\\e-arsip_ci4\\app\\Views\\pages\\bantuan_chat.php')
 3 SYSTEMPATH\View\View.php(229): CodeIgniter\View\View->CodeIgniter\View\{closure}()
 4 SYSTEMPATH\Common.php(1167): CodeIgniter\View\View->render('pages/bantuan_chat', [], true)
 5 APPPATH\Controllers\Bantuan.php(69): view('pages/bantuan_chat', [...])
 6 SYSTEMPATH\CodeIgniter.php(933): App\Controllers\Bantuan->chat('18', 'default')
 7 SYSTEMPATH\CodeIgniter.php(507): CodeIgniter\CodeIgniter->runController(Object(App\Controllers\Bantuan))
 8 SYSTEMPATH\CodeIgniter.php(354): CodeIgniter\CodeIgniter->handleRequest(null, Object(Config\Cache), false)
 9 SYSTEMPATH\Boot.php(363): CodeIgniter\CodeIgniter->run()
10 SYSTEMPATH\Boot.php(68): CodeIgniter\Boot::runCodeIgniter(Object(CodeIgniter\CodeIgniter))
11 FCPATH\index.php(59): CodeIgniter\Boot::bootWeb(Object(Config\Paths))
DEBUG - 2025-11-08 02:13:46 --> Session: Class initialized using 'CodeIgniter\Session\Handlers\FileHandler' driver.
CRITICAL - 2025-11-08 02:13:46 --> ErrorException: Undefined variable $messages
[Method: GET, Route: bantuan/chat/18/default]
in APPPATH\Views\pages\bantuan_chat.php on line 51.
 1 APPPATH\Views\pages\bantuan_chat.php(51): CodeIgniter\Debug\Exceptions->errorHandler(2, 'Undefined variable $messages', 'C:\\xampp\\htdocs\\e-arsip_ci4\\app\\Views\\pages\\bantuan_chat.php', 51)
 2 SYSTEMPATH\View\View.php(226): include('C:\\xampp\\htdocs\\e-arsip_ci4\\app\\Views\\pages\\bantuan_chat.php')
 3 SYSTEMPATH\View\View.php(229): CodeIgniter\View\View->CodeIgniter\View\{closure}()
 4 SYSTEMPATH\Common.php(1167): CodeIgniter\View\View->render('pages/bantuan_chat', [], true)
 5 APPPATH\Controllers\Bantuan.php(69): view('pages/bantuan_chat', [...])
 6 SYSTEMPATH\CodeIgniter.php(933): App\Controllers\Bantuan->chat('18', 'default')
 7 SYSTEMPATH\CodeIgniter.php(507): CodeIgniter\CodeIgniter->runController(Object(App\Controllers\Bantuan))
 8 SYSTEMPATH\CodeIgniter.php(354): CodeIgniter\CodeIgniter->handleRequest(null, Object(Config\Cache), false)
 9 SYSTEMPATH\Boot.php(363): CodeIgniter\CodeIgniter->run()
10 SYSTEMPATH\Boot.php(68): CodeIgniter\Boot::runCodeIgniter(Object(CodeIgniter\CodeIgniter))
11 FCPATH\index.php(59): CodeIgniter\Boot::bootWeb(Object(Config\Paths))
DEBUG - 2025-11-08 02:13:48 --> Session: Class initialized using 'CodeIgniter\Session\Handlers\FileHandler' driver.
CRITICAL - 2025-11-08 02:13:48 --> ErrorException: Undefined variable $messages
[Method: GET, Route: bantuan/chat/18/default]
in APPPATH\Views\pages\bantuan_chat.php on line 51.
 1 APPPATH\Views\pages\bantuan_chat.php(51): CodeIgniter\Debug\Exceptions->errorHandler(2, 'Undefined variable $messages', 'C:\\xampp\\htdocs\\e-arsip_ci4\\app\\Views\\pages\\bantuan_chat.php', 51)
 2 SYSTEMPATH\View\View.php(226): include('C:\\xampp\\htdocs\\e-arsip_ci4\\app\\Views\\pages\\bantuan_chat.php')
 3 SYSTEMPATH\View\View.php(229): CodeIgniter\View\View->CodeIgniter\View\{closure}()
 4 SYSTEMPATH\Common.php(1167): CodeIgniter\View\View->render('pages/bantuan_chat', [], true)
 5 APPPATH\Controllers\Bantuan.php(69): view('pages/bantuan_chat', [...])
 6 SYSTEMPATH\CodeIgniter.php(933): App\Controllers\Bantuan->chat('18', 'default')
 7 SYSTEMPATH\CodeIgniter.php(507): CodeIgniter\CodeIgniter->runController(Object(App\Controllers\Bantuan))
 8 SYSTEMPATH\CodeIgniter.php(354): CodeIgniter\CodeIgniter->handleRequest(null, Object(Config\Cache), false)
 9 SYSTEMPATH\Boot.php(363): CodeIgniter\CodeIgniter->run()
10 SYSTEMPATH\Boot.php(68): CodeIgniter\Boot::runCodeIgniter(Object(CodeIgniter\CodeIgniter))
11 FCPATH\index.php(59): CodeIgniter\Boot::bootWeb(Object(Config\Paths))
DEBUG - 2025-11-08 02:13:49 --> Session: Class initialized using 'CodeIgniter\Session\Handlers\FileHandler' driver.
CRITICAL - 2025-11-08 02:13:49 --> ErrorException: Undefined variable $messages
[Method: GET, Route: bantuan/chat/18/default]
in APPPATH\Views\pages\bantuan_chat.php on line 51.
 1 APPPATH\Views\pages\bantuan_chat.php(51): CodeIgniter\Debug\Exceptions->errorHandler(2, 'Undefined variable $messages', 'C:\\xampp\\htdocs\\e-arsip_ci4\\app\\Views\\pages\\bantuan_chat.php', 51)
 2 SYSTEMPATH\View\View.php(226): include('C:\\xampp\\htdocs\\e-arsip_ci4\\app\\Views\\pages\\bantuan_chat.php')
 3 SYSTEMPATH\View\View.php(229): CodeIgniter\View\View->CodeIgniter\View\{closure}()
 4 SYSTEMPATH\Common.php(1167): CodeIgniter\View\View->render('pages/bantuan_chat', [], true)
 5 APPPATH\Controllers\Bantuan.php(69): view('pages/bantuan_chat', [...])
 6 SYSTEMPATH\CodeIgniter.php(933): App\Controllers\Bantuan->chat('18', 'default')
 7 SYSTEMPATH\CodeIgniter.php(507): CodeIgniter\CodeIgniter->runController(Object(App\Controllers\Bantuan))
 8 SYSTEMPATH\CodeIgniter.php(354): CodeIgniter\CodeIgniter->handleRequest(null, Object(Config\Cache), false)
 9 SYSTEMPATH\Boot.php(363): CodeIgniter\CodeIgniter->run()
10 SYSTEMPATH\Boot.php(68): CodeIgniter\Boot::runCodeIgniter(Object(CodeIgniter\CodeIgniter))
11 FCPATH\index.php(59): CodeIgniter\Boot::bootWeb(Object(Config\Paths))
DEBUG - 2025-11-08 02:13:50 --> Session: Class initialized using 'CodeIgniter\Session\Handlers\FileHandler' driver.
CRITICAL - 2025-11-08 02:13:50 --> ErrorException: Undefined variable $messages
[Method: GET, Route: bantuan/chat/18/default]
in APPPATH\Views\pages\bantuan_chat.php on line 51.
 1 APPPATH\Views\pages\bantuan_chat.php(51): CodeIgniter\Debug\Exceptions->errorHandler(2, 'Undefined variable $messages', 'C:\\xampp\\htdocs\\e-arsip_ci4\\app\\Views\\pages\\bantuan_chat.php', 51)
 2 SYSTEMPATH\View\View.php(226): include('C:\\xampp\\htdocs\\e-arsip_ci4\\app\\Views\\pages\\bantuan_chat.php')
 3 SYSTEMPATH\View\View.php(229): CodeIgniter\View\View->CodeIgniter\View\{closure}()
 4 SYSTEMPATH\Common.php(1167): CodeIgniter\View\View->render('pages/bantuan_chat', [], true)
 5 APPPATH\Controllers\Bantuan.php(69): view('pages/bantuan_chat', [...])
 6 SYSTEMPATH\CodeIgniter.php(933): App\Controllers\Bantuan->chat('18', 'default')
 7 SYSTEMPATH\CodeIgniter.php(507): CodeIgniter\CodeIgniter->runController(Object(App\Controllers\Bantuan))
 8 SYSTEMPATH\CodeIgniter.php(354): CodeIgniter\CodeIgniter->handleRequest(null, Object(Config\Cache), false)
 9 SYSTEMPATH\Boot.php(363): CodeIgniter\CodeIgniter->run()
10 SYSTEMPATH\Boot.php(68): CodeIgniter\Boot::runCodeIgniter(Object(CodeIgniter\CodeIgniter))
11 FCPATH\index.php(59): CodeIgniter\Boot::bootWeb(Object(Config\Paths))
DEBUG - 2025-11-08 02:13:51 --> Session: Class initialized using 'CodeIgniter\Session\Handlers\FileHandler' driver.
CRITICAL - 2025-11-08 02:13:51 --> ErrorException: Undefined variable $messages
[Method: GET, Route: bantuan/chat/18/default]
in APPPATH\Views\pages\bantuan_chat.php on line 51.
 1 APPPATH\Views\pages\bantuan_chat.php(51): CodeIgniter\Debug\Exceptions->errorHandler(2, 'Undefined variable $messages', 'C:\\xampp\\htdocs\\e-arsip_ci4\\app\\Views\\pages\\bantuan_chat.php', 51)
 2 SYSTEMPATH\View\View.php(226): include('C:\\xampp\\htdocs\\e-arsip_ci4\\app\\Views\\pages\\bantuan_chat.php')
 3 SYSTEMPATH\View\View.php(229): CodeIgniter\View\View->CodeIgniter\View\{closure}()
 4 SYSTEMPATH\Common.php(1167): CodeIgniter\View\View->render('pages/bantuan_chat', [], true)
 5 APPPATH\Controllers\Bantuan.php(69): view('pages/bantuan_chat', [...])
 6 SYSTEMPATH\CodeIgniter.php(933): App\Controllers\Bantuan->chat('18', 'default')
 7 SYSTEMPATH\CodeIgniter.php(507): CodeIgniter\CodeIgniter->runController(Object(App\Controllers\Bantuan))
 8 SYSTEMPATH\CodeIgniter.php(354): CodeIgniter\CodeIgniter->handleRequest(null, Object(Config\Cache), false)
 9 SYSTEMPATH\Boot.php(363): CodeIgniter\CodeIgniter->run()
10 SYSTEMPATH\Boot.php(68): CodeIgniter\Boot::runCodeIgniter(Object(CodeIgniter\CodeIgniter))
11 FCPATH\index.php(59): CodeIgniter\Boot::bootWeb(Object(Config\Paths))
DEBUG - 2025-11-08 02:13:52 --> Session: Class initialized using 'CodeIgniter\Session\Handlers\FileHandler' driver.
CRITICAL - 2025-11-08 02:13:52 --> ErrorException: Undefined variable $messages
[Method: GET, Route: bantuan/chat/18/default]
in APPPATH\Views\pages\bantuan_chat.php on line 51.
 1 APPPATH\Views\pages\bantuan_chat.php(51): CodeIgniter\Debug\Exceptions->errorHandler(2, 'Undefined variable $messages', 'C:\\xampp\\htdocs\\e-arsip_ci4\\app\\Views\\pages\\bantuan_chat.php', 51)
 2 SYSTEMPATH\View\View.php(226): include('C:\\xampp\\htdocs\\e-arsip_ci4\\app\\Views\\pages\\bantuan_chat.php')
 3 SYSTEMPATH\View\View.php(229): CodeIgniter\View\View->CodeIgniter\View\{closure}()
 4 SYSTEMPATH\Common.php(1167): CodeIgniter\View\View->render('pages/bantuan_chat', [], true)
 5 APPPATH\Controllers\Bantuan.php(69): view('pages/bantuan_chat', [...])
 6 SYSTEMPATH\CodeIgniter.php(933): App\Controllers\Bantuan->chat('18', 'default')
 7 SYSTEMPATH\CodeIgniter.php(507): CodeIgniter\CodeIgniter->runController(Object(App\Controllers\Bantuan))
 8 SYSTEMPATH\CodeIgniter.php(354): CodeIgniter\CodeIgniter->handleRequest(null, Object(Config\Cache), false)
 9 SYSTEMPATH\Boot.php(363): CodeIgniter\CodeIgniter->run()
10 SYSTEMPATH\Boot.php(68): CodeIgniter\Boot::runCodeIgniter(Object(CodeIgniter\CodeIgniter))
11 FCPATH\index.php(59): CodeIgniter\Boot::bootWeb(Object(Config\Paths))
DEBUG - 2025-11-08 02:13:54 --> Session: Class initialized using 'CodeIgniter\Session\Handlers\FileHandler' driver.
CRITICAL - 2025-11-08 02:13:54 --> ErrorException: Undefined variable $messages
[Method: GET, Route: bantuan/chat/18/default]
in APPPATH\Views\pages\bantuan_chat.php on line 51.
 1 APPPATH\Views\pages\bantuan_chat.php(51): CodeIgniter\Debug\Exceptions->errorHandler(2, 'Undefined variable $messages', 'C:\\xampp\\htdocs\\e-arsip_ci4\\app\\Views\\pages\\bantuan_chat.php', 51)
 2 SYSTEMPATH\View\View.php(226): include('C:\\xampp\\htdocs\\e-arsip_ci4\\app\\Views\\pages\\bantuan_chat.php')
 3 SYSTEMPATH\View\View.php(229): CodeIgniter\View\View->CodeIgniter\View\{closure}()
 4 SYSTEMPATH\Common.php(1167): CodeIgniter\View\View->render('pages/bantuan_chat', [], true)
 5 APPPATH\Controllers\Bantuan.php(69): view('pages/bantuan_chat', [...])
 6 SYSTEMPATH\CodeIgniter.php(933): App\Controllers\Bantuan->chat('18', 'default')
 7 SYSTEMPATH\CodeIgniter.php(507): CodeIgniter\CodeIgniter->runController(Object(App\Controllers\Bantuan))
 8 SYSTEMPATH\CodeIgniter.php(354): CodeIgniter\CodeIgniter->handleRequest(null, Object(Config\Cache), false)
 9 SYSTEMPATH\Boot.php(363): CodeIgniter\CodeIgniter->run()
10 SYSTEMPATH\Boot.php(68): CodeIgniter\Boot::runCodeIgniter(Object(CodeIgniter\CodeIgniter))
11 FCPATH\index.php(59): CodeIgniter\Boot::bootWeb(Object(Config\Paths))
DEBUG - 2025-11-08 02:13:55 --> Session: Class initialized using 'CodeIgniter\Session\Handlers\FileHandler' driver.
CRITICAL - 2025-11-08 02:13:55 --> ErrorException: Undefined variable $messages
[Method: GET, Route: bantuan/chat/18/default]
in APPPATH\Views\pages\bantuan_chat.php on line 51.
 1 APPPATH\Views\pages\bantuan_chat.php(51): CodeIgniter\Debug\Exceptions->errorHandler(2, 'Undefined variable $messages', 'C:\\xampp\\htdocs\\e-arsip_ci4\\app\\Views\\pages\\bantuan_chat.php', 51)
 2 SYSTEMPATH\View\View.php(226): include('C:\\xampp\\htdocs\\e-arsip_ci4\\app\\Views\\pages\\bantuan_chat.php')
 3 SYSTEMPATH\View\View.php(229): CodeIgniter\View\View->CodeIgniter\View\{closure}()
 4 SYSTEMPATH\Common.php(1167): CodeIgniter\View\View->render('pages/bantuan_chat', [], true)
 5 APPPATH\Controllers\Bantuan.php(69): view('pages/bantuan_chat', [...])
 6 SYSTEMPATH\CodeIgniter.php(933): App\Controllers\Bantuan->chat('18', 'default')
 7 SYSTEMPATH\CodeIgniter.php(507): CodeIgniter\CodeIgniter->runController(Object(App\Controllers\Bantuan))
 8 SYSTEMPATH\CodeIgniter.php(354): CodeIgniter\CodeIgniter->handleRequest(null, Object(Config\Cache), false)
 9 SYSTEMPATH\Boot.php(363): CodeIgniter\CodeIgniter->run()
10 SYSTEMPATH\Boot.php(68): CodeIgniter\Boot::runCodeIgniter(Object(CodeIgniter\CodeIgniter))
11 FCPATH\index.php(59): CodeIgniter\Boot::bootWeb(Object(Config\Paths))
DEBUG - 2025-11-08 02:13:56 --> Session: Class initialized using 'CodeIgniter\Session\Handlers\FileHandler' driver.
CRITICAL - 2025-11-08 02:13:56 --> ErrorException: Undefined variable $messages
[Method: GET, Route: bantuan/chat/18/default]
in APPPATH\Views\pages\bantuan_chat.php on line 51.
 1 APPPATH\Views\pages\bantuan_chat.php(51): CodeIgniter\Debug\Exceptions->errorHandler(2, 'Undefined variable $messages', 'C:\\xampp\\htdocs\\e-arsip_ci4\\app\\Views\\pages\\bantuan_chat.php', 51)
 2 SYSTEMPATH\View\View.php(226): include('C:\\xampp\\htdocs\\e-arsip_ci4\\app\\Views\\pages\\bantuan_chat.php')
 3 SYSTEMPATH\View\View.php(229): CodeIgniter\View\View->CodeIgniter\View\{closure}()
 4 SYSTEMPATH\Common.php(1167): CodeIgniter\View\View->render('pages/bantuan_chat', [], true)
 5 APPPATH\Controllers\Bantuan.php(69): view('pages/bantuan_chat', [...])
 6 SYSTEMPATH\CodeIgniter.php(933): App\Controllers\Bantuan->chat('18', 'default')
 7 SYSTEMPATH\CodeIgniter.php(507): CodeIgniter\CodeIgniter->runController(Object(App\Controllers\Bantuan))
 8 SYSTEMPATH\CodeIgniter.php(354): CodeIgniter\CodeIgniter->handleRequest(null, Object(Config\Cache), false)
 9 SYSTEMPATH\Boot.php(363): CodeIgniter\CodeIgniter->run()
10 SYSTEMPATH\Boot.php(68): CodeIgniter\Boot::runCodeIgniter(Object(CodeIgniter\CodeIgniter))
11 FCPATH\index.php(59): CodeIgniter\Boot::bootWeb(Object(Config\Paths))
DEBUG - 2025-11-08 02:13:57 --> Session: Class initialized using 'CodeIgniter\Session\Handlers\FileHandler' driver.
CRITICAL - 2025-11-08 02:13:57 --> ErrorException: Undefined variable $messages
[Method: GET, Route: bantuan/chat/18/default]
in APPPATH\Views\pages\bantuan_chat.php on line 51.
 1 APPPATH\Views\pages\bantuan_chat.php(51): CodeIgniter\Debug\Exceptions->errorHandler(2, 'Undefined variable $messages', 'C:\\xampp\\htdocs\\e-arsip_ci4\\app\\Views\\pages\\bantuan_chat.php', 51)
 2 SYSTEMPATH\View\View.php(226): include('C:\\xampp\\htdocs\\e-arsip_ci4\\app\\Views\\pages\\bantuan_chat.php')
 3 SYSTEMPATH\View\View.php(229): CodeIgniter\View\View->CodeIgniter\View\{closure}()
 4 SYSTEMPATH\Common.php(1167): CodeIgniter\View\View->render('pages/bantuan_chat', [], true)
 5 APPPATH\Controllers\Bantuan.php(69): view('pages/bantuan_chat', [...])
 6 SYSTEMPATH\CodeIgniter.php(933): App\Controllers\Bantuan->chat('18', 'default')
 7 SYSTEMPATH\CodeIgniter.php(507): CodeIgniter\CodeIgniter->runController(Object(App\Controllers\Bantuan))
 8 SYSTEMPATH\CodeIgniter.php(354): CodeIgniter\CodeIgniter->handleRequest(null, Object(Config\Cache), false)
 9 SYSTEMPATH\Boot.php(363): CodeIgniter\CodeIgniter->run()
10 SYSTEMPATH\Boot.php(68): CodeIgniter\Boot::runCodeIgniter(Object(CodeIgniter\CodeIgniter))
11 FCPATH\index.php(59): CodeIgniter\Boot::bootWeb(Object(Config\Paths))
DEBUG - 2025-11-08 02:13:58 --> Session: Class initialized using 'CodeIgniter\Session\Handlers\FileHandler' driver.
CRITICAL - 2025-11-08 02:13:58 --> ErrorException: Undefined variable $messages
[Method: GET, Route: bantuan/chat/18/default]
in APPPATH\Views\pages\bantuan_chat.php on line 51.
 1 APPPATH\Views\pages\bantuan_chat.php(51): CodeIgniter\Debug\Exceptions->errorHandler(2, 'Undefined variable $messages', 'C:\\xampp\\htdocs\\e-arsip_ci4\\app\\Views\\pages\\bantuan_chat.php', 51)
 2 SYSTEMPATH\View\View.php(226): include('C:\\xampp\\htdocs\\e-arsip_ci4\\app\\Views\\pages\\bantuan_chat.php')
 3 SYSTEMPATH\View\View.php(229): CodeIgniter\View\View->CodeIgniter\View\{closure}()
 4 SYSTEMPATH\Common.php(1167): CodeIgniter\View\View->render('pages/bantuan_chat', [], true)
 5 APPPATH\Controllers\Bantuan.php(69): view('pages/bantuan_chat', [...])
 6 SYSTEMPATH\CodeIgniter.php(933): App\Controllers\Bantuan->chat('18', 'default')
 7 SYSTEMPATH\CodeIgniter.php(507): CodeIgniter\CodeIgniter->runController(Object(App\Controllers\Bantuan))
 8 SYSTEMPATH\CodeIgniter.php(354): CodeIgniter\CodeIgniter->handleRequest(null, Object(Config\Cache), false)
 9 SYSTEMPATH\Boot.php(363): CodeIgniter\CodeIgniter->run()
10 SYSTEMPATH\Boot.php(68): CodeIgniter\Boot::runCodeIgniter(Object(CodeIgniter\CodeIgniter))
11 FCPATH\index.php(59): CodeIgniter\Boot::bootWeb(Object(Config\Paths))
DEBUG - 2025-11-08 02:14:00 --> Session: Class initialized using 'CodeIgniter\Session\Handlers\FileHandler' driver.
CRITICAL - 2025-11-08 02:14:00 --> ErrorException: Undefined variable $messages
[Method: GET, Route: bantuan/chat/18/default]
in APPPATH\Views\pages\bantuan_chat.php on line 51.
 1 APPPATH\Views\pages\bantuan_chat.php(51): CodeIgniter\Debug\Exceptions->errorHandler(2, 'Undefined variable $messages', 'C:\\xampp\\htdocs\\e-arsip_ci4\\app\\Views\\pages\\bantuan_chat.php', 51)
 2 SYSTEMPATH\View\View.php(226): include('C:\\xampp\\htdocs\\e-arsip_ci4\\app\\Views\\pages\\bantuan_chat.php')
 3 SYSTEMPATH\View\View.php(229): CodeIgniter\View\View->CodeIgniter\View\{closure}()
 4 SYSTEMPATH\Common.php(1167): CodeIgniter\View\View->render('pages/bantuan_chat', [], true)
 5 APPPATH\Controllers\Bantuan.php(69): view('pages/bantuan_chat', [...])
 6 SYSTEMPATH\CodeIgniter.php(933): App\Controllers\Bantuan->chat('18', 'default')
 7 SYSTEMPATH\CodeIgniter.php(507): CodeIgniter\CodeIgniter->runController(Object(App\Controllers\Bantuan))
 8 SYSTEMPATH\CodeIgniter.php(354): CodeIgniter\CodeIgniter->handleRequest(null, Object(Config\Cache), false)
 9 SYSTEMPATH\Boot.php(363): CodeIgniter\CodeIgniter->run()
10 SYSTEMPATH\Boot.php(68): CodeIgniter\Boot::runCodeIgniter(Object(CodeIgniter\CodeIgniter))
11 FCPATH\index.php(59): CodeIgniter\Boot::bootWeb(Object(Config\Paths))
DEBUG - 2025-11-08 02:14:01 --> Session: Class initialized using 'CodeIgniter\Session\Handlers\FileHandler' driver.
CRITICAL - 2025-11-08 02:14:01 --> ErrorException: Undefined variable $messages
[Method: GET, Route: bantuan/chat/18/default]
in APPPATH\Views\pages\bantuan_chat.php on line 51.
 1 APPPATH\Views\pages\bantuan_chat.php(51): CodeIgniter\Debug\Exceptions->errorHandler(2, 'Undefined variable $messages', 'C:\\xampp\\htdocs\\e-arsip_ci4\\app\\Views\\pages\\bantuan_chat.php', 51)
 2 SYSTEMPATH\View\View.php(226): include('C:\\xampp\\htdocs\\e-arsip_ci4\\app\\Views\\pages\\bantuan_chat.php')
 3 SYSTEMPATH\View\View.php(229): CodeIgniter\View\View->CodeIgniter\View\{closure}()
 4 SYSTEMPATH\Common.php(1167): CodeIgniter\View\View->render('pages/bantuan_chat', [], true)
 5 APPPATH\Controllers\Bantuan.php(69): view('pages/bantuan_chat', [...])
 6 SYSTEMPATH\CodeIgniter.php(933): App\Controllers\Bantuan->chat('18', 'default')
 7 SYSTEMPATH\CodeIgniter.php(507): CodeIgniter\CodeIgniter->runController(Object(App\Controllers\Bantuan))
 8 SYSTEMPATH\CodeIgniter.php(354): CodeIgniter\CodeIgniter->handleRequest(null, Object(Config\Cache), false)
 9 SYSTEMPATH\Boot.php(363): CodeIgniter\CodeIgniter->run()
10 SYSTEMPATH\Boot.php(68): CodeIgniter\Boot::runCodeIgniter(Object(CodeIgniter\CodeIgniter))
11 FCPATH\index.php(59): CodeIgniter\Boot::bootWeb(Object(Config\Paths))
DEBUG - 2025-11-08 02:14:02 --> Session: Class initialized using 'CodeIgniter\Session\Handlers\FileHandler' driver.
CRITICAL - 2025-11-08 02:14:02 --> ErrorException: Undefined variable $messages
[Method: GET, Route: bantuan/chat/18/default]
in APPPATH\Views\pages\bantuan_chat.php on line 51.
 1 APPPATH\Views\pages\bantuan_chat.php(51): CodeIgniter\Debug\Exceptions->errorHandler(2, 'Undefined variable $messages', 'C:\\xampp\\htdocs\\e-arsip_ci4\\app\\Views\\pages\\bantuan_chat.php', 51)
 2 SYSTEMPATH\View\View.php(226): include('C:\\xampp\\htdocs\\e-arsip_ci4\\app\\Views\\pages\\bantuan_chat.php')
 3 SYSTEMPATH\View\View.php(229): CodeIgniter\View\View->CodeIgniter\View\{closure}()
 4 SYSTEMPATH\Common.php(1167): CodeIgniter\View\View->render('pages/bantuan_chat', [], true)
 5 APPPATH\Controllers\Bantuan.php(69): view('pages/bantuan_chat', [...])
 6 SYSTEMPATH\CodeIgniter.php(933): App\Controllers\Bantuan->chat('18', 'default')
 7 SYSTEMPATH\CodeIgniter.php(507): CodeIgniter\CodeIgniter->runController(Object(App\Controllers\Bantuan))
 8 SYSTEMPATH\CodeIgniter.php(354): CodeIgniter\CodeIgniter->handleRequest(null, Object(Config\Cache), false)
 9 SYSTEMPATH\Boot.php(363): CodeIgniter\CodeIgniter->run()
10 SYSTEMPATH\Boot.php(68): CodeIgniter\Boot::runCodeIgniter(Object(CodeIgniter\CodeIgniter))
11 FCPATH\index.php(59): CodeIgniter\Boot::bootWeb(Object(Config\Paths))
DEBUG - 2025-11-08 02:14:03 --> Session: Class initialized using 'CodeIgniter\Session\Handlers\FileHandler' driver.
CRITICAL - 2025-11-08 02:14:03 --> ErrorException: Undefined variable $messages
[Method: GET, Route: bantuan/chat/18/default]
in APPPATH\Views\pages\bantuan_chat.php on line 51.
 1 APPPATH\Views\pages\bantuan_chat.php(51): CodeIgniter\Debug\Exceptions->errorHandler(2, 'Undefined variable $messages', 'C:\\xampp\\htdocs\\e-arsip_ci4\\app\\Views\\pages\\bantuan_chat.php', 51)
 2 SYSTEMPATH\View\View.php(226): include('C:\\xampp\\htdocs\\e-arsip_ci4\\app\\Views\\pages\\bantuan_chat.php')
 3 SYSTEMPATH\View\View.php(229): CodeIgniter\View\View->CodeIgniter\View\{closure}()
 4 SYSTEMPATH\Common.php(1167): CodeIgniter\View\View->render('pages/bantuan_chat', [], true)
 5 APPPATH\Controllers\Bantuan.php(69): view('pages/bantuan_chat', [...])
 6 SYSTEMPATH\CodeIgniter.php(933): App\Controllers\Bantuan->chat('18', 'default')
 7 SYSTEMPATH\CodeIgniter.php(507): CodeIgniter\CodeIgniter->runController(Object(App\Controllers\Bantuan))
 8 SYSTEMPATH\CodeIgniter.php(354): CodeIgniter\CodeIgniter->handleRequest(null, Object(Config\Cache), false)
 9 SYSTEMPATH\Boot.php(363): CodeIgniter\CodeIgniter->run()
10 SYSTEMPATH\Boot.php(68): CodeIgniter\Boot::runCodeIgniter(Object(CodeIgniter\CodeIgniter))
11 FCPATH\index.php(59): CodeIgniter\Boot::bootWeb(Object(Config\Paths))
DEBUG - 2025-11-08 02:14:04 --> Session: Class initialized using 'CodeIgniter\Session\Handlers\FileHandler' driver.
CRITICAL - 2025-11-08 02:14:04 --> ErrorException: Undefined variable $messages
[Method: GET, Route: bantuan/chat/18/default]
in APPPATH\Views\pages\bantuan_chat.php on line 51.
 1 APPPATH\Views\pages\bantuan_chat.php(51): CodeIgniter\Debug\Exceptions->errorHandler(2, 'Undefined variable $messages', 'C:\\xampp\\htdocs\\e-arsip_ci4\\app\\Views\\pages\\bantuan_chat.php', 51)
 2 SYSTEMPATH\View\View.php(226): include('C:\\xampp\\htdocs\\e-arsip_ci4\\app\\Views\\pages\\bantuan_chat.php')
 3 SYSTEMPATH\View\View.php(229): CodeIgniter\View\View->CodeIgniter\View\{closure}()
 4 SYSTEMPATH\Common.php(1167): CodeIgniter\View\View->render('pages/bantuan_chat', [], true)
 5 APPPATH\Controllers\Bantuan.php(69): view('pages/bantuan_chat', [...])
 6 SYSTEMPATH\CodeIgniter.php(933): App\Controllers\Bantuan->chat('18', 'default')
 7 SYSTEMPATH\CodeIgniter.php(507): CodeIgniter\CodeIgniter->runController(Object(App\Controllers\Bantuan))
 8 SYSTEMPATH\CodeIgniter.php(354): CodeIgniter\CodeIgniter->handleRequest(null, Object(Config\Cache), false)
 9 SYSTEMPATH\Boot.php(363): CodeIgniter\CodeIgniter->run()
10 SYSTEMPATH\Boot.php(68): CodeIgniter\Boot::runCodeIgniter(Object(CodeIgniter\CodeIgniter))
11 FCPATH\index.php(59): CodeIgniter\Boot::bootWeb(Object(Config\Paths))
DEBUG - 2025-11-08 02:14:05 --> Session: Class initialized using 'CodeIgniter\Session\Handlers\FileHandler' driver.
CRITICAL - 2025-11-08 02:14:05 --> ErrorException: Undefined variable $messages
[Method: GET, Route: bantuan/chat/18/default]
in APPPATH\Views\pages\bantuan_chat.php on line 51.
 1 APPPATH\Views\pages\bantuan_chat.php(51): CodeIgniter\Debug\Exceptions->errorHandler(2, 'Undefined variable $messages', 'C:\\xampp\\htdocs\\e-arsip_ci4\\app\\Views\\pages\\bantuan_chat.php', 51)
 2 SYSTEMPATH\View\View.php(226): include('C:\\xampp\\htdocs\\e-arsip_ci4\\app\\Views\\pages\\bantuan_chat.php')
 3 SYSTEMPATH\View\View.php(229): CodeIgniter\View\View->CodeIgniter\View\{closure}()
 4 SYSTEMPATH\Common.php(1167): CodeIgniter\View\View->render('pages/bantuan_chat', [], true)
 5 APPPATH\Controllers\Bantuan.php(69): view('pages/bantuan_chat', [...])
 6 SYSTEMPATH\CodeIgniter.php(933): App\Controllers\Bantuan->chat('18', 'default')
 7 SYSTEMPATH\CodeIgniter.php(507): CodeIgniter\CodeIgniter->runController(Object(App\Controllers\Bantuan))
 8 SYSTEMPATH\CodeIgniter.php(354): CodeIgniter\CodeIgniter->handleRequest(null, Object(Config\Cache), false)
 9 SYSTEMPATH\Boot.php(363): CodeIgniter\CodeIgniter->run()
10 SYSTEMPATH\Boot.php(68): CodeIgniter\Boot::runCodeIgniter(Object(CodeIgniter\CodeIgniter))
11 FCPATH\index.php(59): CodeIgniter\Boot::bootWeb(Object(Config\Paths))
DEBUG - 2025-11-08 02:14:06 --> Session: Class initialized using 'CodeIgniter\Session\Handlers\FileHandler' driver.
CRITICAL - 2025-11-08 02:14:06 --> ErrorException: Undefined variable $messages
[Method: GET, Route: bantuan/chat/18/default]
in APPPATH\Views\pages\bantuan_chat.php on line 51.
 1 APPPATH\Views\pages\bantuan_chat.php(51): CodeIgniter\Debug\Exceptions->errorHandler(2, 'Undefined variable $messages', 'C:\\xampp\\htdocs\\e-arsip_ci4\\app\\Views\\pages\\bantuan_chat.php', 51)
 2 SYSTEMPATH\View\View.php(226): include('C:\\xampp\\htdocs\\e-arsip_ci4\\app\\Views\\pages\\bantuan_chat.php')
 3 SYSTEMPATH\View\View.php(229): CodeIgniter\View\View->CodeIgniter\View\{closure}()
 4 SYSTEMPATH\Common.php(1167): CodeIgniter\View\View->render('pages/bantuan_chat', [], true)
 5 APPPATH\Controllers\Bantuan.php(69): view('pages/bantuan_chat', [...])
 6 SYSTEMPATH\CodeIgniter.php(933): App\Controllers\Bantuan->chat('18', 'default')
 7 SYSTEMPATH\CodeIgniter.php(507): CodeIgniter\CodeIgniter->runController(Object(App\Controllers\Bantuan))
 8 SYSTEMPATH\CodeIgniter.php(354): CodeIgniter\CodeIgniter->handleRequest(null, Object(Config\Cache), false)
 9 SYSTEMPATH\Boot.php(363): CodeIgniter\CodeIgniter->run()
10 SYSTEMPATH\Boot.php(68): CodeIgniter\Boot::runCodeIgniter(Object(CodeIgniter\CodeIgniter))
11 FCPATH\index.php(59): CodeIgniter\Boot::bootWeb(Object(Config\Paths))
DEBUG - 2025-11-08 02:14:07 --> Session: Class initialized using 'CodeIgniter\Session\Handlers\FileHandler' driver.
CRITICAL - 2025-11-08 02:14:07 --> ErrorException: Undefined variable $messages
[Method: GET, Route: bantuan/chat/18/default]
in APPPATH\Views\pages\bantuan_chat.php on line 51.
 1 APPPATH\Views\pages\bantuan_chat.php(51): CodeIgniter\Debug\Exceptions->errorHandler(2, 'Undefined variable $messages', 'C:\\xampp\\htdocs\\e-arsip_ci4\\app\\Views\\pages\\bantuan_chat.php', 51)
 2 SYSTEMPATH\View\View.php(226): include('C:\\xampp\\htdocs\\e-arsip_ci4\\app\\Views\\pages\\bantuan_chat.php')
 3 SYSTEMPATH\View\View.php(229): CodeIgniter\View\View->CodeIgniter\View\{closure}()
 4 SYSTEMPATH\Common.php(1167): CodeIgniter\View\View->render('pages/bantuan_chat', [], true)
 5 APPPATH\Controllers\Bantuan.php(69): view('pages/bantuan_chat', [...])
 6 SYSTEMPATH\CodeIgniter.php(933): App\Controllers\Bantuan->chat('18', 'default')
 7 SYSTEMPATH\CodeIgniter.php(507): CodeIgniter\CodeIgniter->runController(Object(App\Controllers\Bantuan))
 8 SYSTEMPATH\CodeIgniter.php(354): CodeIgniter\CodeIgniter->handleRequest(null, Object(Config\Cache), false)
 9 SYSTEMPATH\Boot.php(363): CodeIgniter\CodeIgniter->run()
10 SYSTEMPATH\Boot.php(68): CodeIgniter\Boot::runCodeIgniter(Object(CodeIgniter\CodeIgniter))
11 FCPATH\index.php(59): CodeIgniter\Boot::bootWeb(Object(Config\Paths))
DEBUG - 2025-11-08 02:14:09 --> Session: Class initialized using 'CodeIgniter\Session\Handlers\FileHandler' driver.
CRITICAL - 2025-11-08 02:14:09 --> ErrorException: Undefined variable $messages
[Method: GET, Route: bantuan/chat/18/default]
in APPPATH\Views\pages\bantuan_chat.php on line 51.
 1 APPPATH\Views\pages\bantuan_chat.php(51): CodeIgniter\Debug\Exceptions->errorHandler(2, 'Undefined variable $messages', 'C:\\xampp\\htdocs\\e-arsip_ci4\\app\\Views\\pages\\bantuan_chat.php', 51)
 2 SYSTEMPATH\View\View.php(226): include('C:\\xampp\\htdocs\\e-arsip_ci4\\app\\Views\\pages\\bantuan_chat.php')
 3 SYSTEMPATH\View\View.php(229): CodeIgniter\View\View->CodeIgniter\View\{closure}()
 4 SYSTEMPATH\Common.php(1167): CodeIgniter\View\View->render('pages/bantuan_chat', [], true)
 5 APPPATH\Controllers\Bantuan.php(69): view('pages/bantuan_chat', [...])
 6 SYSTEMPATH\CodeIgniter.php(933): App\Controllers\Bantuan->chat('18', 'default')
 7 SYSTEMPATH\CodeIgniter.php(507): CodeIgniter\CodeIgniter->runController(Object(App\Controllers\Bantuan))
 8 SYSTEMPATH\CodeIgniter.php(354): CodeIgniter\CodeIgniter->handleRequest(null, Object(Config\Cache), false)
 9 SYSTEMPATH\Boot.php(363): CodeIgniter\CodeIgniter->run()
10 SYSTEMPATH\Boot.php(68): CodeIgniter\Boot::runCodeIgniter(Object(CodeIgniter\CodeIgniter))
11 FCPATH\index.php(59): CodeIgniter\Boot::bootWeb(Object(Config\Paths))
DEBUG - 2025-11-08 02:14:10 --> Session: Class initialized using 'CodeIgniter\Session\Handlers\FileHandler' driver.
CRITICAL - 2025-11-08 02:14:10 --> ErrorException: Undefined variable $messages
[Method: GET, Route: bantuan/chat/18/default]
in APPPATH\Views\pages\bantuan_chat.php on line 51.
 1 APPPATH\Views\pages\bantuan_chat.php(51): CodeIgniter\Debug\Exceptions->errorHandler(2, 'Undefined variable $messages', 'C:\\xampp\\htdocs\\e-arsip_ci4\\app\\Views\\pages\\bantuan_chat.php', 51)
 2 SYSTEMPATH\View\View.php(226): include('C:\\xampp\\htdocs\\e-arsip_ci4\\app\\Views\\pages\\bantuan_chat.php')
 3 SYSTEMPATH\View\View.php(229): CodeIgniter\View\View->CodeIgniter\View\{closure}()
 4 SYSTEMPATH\Common.php(1167): CodeIgniter\View\View->render('pages/bantuan_chat', [], true)
 5 APPPATH\Controllers\Bantuan.php(69): view('pages/bantuan_chat', [...])
 6 SYSTEMPATH\CodeIgniter.php(933): App\Controllers\Bantuan->chat('18', 'default')
 7 SYSTEMPATH\CodeIgniter.php(507): CodeIgniter\CodeIgniter->runController(Object(App\Controllers\Bantuan))
 8 SYSTEMPATH\CodeIgniter.php(354): CodeIgniter\CodeIgniter->handleRequest(null, Object(Config\Cache), false)
 9 SYSTEMPATH\Boot.php(363): CodeIgniter\CodeIgniter->run()
10 SYSTEMPATH\Boot.php(68): CodeIgniter\Boot::runCodeIgniter(Object(CodeIgniter\CodeIgniter))
11 FCPATH\index.php(59): CodeIgniter\Boot::bootWeb(Object(Config\Paths))
DEBUG - 2025-11-08 02:14:12 --> Session: Class initialized using 'CodeIgniter\Session\Handlers\FileHandler' driver.
CRITICAL - 2025-11-08 02:14:12 --> ErrorException: Undefined variable $messages
[Method: GET, Route: bantuan/chat/18/default]
in APPPATH\Views\pages\bantuan_chat.php on line 51.
 1 APPPATH\Views\pages\bantuan_chat.php(51): CodeIgniter\Debug\Exceptions->errorHandler(2, 'Undefined variable $messages', 'C:\\xampp\\htdocs\\e-arsip_ci4\\app\\Views\\pages\\bantuan_chat.php', 51)
 2 SYSTEMPATH\View\View.php(226): include('C:\\xampp\\htdocs\\e-arsip_ci4\\app\\Views\\pages\\bantuan_chat.php')
 3 SYSTEMPATH\View\View.php(229): CodeIgniter\View\View->CodeIgniter\View\{closure}()
 4 SYSTEMPATH\Common.php(1167): CodeIgniter\View\View->render('pages/bantuan_chat', [], true)
 5 APPPATH\Controllers\Bantuan.php(69): view('pages/bantuan_chat', [...])
 6 SYSTEMPATH\CodeIgniter.php(933): App\Controllers\Bantuan->chat('18', 'default')
 7 SYSTEMPATH\CodeIgniter.php(507): CodeIgniter\CodeIgniter->runController(Object(App\Controllers\Bantuan))
 8 SYSTEMPATH\CodeIgniter.php(354): CodeIgniter\CodeIgniter->handleRequest(null, Object(Config\Cache), false)
 9 SYSTEMPATH\Boot.php(363): CodeIgniter\CodeIgniter->run()
10 SYSTEMPATH\Boot.php(68): CodeIgniter\Boot::runCodeIgniter(Object(CodeIgniter\CodeIgniter))
11 FCPATH\index.php(59): CodeIgniter\Boot::bootWeb(Object(Config\Paths))
DEBUG - 2025-11-08 02:14:13 --> Session: Class initialized using 'CodeIgniter\Session\Handlers\FileHandler' driver.
CRITICAL - 2025-11-08 02:14:13 --> ErrorException: Undefined variable $messages
[Method: GET, Route: bantuan/chat/18/default]
in APPPATH\Views\pages\bantuan_chat.php on line 51.
 1 APPPATH\Views\pages\bantuan_chat.php(51): CodeIgniter\Debug\Exceptions->errorHandler(2, 'Undefined variable $messages', 'C:\\xampp\\htdocs\\e-arsip_ci4\\app\\Views\\pages\\bantuan_chat.php', 51)
 2 SYSTEMPATH\View\View.php(226): include('C:\\xampp\\htdocs\\e-arsip_ci4\\app\\Views\\pages\\bantuan_chat.php')
 3 SYSTEMPATH\View\View.php(229): CodeIgniter\View\View->CodeIgniter\View\{closure}()
 4 SYSTEMPATH\Common.php(1167): CodeIgniter\View\View->render('pages/bantuan_chat', [], true)
 5 APPPATH\Controllers\Bantuan.php(69): view('pages/bantuan_chat', [...])
 6 SYSTEMPATH\CodeIgniter.php(933): App\Controllers\Bantuan->chat('18', 'default')
 7 SYSTEMPATH\CodeIgniter.php(507): CodeIgniter\CodeIgniter->runController(Object(App\Controllers\Bantuan))
 8 SYSTEMPATH\CodeIgniter.php(354): CodeIgniter\CodeIgniter->handleRequest(null, Object(Config\Cache), false)
 9 SYSTEMPATH\Boot.php(363): CodeIgniter\CodeIgniter->run()
10 SYSTEMPATH\Boot.php(68): CodeIgniter\Boot::runCodeIgniter(Object(CodeIgniter\CodeIgniter))
11 FCPATH\index.php(59): CodeIgniter\Boot::bootWeb(Object(Config\Paths))
DEBUG - 2025-11-08 02:14:14 --> Session: Class initialized using 'CodeIgniter\Session\Handlers\FileHandler' driver.
CRITICAL - 2025-11-08 02:14:14 --> ErrorException: Undefined variable $messages
[Method: GET, Route: bantuan/chat/18/default]
in APPPATH\Views\pages\bantuan_chat.php on line 51.
 1 APPPATH\Views\pages\bantuan_chat.php(51): CodeIgniter\Debug\Exceptions->errorHandler(2, 'Undefined variable $messages', 'C:\\xampp\\htdocs\\e-arsip_ci4\\app\\Views\\pages\\bantuan_chat.php', 51)
 2 SYSTEMPATH\View\View.php(226): include('C:\\xampp\\htdocs\\e-arsip_ci4\\app\\Views\\pages\\bantuan_chat.php')
 3 SYSTEMPATH\View\View.php(229): CodeIgniter\View\View->CodeIgniter\View\{closure}()
 4 SYSTEMPATH\Common.php(1167): CodeIgniter\View\View->render('pages/bantuan_chat', [], true)
 5 APPPATH\Controllers\Bantuan.php(69): view('pages/bantuan_chat', [...])
 6 SYSTEMPATH\CodeIgniter.php(933): App\Controllers\Bantuan->chat('18', 'default')
 7 SYSTEMPATH\CodeIgniter.php(507): CodeIgniter\CodeIgniter->runController(Object(App\Controllers\Bantuan))
 8 SYSTEMPATH\CodeIgniter.php(354): CodeIgniter\CodeIgniter->handleRequest(null, Object(Config\Cache), false)
 9 SYSTEMPATH\Boot.php(363): CodeIgniter\CodeIgniter->run()
10 SYSTEMPATH\Boot.php(68): CodeIgniter\Boot::runCodeIgniter(Object(CodeIgniter\CodeIgniter))
11 FCPATH\index.php(59): CodeIgniter\Boot::bootWeb(Object(Config\Paths))
DEBUG - 2025-11-08 02:14:15 --> Session: Class initialized using 'CodeIgniter\Session\Handlers\FileHandler' driver.
CRITICAL - 2025-11-08 02:14:15 --> ErrorException: Undefined variable $messages
[Method: GET, Route: bantuan/chat/18/default]
in APPPATH\Views\pages\bantuan_chat.php on line 51.
 1 APPPATH\Views\pages\bantuan_chat.php(51): CodeIgniter\Debug\Exceptions->errorHandler(2, 'Undefined variable $messages', 'C:\\xampp\\htdocs\\e-arsip_ci4\\app\\Views\\pages\\bantuan_chat.php', 51)
 2 SYSTEMPATH\View\View.php(226): include('C:\\xampp\\htdocs\\e-arsip_ci4\\app\\Views\\pages\\bantuan_chat.php')
 3 SYSTEMPATH\View\View.php(229): CodeIgniter\View\View->CodeIgniter\View\{closure}()
 4 SYSTEMPATH\Common.php(1167): CodeIgniter\View\View->render('pages/bantuan_chat', [], true)
 5 APPPATH\Controllers\Bantuan.php(69): view('pages/bantuan_chat', [...])
 6 SYSTEMPATH\CodeIgniter.php(933): App\Controllers\Bantuan->chat('18', 'default')
 7 SYSTEMPATH\CodeIgniter.php(507): CodeIgniter\CodeIgniter->runController(Object(App\Controllers\Bantuan))
 8 SYSTEMPATH\CodeIgniter.php(354): CodeIgniter\CodeIgniter->handleRequest(null, Object(Config\Cache), false)
 9 SYSTEMPATH\Boot.php(363): CodeIgniter\CodeIgniter->run()
10 SYSTEMPATH\Boot.php(68): CodeIgniter\Boot::runCodeIgniter(Object(CodeIgniter\CodeIgniter))
11 FCPATH\index.php(59): CodeIgniter\Boot::bootWeb(Object(Config\Paths))
DEBUG - 2025-11-08 02:14:16 --> Session: Class initialized using 'CodeIgniter\Session\Handlers\FileHandler' driver.
CRITICAL - 2025-11-08 02:14:16 --> ErrorException: Undefined variable $messages
[Method: GET, Route: bantuan/chat/18/default]
in APPPATH\Views\pages\bantuan_chat.php on line 51.
 1 APPPATH\Views\pages\bantuan_chat.php(51): CodeIgniter\Debug\Exceptions->errorHandler(2, 'Undefined variable $messages', 'C:\\xampp\\htdocs\\e-arsip_ci4\\app\\Views\\pages\\bantuan_chat.php', 51)
 2 SYSTEMPATH\View\View.php(226): include('C:\\xampp\\htdocs\\e-arsip_ci4\\app\\Views\\pages\\bantuan_chat.php')
 3 SYSTEMPATH\View\View.php(229): CodeIgniter\View\View->CodeIgniter\View\{closure}()
 4 SYSTEMPATH\Common.php(1167): CodeIgniter\View\View->render('pages/bantuan_chat', [], true)
 5 APPPATH\Controllers\Bantuan.php(69): view('pages/bantuan_chat', [...])
 6 SYSTEMPATH\CodeIgniter.php(933): App\Controllers\Bantuan->chat('18', 'default')
 7 SYSTEMPATH\CodeIgniter.php(507): CodeIgniter\CodeIgniter->runController(Object(App\Controllers\Bantuan))
 8 SYSTEMPATH\CodeIgniter.php(354): CodeIgniter\CodeIgniter->handleRequest(null, Object(Config\Cache), false)
 9 SYSTEMPATH\Boot.php(363): CodeIgniter\CodeIgniter->run()
10 SYSTEMPATH\Boot.php(68): CodeIgniter\Boot::runCodeIgniter(Object(CodeIgniter\CodeIgniter))
11 FCPATH\index.php(59): CodeIgniter\Boot::bootWeb(Object(Config\Paths))
DEBUG - 2025-11-08 02:14:18 --> Session: Class initialized using 'CodeIgniter\Session\Handlers\FileHandler' driver.
CRITICAL - 2025-11-08 02:14:18 --> ErrorException: Undefined variable $messages
[Method: GET, Route: bantuan/chat/18/default]
in APPPATH\Views\pages\bantuan_chat.php on line 51.
 1 APPPATH\Views\pages\bantuan_chat.php(51): CodeIgniter\Debug\Exceptions->errorHandler(2, 'Undefined variable $messages', 'C:\\xampp\\htdocs\\e-arsip_ci4\\app\\Views\\pages\\bantuan_chat.php', 51)
 2 SYSTEMPATH\View\View.php(226): include('C:\\xampp\\htdocs\\e-arsip_ci4\\app\\Views\\pages\\bantuan_chat.php')
 3 SYSTEMPATH\View\View.php(229): CodeIgniter\View\View->CodeIgniter\View\{closure}()
 4 SYSTEMPATH\Common.php(1167): CodeIgniter\View\View->render('pages/bantuan_chat', [], true)
 5 APPPATH\Controllers\Bantuan.php(69): view('pages/bantuan_chat', [...])
 6 SYSTEMPATH\CodeIgniter.php(933): App\Controllers\Bantuan->chat('18', 'default')
 7 SYSTEMPATH\CodeIgniter.php(507): CodeIgniter\CodeIgniter->runController(Object(App\Controllers\Bantuan))
 8 SYSTEMPATH\CodeIgniter.php(354): CodeIgniter\CodeIgniter->handleRequest(null, Object(Config\Cache), false)
 9 SYSTEMPATH\Boot.php(363): CodeIgniter\CodeIgniter->run()
10 SYSTEMPATH\Boot.php(68): CodeIgniter\Boot::runCodeIgniter(Object(CodeIgniter\CodeIgniter))
11 FCPATH\index.php(59): CodeIgniter\Boot::bootWeb(Object(Config\Paths))
DEBUG - 2025-11-08 02:14:19 --> Session: Class initialized using 'CodeIgniter\Session\Handlers\FileHandler' driver.
CRITICAL - 2025-11-08 02:14:19 --> ErrorException: Undefined variable $messages
[Method: GET, Route: bantuan/chat/18/default]
in APPPATH\Views\pages\bantuan_chat.php on line 51.
 1 APPPATH\Views\pages\bantuan_chat.php(51): CodeIgniter\Debug\Exceptions->errorHandler(2, 'Undefined variable $messages', 'C:\\xampp\\htdocs\\e-arsip_ci4\\app\\Views\\pages\\bantuan_chat.php', 51)
 2 SYSTEMPATH\View\View.php(226): include('C:\\xampp\\htdocs\\e-arsip_ci4\\app\\Views\\pages\\bantuan_chat.php')
 3 SYSTEMPATH\View\View.php(229): CodeIgniter\View\View->CodeIgniter\View\{closure}()
 4 SYSTEMPATH\Common.php(1167): CodeIgniter\View\View->render('pages/bantuan_chat', [], true)
 5 APPPATH\Controllers\Bantuan.php(69): view('pages/bantuan_chat', [...])
 6 SYSTEMPATH\CodeIgniter.php(933): App\Controllers\Bantuan->chat('18', 'default')
 7 SYSTEMPATH\CodeIgniter.php(507): CodeIgniter\CodeIgniter->runController(Object(App\Controllers\Bantuan))
 8 SYSTEMPATH\CodeIgniter.php(354): CodeIgniter\CodeIgniter->handleRequest(null, Object(Config\Cache), false)
 9 SYSTEMPATH\Boot.php(363): CodeIgniter\CodeIgniter->run()
10 SYSTEMPATH\Boot.php(68): CodeIgniter\Boot::runCodeIgniter(Object(CodeIgniter\CodeIgniter))
11 FCPATH\index.php(59): CodeIgniter\Boot::bootWeb(Object(Config\Paths))
DEBUG - 2025-11-08 02:14:20 --> Session: Class initialized using 'CodeIgniter\Session\Handlers\FileHandler' driver.
CRITICAL - 2025-11-08 02:14:20 --> ErrorException: Undefined variable $messages
[Method: GET, Route: bantuan/chat/18/default]
in APPPATH\Views\pages\bantuan_chat.php on line 51.
 1 APPPATH\Views\pages\bantuan_chat.php(51): CodeIgniter\Debug\Exceptions->errorHandler(2, 'Undefined variable $messages', 'C:\\xampp\\htdocs\\e-arsip_ci4\\app\\Views\\pages\\bantuan_chat.php', 51)
 2 SYSTEMPATH\View\View.php(226): include('C:\\xampp\\htdocs\\e-arsip_ci4\\app\\Views\\pages\\bantuan_chat.php')
 3 SYSTEMPATH\View\View.php(229): CodeIgniter\View\View->CodeIgniter\View\{closure}()
 4 SYSTEMPATH\Common.php(1167): CodeIgniter\View\View->render('pages/bantuan_chat', [], true)
 5 APPPATH\Controllers\Bantuan.php(69): view('pages/bantuan_chat', [...])
 6 SYSTEMPATH\CodeIgniter.php(933): App\Controllers\Bantuan->chat('18', 'default')
 7 SYSTEMPATH\CodeIgniter.php(507): CodeIgniter\CodeIgniter->runController(Object(App\Controllers\Bantuan))
 8 SYSTEMPATH\CodeIgniter.php(354): CodeIgniter\CodeIgniter->handleRequest(null, Object(Config\Cache), false)
 9 SYSTEMPATH\Boot.php(363): CodeIgniter\CodeIgniter->run()
10 SYSTEMPATH\Boot.php(68): CodeIgniter\Boot::runCodeIgniter(Object(CodeIgniter\CodeIgniter))
11 FCPATH\index.php(59): CodeIgniter\Boot::bootWeb(Object(Config\Paths))
DEBUG - 2025-11-08 02:14:21 --> Session: Class initialized using 'CodeIgniter\Session\Handlers\FileHandler' driver.
CRITICAL - 2025-11-08 02:14:21 --> ErrorException: Undefined variable $messages
[Method: GET, Route: bantuan/chat/18/default]
in APPPATH\Views\pages\bantuan_chat.php on line 51.
 1 APPPATH\Views\pages\bantuan_chat.php(51): CodeIgniter\Debug\Exceptions->errorHandler(2, 'Undefined variable $messages', 'C:\\xampp\\htdocs\\e-arsip_ci4\\app\\Views\\pages\\bantuan_chat.php', 51)
 2 SYSTEMPATH\View\View.php(226): include('C:\\xampp\\htdocs\\e-arsip_ci4\\app\\Views\\pages\\bantuan_chat.php')
 3 SYSTEMPATH\View\View.php(229): CodeIgniter\View\View->CodeIgniter\View\{closure}()
 4 SYSTEMPATH\Common.php(1167): CodeIgniter\View\View->render('pages/bantuan_chat', [], true)
 5 APPPATH\Controllers\Bantuan.php(69): view('pages/bantuan_chat', [...])
 6 SYSTEMPATH\CodeIgniter.php(933): App\Controllers\Bantuan->chat('18', 'default')
 7 SYSTEMPATH\CodeIgniter.php(507): CodeIgniter\CodeIgniter->runController(Object(App\Controllers\Bantuan))
 8 SYSTEMPATH\CodeIgniter.php(354): CodeIgniter\CodeIgniter->handleRequest(null, Object(Config\Cache), false)
 9 SYSTEMPATH\Boot.php(363): CodeIgniter\CodeIgniter->run()
10 SYSTEMPATH\Boot.php(68): CodeIgniter\Boot::runCodeIgniter(Object(CodeIgniter\CodeIgniter))
11 FCPATH\index.php(59): CodeIgniter\Boot::bootWeb(Object(Config\Paths))
DEBUG - 2025-11-08 02:14:22 --> Session: Class initialized using 'CodeIgniter\Session\Handlers\FileHandler' driver.
CRITICAL - 2025-11-08 02:14:22 --> ErrorException: Undefined variable $messages
[Method: GET, Route: bantuan/chat/18/default]
in APPPATH\Views\pages\bantuan_chat.php on line 51.
 1 APPPATH\Views\pages\bantuan_chat.php(51): CodeIgniter\Debug\Exceptions->errorHandler(2, 'Undefined variable $messages', 'C:\\xampp\\htdocs\\e-arsip_ci4\\app\\Views\\pages\\bantuan_chat.php', 51)
 2 SYSTEMPATH\View\View.php(226): include('C:\\xampp\\htdocs\\e-arsip_ci4\\app\\Views\\pages\\bantuan_chat.php')
 3 SYSTEMPATH\View\View.php(229): CodeIgniter\View\View->CodeIgniter\View\{closure}()
 4 SYSTEMPATH\Common.php(1167): CodeIgniter\View\View->render('pages/bantuan_chat', [], true)
 5 APPPATH\Controllers\Bantuan.php(69): view('pages/bantuan_chat', [...])
 6 SYSTEMPATH\CodeIgniter.php(933): App\Controllers\Bantuan->chat('18', 'default')
 7 SYSTEMPATH\CodeIgniter.php(507): CodeIgniter\CodeIgniter->runController(Object(App\Controllers\Bantuan))
 8 SYSTEMPATH\CodeIgniter.php(354): CodeIgniter\CodeIgniter->handleRequest(null, Object(Config\Cache), false)
 9 SYSTEMPATH\Boot.php(363): CodeIgniter\CodeIgniter->run()
10 SYSTEMPATH\Boot.php(68): CodeIgniter\Boot::runCodeIgniter(Object(CodeIgniter\CodeIgniter))
11 FCPATH\index.php(59): CodeIgniter\Boot::bootWeb(Object(Config\Paths))
DEBUG - 2025-11-08 02:14:24 --> Session: Class initialized using 'CodeIgniter\Session\Handlers\FileHandler' driver.
CRITICAL - 2025-11-08 02:14:24 --> ErrorException: Undefined variable $messages
[Method: GET, Route: bantuan/chat/18/default]
in APPPATH\Views\pages\bantuan_chat.php on line 51.
 1 APPPATH\Views\pages\bantuan_chat.php(51): CodeIgniter\Debug\Exceptions->errorHandler(2, 'Undefined variable $messages', 'C:\\xampp\\htdocs\\e-arsip_ci4\\app\\Views\\pages\\bantuan_chat.php', 51)
 2 SYSTEMPATH\View\View.php(226): include('C:\\xampp\\htdocs\\e-arsip_ci4\\app\\Views\\pages\\bantuan_chat.php')
 3 SYSTEMPATH\View\View.php(229): CodeIgniter\View\View->CodeIgniter\View\{closure}()
 4 SYSTEMPATH\Common.php(1167): CodeIgniter\View\View->render('pages/bantuan_chat', [], true)
 5 APPPATH\Controllers\Bantuan.php(69): view('pages/bantuan_chat', [...])
 6 SYSTEMPATH\CodeIgniter.php(933): App\Controllers\Bantuan->chat('18', 'default')
 7 SYSTEMPATH\CodeIgniter.php(507): CodeIgniter\CodeIgniter->runController(Object(App\Controllers\Bantuan))
 8 SYSTEMPATH\CodeIgniter.php(354): CodeIgniter\CodeIgniter->handleRequest(null, Object(Config\Cache), false)
 9 SYSTEMPATH\Boot.php(363): CodeIgniter\CodeIgniter->run()
10 SYSTEMPATH\Boot.php(68): CodeIgniter\Boot::runCodeIgniter(Object(CodeIgniter\CodeIgniter))
11 FCPATH\index.php(59): CodeIgniter\Boot::bootWeb(Object(Config\Paths))
DEBUG - 2025-11-08 02:14:25 --> Session: Class initialized using 'CodeIgniter\Session\Handlers\FileHandler' driver.
CRITICAL - 2025-11-08 02:14:25 --> ErrorException: Undefined variable $messages
[Method: GET, Route: bantuan/chat/18/default]
in APPPATH\Views\pages\bantuan_chat.php on line 51.
 1 APPPATH\Views\pages\bantuan_chat.php(51): CodeIgniter\Debug\Exceptions->errorHandler(2, 'Undefined variable $messages', 'C:\\xampp\\htdocs\\e-arsip_ci4\\app\\Views\\pages\\bantuan_chat.php', 51)
 2 SYSTEMPATH\View\View.php(226): include('C:\\xampp\\htdocs\\e-arsip_ci4\\app\\Views\\pages\\bantuan_chat.php')
 3 SYSTEMPATH\View\View.php(229): CodeIgniter\View\View->CodeIgniter\View\{closure}()
 4 SYSTEMPATH\Common.php(1167): CodeIgniter\View\View->render('pages/bantuan_chat', [], true)
 5 APPPATH\Controllers\Bantuan.php(69): view('pages/bantuan_chat', [...])
 6 SYSTEMPATH\CodeIgniter.php(933): App\Controllers\Bantuan->chat('18', 'default')
 7 SYSTEMPATH\CodeIgniter.php(507): CodeIgniter\CodeIgniter->runController(Object(App\Controllers\Bantuan))
 8 SYSTEMPATH\CodeIgniter.php(354): CodeIgniter\CodeIgniter->handleRequest(null, Object(Config\Cache), false)
 9 SYSTEMPATH\Boot.php(363): CodeIgniter\CodeIgniter->run()
10 SYSTEMPATH\Boot.php(68): CodeIgniter\Boot::runCodeIgniter(Object(CodeIgniter\CodeIgniter))
11 FCPATH\index.php(59): CodeIgniter\Boot::bootWeb(Object(Config\Paths))
DEBUG - 2025-11-08 02:14:26 --> Session: Class initialized using 'CodeIgniter\Session\Handlers\FileHandler' driver.
CRITICAL - 2025-11-08 02:14:26 --> ErrorException: Undefined variable $messages
[Method: GET, Route: bantuan/chat/18/default]
in APPPATH\Views\pages\bantuan_chat.php on line 51.
 1 APPPATH\Views\pages\bantuan_chat.php(51): CodeIgniter\Debug\Exceptions->errorHandler(2, 'Undefined variable $messages', 'C:\\xampp\\htdocs\\e-arsip_ci4\\app\\Views\\pages\\bantuan_chat.php', 51)
 2 SYSTEMPATH\View\View.php(226): include('C:\\xampp\\htdocs\\e-arsip_ci4\\app\\Views\\pages\\bantuan_chat.php')
 3 SYSTEMPATH\View\View.php(229): CodeIgniter\View\View->CodeIgniter\View\{closure}()
 4 SYSTEMPATH\Common.php(1167): CodeIgniter\View\View->render('pages/bantuan_chat', [], true)
 5 APPPATH\Controllers\Bantuan.php(69): view('pages/bantuan_chat', [...])
 6 SYSTEMPATH\CodeIgniter.php(933): App\Controllers\Bantuan->chat('18', 'default')
 7 SYSTEMPATH\CodeIgniter.php(507): CodeIgniter\CodeIgniter->runController(Object(App\Controllers\Bantuan))
 8 SYSTEMPATH\CodeIgniter.php(354): CodeIgniter\CodeIgniter->handleRequest(null, Object(Config\Cache), false)
 9 SYSTEMPATH\Boot.php(363): CodeIgniter\CodeIgniter->run()
10 SYSTEMPATH\Boot.php(68): CodeIgniter\Boot::runCodeIgniter(Object(CodeIgniter\CodeIgniter))
11 FCPATH\index.php(59): CodeIgniter\Boot::bootWeb(Object(Config\Paths))
DEBUG - 2025-11-08 02:14:27 --> Session: Class initialized using 'CodeIgniter\Session\Handlers\FileHandler' driver.
CRITICAL - 2025-11-08 02:14:27 --> ErrorException: Undefined variable $messages
[Method: GET, Route: bantuan/chat/18/default]
in APPPATH\Views\pages\bantuan_chat.php on line 51.
 1 APPPATH\Views\pages\bantuan_chat.php(51): CodeIgniter\Debug\Exceptions->errorHandler(2, 'Undefined variable $messages', 'C:\\xampp\\htdocs\\e-arsip_ci4\\app\\Views\\pages\\bantuan_chat.php', 51)
 2 SYSTEMPATH\View\View.php(226): include('C:\\xampp\\htdocs\\e-arsip_ci4\\app\\Views\\pages\\bantuan_chat.php')
 3 SYSTEMPATH\View\View.php(229): CodeIgniter\View\View->CodeIgniter\View\{closure}()
 4 SYSTEMPATH\Common.php(1167): CodeIgniter\View\View->render('pages/bantuan_chat', [], true)
 5 APPPATH\Controllers\Bantuan.php(69): view('pages/bantuan_chat', [...])
 6 SYSTEMPATH\CodeIgniter.php(933): App\Controllers\Bantuan->chat('18', 'default')
 7 SYSTEMPATH\CodeIgniter.php(507): CodeIgniter\CodeIgniter->runController(Object(App\Controllers\Bantuan))
 8 SYSTEMPATH\CodeIgniter.php(354): CodeIgniter\CodeIgniter->handleRequest(null, Object(Config\Cache), false)
 9 SYSTEMPATH\Boot.php(363): CodeIgniter\CodeIgniter->run()
10 SYSTEMPATH\Boot.php(68): CodeIgniter\Boot::runCodeIgniter(Object(CodeIgniter\CodeIgniter))
11 FCPATH\index.php(59): CodeIgniter\Boot::bootWeb(Object(Config\Paths))
DEBUG - 2025-11-08 02:14:28 --> Session: Class initialized using 'CodeIgniter\Session\Handlers\FileHandler' driver.
CRITICAL - 2025-11-08 02:14:28 --> ErrorException: Undefined variable $messages
[Method: GET, Route: bantuan/chat/18/default]
in APPPATH\Views\pages\bantuan_chat.php on line 51.
 1 APPPATH\Views\pages\bantuan_chat.php(51): CodeIgniter\Debug\Exceptions->errorHandler(2, 'Undefined variable $messages', 'C:\\xampp\\htdocs\\e-arsip_ci4\\app\\Views\\pages\\bantuan_chat.php', 51)
 2 SYSTEMPATH\View\View.php(226): include('C:\\xampp\\htdocs\\e-arsip_ci4\\app\\Views\\pages\\bantuan_chat.php')
 3 SYSTEMPATH\View\View.php(229): CodeIgniter\View\View->CodeIgniter\View\{closure}()
 4 SYSTEMPATH\Common.php(1167): CodeIgniter\View\View->render('pages/bantuan_chat', [], true)
 5 APPPATH\Controllers\Bantuan.php(69): view('pages/bantuan_chat', [...])
 6 SYSTEMPATH\CodeIgniter.php(933): App\Controllers\Bantuan->chat('18', 'default')
 7 SYSTEMPATH\CodeIgniter.php(507): CodeIgniter\CodeIgniter->runController(Object(App\Controllers\Bantuan))
 8 SYSTEMPATH\CodeIgniter.php(354): CodeIgniter\CodeIgniter->handleRequest(null, Object(Config\Cache), false)
 9 SYSTEMPATH\Boot.php(363): CodeIgniter\CodeIgniter->run()
10 SYSTEMPATH\Boot.php(68): CodeIgniter\Boot::runCodeIgniter(Object(CodeIgniter\CodeIgniter))
11 FCPATH\index.php(59): CodeIgniter\Boot::bootWeb(Object(Config\Paths))
DEBUG - 2025-11-08 02:14:30 --> Session: Class initialized using 'CodeIgniter\Session\Handlers\FileHandler' driver.
CRITICAL - 2025-11-08 02:14:30 --> ErrorException: Undefined variable $messages
[Method: GET, Route: bantuan/chat/18/default]
in APPPATH\Views\pages\bantuan_chat.php on line 51.
 1 APPPATH\Views\pages\bantuan_chat.php(51): CodeIgniter\Debug\Exceptions->errorHandler(2, 'Undefined variable $messages', 'C:\\xampp\\htdocs\\e-arsip_ci4\\app\\Views\\pages\\bantuan_chat.php', 51)
 2 SYSTEMPATH\View\View.php(226): include('C:\\xampp\\htdocs\\e-arsip_ci4\\app\\Views\\pages\\bantuan_chat.php')
 3 SYSTEMPATH\View\View.php(229): CodeIgniter\View\View->CodeIgniter\View\{closure}()
 4 SYSTEMPATH\Common.php(1167): CodeIgniter\View\View->render('pages/bantuan_chat', [], true)
 5 APPPATH\Controllers\Bantuan.php(69): view('pages/bantuan_chat', [...])
 6 SYSTEMPATH\CodeIgniter.php(933): App\Controllers\Bantuan->chat('18', 'default')
 7 SYSTEMPATH\CodeIgniter.php(507): CodeIgniter\CodeIgniter->runController(Object(App\Controllers\Bantuan))
 8 SYSTEMPATH\CodeIgniter.php(354): CodeIgniter\CodeIgniter->handleRequest(null, Object(Config\Cache), false)
 9 SYSTEMPATH\Boot.php(363): CodeIgniter\CodeIgniter->run()
10 SYSTEMPATH\Boot.php(68): CodeIgniter\Boot::runCodeIgniter(Object(CodeIgniter\CodeIgniter))
11 FCPATH\index.php(59): CodeIgniter\Boot::bootWeb(Object(Config\Paths))
DEBUG - 2025-11-08 02:14:31 --> Session: Class initialized using 'CodeIgniter\Session\Handlers\FileHandler' driver.
CRITICAL - 2025-11-08 02:14:31 --> ErrorException: Undefined variable $messages
[Method: GET, Route: bantuan/chat/18/default]
in APPPATH\Views\pages\bantuan_chat.php on line 51.
 1 APPPATH\Views\pages\bantuan_chat.php(51): CodeIgniter\Debug\Exceptions->errorHandler(2, 'Undefined variable $messages', 'C:\\xampp\\htdocs\\e-arsip_ci4\\app\\Views\\pages\\bantuan_chat.php', 51)
 2 SYSTEMPATH\View\View.php(226): include('C:\\xampp\\htdocs\\e-arsip_ci4\\app\\Views\\pages\\bantuan_chat.php')
 3 SYSTEMPATH\View\View.php(229): CodeIgniter\View\View->CodeIgniter\View\{closure}()
 4 SYSTEMPATH\Common.php(1167): CodeIgniter\View\View->render('pages/bantuan_chat', [], true)
 5 APPPATH\Controllers\Bantuan.php(69): view('pages/bantuan_chat', [...])
 6 SYSTEMPATH\CodeIgniter.php(933): App\Controllers\Bantuan->chat('18', 'default')
 7 SYSTEMPATH\CodeIgniter.php(507): CodeIgniter\CodeIgniter->runController(Object(App\Controllers\Bantuan))
 8 SYSTEMPATH\CodeIgniter.php(354): CodeIgniter\CodeIgniter->handleRequest(null, Object(Config\Cache), false)
 9 SYSTEMPATH\Boot.php(363): CodeIgniter\CodeIgniter->run()
10 SYSTEMPATH\Boot.php(68): CodeIgniter\Boot::runCodeIgniter(Object(CodeIgniter\CodeIgniter))
11 FCPATH\index.php(59): CodeIgniter\Boot::bootWeb(Object(Config\Paths))
DEBUG - 2025-11-08 02:14:32 --> Session: Class initialized using 'CodeIgniter\Session\Handlers\FileHandler' driver.
CRITICAL - 2025-11-08 02:14:32 --> ErrorException: Undefined variable $messages
[Method: GET, Route: bantuan/chat/18/default]
in APPPATH\Views\pages\bantuan_chat.php on line 51.
 1 APPPATH\Views\pages\bantuan_chat.php(51): CodeIgniter\Debug\Exceptions->errorHandler(2, 'Undefined variable $messages', 'C:\\xampp\\htdocs\\e-arsip_ci4\\app\\Views\\pages\\bantuan_chat.php', 51)
 2 SYSTEMPATH\View\View.php(226): include('C:\\xampp\\htdocs\\e-arsip_ci4\\app\\Views\\pages\\bantuan_chat.php')
 3 SYSTEMPATH\View\View.php(229): CodeIgniter\View\View->CodeIgniter\View\{closure}()
 4 SYSTEMPATH\Common.php(1167): CodeIgniter\View\View->render('pages/bantuan_chat', [], true)
 5 APPPATH\Controllers\Bantuan.php(69): view('pages/bantuan_chat', [...])
 6 SYSTEMPATH\CodeIgniter.php(933): App\Controllers\Bantuan->chat('18', 'default')
 7 SYSTEMPATH\CodeIgniter.php(507): CodeIgniter\CodeIgniter->runController(Object(App\Controllers\Bantuan))
 8 SYSTEMPATH\CodeIgniter.php(354): CodeIgniter\CodeIgniter->handleRequest(null, Object(Config\Cache), false)
 9 SYSTEMPATH\Boot.php(363): CodeIgniter\CodeIgniter->run()
10 SYSTEMPATH\Boot.php(68): CodeIgniter\Boot::runCodeIgniter(Object(CodeIgniter\CodeIgniter))
11 FCPATH\index.php(59): CodeIgniter\Boot::bootWeb(Object(Config\Paths))
DEBUG - 2025-11-08 02:14:33 --> Session: Class initialized using 'CodeIgniter\Session\Handlers\FileHandler' driver.
CRITICAL - 2025-11-08 02:14:33 --> ErrorException: Undefined variable $messages
[Method: GET, Route: bantuan/chat/18/default]
in APPPATH\Views\pages\bantuan_chat.php on line 51.
 1 APPPATH\Views\pages\bantuan_chat.php(51): CodeIgniter\Debug\Exceptions->errorHandler(2, 'Undefined variable $messages', 'C:\\xampp\\htdocs\\e-arsip_ci4\\app\\Views\\pages\\bantuan_chat.php', 51)
 2 SYSTEMPATH\View\View.php(226): include('C:\\xampp\\htdocs\\e-arsip_ci4\\app\\Views\\pages\\bantuan_chat.php')
 3 SYSTEMPATH\View\View.php(229): CodeIgniter\View\View->CodeIgniter\View\{closure}()
 4 SYSTEMPATH\Common.php(1167): CodeIgniter\View\View->render('pages/bantuan_chat', [], true)
 5 APPPATH\Controllers\Bantuan.php(69): view('pages/bantuan_chat', [...])
 6 SYSTEMPATH\CodeIgniter.php(933): App\Controllers\Bantuan->chat('18', 'default')
 7 SYSTEMPATH\CodeIgniter.php(507): CodeIgniter\CodeIgniter->runController(Object(App\Controllers\Bantuan))
 8 SYSTEMPATH\CodeIgniter.php(354): CodeIgniter\CodeIgniter->handleRequest(null, Object(Config\Cache), false)
 9 SYSTEMPATH\Boot.php(363): CodeIgniter\CodeIgniter->run()
10 SYSTEMPATH\Boot.php(68): CodeIgniter\Boot::runCodeIgniter(Object(CodeIgniter\CodeIgniter))
11 FCPATH\index.php(59): CodeIgniter\Boot::bootWeb(Object(Config\Paths))
DEBUG - 2025-11-08 02:14:34 --> Session: Class initialized using 'CodeIgniter\Session\Handlers\FileHandler' driver.
CRITICAL - 2025-11-08 02:14:34 --> ErrorException: Undefined variable $messages
[Method: GET, Route: bantuan/chat/18/default]
in APPPATH\Views\pages\bantuan_chat.php on line 51.
 1 APPPATH\Views\pages\bantuan_chat.php(51): CodeIgniter\Debug\Exceptions->errorHandler(2, 'Undefined variable $messages', 'C:\\xampp\\htdocs\\e-arsip_ci4\\app\\Views\\pages\\bantuan_chat.php', 51)
 2 SYSTEMPATH\View\View.php(226): include('C:\\xampp\\htdocs\\e-arsip_ci4\\app\\Views\\pages\\bantuan_chat.php')
 3 SYSTEMPATH\View\View.php(229): CodeIgniter\View\View->CodeIgniter\View\{closure}()
 4 SYSTEMPATH\Common.php(1167): CodeIgniter\View\View->render('pages/bantuan_chat', [], true)
 5 APPPATH\Controllers\Bantuan.php(69): view('pages/bantuan_chat', [...])
 6 SYSTEMPATH\CodeIgniter.php(933): App\Controllers\Bantuan->chat('18', 'default')
 7 SYSTEMPATH\CodeIgniter.php(507): CodeIgniter\CodeIgniter->runController(Object(App\Controllers\Bantuan))
 8 SYSTEMPATH\CodeIgniter.php(354): CodeIgniter\CodeIgniter->handleRequest(null, Object(Config\Cache), false)
 9 SYSTEMPATH\Boot.php(363): CodeIgniter\CodeIgniter->run()
10 SYSTEMPATH\Boot.php(68): CodeIgniter\Boot::runCodeIgniter(Object(CodeIgniter\CodeIgniter))
11 FCPATH\index.php(59): CodeIgniter\Boot::bootWeb(Object(Config\Paths))
DEBUG - 2025-11-08 02:14:36 --> Session: Class initialized using 'CodeIgniter\Session\Handlers\FileHandler' driver.
CRITICAL - 2025-11-08 02:14:36 --> ErrorException: Undefined variable $messages
[Method: GET, Route: bantuan/chat/18/default]
in APPPATH\Views\pages\bantuan_chat.php on line 51.
 1 APPPATH\Views\pages\bantuan_chat.php(51): CodeIgniter\Debug\Exceptions->errorHandler(2, 'Undefined variable $messages', 'C:\\xampp\\htdocs\\e-arsip_ci4\\app\\Views\\pages\\bantuan_chat.php', 51)
 2 SYSTEMPATH\View\View.php(226): include('C:\\xampp\\htdocs\\e-arsip_ci4\\app\\Views\\pages\\bantuan_chat.php')
 3 SYSTEMPATH\View\View.php(229): CodeIgniter\View\View->CodeIgniter\View\{closure}()
 4 SYSTEMPATH\Common.php(1167): CodeIgniter\View\View->render('pages/bantuan_chat', [], true)
 5 APPPATH\Controllers\Bantuan.php(69): view('pages/bantuan_chat', [...])
 6 SYSTEMPATH\CodeIgniter.php(933): App\Controllers\Bantuan->chat('18', 'default')
 7 SYSTEMPATH\CodeIgniter.php(507): CodeIgniter\CodeIgniter->runController(Object(App\Controllers\Bantuan))
 8 SYSTEMPATH\CodeIgniter.php(354): CodeIgniter\CodeIgniter->handleRequest(null, Object(Config\Cache), false)
 9 SYSTEMPATH\Boot.php(363): CodeIgniter\CodeIgniter->run()
10 SYSTEMPATH\Boot.php(68): CodeIgniter\Boot::runCodeIgniter(Object(CodeIgniter\CodeIgniter))
11 FCPATH\index.php(59): CodeIgniter\Boot::bootWeb(Object(Config\Paths))
DEBUG - 2025-11-08 02:14:37 --> Session: Class initialized using 'CodeIgniter\Session\Handlers\FileHandler' driver.
CRITICAL - 2025-11-08 02:14:37 --> ErrorException: Undefined variable $messages
[Method: GET, Route: bantuan/chat/18/default]
in APPPATH\Views\pages\bantuan_chat.php on line 51.
 1 APPPATH\Views\pages\bantuan_chat.php(51): CodeIgniter\Debug\Exceptions->errorHandler(2, 'Undefined variable $messages', 'C:\\xampp\\htdocs\\e-arsip_ci4\\app\\Views\\pages\\bantuan_chat.php', 51)
 2 SYSTEMPATH\View\View.php(226): include('C:\\xampp\\htdocs\\e-arsip_ci4\\app\\Views\\pages\\bantuan_chat.php')
 3 SYSTEMPATH\View\View.php(229): CodeIgniter\View\View->CodeIgniter\View\{closure}()
 4 SYSTEMPATH\Common.php(1167): CodeIgniter\View\View->render('pages/bantuan_chat', [], true)
 5 APPPATH\Controllers\Bantuan.php(69): view('pages/bantuan_chat', [...])
 6 SYSTEMPATH\CodeIgniter.php(933): App\Controllers\Bantuan->chat('18', 'default')
 7 SYSTEMPATH\CodeIgniter.php(507): CodeIgniter\CodeIgniter->runController(Object(App\Controllers\Bantuan))
 8 SYSTEMPATH\CodeIgniter.php(354): CodeIgniter\CodeIgniter->handleRequest(null, Object(Config\Cache), false)
 9 SYSTEMPATH\Boot.php(363): CodeIgniter\CodeIgniter->run()
10 SYSTEMPATH\Boot.php(68): CodeIgniter\Boot::runCodeIgniter(Object(CodeIgniter\CodeIgniter))
11 FCPATH\index.php(59): CodeIgniter\Boot::bootWeb(Object(Config\Paths))
DEBUG - 2025-11-08 02:14:38 --> Session: Class initialized using 'CodeIgniter\Session\Handlers\FileHandler' driver.
CRITICAL - 2025-11-08 02:14:38 --> ErrorException: Undefined variable $messages
[Method: GET, Route: bantuan/chat/18/default]
in APPPATH\Views\pages\bantuan_chat.php on line 51.
 1 APPPATH\Views\pages\bantuan_chat.php(51): CodeIgniter\Debug\Exceptions->errorHandler(2, 'Undefined variable $messages', 'C:\\xampp\\htdocs\\e-arsip_ci4\\app\\Views\\pages\\bantuan_chat.php', 51)
 2 SYSTEMPATH\View\View.php(226): include('C:\\xampp\\htdocs\\e-arsip_ci4\\app\\Views\\pages\\bantuan_chat.php')
 3 SYSTEMPATH\View\View.php(229): CodeIgniter\View\View->CodeIgniter\View\{closure}()
 4 SYSTEMPATH\Common.php(1167): CodeIgniter\View\View->render('pages/bantuan_chat', [], true)
 5 APPPATH\Controllers\Bantuan.php(69): view('pages/bantuan_chat', [...])
 6 SYSTEMPATH\CodeIgniter.php(933): App\Controllers\Bantuan->chat('18', 'default')
 7 SYSTEMPATH\CodeIgniter.php(507): CodeIgniter\CodeIgniter->runController(Object(App\Controllers\Bantuan))
 8 SYSTEMPATH\CodeIgniter.php(354): CodeIgniter\CodeIgniter->handleRequest(null, Object(Config\Cache), false)
 9 SYSTEMPATH\Boot.php(363): CodeIgniter\CodeIgniter->run()
10 SYSTEMPATH\Boot.php(68): CodeIgniter\Boot::runCodeIgniter(Object(CodeIgniter\CodeIgniter))
11 FCPATH\index.php(59): CodeIgniter\Boot::bootWeb(Object(Config\Paths))
DEBUG - 2025-11-08 02:14:39 --> Session: Class initialized using 'CodeIgniter\Session\Handlers\FileHandler' driver.
CRITICAL - 2025-11-08 02:14:39 --> ErrorException: Undefined variable $messages
[Method: GET, Route: bantuan/chat/18/default]
in APPPATH\Views\pages\bantuan_chat.php on line 51.
 1 APPPATH\Views\pages\bantuan_chat.php(51): CodeIgniter\Debug\Exceptions->errorHandler(2, 'Undefined variable $messages', 'C:\\xampp\\htdocs\\e-arsip_ci4\\app\\Views\\pages\\bantuan_chat.php', 51)
 2 SYSTEMPATH\View\View.php(226): include('C:\\xampp\\htdocs\\e-arsip_ci4\\app\\Views\\pages\\bantuan_chat.php')
 3 SYSTEMPATH\View\View.php(229): CodeIgniter\View\View->CodeIgniter\View\{closure}()
 4 SYSTEMPATH\Common.php(1167): CodeIgniter\View\View->render('pages/bantuan_chat', [], true)
 5 APPPATH\Controllers\Bantuan.php(69): view('pages/bantuan_chat', [...])
 6 SYSTEMPATH\CodeIgniter.php(933): App\Controllers\Bantuan->chat('18', 'default')
 7 SYSTEMPATH\CodeIgniter.php(507): CodeIgniter\CodeIgniter->runController(Object(App\Controllers\Bantuan))
 8 SYSTEMPATH\CodeIgniter.php(354): CodeIgniter\CodeIgniter->handleRequest(null, Object(Config\Cache), false)
 9 SYSTEMPATH\Boot.php(363): CodeIgniter\CodeIgniter->run()
10 SYSTEMPATH\Boot.php(68): CodeIgniter\Boot::runCodeIgniter(Object(CodeIgniter\CodeIgniter))
11 FCPATH\index.php(59): CodeIgniter\Boot::bootWeb(Object(Config\Paths))
DEBUG - 2025-11-08 02:14:40 --> Session: Class initialized using 'CodeIgniter\Session\Handlers\FileHandler' driver.
CRITICAL - 2025-11-08 02:14:40 --> ErrorException: Undefined variable $messages
[Method: GET, Route: bantuan/chat/18/default]
in APPPATH\Views\pages\bantuan_chat.php on line 51.
 1 APPPATH\Views\pages\bantuan_chat.php(51): CodeIgniter\Debug\Exceptions->errorHandler(2, 'Undefined variable $messages', 'C:\\xampp\\htdocs\\e-arsip_ci4\\app\\Views\\pages\\bantuan_chat.php', 51)
 2 SYSTEMPATH\View\View.php(226): include('C:\\xampp\\htdocs\\e-arsip_ci4\\app\\Views\\pages\\bantuan_chat.php')
 3 SYSTEMPATH\View\View.php(229): CodeIgniter\View\View->CodeIgniter\View\{closure}()
 4 SYSTEMPATH\Common.php(1167): CodeIgniter\View\View->render('pages/bantuan_chat', [], true)
 5 APPPATH\Controllers\Bantuan.php(69): view('pages/bantuan_chat', [...])
 6 SYSTEMPATH\CodeIgniter.php(933): App\Controllers\Bantuan->chat('18', 'default')
 7 SYSTEMPATH\CodeIgniter.php(507): CodeIgniter\CodeIgniter->runController(Object(App\Controllers\Bantuan))
 8 SYSTEMPATH\CodeIgniter.php(354): CodeIgniter\CodeIgniter->handleRequest(null, Object(Config\Cache), false)
 9 SYSTEMPATH\Boot.php(363): CodeIgniter\CodeIgniter->run()
10 SYSTEMPATH\Boot.php(68): CodeIgniter\Boot::runCodeIgniter(Object(CodeIgniter\CodeIgniter))
11 FCPATH\index.php(59): CodeIgniter\Boot::bootWeb(Object(Config\Paths))
DEBUG - 2025-11-08 02:14:42 --> Session: Class initialized using 'CodeIgniter\Session\Handlers\FileHandler' driver.
CRITICAL - 2025-11-08 02:14:42 --> ErrorException: Undefined variable $messages
[Method: GET, Route: bantuan/chat/18/default]
in APPPATH\Views\pages\bantuan_chat.php on line 51.
 1 APPPATH\Views\pages\bantuan_chat.php(51): CodeIgniter\Debug\Exceptions->errorHandler(2, 'Undefined variable $messages', 'C:\\xampp\\htdocs\\e-arsip_ci4\\app\\Views\\pages\\bantuan_chat.php', 51)
 2 SYSTEMPATH\View\View.php(226): include('C:\\xampp\\htdocs\\e-arsip_ci4\\app\\Views\\pages\\bantuan_chat.php')
 3 SYSTEMPATH\View\View.php(229): CodeIgniter\View\View->CodeIgniter\View\{closure}()
 4 SYSTEMPATH\Common.php(1167): CodeIgniter\View\View->render('pages/bantuan_chat', [], true)
 5 APPPATH\Controllers\Bantuan.php(69): view('pages/bantuan_chat', [...])
 6 SYSTEMPATH\CodeIgniter.php(933): App\Controllers\Bantuan->chat('18', 'default')
 7 SYSTEMPATH\CodeIgniter.php(507): CodeIgniter\CodeIgniter->runController(Object(App\Controllers\Bantuan))
 8 SYSTEMPATH\CodeIgniter.php(354): CodeIgniter\CodeIgniter->handleRequest(null, Object(Config\Cache), false)
 9 SYSTEMPATH\Boot.php(363): CodeIgniter\CodeIgniter->run()
10 SYSTEMPATH\Boot.php(68): CodeIgniter\Boot::runCodeIgniter(Object(CodeIgniter\CodeIgniter))
11 FCPATH\index.php(59): CodeIgniter\Boot::bootWeb(Object(Config\Paths))
DEBUG - 2025-11-08 02:14:43 --> Session: Class initialized using 'CodeIgniter\Session\Handlers\FileHandler' driver.
CRITICAL - 2025-11-08 02:14:43 --> ErrorException: Undefined variable $messages
[Method: GET, Route: bantuan/chat/18/default]
in APPPATH\Views\pages\bantuan_chat.php on line 51.
 1 APPPATH\Views\pages\bantuan_chat.php(51): CodeIgniter\Debug\Exceptions->errorHandler(2, 'Undefined variable $messages', 'C:\\xampp\\htdocs\\e-arsip_ci4\\app\\Views\\pages\\bantuan_chat.php', 51)
 2 SYSTEMPATH\View\View.php(226): include('C:\\xampp\\htdocs\\e-arsip_ci4\\app\\Views\\pages\\bantuan_chat.php')
 3 SYSTEMPATH\View\View.php(229): CodeIgniter\View\View->CodeIgniter\View\{closure}()
 4 SYSTEMPATH\Common.php(1167): CodeIgniter\View\View->render('pages/bantuan_chat', [], true)
 5 APPPATH\Controllers\Bantuan.php(69): view('pages/bantuan_chat', [...])
 6 SYSTEMPATH\CodeIgniter.php(933): App\Controllers\Bantuan->chat('18', 'default')
 7 SYSTEMPATH\CodeIgniter.php(507): CodeIgniter\CodeIgniter->runController(Object(App\Controllers\Bantuan))
 8 SYSTEMPATH\CodeIgniter.php(354): CodeIgniter\CodeIgniter->handleRequest(null, Object(Config\Cache), false)
 9 SYSTEMPATH\Boot.php(363): CodeIgniter\CodeIgniter->run()
10 SYSTEMPATH\Boot.php(68): CodeIgniter\Boot::runCodeIgniter(Object(CodeIgniter\CodeIgniter))
11 FCPATH\index.php(59): CodeIgniter\Boot::bootWeb(Object(Config\Paths))
DEBUG - 2025-11-08 02:14:44 --> Session: Class initialized using 'CodeIgniter\Session\Handlers\FileHandler' driver.
CRITICAL - 2025-11-08 02:14:44 --> ErrorException: Undefined variable $messages
[Method: GET, Route: bantuan/chat/18/default]
in APPPATH\Views\pages\bantuan_chat.php on line 51.
 1 APPPATH\Views\pages\bantuan_chat.php(51): CodeIgniter\Debug\Exceptions->errorHandler(2, 'Undefined variable $messages', 'C:\\xampp\\htdocs\\e-arsip_ci4\\app\\Views\\pages\\bantuan_chat.php', 51)
 2 SYSTEMPATH\View\View.php(226): include('C:\\xampp\\htdocs\\e-arsip_ci4\\app\\Views\\pages\\bantuan_chat.php')
 3 SYSTEMPATH\View\View.php(229): CodeIgniter\View\View->CodeIgniter\View\{closure}()
 4 SYSTEMPATH\Common.php(1167): CodeIgniter\View\View->render('pages/bantuan_chat', [], true)
 5 APPPATH\Controllers\Bantuan.php(69): view('pages/bantuan_chat', [...])
 6 SYSTEMPATH\CodeIgniter.php(933): App\Controllers\Bantuan->chat('18', 'default')
 7 SYSTEMPATH\CodeIgniter.php(507): CodeIgniter\CodeIgniter->runController(Object(App\Controllers\Bantuan))
 8 SYSTEMPATH\CodeIgniter.php(354): CodeIgniter\CodeIgniter->handleRequest(null, Object(Config\Cache), false)
 9 SYSTEMPATH\Boot.php(363): CodeIgniter\CodeIgniter->run()
10 SYSTEMPATH\Boot.php(68): CodeIgniter\Boot::runCodeIgniter(Object(CodeIgniter\CodeIgniter))
11 FCPATH\index.php(59): CodeIgniter\Boot::bootWeb(Object(Config\Paths))
DEBUG - 2025-11-08 02:14:45 --> Session: Class initialized using 'CodeIgniter\Session\Handlers\FileHandler' driver.
CRITICAL - 2025-11-08 02:14:45 --> ErrorException: Undefined variable $messages
[Method: GET, Route: bantuan/chat/18/default]
in APPPATH\Views\pages\bantuan_chat.php on line 51.
 1 APPPATH\Views\pages\bantuan_chat.php(51): CodeIgniter\Debug\Exceptions->errorHandler(2, 'Undefined variable $messages', 'C:\\xampp\\htdocs\\e-arsip_ci4\\app\\Views\\pages\\bantuan_chat.php', 51)
 2 SYSTEMPATH\View\View.php(226): include('C:\\xampp\\htdocs\\e-arsip_ci4\\app\\Views\\pages\\bantuan_chat.php')
 3 SYSTEMPATH\View\View.php(229): CodeIgniter\View\View->CodeIgniter\View\{closure}()
 4 SYSTEMPATH\Common.php(1167): CodeIgniter\View\View->render('pages/bantuan_chat', [], true)
 5 APPPATH\Controllers\Bantuan.php(69): view('pages/bantuan_chat', [...])
 6 SYSTEMPATH\CodeIgniter.php(933): App\Controllers\Bantuan->chat('18', 'default')
 7 SYSTEMPATH\CodeIgniter.php(507): CodeIgniter\CodeIgniter->runController(Object(App\Controllers\Bantuan))
 8 SYSTEMPATH\CodeIgniter.php(354): CodeIgniter\CodeIgniter->handleRequest(null, Object(Config\Cache), false)
 9 SYSTEMPATH\Boot.php(363): CodeIgniter\CodeIgniter->run()
10 SYSTEMPATH\Boot.php(68): CodeIgniter\Boot::runCodeIgniter(Object(CodeIgniter\CodeIgniter))
11 FCPATH\index.php(59): CodeIgniter\Boot::bootWeb(Object(Config\Paths))
DEBUG - 2025-11-08 02:14:46 --> Session: Class initialized using 'CodeIgniter\Session\Handlers\FileHandler' driver.
CRITICAL - 2025-11-08 02:14:46 --> ErrorException: Undefined variable $messages
[Method: GET, Route: bantuan/chat/18/default]
in APPPATH\Views\pages\bantuan_chat.php on line 51.
 1 APPPATH\Views\pages\bantuan_chat.php(51): CodeIgniter\Debug\Exceptions->errorHandler(2, 'Undefined variable $messages', 'C:\\xampp\\htdocs\\e-arsip_ci4\\app\\Views\\pages\\bantuan_chat.php', 51)
 2 SYSTEMPATH\View\View.php(226): include('C:\\xampp\\htdocs\\e-arsip_ci4\\app\\Views\\pages\\bantuan_chat.php')
 3 SYSTEMPATH\View\View.php(229): CodeIgniter\View\View->CodeIgniter\View\{closure}()
 4 SYSTEMPATH\Common.php(1167): CodeIgniter\View\View->render('pages/bantuan_chat', [], true)
 5 APPPATH\Controllers\Bantuan.php(69): view('pages/bantuan_chat', [...])
 6 SYSTEMPATH\CodeIgniter.php(933): App\Controllers\Bantuan->chat('18', 'default')
 7 SYSTEMPATH\CodeIgniter.php(507): CodeIgniter\CodeIgniter->runController(Object(App\Controllers\Bantuan))
 8 SYSTEMPATH\CodeIgniter.php(354): CodeIgniter\CodeIgniter->handleRequest(null, Object(Config\Cache), false)
 9 SYSTEMPATH\Boot.php(363): CodeIgniter\CodeIgniter->run()
10 SYSTEMPATH\Boot.php(68): CodeIgniter\Boot::runCodeIgniter(Object(CodeIgniter\CodeIgniter))
11 FCPATH\index.php(59): CodeIgniter\Boot::bootWeb(Object(Config\Paths))
DEBUG - 2025-11-08 02:14:48 --> Session: Class initialized using 'CodeIgniter\Session\Handlers\FileHandler' driver.
CRITICAL - 2025-11-08 02:14:48 --> ErrorException: Undefined variable $messages
[Method: GET, Route: bantuan/chat/18/default]
in APPPATH\Views\pages\bantuan_chat.php on line 51.
 1 APPPATH\Views\pages\bantuan_chat.php(51): CodeIgniter\Debug\Exceptions->errorHandler(2, 'Undefined variable $messages', 'C:\\xampp\\htdocs\\e-arsip_ci4\\app\\Views\\pages\\bantuan_chat.php', 51)
 2 SYSTEMPATH\View\View.php(226): include('C:\\xampp\\htdocs\\e-arsip_ci4\\app\\Views\\pages\\bantuan_chat.php')
 3 SYSTEMPATH\View\View.php(229): CodeIgniter\View\View->CodeIgniter\View\{closure}()
 4 SYSTEMPATH\Common.php(1167): CodeIgniter\View\View->render('pages/bantuan_chat', [], true)
 5 APPPATH\Controllers\Bantuan.php(69): view('pages/bantuan_chat', [...])
 6 SYSTEMPATH\CodeIgniter.php(933): App\Controllers\Bantuan->chat('18', 'default')
 7 SYSTEMPATH\CodeIgniter.php(507): CodeIgniter\CodeIgniter->runController(Object(App\Controllers\Bantuan))
 8 SYSTEMPATH\CodeIgniter.php(354): CodeIgniter\CodeIgniter->handleRequest(null, Object(Config\Cache), false)
 9 SYSTEMPATH\Boot.php(363): CodeIgniter\CodeIgniter->run()
10 SYSTEMPATH\Boot.php(68): CodeIgniter\Boot::runCodeIgniter(Object(CodeIgniter\CodeIgniter))
11 FCPATH\index.php(59): CodeIgniter\Boot::bootWeb(Object(Config\Paths))
DEBUG - 2025-11-08 02:14:49 --> Session: Class initialized using 'CodeIgniter\Session\Handlers\FileHandler' driver.
CRITICAL - 2025-11-08 02:14:49 --> ErrorException: Undefined variable $messages
[Method: GET, Route: bantuan/chat/18/default]
in APPPATH\Views\pages\bantuan_chat.php on line 51.
 1 APPPATH\Views\pages\bantuan_chat.php(51): CodeIgniter\Debug\Exceptions->errorHandler(2, 'Undefined variable $messages', 'C:\\xampp\\htdocs\\e-arsip_ci4\\app\\Views\\pages\\bantuan_chat.php', 51)
 2 SYSTEMPATH\View\View.php(226): include('C:\\xampp\\htdocs\\e-arsip_ci4\\app\\Views\\pages\\bantuan_chat.php')
 3 SYSTEMPATH\View\View.php(229): CodeIgniter\View\View->CodeIgniter\View\{closure}()
 4 SYSTEMPATH\Common.php(1167): CodeIgniter\View\View->render('pages/bantuan_chat', [], true)
 5 APPPATH\Controllers\Bantuan.php(69): view('pages/bantuan_chat', [...])
 6 SYSTEMPATH\CodeIgniter.php(933): App\Controllers\Bantuan->chat('18', 'default')
 7 SYSTEMPATH\CodeIgniter.php(507): CodeIgniter\CodeIgniter->runController(Object(App\Controllers\Bantuan))
 8 SYSTEMPATH\CodeIgniter.php(354): CodeIgniter\CodeIgniter->handleRequest(null, Object(Config\Cache), false)
 9 SYSTEMPATH\Boot.php(363): CodeIgniter\CodeIgniter->run()
10 SYSTEMPATH\Boot.php(68): CodeIgniter\Boot::runCodeIgniter(Object(CodeIgniter\CodeIgniter))
11 FCPATH\index.php(59): CodeIgniter\Boot::bootWeb(Object(Config\Paths))
DEBUG - 2025-11-08 02:14:50 --> Session: Class initialized using 'CodeIgniter\Session\Handlers\FileHandler' driver.
CRITICAL - 2025-11-08 02:14:50 --> ErrorException: Undefined variable $messages
[Method: GET, Route: bantuan/chat/18/default]
in APPPATH\Views\pages\bantuan_chat.php on line 51.
 1 APPPATH\Views\pages\bantuan_chat.php(51): CodeIgniter\Debug\Exceptions->errorHandler(2, 'Undefined variable $messages', 'C:\\xampp\\htdocs\\e-arsip_ci4\\app\\Views\\pages\\bantuan_chat.php', 51)
 2 SYSTEMPATH\View\View.php(226): include('C:\\xampp\\htdocs\\e-arsip_ci4\\app\\Views\\pages\\bantuan_chat.php')
 3 SYSTEMPATH\View\View.php(229): CodeIgniter\View\View->CodeIgniter\View\{closure}()
 4 SYSTEMPATH\Common.php(1167): CodeIgniter\View\View->render('pages/bantuan_chat', [], true)
 5 APPPATH\Controllers\Bantuan.php(69): view('pages/bantuan_chat', [...])
 6 SYSTEMPATH\CodeIgniter.php(933): App\Controllers\Bantuan->chat('18', 'default')
 7 SYSTEMPATH\CodeIgniter.php(507): CodeIgniter\CodeIgniter->runController(Object(App\Controllers\Bantuan))
 8 SYSTEMPATH\CodeIgniter.php(354): CodeIgniter\CodeIgniter->handleRequest(null, Object(Config\Cache), false)
 9 SYSTEMPATH\Boot.php(363): CodeIgniter\CodeIgniter->run()
10 SYSTEMPATH\Boot.php(68): CodeIgniter\Boot::runCodeIgniter(Object(CodeIgniter\CodeIgniter))
11 FCPATH\index.php(59): CodeIgniter\Boot::bootWeb(Object(Config\Paths))
DEBUG - 2025-11-08 02:14:51 --> Session: Class initialized using 'CodeIgniter\Session\Handlers\FileHandler' driver.
CRITICAL - 2025-11-08 02:14:51 --> ErrorException: Undefined variable $messages
[Method: GET, Route: bantuan/chat/18/default]
in APPPATH\Views\pages\bantuan_chat.php on line 51.
 1 APPPATH\Views\pages\bantuan_chat.php(51): CodeIgniter\Debug\Exceptions->errorHandler(2, 'Undefined variable $messages', 'C:\\xampp\\htdocs\\e-arsip_ci4\\app\\Views\\pages\\bantuan_chat.php', 51)
 2 SYSTEMPATH\View\View.php(226): include('C:\\xampp\\htdocs\\e-arsip_ci4\\app\\Views\\pages\\bantuan_chat.php')
 3 SYSTEMPATH\View\View.php(229): CodeIgniter\View\View->CodeIgniter\View\{closure}()
 4 SYSTEMPATH\Common.php(1167): CodeIgniter\View\View->render('pages/bantuan_chat', [], true)
 5 APPPATH\Controllers\Bantuan.php(69): view('pages/bantuan_chat', [...])
 6 SYSTEMPATH\CodeIgniter.php(933): App\Controllers\Bantuan->chat('18', 'default')
 7 SYSTEMPATH\CodeIgniter.php(507): CodeIgniter\CodeIgniter->runController(Object(App\Controllers\Bantuan))
 8 SYSTEMPATH\CodeIgniter.php(354): CodeIgniter\CodeIgniter->handleRequest(null, Object(Config\Cache), false)
 9 SYSTEMPATH\Boot.php(363): CodeIgniter\CodeIgniter->run()
10 SYSTEMPATH\Boot.php(68): CodeIgniter\Boot::runCodeIgniter(Object(CodeIgniter\CodeIgniter))
11 FCPATH\index.php(59): CodeIgniter\Boot::bootWeb(Object(Config\Paths))
DEBUG - 2025-11-08 02:14:52 --> Session: Class initialized using 'CodeIgniter\Session\Handlers\FileHandler' driver.
CRITICAL - 2025-11-08 02:14:52 --> ErrorException: Undefined variable $messages
[Method: GET, Route: bantuan/chat/18/default]
in APPPATH\Views\pages\bantuan_chat.php on line 51.
 1 APPPATH\Views\pages\bantuan_chat.php(51): CodeIgniter\Debug\Exceptions->errorHandler(2, 'Undefined variable $messages', 'C:\\xampp\\htdocs\\e-arsip_ci4\\app\\Views\\pages\\bantuan_chat.php', 51)
 2 SYSTEMPATH\View\View.php(226): include('C:\\xampp\\htdocs\\e-arsip_ci4\\app\\Views\\pages\\bantuan_chat.php')
 3 SYSTEMPATH\View\View.php(229): CodeIgniter\View\View->CodeIgniter\View\{closure}()
 4 SYSTEMPATH\Common.php(1167): CodeIgniter\View\View->render('pages/bantuan_chat', [], true)
 5 APPPATH\Controllers\Bantuan.php(69): view('pages/bantuan_chat', [...])
 6 SYSTEMPATH\CodeIgniter.php(933): App\Controllers\Bantuan->chat('18', 'default')
 7 SYSTEMPATH\CodeIgniter.php(507): CodeIgniter\CodeIgniter->runController(Object(App\Controllers\Bantuan))
 8 SYSTEMPATH\CodeIgniter.php(354): CodeIgniter\CodeIgniter->handleRequest(null, Object(Config\Cache), false)
 9 SYSTEMPATH\Boot.php(363): CodeIgniter\CodeIgniter->run()
10 SYSTEMPATH\Boot.php(68): CodeIgniter\Boot::runCodeIgniter(Object(CodeIgniter\CodeIgniter))
11 FCPATH\index.php(59): CodeIgniter\Boot::bootWeb(Object(Config\Paths))
DEBUG - 2025-11-08 02:14:54 --> Session: Class initialized using 'CodeIgniter\Session\Handlers\FileHandler' driver.
CRITICAL - 2025-11-08 02:14:54 --> ErrorException: Undefined variable $messages
[Method: GET, Route: bantuan/chat/18/default]
in APPPATH\Views\pages\bantuan_chat.php on line 51.
 1 APPPATH\Views\pages\bantuan_chat.php(51): CodeIgniter\Debug\Exceptions->errorHandler(2, 'Undefined variable $messages', 'C:\\xampp\\htdocs\\e-arsip_ci4\\app\\Views\\pages\\bantuan_chat.php', 51)
 2 SYSTEMPATH\View\View.php(226): include('C:\\xampp\\htdocs\\e-arsip_ci4\\app\\Views\\pages\\bantuan_chat.php')
 3 SYSTEMPATH\View\View.php(229): CodeIgniter\View\View->CodeIgniter\View\{closure}()
 4 SYSTEMPATH\Common.php(1167): CodeIgniter\View\View->render('pages/bantuan_chat', [], true)
 5 APPPATH\Controllers\Bantuan.php(69): view('pages/bantuan_chat', [...])
 6 SYSTEMPATH\CodeIgniter.php(933): App\Controllers\Bantuan->chat('18', 'default')
 7 SYSTEMPATH\CodeIgniter.php(507): CodeIgniter\CodeIgniter->runController(Object(App\Controllers\Bantuan))
 8 SYSTEMPATH\CodeIgniter.php(354): CodeIgniter\CodeIgniter->handleRequest(null, Object(Config\Cache), false)
 9 SYSTEMPATH\Boot.php(363): CodeIgniter\CodeIgniter->run()
10 SYSTEMPATH\Boot.php(68): CodeIgniter\Boot::runCodeIgniter(Object(CodeIgniter\CodeIgniter))
11 FCPATH\index.php(59): CodeIgniter\Boot::bootWeb(Object(Config\Paths))
DEBUG - 2025-11-08 02:14:55 --> Session: Class initialized using 'CodeIgniter\Session\Handlers\FileHandler' driver.
CRITICAL - 2025-11-08 02:14:55 --> ErrorException: Undefined variable $messages
[Method: GET, Route: bantuan/chat/18/default]
in APPPATH\Views\pages\bantuan_chat.php on line 51.
 1 APPPATH\Views\pages\bantuan_chat.php(51): CodeIgniter\Debug\Exceptions->errorHandler(2, 'Undefined variable $messages', 'C:\\xampp\\htdocs\\e-arsip_ci4\\app\\Views\\pages\\bantuan_chat.php', 51)
 2 SYSTEMPATH\View\View.php(226): include('C:\\xampp\\htdocs\\e-arsip_ci4\\app\\Views\\pages\\bantuan_chat.php')
 3 SYSTEMPATH\View\View.php(229): CodeIgniter\View\View->CodeIgniter\View\{closure}()
 4 SYSTEMPATH\Common.php(1167): CodeIgniter\View\View->render('pages/bantuan_chat', [], true)
 5 APPPATH\Controllers\Bantuan.php(69): view('pages/bantuan_chat', [...])
 6 SYSTEMPATH\CodeIgniter.php(933): App\Controllers\Bantuan->chat('18', 'default')
 7 SYSTEMPATH\CodeIgniter.php(507): CodeIgniter\CodeIgniter->runController(Object(App\Controllers\Bantuan))
 8 SYSTEMPATH\CodeIgniter.php(354): CodeIgniter\CodeIgniter->handleRequest(null, Object(Config\Cache), false)
 9 SYSTEMPATH\Boot.php(363): CodeIgniter\CodeIgniter->run()
10 SYSTEMPATH\Boot.php(68): CodeIgniter\Boot::runCodeIgniter(Object(CodeIgniter\CodeIgniter))
11 FCPATH\index.php(59): CodeIgniter\Boot::bootWeb(Object(Config\Paths))
DEBUG - 2025-11-08 02:14:56 --> Session: Class initialized using 'CodeIgniter\Session\Handlers\FileHandler' driver.
CRITICAL - 2025-11-08 02:14:56 --> ErrorException: Undefined variable $messages
[Method: GET, Route: bantuan/chat/18/default]
in APPPATH\Views\pages\bantuan_chat.php on line 51.
 1 APPPATH\Views\pages\bantuan_chat.php(51): CodeIgniter\Debug\Exceptions->errorHandler(2, 'Undefined variable $messages', 'C:\\xampp\\htdocs\\e-arsip_ci4\\app\\Views\\pages\\bantuan_chat.php', 51)
 2 SYSTEMPATH\View\View.php(226): include('C:\\xampp\\htdocs\\e-arsip_ci4\\app\\Views\\pages\\bantuan_chat.php')
 3 SYSTEMPATH\View\View.php(229): CodeIgniter\View\View->CodeIgniter\View\{closure}()
 4 SYSTEMPATH\Common.php(1167): CodeIgniter\View\View->render('pages/bantuan_chat', [], true)
 5 APPPATH\Controllers\Bantuan.php(69): view('pages/bantuan_chat', [...])
 6 SYSTEMPATH\CodeIgniter.php(933): App\Controllers\Bantuan->chat('18', 'default')
 7 SYSTEMPATH\CodeIgniter.php(507): CodeIgniter\CodeIgniter->runController(Object(App\Controllers\Bantuan))
 8 SYSTEMPATH\CodeIgniter.php(354): CodeIgniter\CodeIgniter->handleRequest(null, Object(Config\Cache), false)
 9 SYSTEMPATH\Boot.php(363): CodeIgniter\CodeIgniter->run()
10 SYSTEMPATH\Boot.php(68): CodeIgniter\Boot::runCodeIgniter(Object(CodeIgniter\CodeIgniter))
11 FCPATH\index.php(59): CodeIgniter\Boot::bootWeb(Object(Config\Paths))
DEBUG - 2025-11-08 02:14:57 --> Session: Class initialized using 'CodeIgniter\Session\Handlers\FileHandler' driver.
CRITICAL - 2025-11-08 02:14:57 --> ErrorException: Undefined variable $messages
[Method: GET, Route: bantuan/chat/18/default]
in APPPATH\Views\pages\bantuan_chat.php on line 51.
 1 APPPATH\Views\pages\bantuan_chat.php(51): CodeIgniter\Debug\Exceptions->errorHandler(2, 'Undefined variable $messages', 'C:\\xampp\\htdocs\\e-arsip_ci4\\app\\Views\\pages\\bantuan_chat.php', 51)
 2 SYSTEMPATH\View\View.php(226): include('C:\\xampp\\htdocs\\e-arsip_ci4\\app\\Views\\pages\\bantuan_chat.php')
 3 SYSTEMPATH\View\View.php(229): CodeIgniter\View\View->CodeIgniter\View\{closure}()
 4 SYSTEMPATH\Common.php(1167): CodeIgniter\View\View->render('pages/bantuan_chat', [], true)
 5 APPPATH\Controllers\Bantuan.php(69): view('pages/bantuan_chat', [...])
 6 SYSTEMPATH\CodeIgniter.php(933): App\Controllers\Bantuan->chat('18', 'default')
 7 SYSTEMPATH\CodeIgniter.php(507): CodeIgniter\CodeIgniter->runController(Object(App\Controllers\Bantuan))
 8 SYSTEMPATH\CodeIgniter.php(354): CodeIgniter\CodeIgniter->handleRequest(null, Object(Config\Cache), false)
 9 SYSTEMPATH\Boot.php(363): CodeIgniter\CodeIgniter->run()
10 SYSTEMPATH\Boot.php(68): CodeIgniter\Boot::runCodeIgniter(Object(CodeIgniter\CodeIgniter))
11 FCPATH\index.php(59): CodeIgniter\Boot::bootWeb(Object(Config\Paths))
DEBUG - 2025-11-08 02:14:58 --> Session: Class initialized using 'CodeIgniter\Session\Handlers\FileHandler' driver.
CRITICAL - 2025-11-08 02:14:58 --> ErrorException: Undefined variable $messages
[Method: GET, Route: bantuan/chat/18/default]
in APPPATH\Views\pages\bantuan_chat.php on line 51.
 1 APPPATH\Views\pages\bantuan_chat.php(51): CodeIgniter\Debug\Exceptions->errorHandler(2, 'Undefined variable $messages', 'C:\\xampp\\htdocs\\e-arsip_ci4\\app\\Views\\pages\\bantuan_chat.php', 51)
 2 SYSTEMPATH\View\View.php(226): include('C:\\xampp\\htdocs\\e-arsip_ci4\\app\\Views\\pages\\bantuan_chat.php')
 3 SYSTEMPATH\View\View.php(229): CodeIgniter\View\View->CodeIgniter\View\{closure}()
 4 SYSTEMPATH\Common.php(1167): CodeIgniter\View\View->render('pages/bantuan_chat', [], true)
 5 APPPATH\Controllers\Bantuan.php(69): view('pages/bantuan_chat', [...])
 6 SYSTEMPATH\CodeIgniter.php(933): App\Controllers\Bantuan->chat('18', 'default')
 7 SYSTEMPATH\CodeIgniter.php(507): CodeIgniter\CodeIgniter->runController(Object(App\Controllers\Bantuan))
 8 SYSTEMPATH\CodeIgniter.php(354): CodeIgniter\CodeIgniter->handleRequest(null, Object(Config\Cache), false)
 9 SYSTEMPATH\Boot.php(363): CodeIgniter\CodeIgniter->run()
10 SYSTEMPATH\Boot.php(68): CodeIgniter\Boot::runCodeIgniter(Object(CodeIgniter\CodeIgniter))
11 FCPATH\index.php(59): CodeIgniter\Boot::bootWeb(Object(Config\Paths))
DEBUG - 2025-11-08 02:15:00 --> Session: Class initialized using 'CodeIgniter\Session\Handlers\FileHandler' driver.
CRITICAL - 2025-11-08 02:15:00 --> ErrorException: Undefined variable $messages
[Method: GET, Route: bantuan/chat/18/default]
in APPPATH\Views\pages\bantuan_chat.php on line 51.
 1 APPPATH\Views\pages\bantuan_chat.php(51): CodeIgniter\Debug\Exceptions->errorHandler(2, 'Undefined variable $messages', 'C:\\xampp\\htdocs\\e-arsip_ci4\\app\\Views\\pages\\bantuan_chat.php', 51)
 2 SYSTEMPATH\View\View.php(226): include('C:\\xampp\\htdocs\\e-arsip_ci4\\app\\Views\\pages\\bantuan_chat.php')
 3 SYSTEMPATH\View\View.php(229): CodeIgniter\View\View->CodeIgniter\View\{closure}()
 4 SYSTEMPATH\Common.php(1167): CodeIgniter\View\View->render('pages/bantuan_chat', [], true)
 5 APPPATH\Controllers\Bantuan.php(69): view('pages/bantuan_chat', [...])
 6 SYSTEMPATH\CodeIgniter.php(933): App\Controllers\Bantuan->chat('18', 'default')
 7 SYSTEMPATH\CodeIgniter.php(507): CodeIgniter\CodeIgniter->runController(Object(App\Controllers\Bantuan))
 8 SYSTEMPATH\CodeIgniter.php(354): CodeIgniter\CodeIgniter->handleRequest(null, Object(Config\Cache), false)
 9 SYSTEMPATH\Boot.php(363): CodeIgniter\CodeIgniter->run()
10 SYSTEMPATH\Boot.php(68): CodeIgniter\Boot::runCodeIgniter(Object(CodeIgniter\CodeIgniter))
11 FCPATH\index.php(59): CodeIgniter\Boot::bootWeb(Object(Config\Paths))
DEBUG - 2025-11-08 02:15:01 --> Session: Class initialized using 'CodeIgniter\Session\Handlers\FileHandler' driver.
CRITICAL - 2025-11-08 02:15:01 --> ErrorException: Undefined variable $messages
[Method: GET, Route: bantuan/chat/18/default]
in APPPATH\Views\pages\bantuan_chat.php on line 51.
 1 APPPATH\Views\pages\bantuan_chat.php(51): CodeIgniter\Debug\Exceptions->errorHandler(2, 'Undefined variable $messages', 'C:\\xampp\\htdocs\\e-arsip_ci4\\app\\Views\\pages\\bantuan_chat.php', 51)
 2 SYSTEMPATH\View\View.php(226): include('C:\\xampp\\htdocs\\e-arsip_ci4\\app\\Views\\pages\\bantuan_chat.php')
 3 SYSTEMPATH\View\View.php(229): CodeIgniter\View\View->CodeIgniter\View\{closure}()
 4 SYSTEMPATH\Common.php(1167): CodeIgniter\View\View->render('pages/bantuan_chat', [], true)
 5 APPPATH\Controllers\Bantuan.php(69): view('pages/bantuan_chat', [...])
 6 SYSTEMPATH\CodeIgniter.php(933): App\Controllers\Bantuan->chat('18', 'default')
 7 SYSTEMPATH\CodeIgniter.php(507): CodeIgniter\CodeIgniter->runController(Object(App\Controllers\Bantuan))
 8 SYSTEMPATH\CodeIgniter.php(354): CodeIgniter\CodeIgniter->handleRequest(null, Object(Config\Cache), false)
 9 SYSTEMPATH\Boot.php(363): CodeIgniter\CodeIgniter->run()
10 SYSTEMPATH\Boot.php(68): CodeIgniter\Boot::runCodeIgniter(Object(CodeIgniter\CodeIgniter))
11 FCPATH\index.php(59): CodeIgniter\Boot::bootWeb(Object(Config\Paths))
DEBUG - 2025-11-08 02:15:02 --> Session: Class initialized using 'CodeIgniter\Session\Handlers\FileHandler' driver.
CRITICAL - 2025-11-08 02:15:02 --> ErrorException: Undefined variable $messages
[Method: GET, Route: bantuan/chat/18/default]
in APPPATH\Views\pages\bantuan_chat.php on line 51.
 1 APPPATH\Views\pages\bantuan_chat.php(51): CodeIgniter\Debug\Exceptions->errorHandler(2, 'Undefined variable $messages', 'C:\\xampp\\htdocs\\e-arsip_ci4\\app\\Views\\pages\\bantuan_chat.php', 51)
 2 SYSTEMPATH\View\View.php(226): include('C:\\xampp\\htdocs\\e-arsip_ci4\\app\\Views\\pages\\bantuan_chat.php')
 3 SYSTEMPATH\View\View.php(229): CodeIgniter\View\View->CodeIgniter\View\{closure}()
 4 SYSTEMPATH\Common.php(1167): CodeIgniter\View\View->render('pages/bantuan_chat', [], true)
 5 APPPATH\Controllers\Bantuan.php(69): view('pages/bantuan_chat', [...])
 6 SYSTEMPATH\CodeIgniter.php(933): App\Controllers\Bantuan->chat('18', 'default')
 7 SYSTEMPATH\CodeIgniter.php(507): CodeIgniter\CodeIgniter->runController(Object(App\Controllers\Bantuan))
 8 SYSTEMPATH\CodeIgniter.php(354): CodeIgniter\CodeIgniter->handleRequest(null, Object(Config\Cache), false)
 9 SYSTEMPATH\Boot.php(363): CodeIgniter\CodeIgniter->run()
10 SYSTEMPATH\Boot.php(68): CodeIgniter\Boot::runCodeIgniter(Object(CodeIgniter\CodeIgniter))
11 FCPATH\index.php(59): CodeIgniter\Boot::bootWeb(Object(Config\Paths))
DEBUG - 2025-11-08 02:15:03 --> Session: Class initialized using 'CodeIgniter\Session\Handlers\FileHandler' driver.
CRITICAL - 2025-11-08 02:15:03 --> ErrorException: Undefined variable $messages
[Method: GET, Route: bantuan/chat/18/default]
in APPPATH\Views\pages\bantuan_chat.php on line 51.
 1 APPPATH\Views\pages\bantuan_chat.php(51): CodeIgniter\Debug\Exceptions->errorHandler(2, 'Undefined variable $messages', 'C:\\xampp\\htdocs\\e-arsip_ci4\\app\\Views\\pages\\bantuan_chat.php', 51)
 2 SYSTEMPATH\View\View.php(226): include('C:\\xampp\\htdocs\\e-arsip_ci4\\app\\Views\\pages\\bantuan_chat.php')
 3 SYSTEMPATH\View\View.php(229): CodeIgniter\View\View->CodeIgniter\View\{closure}()
 4 SYSTEMPATH\Common.php(1167): CodeIgniter\View\View->render('pages/bantuan_chat', [], true)
 5 APPPATH\Controllers\Bantuan.php(69): view('pages/bantuan_chat', [...])
 6 SYSTEMPATH\CodeIgniter.php(933): App\Controllers\Bantuan->chat('18', 'default')
 7 SYSTEMPATH\CodeIgniter.php(507): CodeIgniter\CodeIgniter->runController(Object(App\Controllers\Bantuan))
 8 SYSTEMPATH\CodeIgniter.php(354): CodeIgniter\CodeIgniter->handleRequest(null, Object(Config\Cache), false)
 9 SYSTEMPATH\Boot.php(363): CodeIgniter\CodeIgniter->run()
10 SYSTEMPATH\Boot.php(68): CodeIgniter\Boot::runCodeIgniter(Object(CodeIgniter\CodeIgniter))
11 FCPATH\index.php(59): CodeIgniter\Boot::bootWeb(Object(Config\Paths))
DEBUG - 2025-11-08 02:15:04 --> Session: Class initialized using 'CodeIgniter\Session\Handlers\FileHandler' driver.
CRITICAL - 2025-11-08 02:15:04 --> ErrorException: Undefined variable $messages
[Method: GET, Route: bantuan/chat/18/default]
in APPPATH\Views\pages\bantuan_chat.php on line 51.
 1 APPPATH\Views\pages\bantuan_chat.php(51): CodeIgniter\Debug\Exceptions->errorHandler(2, 'Undefined variable $messages', 'C:\\xampp\\htdocs\\e-arsip_ci4\\app\\Views\\pages\\bantuan_chat.php', 51)
 2 SYSTEMPATH\View\View.php(226): include('C:\\xampp\\htdocs\\e-arsip_ci4\\app\\Views\\pages\\bantuan_chat.php')
 3 SYSTEMPATH\View\View.php(229): CodeIgniter\View\View->CodeIgniter\View\{closure}()
 4 SYSTEMPATH\Common.php(1167): CodeIgniter\View\View->render('pages/bantuan_chat', [], true)
 5 APPPATH\Controllers\Bantuan.php(69): view('pages/bantuan_chat', [...])
 6 SYSTEMPATH\CodeIgniter.php(933): App\Controllers\Bantuan->chat('18', 'default')
 7 SYSTEMPATH\CodeIgniter.php(507): CodeIgniter\CodeIgniter->runController(Object(App\Controllers\Bantuan))
 8 SYSTEMPATH\CodeIgniter.php(354): CodeIgniter\CodeIgniter->handleRequest(null, Object(Config\Cache), false)
 9 SYSTEMPATH\Boot.php(363): CodeIgniter\CodeIgniter->run()
10 SYSTEMPATH\Boot.php(68): CodeIgniter\Boot::runCodeIgniter(Object(CodeIgniter\CodeIgniter))
11 FCPATH\index.php(59): CodeIgniter\Boot::bootWeb(Object(Config\Paths))
DEBUG - 2025-11-08 02:15:06 --> Session: Class initialized using 'CodeIgniter\Session\Handlers\FileHandler' driver.
CRITICAL - 2025-11-08 02:15:06 --> ErrorException: Undefined variable $messages
[Method: GET, Route: bantuan/chat/18/default]
in APPPATH\Views\pages\bantuan_chat.php on line 51.
 1 APPPATH\Views\pages\bantuan_chat.php(51): CodeIgniter\Debug\Exceptions->errorHandler(2, 'Undefined variable $messages', 'C:\\xampp\\htdocs\\e-arsip_ci4\\app\\Views\\pages\\bantuan_chat.php', 51)
 2 SYSTEMPATH\View\View.php(226): include('C:\\xampp\\htdocs\\e-arsip_ci4\\app\\Views\\pages\\bantuan_chat.php')
 3 SYSTEMPATH\View\View.php(229): CodeIgniter\View\View->CodeIgniter\View\{closure}()
 4 SYSTEMPATH\Common.php(1167): CodeIgniter\View\View->render('pages/bantuan_chat', [], true)
 5 APPPATH\Controllers\Bantuan.php(69): view('pages/bantuan_chat', [...])
 6 SYSTEMPATH\CodeIgniter.php(933): App\Controllers\Bantuan->chat('18', 'default')
 7 SYSTEMPATH\CodeIgniter.php(507): CodeIgniter\CodeIgniter->runController(Object(App\Controllers\Bantuan))
 8 SYSTEMPATH\CodeIgniter.php(354): CodeIgniter\CodeIgniter->handleRequest(null, Object(Config\Cache), false)
 9 SYSTEMPATH\Boot.php(363): CodeIgniter\CodeIgniter->run()
10 SYSTEMPATH\Boot.php(68): CodeIgniter\Boot::runCodeIgniter(Object(CodeIgniter\CodeIgniter))
11 FCPATH\index.php(59): CodeIgniter\Boot::bootWeb(Object(Config\Paths))
DEBUG - 2025-11-08 02:15:07 --> Session: Class initialized using 'CodeIgniter\Session\Handlers\FileHandler' driver.
CRITICAL - 2025-11-08 02:15:07 --> ErrorException: Undefined variable $messages
[Method: GET, Route: bantuan/chat/18/default]
in APPPATH\Views\pages\bantuan_chat.php on line 51.
 1 APPPATH\Views\pages\bantuan_chat.php(51): CodeIgniter\Debug\Exceptions->errorHandler(2, 'Undefined variable $messages', 'C:\\xampp\\htdocs\\e-arsip_ci4\\app\\Views\\pages\\bantuan_chat.php', 51)
 2 SYSTEMPATH\View\View.php(226): include('C:\\xampp\\htdocs\\e-arsip_ci4\\app\\Views\\pages\\bantuan_chat.php')
 3 SYSTEMPATH\View\View.php(229): CodeIgniter\View\View->CodeIgniter\View\{closure}()
 4 SYSTEMPATH\Common.php(1167): CodeIgniter\View\View->render('pages/bantuan_chat', [], true)
 5 APPPATH\Controllers\Bantuan.php(69): view('pages/bantuan_chat', [...])
 6 SYSTEMPATH\CodeIgniter.php(933): App\Controllers\Bantuan->chat('18', 'default')
 7 SYSTEMPATH\CodeIgniter.php(507): CodeIgniter\CodeIgniter->runController(Object(App\Controllers\Bantuan))
 8 SYSTEMPATH\CodeIgniter.php(354): CodeIgniter\CodeIgniter->handleRequest(null, Object(Config\Cache), false)
 9 SYSTEMPATH\Boot.php(363): CodeIgniter\CodeIgniter->run()
10 SYSTEMPATH\Boot.php(68): CodeIgniter\Boot::runCodeIgniter(Object(CodeIgniter\CodeIgniter))
11 FCPATH\index.php(59): CodeIgniter\Boot::bootWeb(Object(Config\Paths))
DEBUG - 2025-11-08 02:15:08 --> Session: Class initialized using 'CodeIgniter\Session\Handlers\FileHandler' driver.
CRITICAL - 2025-11-08 02:15:08 --> ErrorException: Undefined variable $messages
[Method: GET, Route: bantuan/chat/18/default]
in APPPATH\Views\pages\bantuan_chat.php on line 51.
 1 APPPATH\Views\pages\bantuan_chat.php(51): CodeIgniter\Debug\Exceptions->errorHandler(2, 'Undefined variable $messages', 'C:\\xampp\\htdocs\\e-arsip_ci4\\app\\Views\\pages\\bantuan_chat.php', 51)
 2 SYSTEMPATH\View\View.php(226): include('C:\\xampp\\htdocs\\e-arsip_ci4\\app\\Views\\pages\\bantuan_chat.php')
 3 SYSTEMPATH\View\View.php(229): CodeIgniter\View\View->CodeIgniter\View\{closure}()
 4 SYSTEMPATH\Common.php(1167): CodeIgniter\View\View->render('pages/bantuan_chat', [], true)
 5 APPPATH\Controllers\Bantuan.php(69): view('pages/bantuan_chat', [...])
 6 SYSTEMPATH\CodeIgniter.php(933): App\Controllers\Bantuan->chat('18', 'default')
 7 SYSTEMPATH\CodeIgniter.php(507): CodeIgniter\CodeIgniter->runController(Object(App\Controllers\Bantuan))
 8 SYSTEMPATH\CodeIgniter.php(354): CodeIgniter\CodeIgniter->handleRequest(null, Object(Config\Cache), false)
 9 SYSTEMPATH\Boot.php(363): CodeIgniter\CodeIgniter->run()
10 SYSTEMPATH\Boot.php(68): CodeIgniter\Boot::runCodeIgniter(Object(CodeIgniter\CodeIgniter))
11 FCPATH\index.php(59): CodeIgniter\Boot::bootWeb(Object(Config\Paths))
DEBUG - 2025-11-08 02:15:25 --> Session: Class initialized using 'CodeIgniter\Session\Handlers\FileHandler' driver.
CRITICAL - 2025-11-08 02:15:25 --> ErrorException: Undefined variable $messages
[Method: GET, Route: bantuan/chat/18/default]
in APPPATH\Views\pages\bantuan_chat.php on line 51.
 1 APPPATH\Views\pages\bantuan_chat.php(51): CodeIgniter\Debug\Exceptions->errorHandler(2, 'Undefined variable $messages', 'C:\\xampp\\htdocs\\e-arsip_ci4\\app\\Views\\pages\\bantuan_chat.php', 51)
 2 SYSTEMPATH\View\View.php(226): include('C:\\xampp\\htdocs\\e-arsip_ci4\\app\\Views\\pages\\bantuan_chat.php')
 3 SYSTEMPATH\View\View.php(229): CodeIgniter\View\View->CodeIgniter\View\{closure}()
 4 SYSTEMPATH\Common.php(1167): CodeIgniter\View\View->render('pages/bantuan_chat', [], true)
 5 APPPATH\Controllers\Bantuan.php(69): view('pages/bantuan_chat', [...])
 6 SYSTEMPATH\CodeIgniter.php(933): App\Controllers\Bantuan->chat('18', 'default')
 7 SYSTEMPATH\CodeIgniter.php(507): CodeIgniter\CodeIgniter->runController(Object(App\Controllers\Bantuan))
 8 SYSTEMPATH\CodeIgniter.php(354): CodeIgniter\CodeIgniter->handleRequest(null, Object(Config\Cache), false)
 9 SYSTEMPATH\Boot.php(363): CodeIgniter\CodeIgniter->run()
10 SYSTEMPATH\Boot.php(68): CodeIgniter\Boot::runCodeIgniter(Object(CodeIgniter\CodeIgniter))
11 FCPATH\index.php(59): CodeIgniter\Boot::bootWeb(Object(Config\Paths))
DEBUG - 2025-11-08 02:16:25 --> Session: Class initialized using 'CodeIgniter\Session\Handlers\FileHandler' driver.
CRITICAL - 2025-11-08 02:16:25 --> ErrorException: Undefined variable $messages
[Method: GET, Route: bantuan/chat/18/default]
in APPPATH\Views\pages\bantuan_chat.php on line 51.
 1 APPPATH\Views\pages\bantuan_chat.php(51): CodeIgniter\Debug\Exceptions->errorHandler(2, 'Undefined variable $messages', 'C:\\xampp\\htdocs\\e-arsip_ci4\\app\\Views\\pages\\bantuan_chat.php', 51)
 2 SYSTEMPATH\View\View.php(226): include('C:\\xampp\\htdocs\\e-arsip_ci4\\app\\Views\\pages\\bantuan_chat.php')
 3 SYSTEMPATH\View\View.php(229): CodeIgniter\View\View->CodeIgniter\View\{closure}()
 4 SYSTEMPATH\Common.php(1167): CodeIgniter\View\View->render('pages/bantuan_chat', [], true)
 5 APPPATH\Controllers\Bantuan.php(69): view('pages/bantuan_chat', [...])
 6 SYSTEMPATH\CodeIgniter.php(933): App\Controllers\Bantuan->chat('18', 'default')
 7 SYSTEMPATH\CodeIgniter.php(507): CodeIgniter\CodeIgniter->runController(Object(App\Controllers\Bantuan))
 8 SYSTEMPATH\CodeIgniter.php(354): CodeIgniter\CodeIgniter->handleRequest(null, Object(Config\Cache), false)
 9 SYSTEMPATH\Boot.php(363): CodeIgniter\CodeIgniter->run()
10 SYSTEMPATH\Boot.php(68): CodeIgniter\Boot::runCodeIgniter(Object(CodeIgniter\CodeIgniter))
11 FCPATH\index.php(59): CodeIgniter\Boot::bootWeb(Object(Config\Paths))
DEBUG - 2025-11-08 02:17:25 --> Session: Class initialized using 'CodeIgniter\Session\Handlers\FileHandler' driver.
CRITICAL - 2025-11-08 02:17:25 --> ErrorException: Undefined variable $messages
[Method: GET, Route: bantuan/chat/18/default]
in APPPATH\Views\pages\bantuan_chat.php on line 51.
 1 APPPATH\Views\pages\bantuan_chat.php(51): CodeIgniter\Debug\Exceptions->errorHandler(2, 'Undefined variable $messages', 'C:\\xampp\\htdocs\\e-arsip_ci4\\app\\Views\\pages\\bantuan_chat.php', 51)
 2 SYSTEMPATH\View\View.php(226): include('C:\\xampp\\htdocs\\e-arsip_ci4\\app\\Views\\pages\\bantuan_chat.php')
 3 SYSTEMPATH\View\View.php(229): CodeIgniter\View\View->CodeIgniter\View\{closure}()
 4 SYSTEMPATH\Common.php(1167): CodeIgniter\View\View->render('pages/bantuan_chat', [], true)
 5 APPPATH\Controllers\Bantuan.php(69): view('pages/bantuan_chat', [...])
 6 SYSTEMPATH\CodeIgniter.php(933): App\Controllers\Bantuan->chat('18', 'default')
 7 SYSTEMPATH\CodeIgniter.php(507): CodeIgniter\CodeIgniter->runController(Object(App\Controllers\Bantuan))
 8 SYSTEMPATH\CodeIgniter.php(354): CodeIgniter\CodeIgniter->handleRequest(null, Object(Config\Cache), false)
 9 SYSTEMPATH\Boot.php(363): CodeIgniter\CodeIgniter->run()
10 SYSTEMPATH\Boot.php(68): CodeIgniter\Boot::runCodeIgniter(Object(CodeIgniter\CodeIgniter))
11 FCPATH\index.php(59): CodeIgniter\Boot::bootWeb(Object(Config\Paths))
DEBUG - 2025-11-08 02:18:25 --> Session: Class initialized using 'CodeIgniter\Session\Handlers\FileHandler' driver.
CRITICAL - 2025-11-08 02:18:25 --> ErrorException: Undefined variable $messages
[Method: GET, Route: bantuan/chat/18/default]
in APPPATH\Views\pages\bantuan_chat.php on line 51.
 1 APPPATH\Views\pages\bantuan_chat.php(51): CodeIgniter\Debug\Exceptions->errorHandler(2, 'Undefined variable $messages', 'C:\\xampp\\htdocs\\e-arsip_ci4\\app\\Views\\pages\\bantuan_chat.php', 51)
 2 SYSTEMPATH\View\View.php(226): include('C:\\xampp\\htdocs\\e-arsip_ci4\\app\\Views\\pages\\bantuan_chat.php')
 3 SYSTEMPATH\View\View.php(229): CodeIgniter\View\View->CodeIgniter\View\{closure}()
 4 SYSTEMPATH\Common.php(1167): CodeIgniter\View\View->render('pages/bantuan_chat', [], true)
 5 APPPATH\Controllers\Bantuan.php(69): view('pages/bantuan_chat', [...])
 6 SYSTEMPATH\CodeIgniter.php(933): App\Controllers\Bantuan->chat('18', 'default')
 7 SYSTEMPATH\CodeIgniter.php(507): CodeIgniter\CodeIgniter->runController(Object(App\Controllers\Bantuan))
 8 SYSTEMPATH\CodeIgniter.php(354): CodeIgniter\CodeIgniter->handleRequest(null, Object(Config\Cache), false)
 9 SYSTEMPATH\Boot.php(363): CodeIgniter\CodeIgniter->run()
10 SYSTEMPATH\Boot.php(68): CodeIgniter\Boot::runCodeIgniter(Object(CodeIgniter\CodeIgniter))
11 FCPATH\index.php(59): CodeIgniter\Boot::bootWeb(Object(Config\Paths))
DEBUG - 2025-11-08 02:19:25 --> Session: Class initialized using 'CodeIgniter\Session\Handlers\FileHandler' driver.
CRITICAL - 2025-11-08 02:19:25 --> ErrorException: Undefined variable $messages
[Method: GET, Route: bantuan/chat/18/default]
in APPPATH\Views\pages\bantuan_chat.php on line 51.
 1 APPPATH\Views\pages\bantuan_chat.php(51): CodeIgniter\Debug\Exceptions->errorHandler(2, 'Undefined variable $messages', 'C:\\xampp\\htdocs\\e-arsip_ci4\\app\\Views\\pages\\bantuan_chat.php', 51)
 2 SYSTEMPATH\View\View.php(226): include('C:\\xampp\\htdocs\\e-arsip_ci4\\app\\Views\\pages\\bantuan_chat.php')
 3 SYSTEMPATH\View\View.php(229): CodeIgniter\View\View->CodeIgniter\View\{closure}()
 4 SYSTEMPATH\Common.php(1167): CodeIgniter\View\View->render('pages/bantuan_chat', [], true)
 5 APPPATH\Controllers\Bantuan.php(69): view('pages/bantuan_chat', [...])
 6 SYSTEMPATH\CodeIgniter.php(933): App\Controllers\Bantuan->chat('18', 'default')
 7 SYSTEMPATH\CodeIgniter.php(507): CodeIgniter\CodeIgniter->runController(Object(App\Controllers\Bantuan))
 8 SYSTEMPATH\CodeIgniter.php(354): CodeIgniter\CodeIgniter->handleRequest(null, Object(Config\Cache), false)
 9 SYSTEMPATH\Boot.php(363): CodeIgniter\CodeIgniter->run()
10 SYSTEMPATH\Boot.php(68): CodeIgniter\Boot::runCodeIgniter(Object(CodeIgniter\CodeIgniter))
11 FCPATH\index.php(59): CodeIgniter\Boot::bootWeb(Object(Config\Paths))
DEBUG - 2025-11-08 02:20:20 --> Session: Class initialized using 'CodeIgniter\Session\Handlers\FileHandler' driver.
WARNING - 2025-11-08 02:20:20 --> [DEPRECATED] Optional parameter $filters declared before required parameter $id_dep is implicitly treated as a required parameter in APPPATH\Models\Model_arsip.php on line 303.
 1 SYSTEMPATH\Autoloader\Autoloader.php(315): include_once('C:\\xampp\\htdocs\\e-arsip_ci4\\system\\Debug\\Exceptions.php')
 2 SYSTEMPATH\Autoloader\Autoloader.php(295): CodeIgniter\Autoloader\Autoloader->includeFile('C:\\xampp\\htdocs\\e-arsip_ci4\\app\\Models\\Model_arsip.php')
 3 SYSTEMPATH\Autoloader\Autoloader.php(271): CodeIgniter\Autoloader\Autoloader->loadInNamespace('App\\Models\\Model_arsip')
 4 APPPATH\Controllers\Kategori.php(21): CodeIgniter\Autoloader\Autoloader->loadClass('App\\Models\\Model_arsip')
 5 SYSTEMPATH\CodeIgniter.php(903): App\Controllers\Kategori->__construct()
 6 SYSTEMPATH\CodeIgniter.php(498): CodeIgniter\CodeIgniter->createController()
 7 SYSTEMPATH\CodeIgniter.php(354): CodeIgniter\CodeIgniter->handleRequest(null, Object(Config\Cache), false)
 8 SYSTEMPATH\Boot.php(363): CodeIgniter\CodeIgniter->run()
 9 SYSTEMPATH\Boot.php(68): CodeIgniter\Boot::runCodeIgniter(Object(CodeIgniter\CodeIgniter))
10 FCPATH\index.php(59): CodeIgniter\Boot::bootWeb(Object(Config\Paths))
DEBUG - 2025-11-08 02:20:20 --> Session: Class initialized using 'CodeIgniter\Session\Handlers\FileHandler' driver.
WARNING - 2025-11-08 02:20:20 --> [DEPRECATED] Optional parameter $filters declared before required parameter $id_dep is implicitly treated as a required parameter in APPPATH\Models\Model_arsip.php on line 303.
 1 SYSTEMPATH\Autoloader\Autoloader.php(315): include_once('C:\\xampp\\htdocs\\e-arsip_ci4\\system\\Debug\\Exceptions.php')
 2 SYSTEMPATH\Autoloader\Autoloader.php(295): CodeIgniter\Autoloader\Autoloader->includeFile('C:\\xampp\\htdocs\\e-arsip_ci4\\app\\Models\\Model_arsip.php')
 3 SYSTEMPATH\Autoloader\Autoloader.php(271): CodeIgniter\Autoloader\Autoloader->loadInNamespace('App\\Models\\Model_arsip')
 4 APPPATH\Controllers\Kategori.php(21): CodeIgniter\Autoloader\Autoloader->loadClass('App\\Models\\Model_arsip')
 5 SYSTEMPATH\CodeIgniter.php(903): App\Controllers\Kategori->__construct()
 6 SYSTEMPATH\CodeIgniter.php(498): CodeIgniter\CodeIgniter->createController()
 7 SYSTEMPATH\CodeIgniter.php(354): CodeIgniter\CodeIgniter->handleRequest(null, Object(Config\Cache), false)
 8 SYSTEMPATH\Boot.php(363): CodeIgniter\CodeIgniter->run()
 9 SYSTEMPATH\Boot.php(68): CodeIgniter\Boot::runCodeIgniter(Object(CodeIgniter\CodeIgniter))
10 FCPATH\index.php(59): CodeIgniter\Boot::bootWeb(Object(Config\Paths))
DEBUG - 2025-11-08 02:20:25 --> Session: Class initialized using 'CodeIgniter\Session\Handlers\FileHandler' driver.
CRITICAL - 2025-11-08 02:20:25 --> ErrorException: Undefined variable $messages
[Method: GET, Route: bantuan/chat/18/default]
in APPPATH\Views\pages\bantuan_chat.php on line 51.
 1 APPPATH\Views\pages\bantuan_chat.php(51): CodeIgniter\Debug\Exceptions->errorHandler(2, 'Undefined variable $messages', 'C:\\xampp\\htdocs\\e-arsip_ci4\\app\\Views\\pages\\bantuan_chat.php', 51)
 2 SYSTEMPATH\View\View.php(226): include('C:\\xampp\\htdocs\\e-arsip_ci4\\app\\Views\\pages\\bantuan_chat.php')
 3 SYSTEMPATH\View\View.php(229): CodeIgniter\View\View->CodeIgniter\View\{closure}()
 4 SYSTEMPATH\Common.php(1167): CodeIgniter\View\View->render('pages/bantuan_chat', [], true)
 5 APPPATH\Controllers\Bantuan.php(69): view('pages/bantuan_chat', [...])
 6 SYSTEMPATH\CodeIgniter.php(933): App\Controllers\Bantuan->chat('18', 'default')
 7 SYSTEMPATH\CodeIgniter.php(507): CodeIgniter\CodeIgniter->runController(Object(App\Controllers\Bantuan))
 8 SYSTEMPATH\CodeIgniter.php(354): CodeIgniter\CodeIgniter->handleRequest(null, Object(Config\Cache), false)
 9 SYSTEMPATH\Boot.php(363): CodeIgniter\CodeIgniter->run()
10 SYSTEMPATH\Boot.php(68): CodeIgniter\Boot::runCodeIgniter(Object(CodeIgniter\CodeIgniter))
11 FCPATH\index.php(59): CodeIgniter\Boot::bootWeb(Object(Config\Paths))
DEBUG - 2025-11-08 02:20:48 --> Session: Class initialized using 'CodeIgniter\Session\Handlers\FileHandler' driver.
WARNING - 2025-11-08 02:20:48 --> [DEPRECATED] Optional parameter $filters declared before required parameter $id_dep is implicitly treated as a required parameter in APPPATH\Models\Model_arsip.php on line 303.
 1 SYSTEMPATH\Autoloader\Autoloader.php(315): include_once('C:\\xampp\\htdocs\\e-arsip_ci4\\system\\Debug\\Exceptions.php')
 2 SYSTEMPATH\Autoloader\Autoloader.php(295): CodeIgniter\Autoloader\Autoloader->includeFile('C:\\xampp\\htdocs\\e-arsip_ci4\\app\\Models\\Model_arsip.php')
 3 SYSTEMPATH\Autoloader\Autoloader.php(271): CodeIgniter\Autoloader\Autoloader->loadInNamespace('App\\Models\\Model_arsip')
 4 APPPATH\Controllers\Kategori.php(21): CodeIgniter\Autoloader\Autoloader->loadClass('App\\Models\\Model_arsip')
 5 SYSTEMPATH\CodeIgniter.php(903): App\Controllers\Kategori->__construct()
 6 SYSTEMPATH\CodeIgniter.php(498): CodeIgniter\CodeIgniter->createController()
 7 SYSTEMPATH\CodeIgniter.php(354): CodeIgniter\CodeIgniter->handleRequest(null, Object(Config\Cache), false)
 8 SYSTEMPATH\Boot.php(363): CodeIgniter\CodeIgniter->run()
 9 SYSTEMPATH\Boot.php(68): CodeIgniter\Boot::runCodeIgniter(Object(CodeIgniter\CodeIgniter))
10 FCPATH\index.php(59): CodeIgniter\Boot::bootWeb(Object(Config\Paths))
ERROR - 2025-11-08 02:20:48 --> mysqli_sql_exception: Duplicate entry 'Lunas' for key 'nama_kategori' in C:\xampp\htdocs\e-arsip_ci4\system\Database\MySQLi\Connection.php:327
Stack trace:
#0 C:\xampp\htdocs\e-arsip_ci4\system\Database\MySQLi\Connection.php(327): mysqli->query('INSERT INTO `tb...', 0)
#1 C:\xampp\htdocs\e-arsip_ci4\system\Database\BaseConnection.php(729): CodeIgniter\Database\MySQLi\Connection->execute('INSERT INTO `tb...')
#2 C:\xampp\htdocs\e-arsip_ci4\system\Database\BaseConnection.php(646): CodeIgniter\Database\BaseConnection->simpleQuery('INSERT INTO `tb...')
#3 C:\xampp\htdocs\e-arsip_ci4\system\Database\BaseBuilder.php(2345): CodeIgniter\Database\BaseConnection->query('INSERT INTO `tb...', Array, false)
#4 C:\xampp\htdocs\e-arsip_ci4\system\Model.php(394): CodeIgniter\Database\BaseBuilder->insert()
#5 C:\xampp\htdocs\e-arsip_ci4\system\BaseModel.php(838): CodeIgniter\Model->doInsert(Array)
#6 C:\xampp\htdocs\e-arsip_ci4\system\Model.php(797): CodeIgniter\BaseModel->insert(Array, false)
#7 C:\xampp\htdocs\e-arsip_ci4\system\BaseModel.php(751): CodeIgniter\Model->insert(Array, false)
#8 C:\xampp\htdocs\e-arsip_ci4\app\Controllers\Kategori.php(81): CodeIgniter\BaseModel->save(Array)
#9 C:\xampp\htdocs\e-arsip_ci4\system\CodeIgniter.php(933): App\Controllers\Kategori->add()
#10 C:\xampp\htdocs\e-arsip_ci4\system\CodeIgniter.php(507): CodeIgniter\CodeIgniter->runController(Object(App\Controllers\Kategori))
#11 C:\xampp\htdocs\e-arsip_ci4\system\CodeIgniter.php(354): CodeIgniter\CodeIgniter->handleRequest(NULL, Object(Config\Cache), false)
#12 C:\xampp\htdocs\e-arsip_ci4\system\Boot.php(363): CodeIgniter\CodeIgniter->run()
#13 C:\xampp\htdocs\e-arsip_ci4\system\Boot.php(68): CodeIgniter\Boot::runCodeIgniter(Object(CodeIgniter\CodeIgniter))
#14 C:\xampp\htdocs\e-arsip_ci4\index.php(59): CodeIgniter\Boot::bootWeb(Object(Config\Paths))
#15 {main}
CRITICAL - 2025-11-08 02:20:48 --> CodeIgniter\Database\Exceptions\DatabaseException: Duplicate entry 'Lunas' for key 'nama_kategori'
[Method: POST, Route: kategori/add]
in SYSTEMPATH\Database\BaseConnection.php on line 684.
 1 SYSTEMPATH\Database\BaseBuilder.php(2345): CodeIgniter\Database\BaseConnection->query('INSERT INTO `tbl_kategori` (`nama_kategori`, `id_dep`, `parent_id`) VALUES (:nama_kategori:, :id_dep:, :parent_id:)', [...], false)
 2 SYSTEMPATH\Model.php(394): CodeIgniter\Database\BaseBuilder->insert()
 3 SYSTEMPATH\BaseModel.php(838): CodeIgniter\Model->doInsert([...])
 4 SYSTEMPATH\Model.php(797): CodeIgniter\BaseModel->insert([...], false)
 5 SYSTEMPATH\BaseModel.php(751): CodeIgniter\Model->insert([...], false)
 6 APPPATH\Controllers\Kategori.php(81): CodeIgniter\BaseModel->save([...])
 7 SYSTEMPATH\CodeIgniter.php(933): App\Controllers\Kategori->add()
 8 SYSTEMPATH\CodeIgniter.php(507): CodeIgniter\CodeIgniter->runController(Object(App\Controllers\Kategori))
 9 SYSTEMPATH\CodeIgniter.php(354): CodeIgniter\CodeIgniter->handleRequest(null, Object(Config\Cache), false)
10 SYSTEMPATH\Boot.php(363): CodeIgniter\CodeIgniter->run()
11 SYSTEMPATH\Boot.php(68): CodeIgniter\Boot::runCodeIgniter(Object(CodeIgniter\CodeIgniter))
12 FCPATH\index.php(59): CodeIgniter\Boot::bootWeb(Object(Config\Paths))
CRITICAL - 2025-11-08 02:20:48 --> [Caused by] CodeIgniter\Database\Exceptions\DatabaseException: Duplicate entry 'Lunas' for key 'nama_kategori'
in SYSTEMPATH\Database\MySQLi\Connection.php on line 332.
 1 SYSTEMPATH\Database\BaseConnection.php(729): CodeIgniter\Database\MySQLi\Connection->execute('INSERT INTO `tbl_kategori` (`nama_kategori`, `id_dep`, `parent_id`) VALUES (\'Lunas\', \'27\', \'89\')')
 2 SYSTEMPATH\Database\BaseConnection.php(646): CodeIgniter\Database\BaseConnection->simpleQuery('INSERT INTO `tbl_kategori` (`nama_kategori`, `id_dep`, `parent_id`) VALUES (\'Lunas\', \'27\', \'89\')')
 3 SYSTEMPATH\Database\BaseBuilder.php(2345): CodeIgniter\Database\BaseConnection->query('INSERT INTO `tbl_kategori` (`nama_kategori`, `id_dep`, `parent_id`) VALUES (:nama_kategori:, :id_dep:, :parent_id:)', [...], false)
 4 SYSTEMPATH\Model.php(394): CodeIgniter\Database\BaseBuilder->insert()
 5 SYSTEMPATH\BaseModel.php(838): CodeIgniter\Model->doInsert([...])
 6 SYSTEMPATH\Model.php(797): CodeIgniter\BaseModel->insert([...], false)
 7 SYSTEMPATH\BaseModel.php(751): CodeIgniter\Model->insert([...], false)
 8 APPPATH\Controllers\Kategori.php(81): CodeIgniter\BaseModel->save([...])
 9 SYSTEMPATH\CodeIgniter.php(933): App\Controllers\Kategori->add()
10 SYSTEMPATH\CodeIgniter.php(507): CodeIgniter\CodeIgniter->runController(Object(App\Controllers\Kategori))
11 SYSTEMPATH\CodeIgniter.php(354): CodeIgniter\CodeIgniter->handleRequest(null, Object(Config\Cache), false)
12 SYSTEMPATH\Boot.php(363): CodeIgniter\CodeIgniter->run()
13 SYSTEMPATH\Boot.php(68): CodeIgniter\Boot::runCodeIgniter(Object(CodeIgniter\CodeIgniter))
14 FCPATH\index.php(59): CodeIgniter\Boot::bootWeb(Object(Config\Paths))
CRITICAL - 2025-11-08 02:20:48 --> [Caused by] mysqli_sql_exception: Duplicate entry 'Lunas' for key 'nama_kategori'
in SYSTEMPATH\Database\MySQLi\Connection.php on line 327.
 1 SYSTEMPATH\Database\MySQLi\Connection.php(327): mysqli->query('INSERT INTO `tbl_kategori` (`nama_kategori`, `id_dep`, `parent_id`) VALUES (\'Lunas\', \'27\', \'89\')', 0)
 2 SYSTEMPATH\Database\BaseConnection.php(729): CodeIgniter\Database\MySQLi\Connection->execute('INSERT INTO `tbl_kategori` (`nama_kategori`, `id_dep`, `parent_id`) VALUES (\'Lunas\', \'27\', \'89\')')
 3 SYSTEMPATH\Database\BaseConnection.php(646): CodeIgniter\Database\BaseConnection->simpleQuery('INSERT INTO `tbl_kategori` (`nama_kategori`, `id_dep`, `parent_id`) VALUES (\'Lunas\', \'27\', \'89\')')
 4 SYSTEMPATH\Database\BaseBuilder.php(2345): CodeIgniter\Database\BaseConnection->query('INSERT INTO `tbl_kategori` (`nama_kategori`, `id_dep`, `parent_id`) VALUES (:nama_kategori:, :id_dep:, :parent_id:)', [...], false)
 5 SYSTEMPATH\Model.php(394): CodeIgniter\Database\BaseBuilder->insert()
 6 SYSTEMPATH\BaseModel.php(838): CodeIgniter\Model->doInsert([...])
 7 SYSTEMPATH\Model.php(797): CodeIgniter\BaseModel->insert([...], false)
 8 SYSTEMPATH\BaseModel.php(751): CodeIgniter\Model->insert([...], false)
 9 APPPATH\Controllers\Kategori.php(81): CodeIgniter\BaseModel->save([...])
10 SYSTEMPATH\CodeIgniter.php(933): App\Controllers\Kategori->add()
11 SYSTEMPATH\CodeIgniter.php(507): CodeIgniter\CodeIgniter->runController(Object(App\Controllers\Kategori))
12 SYSTEMPATH\CodeIgniter.php(354): CodeIgniter\CodeIgniter->handleRequest(null, Object(Config\Cache), false)
13 SYSTEMPATH\Boot.php(363): CodeIgniter\CodeIgniter->run()
14 SYSTEMPATH\Boot.php(68): CodeIgniter\Boot::runCodeIgniter(Object(CodeIgniter\CodeIgniter))
15 FCPATH\index.php(59): CodeIgniter\Boot::bootWeb(Object(Config\Paths))
DEBUG - 2025-11-08 02:21:25 --> Session: Class initialized using 'CodeIgniter\Session\Handlers\FileHandler' driver.
CRITICAL - 2025-11-08 02:21:25 --> ErrorException: Undefined variable $messages
[Method: GET, Route: bantuan/chat/18/default]
in APPPATH\Views\pages\bantuan_chat.php on line 51.
 1 APPPATH\Views\pages\bantuan_chat.php(51): CodeIgniter\Debug\Exceptions->errorHandler(2, 'Undefined variable $messages', 'C:\\xampp\\htdocs\\e-arsip_ci4\\app\\Views\\pages\\bantuan_chat.php', 51)
 2 SYSTEMPATH\View\View.php(226): include('C:\\xampp\\htdocs\\e-arsip_ci4\\app\\Views\\pages\\bantuan_chat.php')
 3 SYSTEMPATH\View\View.php(229): CodeIgniter\View\View->CodeIgniter\View\{closure}()
 4 SYSTEMPATH\Common.php(1167): CodeIgniter\View\View->render('pages/bantuan_chat', [], true)
 5 APPPATH\Controllers\Bantuan.php(69): view('pages/bantuan_chat', [...])
 6 SYSTEMPATH\CodeIgniter.php(933): App\Controllers\Bantuan->chat('18', 'default')
 7 SYSTEMPATH\CodeIgniter.php(507): CodeIgniter\CodeIgniter->runController(Object(App\Controllers\Bantuan))
 8 SYSTEMPATH\CodeIgniter.php(354): CodeIgniter\CodeIgniter->handleRequest(null, Object(Config\Cache), false)
 9 SYSTEMPATH\Boot.php(363): CodeIgniter\CodeIgniter->run()
10 SYSTEMPATH\Boot.php(68): CodeIgniter\Boot::runCodeIgniter(Object(CodeIgniter\CodeIgniter))
11 FCPATH\index.php(59): CodeIgniter\Boot::bootWeb(Object(Config\Paths))
DEBUG - 2025-11-08 02:21:33 --> Session: Class initialized using 'CodeIgniter\Session\Handlers\FileHandler' driver.
DEBUG - 2025-11-08 02:21:33 --> Session: Class initialized using 'CodeIgniter\Session\Handlers\FileHandler' driver.
DEBUG - 2025-11-08 02:21:45 --> Session: Class initialized using 'CodeIgniter\Session\Handlers\FileHandler' driver.
DEBUG - 2025-11-08 02:21:45 --> Session: Class initialized using 'CodeIgniter\Session\Handlers\FileHandler' driver.
WARNING - 2025-11-08 02:21:45 --> [DEPRECATED] Optional parameter $filters declared before required parameter $id_dep is implicitly treated as a required parameter in APPPATH\Models\Model_arsip.php on line 303.
 1 SYSTEMPATH\Autoloader\Autoloader.php(315): include_once('C:\\xampp\\htdocs\\e-arsip_ci4\\system\\Debug\\Exceptions.php')
 2 SYSTEMPATH\Autoloader\Autoloader.php(295): CodeIgniter\Autoloader\Autoloader->includeFile('C:\\xampp\\htdocs\\e-arsip_ci4\\app\\Models\\Model_arsip.php')
 3 SYSTEMPATH\Autoloader\Autoloader.php(271): CodeIgniter\Autoloader\Autoloader->loadInNamespace('App\\Models\\Model_arsip')
 4 APPPATH\Controllers\Home.php(23): CodeIgniter\Autoloader\Autoloader->loadClass('App\\Models\\Model_arsip')
 5 SYSTEMPATH\CodeIgniter.php(903): App\Controllers\Home->__construct()
 6 SYSTEMPATH\CodeIgniter.php(498): CodeIgniter\CodeIgniter->createController()
 7 SYSTEMPATH\CodeIgniter.php(354): CodeIgniter\CodeIgniter->handleRequest(null, Object(Config\Cache), false)
 8 SYSTEMPATH\Boot.php(363): CodeIgniter\CodeIgniter->run()
 9 SYSTEMPATH\Boot.php(68): CodeIgniter\Boot::runCodeIgniter(Object(CodeIgniter\CodeIgniter))
10 FCPATH\index.php(59): CodeIgniter\Boot::bootWeb(Object(Config\Paths))
DEBUG - 2025-11-08 02:22:25 --> Session: Class initialized using 'CodeIgniter\Session\Handlers\FileHandler' driver.
CRITICAL - 2025-11-08 02:22:25 --> ErrorException: Undefined variable $messages
[Method: GET, Route: bantuan/chat/18/default]
in APPPATH\Views\pages\bantuan_chat.php on line 51.
 1 APPPATH\Views\pages\bantuan_chat.php(51): CodeIgniter\Debug\Exceptions->errorHandler(2, 'Undefined variable $messages', 'C:\\xampp\\htdocs\\e-arsip_ci4\\app\\Views\\pages\\bantuan_chat.php', 51)
 2 SYSTEMPATH\View\View.php(226): include('C:\\xampp\\htdocs\\e-arsip_ci4\\app\\Views\\pages\\bantuan_chat.php')
 3 SYSTEMPATH\View\View.php(229): CodeIgniter\View\View->CodeIgniter\View\{closure}()
 4 SYSTEMPATH\Common.php(1167): CodeIgniter\View\View->render('pages/bantuan_chat', [], true)
 5 APPPATH\Controllers\Bantuan.php(69): view('pages/bantuan_chat', [...])
 6 SYSTEMPATH\CodeIgniter.php(933): App\Controllers\Bantuan->chat('18', 'default')
 7 SYSTEMPATH\CodeIgniter.php(507): CodeIgniter\CodeIgniter->runController(Object(App\Controllers\Bantuan))
 8 SYSTEMPATH\CodeIgniter.php(354): CodeIgniter\CodeIgniter->handleRequest(null, Object(Config\Cache), false)
 9 SYSTEMPATH\Boot.php(363): CodeIgniter\CodeIgniter->run()
10 SYSTEMPATH\Boot.php(68): CodeIgniter\Boot::runCodeIgniter(Object(CodeIgniter\CodeIgniter))
11 FCPATH\index.php(59): CodeIgniter\Boot::bootWeb(Object(Config\Paths))
