DEBUG - 2025-11-06 01:33:15 --> Session: Class initialized using 'CodeIgniter\Session\Handlers\FileHandler' driver.
ERROR - 2025-11-06 01:35:25 --> Error connecting to the database: ErrorException: mysqli::real_connect(): Error while reading greeting packet. PID=18052 in C:\xampp\htdocs\e-arsip_ci4\system\Database\MySQLi\Connection.php:201
Stack trace:
#0 [internal function]: CodeIgniter\Debug\Exceptions->errorHandler(2, 'mysqli::real_co...', 'C:\\xampp\\htdocs...', 201)
#1 C:\xampp\htdocs\e-arsip_ci4\system\Database\MySQLi\Connection.php(201): mysqli->real_connect('localhost', 'root', Object(SensitiveParameterValue), 'e-arsip_ci4', 3306, '', 0)
#2 C:\xampp\htdocs\e-arsip_ci4\system\Database\BaseConnection.php(419): CodeIgniter\Database\MySQLi\Connection->connect(false)
#3 C:\xampp\htdocs\e-arsip_ci4\system\Database\BaseConnection.php(614): CodeIgniter\Database\BaseConnection->initialize()
#4 C:\xampp\htdocs\e-arsip_ci4\system\Database\BaseBuilder.php(1649): CodeIgniter\Database\BaseConnection->query('SELECT *\nFROM `...', Array, false)
#5 C:\xampp\htdocs\e-arsip_ci4\system\Model.php(286): CodeIgniter\Database\BaseBuilder->get()
#6 C:\xampp\htdocs\e-arsip_ci4\system\BaseModel.php(677): CodeIgniter\Model->doFindAll(0, 0)
#7 C:\xampp\htdocs\e-arsip_ci4\app\Controllers\BaseController.php(60): CodeIgniter\BaseModel->findAll()
#8 C:\xampp\htdocs\e-arsip_ci4\system\CodeIgniter.php(904): App\Controllers\BaseController->initController(Object(CodeIgniter\HTTP\IncomingRequest), Object(CodeIgniter\HTTP\Response), Object(CodeIgniter\Log\Logger))
#9 C:\xampp\htdocs\e-arsip_ci4\system\CodeIgniter.php(498): CodeIgniter\CodeIgniter->createController()
#10 C:\xampp\htdocs\e-arsip_ci4\system\CodeIgniter.php(354): CodeIgniter\CodeIgniter->handleRequest(NULL, Object(Config\Cache), false)
#11 C:\xampp\htdocs\e-arsip_ci4\system\Boot.php(363): CodeIgniter\CodeIgniter->run()
#12 C:\xampp\htdocs\e-arsip_ci4\system\Boot.php(68): CodeIgniter\Boot::runCodeIgniter(Object(CodeIgniter\CodeIgniter))
#13 C:\xampp\htdocs\e-arsip_ci4\public\index.php(59): CodeIgniter\Boot::bootWeb(Object(Config\Paths))
#14 C:\xampp\htdocs\e-arsip_ci4\system\rewrite.php(44): require_once('C:\\xampp\\htdocs...')
#15 {main}

Next mysqli_sql_exception: MySQL server has gone away in C:\xampp\htdocs\e-arsip_ci4\system\Database\MySQLi\Connection.php:201
Stack trace:
#0 C:\xampp\htdocs\e-arsip_ci4\system\Database\MySQLi\Connection.php(201): mysqli->real_connect('localhost', 'root', Object(SensitiveParameterValue), 'e-arsip_ci4', 3306, '', 0)
#1 C:\xampp\htdocs\e-arsip_ci4\system\Database\BaseConnection.php(419): CodeIgniter\Database\MySQLi\Connection->connect(false)
#2 C:\xampp\htdocs\e-arsip_ci4\system\Database\BaseConnection.php(614): CodeIgniter\Database\BaseConnection->initialize()
#3 C:\xampp\htdocs\e-arsip_ci4\system\Database\BaseBuilder.php(1649): CodeIgniter\Database\BaseConnection->query('SELECT *\nFROM `...', Array, false)
#4 C:\xampp\htdocs\e-arsip_ci4\system\Model.php(286): CodeIgniter\Database\BaseBuilder->get()
#5 C:\xampp\htdocs\e-arsip_ci4\system\BaseModel.php(677): CodeIgniter\Model->doFindAll(0, 0)
#6 C:\xampp\htdocs\e-arsip_ci4\app\Controllers\BaseController.php(60): CodeIgniter\BaseModel->findAll()
#7 C:\xampp\htdocs\e-arsip_ci4\system\CodeIgniter.php(904): App\Controllers\BaseController->initController(Object(CodeIgniter\HTTP\IncomingRequest), Object(CodeIgniter\HTTP\Response), Object(CodeIgniter\Log\Logger))
#8 C:\xampp\htdocs\e-arsip_ci4\system\CodeIgniter.php(498): CodeIgniter\CodeIgniter->createController()
#9 C:\xampp\htdocs\e-arsip_ci4\system\CodeIgniter.php(354): CodeIgniter\CodeIgniter->handleRequest(NULL, Object(Config\Cache), false)
#10 C:\xampp\htdocs\e-arsip_ci4\system\Boot.php(363): CodeIgniter\CodeIgniter->run()
#11 C:\xampp\htdocs\e-arsip_ci4\system\Boot.php(68): CodeIgniter\Boot::runCodeIgniter(Object(CodeIgniter\CodeIgniter))
#12 C:\xampp\htdocs\e-arsip_ci4\public\index.php(59): CodeIgniter\Boot::bootWeb(Object(Config\Paths))
#13 C:\xampp\htdocs\e-arsip_ci4\system\rewrite.php(44): require_once('C:\\xampp\\htdocs...')
#14 {main}

Next CodeIgniter\Database\Exceptions\DatabaseException: MySQL server has gone away in C:\xampp\htdocs\e-arsip_ci4\system\Database\MySQLi\Connection.php:246
Stack trace:
#0 C:\xampp\htdocs\e-arsip_ci4\system\Database\BaseConnection.php(419): CodeIgniter\Database\MySQLi\Connection->connect(false)
#1 C:\xampp\htdocs\e-arsip_ci4\system\Database\BaseConnection.php(614): CodeIgniter\Database\BaseConnection->initialize()
#2 C:\xampp\htdocs\e-arsip_ci4\system\Database\BaseBuilder.php(1649): CodeIgniter\Database\BaseConnection->query('SELECT *\nFROM `...', Array, false)
#3 C:\xampp\htdocs\e-arsip_ci4\system\Model.php(286): CodeIgniter\Database\BaseBuilder->get()
#4 C:\xampp\htdocs\e-arsip_ci4\system\BaseModel.php(677): CodeIgniter\Model->doFindAll(0, 0)
#5 C:\xampp\htdocs\e-arsip_ci4\app\Controllers\BaseController.php(60): CodeIgniter\BaseModel->findAll()
#6 C:\xampp\htdocs\e-arsip_ci4\system\CodeIgniter.php(904): App\Controllers\BaseController->initController(Object(CodeIgniter\HTTP\IncomingRequest), Object(CodeIgniter\HTTP\Response), Object(CodeIgniter\Log\Logger))
#7 C:\xampp\htdocs\e-arsip_ci4\system\CodeIgniter.php(498): CodeIgniter\CodeIgniter->createController()
#8 C:\xampp\htdocs\e-arsip_ci4\system\CodeIgniter.php(354): CodeIgniter\CodeIgniter->handleRequest(NULL, Object(Config\Cache), false)
#9 C:\xampp\htdocs\e-arsip_ci4\system\Boot.php(363): CodeIgniter\CodeIgniter->run()
#10 C:\xampp\htdocs\e-arsip_ci4\system\Boot.php(68): CodeIgniter\Boot::runCodeIgniter(Object(CodeIgniter\CodeIgniter))
#11 C:\xampp\htdocs\e-arsip_ci4\public\index.php(59): CodeIgniter\Boot::bootWeb(Object(Config\Paths))
#12 C:\xampp\htdocs\e-arsip_ci4\system\rewrite.php(44): require_once('C:\\xampp\\htdocs...')
#13 {main}
CRITICAL - 2025-11-06 01:35:25 --> CodeIgniter\Database\Exceptions\DatabaseException: Unable to connect to the database.
Main connection [MySQLi]: MySQL server has gone away
[Method: GET, Route: /]
in SYSTEMPATH\Database\BaseConnection.php on line 465.
 1 SYSTEMPATH\Database\BaseConnection.php(614): CodeIgniter\Database\BaseConnection->initialize()
 2 SYSTEMPATH\Database\BaseBuilder.php(1649): CodeIgniter\Database\BaseConnection->query('SELECT *
FROM `tbl_dep`', [], false)
 3 SYSTEMPATH\Model.php(286): CodeIgniter\Database\BaseBuilder->get()
 4 SYSTEMPATH\BaseModel.php(677): CodeIgniter\Model->doFindAll(0, 0)
 5 APPPATH\Controllers\BaseController.php(60): CodeIgniter\BaseModel->findAll()
 6 SYSTEMPATH\CodeIgniter.php(904): App\Controllers\BaseController->initController(Object(CodeIgniter\HTTP\IncomingRequest), Object(CodeIgniter\HTTP\Response), Object(CodeIgniter\Log\Logger))
 7 SYSTEMPATH\CodeIgniter.php(498): CodeIgniter\CodeIgniter->createController()
 8 SYSTEMPATH\CodeIgniter.php(354): CodeIgniter\CodeIgniter->handleRequest(null, Object(Config\Cache), false)
 9 SYSTEMPATH\Boot.php(363): CodeIgniter\CodeIgniter->run()
10 SYSTEMPATH\Boot.php(68): CodeIgniter\Boot::runCodeIgniter(Object(CodeIgniter\CodeIgniter))
11 FCPATH\index.php(59): CodeIgniter\Boot::bootWeb(Object(Config\Paths))
12 SYSTEMPATH\rewrite.php(44): require_once('C:\\xampp\\htdocs\\e-arsip_ci4\\public\\index.php')
DEBUG - 2025-11-06 01:35:40 --> Session: Class initialized using 'CodeIgniter\Session\Handlers\FileHandler' driver.
DEBUG - 2025-11-06 01:35:41 --> Session: Class initialized using 'CodeIgniter\Session\Handlers\FileHandler' driver.
DEBUG - 2025-11-06 01:35:49 --> Session: Class initialized using 'CodeIgniter\Session\Handlers\FileHandler' driver.
DEBUG - 2025-11-06 01:35:49 --> Session: Class initialized using 'CodeIgniter\Session\Handlers\FileHandler' driver.
WARNING - 2025-11-06 01:35:50 --> [DEPRECATED] Optional parameter $filters declared before required parameter $id_dep is implicitly treated as a required parameter in APPPATH\Models\Model_arsip.php on line 303.
 1 SYSTEMPATH\Autoloader\Autoloader.php(315): include_once('C:\\xampp\\htdocs\\e-arsip_ci4\\system\\Debug\\Exceptions.php')
 2 SYSTEMPATH\Autoloader\Autoloader.php(295): CodeIgniter\Autoloader\Autoloader->includeFile('C:\\xampp\\htdocs\\e-arsip_ci4\\app\\Models\\Model_arsip.php')
 3 SYSTEMPATH\Autoloader\Autoloader.php(271): CodeIgniter\Autoloader\Autoloader->loadInNamespace('App\\Models\\Model_arsip')
 4 APPPATH\Controllers\Home.php(23): CodeIgniter\Autoloader\Autoloader->loadClass('App\\Models\\Model_arsip')
 5 SYSTEMPATH\CodeIgniter.php(903): App\Controllers\Home->__construct()
 6 SYSTEMPATH\CodeIgniter.php(498): CodeIgniter\CodeIgniter->createController()
 7 SYSTEMPATH\CodeIgniter.php(354): CodeIgniter\CodeIgniter->handleRequest(null, Object(Config\Cache), false)
 8 SYSTEMPATH\Boot.php(363): CodeIgniter\CodeIgniter->run()
 9 SYSTEMPATH\Boot.php(68): CodeIgniter\Boot::runCodeIgniter(Object(CodeIgniter\CodeIgniter))
10 FCPATH\index.php(59): CodeIgniter\Boot::bootWeb(Object(Config\Paths))
DEBUG - 2025-11-06 01:36:19 --> Session: Class initialized using 'CodeIgniter\Session\Handlers\FileHandler' driver.
DEBUG - 2025-11-06 01:36:19 --> Session: Class initialized using 'CodeIgniter\Session\Handlers\FileHandler' driver.
DEBUG - 2025-11-06 01:36:20 --> Session: Class initialized using 'CodeIgniter\Session\Handlers\FileHandler' driver.
DEBUG - 2025-11-06 01:36:21 --> Session: Class initialized using 'CodeIgniter\Session\Handlers\FileHandler' driver.
DEBUG - 2025-11-06 01:36:23 --> Session: Class initialized using 'CodeIgniter\Session\Handlers\FileHandler' driver.
DEBUG - 2025-11-06 01:36:24 --> Session: Class initialized using 'CodeIgniter\Session\Handlers\FileHandler' driver.
DEBUG - 2025-11-06 01:36:25 --> Session: Class initialized using 'CodeIgniter\Session\Handlers\FileHandler' driver.
DEBUG - 2025-11-06 01:36:26 --> Session: Class initialized using 'CodeIgniter\Session\Handlers\FileHandler' driver.
DEBUG - 2025-11-06 01:36:27 --> Session: Class initialized using 'CodeIgniter\Session\Handlers\FileHandler' driver.
DEBUG - 2025-11-06 01:36:29 --> Session: Class initialized using 'CodeIgniter\Session\Handlers\FileHandler' driver.
DEBUG - 2025-11-06 01:36:30 --> Session: Class initialized using 'CodeIgniter\Session\Handlers\FileHandler' driver.
DEBUG - 2025-11-06 01:36:31 --> Session: Class initialized using 'CodeIgniter\Session\Handlers\FileHandler' driver.
DEBUG - 2025-11-06 01:36:33 --> Session: Class initialized using 'CodeIgniter\Session\Handlers\FileHandler' driver.
DEBUG - 2025-11-06 01:36:34 --> Session: Class initialized using 'CodeIgniter\Session\Handlers\FileHandler' driver.
DEBUG - 2025-11-06 01:36:35 --> Session: Class initialized using 'CodeIgniter\Session\Handlers\FileHandler' driver.
DEBUG - 2025-11-06 01:36:36 --> Session: Class initialized using 'CodeIgniter\Session\Handlers\FileHandler' driver.
DEBUG - 2025-11-06 01:36:37 --> Session: Class initialized using 'CodeIgniter\Session\Handlers\FileHandler' driver.
DEBUG - 2025-11-06 01:36:38 --> Session: Class initialized using 'CodeIgniter\Session\Handlers\FileHandler' driver.
DEBUG - 2025-11-06 01:36:39 --> Session: Class initialized using 'CodeIgniter\Session\Handlers\FileHandler' driver.
DEBUG - 2025-11-06 01:36:41 --> Session: Class initialized using 'CodeIgniter\Session\Handlers\FileHandler' driver.
DEBUG - 2025-11-06 01:36:42 --> Session: Class initialized using 'CodeIgniter\Session\Handlers\FileHandler' driver.
DEBUG - 2025-11-06 01:36:43 --> Session: Class initialized using 'CodeIgniter\Session\Handlers\FileHandler' driver.
DEBUG - 2025-11-06 01:36:45 --> Session: Class initialized using 'CodeIgniter\Session\Handlers\FileHandler' driver.
DEBUG - 2025-11-06 01:36:46 --> Session: Class initialized using 'CodeIgniter\Session\Handlers\FileHandler' driver.
DEBUG - 2025-11-06 01:36:47 --> Session: Class initialized using 'CodeIgniter\Session\Handlers\FileHandler' driver.
DEBUG - 2025-11-06 01:36:48 --> Session: Class initialized using 'CodeIgniter\Session\Handlers\FileHandler' driver.
DEBUG - 2025-11-06 01:36:49 --> Session: Class initialized using 'CodeIgniter\Session\Handlers\FileHandler' driver.
DEBUG - 2025-11-06 01:36:51 --> Session: Class initialized using 'CodeIgniter\Session\Handlers\FileHandler' driver.
DEBUG - 2025-11-06 01:36:52 --> Session: Class initialized using 'CodeIgniter\Session\Handlers\FileHandler' driver.
DEBUG - 2025-11-06 01:36:53 --> Session: Class initialized using 'CodeIgniter\Session\Handlers\FileHandler' driver.
DEBUG - 2025-11-06 01:36:54 --> Session: Class initialized using 'CodeIgniter\Session\Handlers\FileHandler' driver.
DEBUG - 2025-11-06 01:36:55 --> Session: Class initialized using 'CodeIgniter\Session\Handlers\FileHandler' driver.
DEBUG - 2025-11-06 01:36:57 --> Session: Class initialized using 'CodeIgniter\Session\Handlers\FileHandler' driver.
DEBUG - 2025-11-06 01:36:58 --> Session: Class initialized using 'CodeIgniter\Session\Handlers\FileHandler' driver.
DEBUG - 2025-11-06 01:36:59 --> Session: Class initialized using 'CodeIgniter\Session\Handlers\FileHandler' driver.
DEBUG - 2025-11-06 01:37:00 --> Session: Class initialized using 'CodeIgniter\Session\Handlers\FileHandler' driver.
DEBUG - 2025-11-06 01:37:01 --> Session: Class initialized using 'CodeIgniter\Session\Handlers\FileHandler' driver.
DEBUG - 2025-11-06 01:37:03 --> Session: Class initialized using 'CodeIgniter\Session\Handlers\FileHandler' driver.
DEBUG - 2025-11-06 01:37:04 --> Session: Class initialized using 'CodeIgniter\Session\Handlers\FileHandler' driver.
DEBUG - 2025-11-06 01:37:05 --> Session: Class initialized using 'CodeIgniter\Session\Handlers\FileHandler' driver.
DEBUG - 2025-11-06 01:37:06 --> Session: Class initialized using 'CodeIgniter\Session\Handlers\FileHandler' driver.
DEBUG - 2025-11-06 01:37:07 --> Session: Class initialized using 'CodeIgniter\Session\Handlers\FileHandler' driver.
DEBUG - 2025-11-06 01:37:08 --> Session: Class initialized using 'CodeIgniter\Session\Handlers\FileHandler' driver.
DEBUG - 2025-11-06 01:37:08 --> Session: Class initialized using 'CodeIgniter\Session\Handlers\FileHandler' driver.
WARNING - 2025-11-06 01:37:08 --> [DEPRECATED] Optional parameter $filters declared before required parameter $id_dep is implicitly treated as a required parameter in APPPATH\Models\Model_arsip.php on line 303.
 1 SYSTEMPATH\Autoloader\Autoloader.php(315): include_once('C:\\xampp\\htdocs\\e-arsip_ci4\\system\\Debug\\Exceptions.php')
 2 SYSTEMPATH\Autoloader\Autoloader.php(295): CodeIgniter\Autoloader\Autoloader->includeFile('C:\\xampp\\htdocs\\e-arsip_ci4\\app\\Models\\Model_arsip.php')
 3 SYSTEMPATH\Autoloader\Autoloader.php(271): CodeIgniter\Autoloader\Autoloader->loadInNamespace('App\\Models\\Model_arsip')
 4 APPPATH\Controllers\Home.php(23): CodeIgniter\Autoloader\Autoloader->loadClass('App\\Models\\Model_arsip')
 5 SYSTEMPATH\CodeIgniter.php(903): App\Controllers\Home->__construct()
 6 SYSTEMPATH\CodeIgniter.php(498): CodeIgniter\CodeIgniter->createController()
 7 SYSTEMPATH\CodeIgniter.php(354): CodeIgniter\CodeIgniter->handleRequest(null, Object(Config\Cache), false)
 8 SYSTEMPATH\Boot.php(363): CodeIgniter\CodeIgniter->run()
 9 SYSTEMPATH\Boot.php(68): CodeIgniter\Boot::runCodeIgniter(Object(CodeIgniter\CodeIgniter))
10 FCPATH\index.php(59): CodeIgniter\Boot::bootWeb(Object(Config\Paths))
DEBUG - 2025-11-06 01:37:08 --> Session: Class initialized using 'CodeIgniter\Session\Handlers\FileHandler' driver.
DEBUG - 2025-11-06 01:37:09 --> Session: Class initialized using 'CodeIgniter\Session\Handlers\FileHandler' driver.
DEBUG - 2025-11-06 01:37:10 --> Session: Class initialized using 'CodeIgniter\Session\Handlers\FileHandler' driver.
DEBUG - 2025-11-06 01:37:11 --> Session: Class initialized using 'CodeIgniter\Session\Handlers\FileHandler' driver.
DEBUG - 2025-11-06 01:37:11 --> Session: Class initialized using 'CodeIgniter\Session\Handlers\FileHandler' driver.
DEBUG - 2025-11-06 01:37:12 --> Session: Class initialized using 'CodeIgniter\Session\Handlers\FileHandler' driver.
DEBUG - 2025-11-06 01:37:12 --> Session: Class initialized using 'CodeIgniter\Session\Handlers\FileHandler' driver.
WARNING - 2025-11-06 01:37:12 --> [DEPRECATED] Optional parameter $filters declared before required parameter $id_dep is implicitly treated as a required parameter in APPPATH\Models\Model_arsip.php on line 303.
 1 SYSTEMPATH\Autoloader\Autoloader.php(315): include_once('C:\\xampp\\htdocs\\e-arsip_ci4\\system\\Debug\\Exceptions.php')
 2 SYSTEMPATH\Autoloader\Autoloader.php(295): CodeIgniter\Autoloader\Autoloader->includeFile('C:\\xampp\\htdocs\\e-arsip_ci4\\app\\Models\\Model_arsip.php')
 3 SYSTEMPATH\Autoloader\Autoloader.php(271): CodeIgniter\Autoloader\Autoloader->loadInNamespace('App\\Models\\Model_arsip')
 4 APPPATH\Controllers\Arsip.php(26): CodeIgniter\Autoloader\Autoloader->loadClass('App\\Models\\Model_arsip')
 5 SYSTEMPATH\CodeIgniter.php(903): App\Controllers\Arsip->__construct()
 6 SYSTEMPATH\CodeIgniter.php(498): CodeIgniter\CodeIgniter->createController()
 7 SYSTEMPATH\CodeIgniter.php(354): CodeIgniter\CodeIgniter->handleRequest(null, Object(Config\Cache), false)
 8 SYSTEMPATH\Boot.php(363): CodeIgniter\CodeIgniter->run()
 9 SYSTEMPATH\Boot.php(68): CodeIgniter\Boot::runCodeIgniter(Object(CodeIgniter\CodeIgniter))
10 FCPATH\index.php(59): CodeIgniter\Boot::bootWeb(Object(Config\Paths))
DEBUG - 2025-11-06 01:37:13 --> Session: Class initialized using 'CodeIgniter\Session\Handlers\FileHandler' driver.
DEBUG - 2025-11-06 01:37:14 --> Session: Class initialized using 'CodeIgniter\Session\Handlers\FileHandler' driver.
DEBUG - 2025-11-06 01:37:15 --> Session: Class initialized using 'CodeIgniter\Session\Handlers\FileHandler' driver.
DEBUG - 2025-11-06 01:37:17 --> Session: Class initialized using 'CodeIgniter\Session\Handlers\FileHandler' driver.
DEBUG - 2025-11-06 01:37:18 --> Session: Class initialized using 'CodeIgniter\Session\Handlers\FileHandler' driver.
DEBUG - 2025-11-06 01:37:19 --> Session: Class initialized using 'CodeIgniter\Session\Handlers\FileHandler' driver.
DEBUG - 2025-11-06 01:37:20 --> Session: Class initialized using 'CodeIgniter\Session\Handlers\FileHandler' driver.
DEBUG - 2025-11-06 01:37:21 --> Session: Class initialized using 'CodeIgniter\Session\Handlers\FileHandler' driver.
DEBUG - 2025-11-06 01:37:23 --> Session: Class initialized using 'CodeIgniter\Session\Handlers\FileHandler' driver.
DEBUG - 2025-11-06 01:37:24 --> Session: Class initialized using 'CodeIgniter\Session\Handlers\FileHandler' driver.
DEBUG - 2025-11-06 01:37:25 --> Session: Class initialized using 'CodeIgniter\Session\Handlers\FileHandler' driver.
DEBUG - 2025-11-06 01:37:26 --> Session: Class initialized using 'CodeIgniter\Session\Handlers\FileHandler' driver.
DEBUG - 2025-11-06 01:37:27 --> Session: Class initialized using 'CodeIgniter\Session\Handlers\FileHandler' driver.
DEBUG - 2025-11-06 01:37:29 --> Session: Class initialized using 'CodeIgniter\Session\Handlers\FileHandler' driver.
DEBUG - 2025-11-06 01:37:30 --> Session: Class initialized using 'CodeIgniter\Session\Handlers\FileHandler' driver.
DEBUG - 2025-11-06 01:37:31 --> Session: Class initialized using 'CodeIgniter\Session\Handlers\FileHandler' driver.
DEBUG - 2025-11-06 01:37:32 --> Session: Class initialized using 'CodeIgniter\Session\Handlers\FileHandler' driver.
DEBUG - 2025-11-06 01:37:33 --> Session: Class initialized using 'CodeIgniter\Session\Handlers\FileHandler' driver.
DEBUG - 2025-11-06 01:37:35 --> Session: Class initialized using 'CodeIgniter\Session\Handlers\FileHandler' driver.
DEBUG - 2025-11-06 01:37:36 --> Session: Class initialized using 'CodeIgniter\Session\Handlers\FileHandler' driver.
DEBUG - 2025-11-06 01:37:37 --> Session: Class initialized using 'CodeIgniter\Session\Handlers\FileHandler' driver.
DEBUG - 2025-11-06 01:37:38 --> Session: Class initialized using 'CodeIgniter\Session\Handlers\FileHandler' driver.
DEBUG - 2025-11-06 01:37:39 --> Session: Class initialized using 'CodeIgniter\Session\Handlers\FileHandler' driver.
DEBUG - 2025-11-06 01:37:41 --> Session: Class initialized using 'CodeIgniter\Session\Handlers\FileHandler' driver.
DEBUG - 2025-11-06 01:37:42 --> Session: Class initialized using 'CodeIgniter\Session\Handlers\FileHandler' driver.
DEBUG - 2025-11-06 01:37:43 --> Session: Class initialized using 'CodeIgniter\Session\Handlers\FileHandler' driver.
DEBUG - 2025-11-06 01:37:44 --> Session: Class initialized using 'CodeIgniter\Session\Handlers\FileHandler' driver.
DEBUG - 2025-11-06 01:37:45 --> Session: Class initialized using 'CodeIgniter\Session\Handlers\FileHandler' driver.
DEBUG - 2025-11-06 01:37:47 --> Session: Class initialized using 'CodeIgniter\Session\Handlers\FileHandler' driver.
DEBUG - 2025-11-06 01:37:48 --> Session: Class initialized using 'CodeIgniter\Session\Handlers\FileHandler' driver.
DEBUG - 2025-11-06 01:37:49 --> Session: Class initialized using 'CodeIgniter\Session\Handlers\FileHandler' driver.
DEBUG - 2025-11-06 01:37:50 --> Session: Class initialized using 'CodeIgniter\Session\Handlers\FileHandler' driver.
DEBUG - 2025-11-06 01:37:51 --> Session: Class initialized using 'CodeIgniter\Session\Handlers\FileHandler' driver.
DEBUG - 2025-11-06 01:37:53 --> Session: Class initialized using 'CodeIgniter\Session\Handlers\FileHandler' driver.
DEBUG - 2025-11-06 01:37:54 --> Session: Class initialized using 'CodeIgniter\Session\Handlers\FileHandler' driver.
DEBUG - 2025-11-06 01:37:55 --> Session: Class initialized using 'CodeIgniter\Session\Handlers\FileHandler' driver.
DEBUG - 2025-11-06 01:37:56 --> Session: Class initialized using 'CodeIgniter\Session\Handlers\FileHandler' driver.
WARNING - 2025-11-06 01:37:56 --> [DEPRECATED] Optional parameter $filters declared before required parameter $id_dep is implicitly treated as a required parameter in APPPATH\Models\Model_arsip.php on line 303.
 1 SYSTEMPATH\Autoloader\Autoloader.php(315): include_once('C:\\xampp\\htdocs\\e-arsip_ci4\\system\\Debug\\Exceptions.php')
 2 SYSTEMPATH\Autoloader\Autoloader.php(295): CodeIgniter\Autoloader\Autoloader->includeFile('C:\\xampp\\htdocs\\e-arsip_ci4\\app\\Models\\Model_arsip.php')
 3 SYSTEMPATH\Autoloader\Autoloader.php(271): CodeIgniter\Autoloader\Autoloader->loadInNamespace('App\\Models\\Model_arsip')
 4 APPPATH\Controllers\Arsip.php(26): CodeIgniter\Autoloader\Autoloader->loadClass('App\\Models\\Model_arsip')
 5 SYSTEMPATH\CodeIgniter.php(903): App\Controllers\Arsip->__construct()
 6 SYSTEMPATH\CodeIgniter.php(498): CodeIgniter\CodeIgniter->createController()
 7 SYSTEMPATH\CodeIgniter.php(354): CodeIgniter\CodeIgniter->handleRequest(null, Object(Config\Cache), false)
 8 SYSTEMPATH\Boot.php(363): CodeIgniter\CodeIgniter->run()
 9 SYSTEMPATH\Boot.php(68): CodeIgniter\Boot::runCodeIgniter(Object(CodeIgniter\CodeIgniter))
10 FCPATH\index.php(59): CodeIgniter\Boot::bootWeb(Object(Config\Paths))
DEBUG - 2025-11-06 01:37:56 --> AUDIT DEBUG -> id_user: 18, username: administrator
DEBUG - 2025-11-06 01:37:56 --> Session: Class initialized using 'CodeIgniter\Session\Handlers\FileHandler' driver.
DEBUG - 2025-11-06 01:37:56 --> Session: Class initialized using 'CodeIgniter\Session\Handlers\FileHandler' driver.
WARNING - 2025-11-06 01:37:56 --> [DEPRECATED] Optional parameter $filters declared before required parameter $id_dep is implicitly treated as a required parameter in APPPATH\Models\Model_arsip.php on line 303.
 1 SYSTEMPATH\Autoloader\Autoloader.php(315): include_once('C:\\xampp\\htdocs\\e-arsip_ci4\\system\\Debug\\Exceptions.php')
 2 SYSTEMPATH\Autoloader\Autoloader.php(295): CodeIgniter\Autoloader\Autoloader->includeFile('C:\\xampp\\htdocs\\e-arsip_ci4\\app\\Models\\Model_arsip.php')
 3 SYSTEMPATH\Autoloader\Autoloader.php(271): CodeIgniter\Autoloader\Autoloader->loadInNamespace('App\\Models\\Model_arsip')
 4 APPPATH\Controllers\Arsip.php(26): CodeIgniter\Autoloader\Autoloader->loadClass('App\\Models\\Model_arsip')
 5 SYSTEMPATH\CodeIgniter.php(903): App\Controllers\Arsip->__construct()
 6 SYSTEMPATH\CodeIgniter.php(498): CodeIgniter\CodeIgniter->createController()
 7 SYSTEMPATH\CodeIgniter.php(354): CodeIgniter\CodeIgniter->handleRequest(null, Object(Config\Cache), false)
 8 SYSTEMPATH\Boot.php(363): CodeIgniter\CodeIgniter->run()
 9 SYSTEMPATH\Boot.php(68): CodeIgniter\Boot::runCodeIgniter(Object(CodeIgniter\CodeIgniter))
10 FCPATH\index.php(59): CodeIgniter\Boot::bootWeb(Object(Config\Paths))
DEBUG - 2025-11-06 01:37:57 --> Session: Class initialized using 'CodeIgniter\Session\Handlers\FileHandler' driver.
DEBUG - 2025-11-06 01:37:59 --> Session: Class initialized using 'CodeIgniter\Session\Handlers\FileHandler' driver.
DEBUG - 2025-11-06 01:38:00 --> Session: Class initialized using 'CodeIgniter\Session\Handlers\FileHandler' driver.
DEBUG - 2025-11-06 01:38:01 --> Session: Class initialized using 'CodeIgniter\Session\Handlers\FileHandler' driver.
DEBUG - 2025-11-06 01:38:02 --> Session: Class initialized using 'CodeIgniter\Session\Handlers\FileHandler' driver.
WARNING - 2025-11-06 01:38:02 --> [DEPRECATED] Optional parameter $filters declared before required parameter $id_dep is implicitly treated as a required parameter in APPPATH\Models\Model_arsip.php on line 303.
 1 SYSTEMPATH\Autoloader\Autoloader.php(315): include_once('C:\\xampp\\htdocs\\e-arsip_ci4\\system\\Debug\\Exceptions.php')
 2 SYSTEMPATH\Autoloader\Autoloader.php(295): CodeIgniter\Autoloader\Autoloader->includeFile('C:\\xampp\\htdocs\\e-arsip_ci4\\app\\Models\\Model_arsip.php')
 3 SYSTEMPATH\Autoloader\Autoloader.php(271): CodeIgniter\Autoloader\Autoloader->loadInNamespace('App\\Models\\Model_arsip')
 4 APPPATH\Controllers\Cari.php(20): CodeIgniter\Autoloader\Autoloader->loadClass('App\\Models\\Model_arsip')
 5 SYSTEMPATH\CodeIgniter.php(903): App\Controllers\Cari->__construct()
 6 SYSTEMPATH\CodeIgniter.php(498): CodeIgniter\CodeIgniter->createController()
 7 SYSTEMPATH\CodeIgniter.php(354): CodeIgniter\CodeIgniter->handleRequest(null, Object(Config\Cache), false)
 8 SYSTEMPATH\Boot.php(363): CodeIgniter\CodeIgniter->run()
 9 SYSTEMPATH\Boot.php(68): CodeIgniter\Boot::runCodeIgniter(Object(CodeIgniter\CodeIgniter))
10 FCPATH\index.php(59): CodeIgniter\Boot::bootWeb(Object(Config\Paths))
DEBUG - 2025-11-06 01:38:02 --> Session: Class initialized using 'CodeIgniter\Session\Handlers\FileHandler' driver.
DEBUG - 2025-11-06 01:38:03 --> Session: Class initialized using 'CodeIgniter\Session\Handlers\FileHandler' driver.
DEBUG - 2025-11-06 01:38:05 --> Session: Class initialized using 'CodeIgniter\Session\Handlers\FileHandler' driver.
DEBUG - 2025-11-06 01:38:05 --> Session: Class initialized using 'CodeIgniter\Session\Handlers\FileHandler' driver.
DEBUG - 2025-11-06 01:38:06 --> Session: Class initialized using 'CodeIgniter\Session\Handlers\FileHandler' driver.
DEBUG - 2025-11-06 01:38:07 --> Session: Class initialized using 'CodeIgniter\Session\Handlers\FileHandler' driver.
DEBUG - 2025-11-06 01:38:08 --> Session: Class initialized using 'CodeIgniter\Session\Handlers\FileHandler' driver.
DEBUG - 2025-11-06 01:38:09 --> Session: Class initialized using 'CodeIgniter\Session\Handlers\FileHandler' driver.
DEBUG - 2025-11-06 01:38:11 --> Session: Class initialized using 'CodeIgniter\Session\Handlers\FileHandler' driver.
DEBUG - 2025-11-06 01:38:11 --> Session: Class initialized using 'CodeIgniter\Session\Handlers\FileHandler' driver.
WARNING - 2025-11-06 01:38:11 --> [DEPRECATED] Optional parameter $filters declared before required parameter $id_dep is implicitly treated as a required parameter in APPPATH\Models\Model_arsip.php on line 303.
 1 SYSTEMPATH\Autoloader\Autoloader.php(315): include_once('C:\\xampp\\htdocs\\e-arsip_ci4\\system\\Debug\\Exceptions.php')
 2 SYSTEMPATH\Autoloader\Autoloader.php(295): CodeIgniter\Autoloader\Autoloader->includeFile('C:\\xampp\\htdocs\\e-arsip_ci4\\app\\Models\\Model_arsip.php')
 3 SYSTEMPATH\Autoloader\Autoloader.php(271): CodeIgniter\Autoloader\Autoloader->loadInNamespace('App\\Models\\Model_arsip')
 4 APPPATH\Controllers\Arsip.php(26): CodeIgniter\Autoloader\Autoloader->loadClass('App\\Models\\Model_arsip')
 5 SYSTEMPATH\CodeIgniter.php(903): App\Controllers\Arsip->__construct()
 6 SYSTEMPATH\CodeIgniter.php(498): CodeIgniter\CodeIgniter->createController()
 7 SYSTEMPATH\CodeIgniter.php(354): CodeIgniter\CodeIgniter->handleRequest(null, Object(Config\Cache), false)
 8 SYSTEMPATH\Boot.php(363): CodeIgniter\CodeIgniter->run()
 9 SYSTEMPATH\Boot.php(68): CodeIgniter\Boot::runCodeIgniter(Object(CodeIgniter\CodeIgniter))
10 FCPATH\index.php(59): CodeIgniter\Boot::bootWeb(Object(Config\Paths))
DEBUG - 2025-11-06 01:38:13 --> Session: Class initialized using 'CodeIgniter\Session\Handlers\FileHandler' driver.
WARNING - 2025-11-06 01:38:13 --> [DEPRECATED] Optional parameter $filters declared before required parameter $id_dep is implicitly treated as a required parameter in APPPATH\Models\Model_arsip.php on line 303.
 1 SYSTEMPATH\Autoloader\Autoloader.php(315): include_once('C:\\xampp\\htdocs\\e-arsip_ci4\\system\\Debug\\Exceptions.php')
 2 SYSTEMPATH\Autoloader\Autoloader.php(295): CodeIgniter\Autoloader\Autoloader->includeFile('C:\\xampp\\htdocs\\e-arsip_ci4\\app\\Models\\Model_arsip.php')
 3 SYSTEMPATH\Autoloader\Autoloader.php(271): CodeIgniter\Autoloader\Autoloader->loadInNamespace('App\\Models\\Model_arsip')
 4 APPPATH\Controllers\Arsip.php(26): CodeIgniter\Autoloader\Autoloader->loadClass('App\\Models\\Model_arsip')
 5 SYSTEMPATH\CodeIgniter.php(903): App\Controllers\Arsip->__construct()
 6 SYSTEMPATH\CodeIgniter.php(498): CodeIgniter\CodeIgniter->createController()
 7 SYSTEMPATH\CodeIgniter.php(354): CodeIgniter\CodeIgniter->handleRequest(null, Object(Config\Cache), false)
 8 SYSTEMPATH\Boot.php(363): CodeIgniter\CodeIgniter->run()
 9 SYSTEMPATH\Boot.php(68): CodeIgniter\Boot::runCodeIgniter(Object(CodeIgniter\CodeIgniter))
10 FCPATH\index.php(59): CodeIgniter\Boot::bootWeb(Object(Config\Paths))
DEBUG - 2025-11-06 01:38:14 --> Session: Class initialized using 'CodeIgniter\Session\Handlers\FileHandler' driver.
DEBUG - 2025-11-06 01:38:15 --> Session: Class initialized using 'CodeIgniter\Session\Handlers\FileHandler' driver.
WARNING - 2025-11-06 01:38:15 --> [DEPRECATED] Optional parameter $filters declared before required parameter $id_dep is implicitly treated as a required parameter in APPPATH\Models\Model_arsip.php on line 303.
 1 SYSTEMPATH\Autoloader\Autoloader.php(315): include_once('C:\\xampp\\htdocs\\e-arsip_ci4\\system\\Debug\\Exceptions.php')
 2 SYSTEMPATH\Autoloader\Autoloader.php(295): CodeIgniter\Autoloader\Autoloader->includeFile('C:\\xampp\\htdocs\\e-arsip_ci4\\app\\Models\\Model_arsip.php')
 3 SYSTEMPATH\Autoloader\Autoloader.php(271): CodeIgniter\Autoloader\Autoloader->loadInNamespace('App\\Models\\Model_arsip')
 4 APPPATH\Controllers\Arsip.php(26): CodeIgniter\Autoloader\Autoloader->loadClass('App\\Models\\Model_arsip')
 5 SYSTEMPATH\CodeIgniter.php(903): App\Controllers\Arsip->__construct()
 6 SYSTEMPATH\CodeIgniter.php(498): CodeIgniter\CodeIgniter->createController()
 7 SYSTEMPATH\CodeIgniter.php(354): CodeIgniter\CodeIgniter->handleRequest(null, Object(Config\Cache), false)
 8 SYSTEMPATH\Boot.php(363): CodeIgniter\CodeIgniter->run()
 9 SYSTEMPATH\Boot.php(68): CodeIgniter\Boot::runCodeIgniter(Object(CodeIgniter\CodeIgniter))
10 FCPATH\index.php(59): CodeIgniter\Boot::bootWeb(Object(Config\Paths))
DEBUG - 2025-11-06 01:38:18 --> Session: Class initialized using 'CodeIgniter\Session\Handlers\FileHandler' driver.
WARNING - 2025-11-06 01:38:18 --> [DEPRECATED] Optional parameter $filters declared before required parameter $id_dep is implicitly treated as a required parameter in APPPATH\Models\Model_arsip.php on line 303.
 1 SYSTEMPATH\Autoloader\Autoloader.php(315): include_once('C:\\xampp\\htdocs\\e-arsip_ci4\\system\\Debug\\Exceptions.php')
 2 SYSTEMPATH\Autoloader\Autoloader.php(295): CodeIgniter\Autoloader\Autoloader->includeFile('C:\\xampp\\htdocs\\e-arsip_ci4\\app\\Models\\Model_arsip.php')
 3 SYSTEMPATH\Autoloader\Autoloader.php(271): CodeIgniter\Autoloader\Autoloader->loadInNamespace('App\\Models\\Model_arsip')
 4 APPPATH\Controllers\Arsip.php(26): CodeIgniter\Autoloader\Autoloader->loadClass('App\\Models\\Model_arsip')
 5 SYSTEMPATH\CodeIgniter.php(903): App\Controllers\Arsip->__construct()
 6 SYSTEMPATH\CodeIgniter.php(498): CodeIgniter\CodeIgniter->createController()
 7 SYSTEMPATH\CodeIgniter.php(354): CodeIgniter\CodeIgniter->handleRequest(null, Object(Config\Cache), false)
 8 SYSTEMPATH\Boot.php(363): CodeIgniter\CodeIgniter->run()
 9 SYSTEMPATH\Boot.php(68): CodeIgniter\Boot::runCodeIgniter(Object(CodeIgniter\CodeIgniter))
10 FCPATH\index.php(59): CodeIgniter\Boot::bootWeb(Object(Config\Paths))
DEBUG - 2025-11-06 01:38:18 --> Session: Class initialized using 'CodeIgniter\Session\Handlers\FileHandler' driver.
WARNING - 2025-11-06 01:38:18 --> [DEPRECATED] Optional parameter $filters declared before required parameter $id_dep is implicitly treated as a required parameter in APPPATH\Models\Model_arsip.php on line 303.
 1 SYSTEMPATH\Autoloader\Autoloader.php(315): include_once('C:\\xampp\\htdocs\\e-arsip_ci4\\system\\Debug\\Exceptions.php')
 2 SYSTEMPATH\Autoloader\Autoloader.php(295): CodeIgniter\Autoloader\Autoloader->includeFile('C:\\xampp\\htdocs\\e-arsip_ci4\\app\\Models\\Model_arsip.php')
 3 SYSTEMPATH\Autoloader\Autoloader.php(271): CodeIgniter\Autoloader\Autoloader->loadInNamespace('App\\Models\\Model_arsip')
 4 APPPATH\Controllers\Arsip.php(26): CodeIgniter\Autoloader\Autoloader->loadClass('App\\Models\\Model_arsip')
 5 SYSTEMPATH\CodeIgniter.php(903): App\Controllers\Arsip->__construct()
 6 SYSTEMPATH\CodeIgniter.php(498): CodeIgniter\CodeIgniter->createController()
 7 SYSTEMPATH\CodeIgniter.php(354): CodeIgniter\CodeIgniter->handleRequest(null, Object(Config\Cache), false)
 8 SYSTEMPATH\Boot.php(363): CodeIgniter\CodeIgniter->run()
 9 SYSTEMPATH\Boot.php(68): CodeIgniter\Boot::runCodeIgniter(Object(CodeIgniter\CodeIgniter))
10 FCPATH\index.php(59): CodeIgniter\Boot::bootWeb(Object(Config\Paths))
DEBUG - 2025-11-06 01:38:23 --> Session: Class initialized using 'CodeIgniter\Session\Handlers\FileHandler' driver.
WARNING - 2025-11-06 01:38:23 --> [DEPRECATED] Optional parameter $filters declared before required parameter $id_dep is implicitly treated as a required parameter in APPPATH\Models\Model_arsip.php on line 303.
 1 SYSTEMPATH\Autoloader\Autoloader.php(315): include_once('C:\\xampp\\htdocs\\e-arsip_ci4\\system\\Debug\\Exceptions.php')
 2 SYSTEMPATH\Autoloader\Autoloader.php(295): CodeIgniter\Autoloader\Autoloader->includeFile('C:\\xampp\\htdocs\\e-arsip_ci4\\app\\Models\\Model_arsip.php')
 3 SYSTEMPATH\Autoloader\Autoloader.php(271): CodeIgniter\Autoloader\Autoloader->loadInNamespace('App\\Models\\Model_arsip')
 4 APPPATH\Controllers\Arsip.php(26): CodeIgniter\Autoloader\Autoloader->loadClass('App\\Models\\Model_arsip')
 5 SYSTEMPATH\CodeIgniter.php(903): App\Controllers\Arsip->__construct()
 6 SYSTEMPATH\CodeIgniter.php(498): CodeIgniter\CodeIgniter->createController()
 7 SYSTEMPATH\CodeIgniter.php(354): CodeIgniter\CodeIgniter->handleRequest(null, Object(Config\Cache), false)
 8 SYSTEMPATH\Boot.php(363): CodeIgniter\CodeIgniter->run()
 9 SYSTEMPATH\Boot.php(68): CodeIgniter\Boot::runCodeIgniter(Object(CodeIgniter\CodeIgniter))
10 FCPATH\index.php(59): CodeIgniter\Boot::bootWeb(Object(Config\Paths))
DEBUG - 2025-11-06 01:38:31 --> Session: Class initialized using 'CodeIgniter\Session\Handlers\FileHandler' driver.
WARNING - 2025-11-06 01:38:31 --> [DEPRECATED] Optional parameter $filters declared before required parameter $id_dep is implicitly treated as a required parameter in APPPATH\Models\Model_arsip.php on line 303.
 1 SYSTEMPATH\Autoloader\Autoloader.php(315): include_once('C:\\xampp\\htdocs\\e-arsip_ci4\\system\\Debug\\Exceptions.php')
 2 SYSTEMPATH\Autoloader\Autoloader.php(295): CodeIgniter\Autoloader\Autoloader->includeFile('C:\\xampp\\htdocs\\e-arsip_ci4\\app\\Models\\Model_arsip.php')
 3 SYSTEMPATH\Autoloader\Autoloader.php(271): CodeIgniter\Autoloader\Autoloader->loadInNamespace('App\\Models\\Model_arsip')
 4 APPPATH\Controllers\Cari.php(20): CodeIgniter\Autoloader\Autoloader->loadClass('App\\Models\\Model_arsip')
 5 SYSTEMPATH\CodeIgniter.php(903): App\Controllers\Cari->__construct()
 6 SYSTEMPATH\CodeIgniter.php(498): CodeIgniter\CodeIgniter->createController()
 7 SYSTEMPATH\CodeIgniter.php(354): CodeIgniter\CodeIgniter->handleRequest(null, Object(Config\Cache), false)
 8 SYSTEMPATH\Boot.php(363): CodeIgniter\CodeIgniter->run()
 9 SYSTEMPATH\Boot.php(68): CodeIgniter\Boot::runCodeIgniter(Object(CodeIgniter\CodeIgniter))
10 FCPATH\index.php(59): CodeIgniter\Boot::bootWeb(Object(Config\Paths))
DEBUG - 2025-11-06 01:38:33 --> Session: Class initialized using 'CodeIgniter\Session\Handlers\FileHandler' driver.
WARNING - 2025-11-06 01:38:33 --> [DEPRECATED] Optional parameter $filters declared before required parameter $id_dep is implicitly treated as a required parameter in APPPATH\Models\Model_arsip.php on line 303.
 1 SYSTEMPATH\Autoloader\Autoloader.php(315): include_once('C:\\xampp\\htdocs\\e-arsip_ci4\\system\\Debug\\Exceptions.php')
 2 SYSTEMPATH\Autoloader\Autoloader.php(295): CodeIgniter\Autoloader\Autoloader->includeFile('C:\\xampp\\htdocs\\e-arsip_ci4\\app\\Models\\Model_arsip.php')
 3 SYSTEMPATH\Autoloader\Autoloader.php(271): CodeIgniter\Autoloader\Autoloader->loadInNamespace('App\\Models\\Model_arsip')
 4 APPPATH\Controllers\Arsip.php(26): CodeIgniter\Autoloader\Autoloader->loadClass('App\\Models\\Model_arsip')
 5 SYSTEMPATH\CodeIgniter.php(903): App\Controllers\Arsip->__construct()
 6 SYSTEMPATH\CodeIgniter.php(498): CodeIgniter\CodeIgniter->createController()
 7 SYSTEMPATH\CodeIgniter.php(354): CodeIgniter\CodeIgniter->handleRequest(null, Object(Config\Cache), false)
 8 SYSTEMPATH\Boot.php(363): CodeIgniter\CodeIgniter->run()
 9 SYSTEMPATH\Boot.php(68): CodeIgniter\Boot::runCodeIgniter(Object(CodeIgniter\CodeIgniter))
10 FCPATH\index.php(59): CodeIgniter\Boot::bootWeb(Object(Config\Paths))
DEBUG - 2025-11-06 01:38:33 --> Session: Class initialized using 'CodeIgniter\Session\Handlers\FileHandler' driver.
WARNING - 2025-11-06 01:38:34 --> [DEPRECATED] Optional parameter $filters declared before required parameter $id_dep is implicitly treated as a required parameter in APPPATH\Models\Model_arsip.php on line 303.
 1 SYSTEMPATH\Autoloader\Autoloader.php(315): include_once('C:\\xampp\\htdocs\\e-arsip_ci4\\system\\Debug\\Exceptions.php')
 2 SYSTEMPATH\Autoloader\Autoloader.php(295): CodeIgniter\Autoloader\Autoloader->includeFile('C:\\xampp\\htdocs\\e-arsip_ci4\\app\\Models\\Model_arsip.php')
 3 SYSTEMPATH\Autoloader\Autoloader.php(271): CodeIgniter\Autoloader\Autoloader->loadInNamespace('App\\Models\\Model_arsip')
 4 APPPATH\Controllers\Kategori.php(21): CodeIgniter\Autoloader\Autoloader->loadClass('App\\Models\\Model_arsip')
 5 SYSTEMPATH\CodeIgniter.php(903): App\Controllers\Kategori->__construct()
 6 SYSTEMPATH\CodeIgniter.php(498): CodeIgniter\CodeIgniter->createController()
 7 SYSTEMPATH\CodeIgniter.php(354): CodeIgniter\CodeIgniter->handleRequest(null, Object(Config\Cache), false)
 8 SYSTEMPATH\Boot.php(363): CodeIgniter\CodeIgniter->run()
 9 SYSTEMPATH\Boot.php(68): CodeIgniter\Boot::runCodeIgniter(Object(CodeIgniter\CodeIgniter))
10 FCPATH\index.php(59): CodeIgniter\Boot::bootWeb(Object(Config\Paths))
DEBUG - 2025-11-06 01:38:37 --> Session: Class initialized using 'CodeIgniter\Session\Handlers\FileHandler' driver.
DEBUG - 2025-11-06 01:39:03 --> Session: Class initialized using 'CodeIgniter\Session\Handlers\FileHandler' driver.
WARNING - 2025-11-06 01:39:03 --> [DEPRECATED] Optional parameter $filters declared before required parameter $id_dep is implicitly treated as a required parameter in APPPATH\Models\Model_arsip.php on line 303.
 1 SYSTEMPATH\Autoloader\Autoloader.php(315): include_once('C:\\xampp\\htdocs\\e-arsip_ci4\\system\\Debug\\Exceptions.php')
 2 SYSTEMPATH\Autoloader\Autoloader.php(295): CodeIgniter\Autoloader\Autoloader->includeFile('C:\\xampp\\htdocs\\e-arsip_ci4\\app\\Models\\Model_arsip.php')
 3 SYSTEMPATH\Autoloader\Autoloader.php(271): CodeIgniter\Autoloader\Autoloader->loadInNamespace('App\\Models\\Model_arsip')
 4 APPPATH\Controllers\Home.php(23): CodeIgniter\Autoloader\Autoloader->loadClass('App\\Models\\Model_arsip')
 5 SYSTEMPATH\CodeIgniter.php(903): App\Controllers\Home->__construct()
 6 SYSTEMPATH\CodeIgniter.php(498): CodeIgniter\CodeIgniter->createController()
 7 SYSTEMPATH\CodeIgniter.php(354): CodeIgniter\CodeIgniter->handleRequest(null, Object(Config\Cache), false)
 8 SYSTEMPATH\Boot.php(363): CodeIgniter\CodeIgniter->run()
 9 SYSTEMPATH\Boot.php(68): CodeIgniter\Boot::runCodeIgniter(Object(CodeIgniter\CodeIgniter))
10 FCPATH\index.php(59): CodeIgniter\Boot::bootWeb(Object(Config\Paths))
DEBUG - 2025-11-06 01:39:07 --> Session: Class initialized using 'CodeIgniter\Session\Handlers\FileHandler' driver.
DEBUG - 2025-11-06 01:39:08 --> Session: Class initialized using 'CodeIgniter\Session\Handlers\FileHandler' driver.
DEBUG - 2025-11-06 01:39:09 --> Session: Class initialized using 'CodeIgniter\Session\Handlers\FileHandler' driver.
DEBUG - 2025-11-06 01:39:10 --> Session: Class initialized using 'CodeIgniter\Session\Handlers\FileHandler' driver.
DEBUG - 2025-11-06 01:39:11 --> Session: Class initialized using 'CodeIgniter\Session\Handlers\FileHandler' driver.
DEBUG - 2025-11-06 01:39:12 --> Session: Class initialized using 'CodeIgniter\Session\Handlers\FileHandler' driver.
DEBUG - 2025-11-06 01:39:15 --> Session: Class initialized using 'CodeIgniter\Session\Handlers\FileHandler' driver.
DEBUG - 2025-11-06 01:39:16 --> Session: Class initialized using 'CodeIgniter\Session\Handlers\FileHandler' driver.
DEBUG - 2025-11-06 01:39:41 --> Session: Class initialized using 'CodeIgniter\Session\Handlers\FileHandler' driver.
WARNING - 2025-11-06 01:39:41 --> [DEPRECATED] Optional parameter $filters declared before required parameter $id_dep is implicitly treated as a required parameter in APPPATH\Models\Model_arsip.php on line 303.
 1 SYSTEMPATH\Autoloader\Autoloader.php(315): include_once('C:\\xampp\\htdocs\\e-arsip_ci4\\system\\Debug\\Exceptions.php')
 2 SYSTEMPATH\Autoloader\Autoloader.php(295): CodeIgniter\Autoloader\Autoloader->includeFile('C:\\xampp\\htdocs\\e-arsip_ci4\\app\\Models\\Model_arsip.php')
 3 SYSTEMPATH\Autoloader\Autoloader.php(271): CodeIgniter\Autoloader\Autoloader->loadInNamespace('App\\Models\\Model_arsip')
 4 APPPATH\Controllers\Cari.php(20): CodeIgniter\Autoloader\Autoloader->loadClass('App\\Models\\Model_arsip')
 5 SYSTEMPATH\CodeIgniter.php(903): App\Controllers\Cari->__construct()
 6 SYSTEMPATH\CodeIgniter.php(498): CodeIgniter\CodeIgniter->createController()
 7 SYSTEMPATH\CodeIgniter.php(354): CodeIgniter\CodeIgniter->handleRequest(null, Object(Config\Cache), false)
 8 SYSTEMPATH\Boot.php(363): CodeIgniter\CodeIgniter->run()
 9 SYSTEMPATH\Boot.php(68): CodeIgniter\Boot::runCodeIgniter(Object(CodeIgniter\CodeIgniter))
10 FCPATH\index.php(59): CodeIgniter\Boot::bootWeb(Object(Config\Paths))
DEBUG - 2025-11-06 01:39:54 --> Session: Class initialized using 'CodeIgniter\Session\Handlers\FileHandler' driver.
WARNING - 2025-11-06 01:39:54 --> [DEPRECATED] Optional parameter $filters declared before required parameter $id_dep is implicitly treated as a required parameter in APPPATH\Models\Model_arsip.php on line 303.
 1 SYSTEMPATH\Autoloader\Autoloader.php(315): include_once('C:\\xampp\\htdocs\\e-arsip_ci4\\system\\Debug\\Exceptions.php')
 2 SYSTEMPATH\Autoloader\Autoloader.php(295): CodeIgniter\Autoloader\Autoloader->includeFile('C:\\xampp\\htdocs\\e-arsip_ci4\\app\\Models\\Model_arsip.php')
 3 SYSTEMPATH\Autoloader\Autoloader.php(271): CodeIgniter\Autoloader\Autoloader->loadInNamespace('App\\Models\\Model_arsip')
 4 APPPATH\Controllers\Arsip.php(26): CodeIgniter\Autoloader\Autoloader->loadClass('App\\Models\\Model_arsip')
 5 SYSTEMPATH\CodeIgniter.php(903): App\Controllers\Arsip->__construct()
 6 SYSTEMPATH\CodeIgniter.php(498): CodeIgniter\CodeIgniter->createController()
 7 SYSTEMPATH\CodeIgniter.php(354): CodeIgniter\CodeIgniter->handleRequest(null, Object(Config\Cache), false)
 8 SYSTEMPATH\Boot.php(363): CodeIgniter\CodeIgniter->run()
 9 SYSTEMPATH\Boot.php(68): CodeIgniter\Boot::runCodeIgniter(Object(CodeIgniter\CodeIgniter))
10 FCPATH\index.php(59): CodeIgniter\Boot::bootWeb(Object(Config\Paths))
DEBUG - 2025-11-06 01:40:19 --> Session: Class initialized using 'CodeIgniter\Session\Handlers\FileHandler' driver.
WARNING - 2025-11-06 01:40:19 --> [DEPRECATED] Optional parameter $filters declared before required parameter $id_dep is implicitly treated as a required parameter in APPPATH\Models\Model_arsip.php on line 303.
 1 SYSTEMPATH\Autoloader\Autoloader.php(315): include_once('C:\\xampp\\htdocs\\e-arsip_ci4\\system\\Debug\\Exceptions.php')
 2 SYSTEMPATH\Autoloader\Autoloader.php(295): CodeIgniter\Autoloader\Autoloader->includeFile('C:\\xampp\\htdocs\\e-arsip_ci4\\app\\Models\\Model_arsip.php')
 3 SYSTEMPATH\Autoloader\Autoloader.php(271): CodeIgniter\Autoloader\Autoloader->loadInNamespace('App\\Models\\Model_arsip')
 4 APPPATH\Controllers\Arsip.php(26): CodeIgniter\Autoloader\Autoloader->loadClass('App\\Models\\Model_arsip')
 5 SYSTEMPATH\CodeIgniter.php(903): App\Controllers\Arsip->__construct()
 6 SYSTEMPATH\CodeIgniter.php(498): CodeIgniter\CodeIgniter->createController()
 7 SYSTEMPATH\CodeIgniter.php(354): CodeIgniter\CodeIgniter->handleRequest(null, Object(Config\Cache), false)
 8 SYSTEMPATH\Boot.php(363): CodeIgniter\CodeIgniter->run()
 9 SYSTEMPATH\Boot.php(68): CodeIgniter\Boot::runCodeIgniter(Object(CodeIgniter\CodeIgniter))
10 FCPATH\index.php(59): CodeIgniter\Boot::bootWeb(Object(Config\Paths))
DEBUG - 2025-11-06 01:40:22 --> Session: Class initialized using 'CodeIgniter\Session\Handlers\FileHandler' driver.
WARNING - 2025-11-06 01:40:22 --> [DEPRECATED] Optional parameter $filters declared before required parameter $id_dep is implicitly treated as a required parameter in APPPATH\Models\Model_arsip.php on line 303.
 1 SYSTEMPATH\Autoloader\Autoloader.php(315): include_once('C:\\xampp\\htdocs\\e-arsip_ci4\\system\\Debug\\Exceptions.php')
 2 SYSTEMPATH\Autoloader\Autoloader.php(295): CodeIgniter\Autoloader\Autoloader->includeFile('C:\\xampp\\htdocs\\e-arsip_ci4\\app\\Models\\Model_arsip.php')
 3 SYSTEMPATH\Autoloader\Autoloader.php(271): CodeIgniter\Autoloader\Autoloader->loadInNamespace('App\\Models\\Model_arsip')
 4 APPPATH\Controllers\Arsip.php(26): CodeIgniter\Autoloader\Autoloader->loadClass('App\\Models\\Model_arsip')
 5 SYSTEMPATH\CodeIgniter.php(903): App\Controllers\Arsip->__construct()
 6 SYSTEMPATH\CodeIgniter.php(498): CodeIgniter\CodeIgniter->createController()
 7 SYSTEMPATH\CodeIgniter.php(354): CodeIgniter\CodeIgniter->handleRequest(null, Object(Config\Cache), false)
 8 SYSTEMPATH\Boot.php(363): CodeIgniter\CodeIgniter->run()
 9 SYSTEMPATH\Boot.php(68): CodeIgniter\Boot::runCodeIgniter(Object(CodeIgniter\CodeIgniter))
10 FCPATH\index.php(59): CodeIgniter\Boot::bootWeb(Object(Config\Paths))
DEBUG - 2025-11-06 01:40:35 --> Session: Class initialized using 'CodeIgniter\Session\Handlers\FileHandler' driver.
WARNING - 2025-11-06 01:40:35 --> [DEPRECATED] Optional parameter $filters declared before required parameter $id_dep is implicitly treated as a required parameter in APPPATH\Models\Model_arsip.php on line 303.
 1 SYSTEMPATH\Autoloader\Autoloader.php(315): include_once('C:\\xampp\\htdocs\\e-arsip_ci4\\system\\Debug\\Exceptions.php')
 2 SYSTEMPATH\Autoloader\Autoloader.php(295): CodeIgniter\Autoloader\Autoloader->includeFile('C:\\xampp\\htdocs\\e-arsip_ci4\\app\\Models\\Model_arsip.php')
 3 SYSTEMPATH\Autoloader\Autoloader.php(271): CodeIgniter\Autoloader\Autoloader->loadInNamespace('App\\Models\\Model_arsip')
 4 APPPATH\Controllers\Arsip.php(26): CodeIgniter\Autoloader\Autoloader->loadClass('App\\Models\\Model_arsip')
 5 SYSTEMPATH\CodeIgniter.php(903): App\Controllers\Arsip->__construct()
 6 SYSTEMPATH\CodeIgniter.php(498): CodeIgniter\CodeIgniter->createController()
 7 SYSTEMPATH\CodeIgniter.php(354): CodeIgniter\CodeIgniter->handleRequest(null, Object(Config\Cache), false)
 8 SYSTEMPATH\Boot.php(363): CodeIgniter\CodeIgniter->run()
 9 SYSTEMPATH\Boot.php(68): CodeIgniter\Boot::runCodeIgniter(Object(CodeIgniter\CodeIgniter))
10 FCPATH\index.php(59): CodeIgniter\Boot::bootWeb(Object(Config\Paths))
DEBUG - 2025-11-06 01:40:51 --> Session: Class initialized using 'CodeIgniter\Session\Handlers\FileHandler' driver.
WARNING - 2025-11-06 01:40:51 --> [DEPRECATED] Optional parameter $filters declared before required parameter $id_dep is implicitly treated as a required parameter in APPPATH\Models\Model_arsip.php on line 303.
 1 SYSTEMPATH\Autoloader\Autoloader.php(315): include_once('C:\\xampp\\htdocs\\e-arsip_ci4\\system\\Debug\\Exceptions.php')
 2 SYSTEMPATH\Autoloader\Autoloader.php(295): CodeIgniter\Autoloader\Autoloader->includeFile('C:\\xampp\\htdocs\\e-arsip_ci4\\app\\Models\\Model_arsip.php')
 3 SYSTEMPATH\Autoloader\Autoloader.php(271): CodeIgniter\Autoloader\Autoloader->loadInNamespace('App\\Models\\Model_arsip')
 4 APPPATH\Controllers\Arsip.php(26): CodeIgniter\Autoloader\Autoloader->loadClass('App\\Models\\Model_arsip')
 5 SYSTEMPATH\CodeIgniter.php(903): App\Controllers\Arsip->__construct()
 6 SYSTEMPATH\CodeIgniter.php(498): CodeIgniter\CodeIgniter->createController()
 7 SYSTEMPATH\CodeIgniter.php(354): CodeIgniter\CodeIgniter->handleRequest(null, Object(Config\Cache), false)
 8 SYSTEMPATH\Boot.php(363): CodeIgniter\CodeIgniter->run()
 9 SYSTEMPATH\Boot.php(68): CodeIgniter\Boot::runCodeIgniter(Object(CodeIgniter\CodeIgniter))
10 FCPATH\index.php(59): CodeIgniter\Boot::bootWeb(Object(Config\Paths))
DEBUG - 2025-11-06 01:46:42 --> Session: Class initialized using 'CodeIgniter\Session\Handlers\FileHandler' driver.
WARNING - 2025-11-06 01:46:42 --> [DEPRECATED] Optional parameter $filters declared before required parameter $id_dep is implicitly treated as a required parameter in APPPATH\Models\Model_arsip.php on line 303.
 1 SYSTEMPATH\Autoloader\Autoloader.php(315): include_once('C:\\xampp\\htdocs\\e-arsip_ci4\\system\\Debug\\Exceptions.php')
 2 SYSTEMPATH\Autoloader\Autoloader.php(295): CodeIgniter\Autoloader\Autoloader->includeFile('C:\\xampp\\htdocs\\e-arsip_ci4\\app\\Models\\Model_arsip.php')
 3 SYSTEMPATH\Autoloader\Autoloader.php(271): CodeIgniter\Autoloader\Autoloader->loadInNamespace('App\\Models\\Model_arsip')
 4 APPPATH\Controllers\Kategori.php(21): CodeIgniter\Autoloader\Autoloader->loadClass('App\\Models\\Model_arsip')
 5 SYSTEMPATH\CodeIgniter.php(903): App\Controllers\Kategori->__construct()
 6 SYSTEMPATH\CodeIgniter.php(498): CodeIgniter\CodeIgniter->createController()
 7 SYSTEMPATH\CodeIgniter.php(354): CodeIgniter\CodeIgniter->handleRequest(null, Object(Config\Cache), false)
 8 SYSTEMPATH\Boot.php(363): CodeIgniter\CodeIgniter->run()
 9 SYSTEMPATH\Boot.php(68): CodeIgniter\Boot::runCodeIgniter(Object(CodeIgniter\CodeIgniter))
10 FCPATH\index.php(59): CodeIgniter\Boot::bootWeb(Object(Config\Paths))
DEBUG - 2025-11-06 01:48:40 --> Session: Class initialized using 'CodeIgniter\Session\Handlers\FileHandler' driver.
WARNING - 2025-11-06 01:48:40 --> [DEPRECATED] Optional parameter $filters declared before required parameter $id_dep is implicitly treated as a required parameter in APPPATH\Models\Model_arsip.php on line 303.
 1 SYSTEMPATH\Autoloader\Autoloader.php(315): include_once('C:\\xampp\\htdocs\\e-arsip_ci4\\system\\Debug\\Exceptions.php')
 2 SYSTEMPATH\Autoloader\Autoloader.php(295): CodeIgniter\Autoloader\Autoloader->includeFile('C:\\xampp\\htdocs\\e-arsip_ci4\\app\\Models\\Model_arsip.php')
 3 SYSTEMPATH\Autoloader\Autoloader.php(271): CodeIgniter\Autoloader\Autoloader->loadInNamespace('App\\Models\\Model_arsip')
 4 APPPATH\Controllers\Kategori.php(21): CodeIgniter\Autoloader\Autoloader->loadClass('App\\Models\\Model_arsip')
 5 SYSTEMPATH\CodeIgniter.php(903): App\Controllers\Kategori->__construct()
 6 SYSTEMPATH\CodeIgniter.php(498): CodeIgniter\CodeIgniter->createController()
 7 SYSTEMPATH\CodeIgniter.php(354): CodeIgniter\CodeIgniter->handleRequest(null, Object(Config\Cache), false)
 8 SYSTEMPATH\Boot.php(363): CodeIgniter\CodeIgniter->run()
 9 SYSTEMPATH\Boot.php(68): CodeIgniter\Boot::runCodeIgniter(Object(CodeIgniter\CodeIgniter))
10 FCPATH\index.php(59): CodeIgniter\Boot::bootWeb(Object(Config\Paths))
DEBUG - 2025-11-06 01:48:48 --> Session: Class initialized using 'CodeIgniter\Session\Handlers\FileHandler' driver.
WARNING - 2025-11-06 01:48:48 --> [DEPRECATED] Optional parameter $filters declared before required parameter $id_dep is implicitly treated as a required parameter in APPPATH\Models\Model_arsip.php on line 303.
 1 SYSTEMPATH\Autoloader\Autoloader.php(315): include_once('C:\\xampp\\htdocs\\e-arsip_ci4\\system\\Debug\\Exceptions.php')
 2 SYSTEMPATH\Autoloader\Autoloader.php(295): CodeIgniter\Autoloader\Autoloader->includeFile('C:\\xampp\\htdocs\\e-arsip_ci4\\app\\Models\\Model_arsip.php')
 3 SYSTEMPATH\Autoloader\Autoloader.php(271): CodeIgniter\Autoloader\Autoloader->loadInNamespace('App\\Models\\Model_arsip')
 4 APPPATH\Controllers\Arsip.php(26): CodeIgniter\Autoloader\Autoloader->loadClass('App\\Models\\Model_arsip')
 5 SYSTEMPATH\CodeIgniter.php(903): App\Controllers\Arsip->__construct()
 6 SYSTEMPATH\CodeIgniter.php(498): CodeIgniter\CodeIgniter->createController()
 7 SYSTEMPATH\CodeIgniter.php(354): CodeIgniter\CodeIgniter->handleRequest(null, Object(Config\Cache), false)
 8 SYSTEMPATH\Boot.php(363): CodeIgniter\CodeIgniter->run()
 9 SYSTEMPATH\Boot.php(68): CodeIgniter\Boot::runCodeIgniter(Object(CodeIgniter\CodeIgniter))
10 FCPATH\index.php(59): CodeIgniter\Boot::bootWeb(Object(Config\Paths))
DEBUG - 2025-11-06 01:48:50 --> Session: Class initialized using 'CodeIgniter\Session\Handlers\FileHandler' driver.
WARNING - 2025-11-06 01:48:50 --> [DEPRECATED] Optional parameter $filters declared before required parameter $id_dep is implicitly treated as a required parameter in APPPATH\Models\Model_arsip.php on line 303.
 1 SYSTEMPATH\Autoloader\Autoloader.php(315): include_once('C:\\xampp\\htdocs\\e-arsip_ci4\\system\\Debug\\Exceptions.php')
 2 SYSTEMPATH\Autoloader\Autoloader.php(295): CodeIgniter\Autoloader\Autoloader->includeFile('C:\\xampp\\htdocs\\e-arsip_ci4\\app\\Models\\Model_arsip.php')
 3 SYSTEMPATH\Autoloader\Autoloader.php(271): CodeIgniter\Autoloader\Autoloader->loadInNamespace('App\\Models\\Model_arsip')
 4 APPPATH\Controllers\Arsip.php(26): CodeIgniter\Autoloader\Autoloader->loadClass('App\\Models\\Model_arsip')
 5 SYSTEMPATH\CodeIgniter.php(903): App\Controllers\Arsip->__construct()
 6 SYSTEMPATH\CodeIgniter.php(498): CodeIgniter\CodeIgniter->createController()
 7 SYSTEMPATH\CodeIgniter.php(354): CodeIgniter\CodeIgniter->handleRequest(null, Object(Config\Cache), false)
 8 SYSTEMPATH\Boot.php(363): CodeIgniter\CodeIgniter->run()
 9 SYSTEMPATH\Boot.php(68): CodeIgniter\Boot::runCodeIgniter(Object(CodeIgniter\CodeIgniter))
10 FCPATH\index.php(59): CodeIgniter\Boot::bootWeb(Object(Config\Paths))
DEBUG - 2025-11-06 01:48:59 --> Session: Class initialized using 'CodeIgniter\Session\Handlers\FileHandler' driver.
WARNING - 2025-11-06 01:48:59 --> [DEPRECATED] Optional parameter $filters declared before required parameter $id_dep is implicitly treated as a required parameter in APPPATH\Models\Model_arsip.php on line 303.
 1 SYSTEMPATH\Autoloader\Autoloader.php(315): include_once('C:\\xampp\\htdocs\\e-arsip_ci4\\system\\Debug\\Exceptions.php')
 2 SYSTEMPATH\Autoloader\Autoloader.php(295): CodeIgniter\Autoloader\Autoloader->includeFile('C:\\xampp\\htdocs\\e-arsip_ci4\\app\\Models\\Model_arsip.php')
 3 SYSTEMPATH\Autoloader\Autoloader.php(271): CodeIgniter\Autoloader\Autoloader->loadInNamespace('App\\Models\\Model_arsip')
 4 APPPATH\Controllers\Kategori.php(21): CodeIgniter\Autoloader\Autoloader->loadClass('App\\Models\\Model_arsip')
 5 SYSTEMPATH\CodeIgniter.php(903): App\Controllers\Kategori->__construct()
 6 SYSTEMPATH\CodeIgniter.php(498): CodeIgniter\CodeIgniter->createController()
 7 SYSTEMPATH\CodeIgniter.php(354): CodeIgniter\CodeIgniter->handleRequest(null, Object(Config\Cache), false)
 8 SYSTEMPATH\Boot.php(363): CodeIgniter\CodeIgniter->run()
 9 SYSTEMPATH\Boot.php(68): CodeIgniter\Boot::runCodeIgniter(Object(CodeIgniter\CodeIgniter))
10 FCPATH\index.php(59): CodeIgniter\Boot::bootWeb(Object(Config\Paths))
DEBUG - 2025-11-06 01:49:00 --> Session: Class initialized using 'CodeIgniter\Session\Handlers\FileHandler' driver.
WARNING - 2025-11-06 01:49:00 --> [DEPRECATED] Optional parameter $filters declared before required parameter $id_dep is implicitly treated as a required parameter in APPPATH\Models\Model_arsip.php on line 303.
 1 SYSTEMPATH\Autoloader\Autoloader.php(315): include_once('C:\\xampp\\htdocs\\e-arsip_ci4\\system\\Debug\\Exceptions.php')
 2 SYSTEMPATH\Autoloader\Autoloader.php(295): CodeIgniter\Autoloader\Autoloader->includeFile('C:\\xampp\\htdocs\\e-arsip_ci4\\app\\Models\\Model_arsip.php')
 3 SYSTEMPATH\Autoloader\Autoloader.php(271): CodeIgniter\Autoloader\Autoloader->loadInNamespace('App\\Models\\Model_arsip')
 4 APPPATH\Controllers\Kategori.php(21): CodeIgniter\Autoloader\Autoloader->loadClass('App\\Models\\Model_arsip')
 5 SYSTEMPATH\CodeIgniter.php(903): App\Controllers\Kategori->__construct()
 6 SYSTEMPATH\CodeIgniter.php(498): CodeIgniter\CodeIgniter->createController()
 7 SYSTEMPATH\CodeIgniter.php(354): CodeIgniter\CodeIgniter->handleRequest(null, Object(Config\Cache), false)
 8 SYSTEMPATH\Boot.php(363): CodeIgniter\CodeIgniter->run()
 9 SYSTEMPATH\Boot.php(68): CodeIgniter\Boot::runCodeIgniter(Object(CodeIgniter\CodeIgniter))
10 FCPATH\index.php(59): CodeIgniter\Boot::bootWeb(Object(Config\Paths))
DEBUG - 2025-11-06 01:49:01 --> Session: Class initialized using 'CodeIgniter\Session\Handlers\FileHandler' driver.
WARNING - 2025-11-06 01:49:01 --> [DEPRECATED] Optional parameter $filters declared before required parameter $id_dep is implicitly treated as a required parameter in APPPATH\Models\Model_arsip.php on line 303.
 1 SYSTEMPATH\Autoloader\Autoloader.php(315): include_once('C:\\xampp\\htdocs\\e-arsip_ci4\\system\\Debug\\Exceptions.php')
 2 SYSTEMPATH\Autoloader\Autoloader.php(295): CodeIgniter\Autoloader\Autoloader->includeFile('C:\\xampp\\htdocs\\e-arsip_ci4\\app\\Models\\Model_arsip.php')
 3 SYSTEMPATH\Autoloader\Autoloader.php(271): CodeIgniter\Autoloader\Autoloader->loadInNamespace('App\\Models\\Model_arsip')
 4 APPPATH\Controllers\Cari.php(20): CodeIgniter\Autoloader\Autoloader->loadClass('App\\Models\\Model_arsip')
 5 SYSTEMPATH\CodeIgniter.php(903): App\Controllers\Cari->__construct()
 6 SYSTEMPATH\CodeIgniter.php(498): CodeIgniter\CodeIgniter->createController()
 7 SYSTEMPATH\CodeIgniter.php(354): CodeIgniter\CodeIgniter->handleRequest(null, Object(Config\Cache), false)
 8 SYSTEMPATH\Boot.php(363): CodeIgniter\CodeIgniter->run()
 9 SYSTEMPATH\Boot.php(68): CodeIgniter\Boot::runCodeIgniter(Object(CodeIgniter\CodeIgniter))
10 FCPATH\index.php(59): CodeIgniter\Boot::bootWeb(Object(Config\Paths))
DEBUG - 2025-11-06 01:49:08 --> Session: Class initialized using 'CodeIgniter\Session\Handlers\FileHandler' driver.
WARNING - 2025-11-06 01:49:08 --> [DEPRECATED] Optional parameter $filters declared before required parameter $id_dep is implicitly treated as a required parameter in APPPATH\Models\Model_arsip.php on line 303.
 1 SYSTEMPATH\Autoloader\Autoloader.php(315): include_once('C:\\xampp\\htdocs\\e-arsip_ci4\\system\\Debug\\Exceptions.php')
 2 SYSTEMPATH\Autoloader\Autoloader.php(295): CodeIgniter\Autoloader\Autoloader->includeFile('C:\\xampp\\htdocs\\e-arsip_ci4\\app\\Models\\Model_arsip.php')
 3 SYSTEMPATH\Autoloader\Autoloader.php(271): CodeIgniter\Autoloader\Autoloader->loadInNamespace('App\\Models\\Model_arsip')
 4 APPPATH\Controllers\Arsip.php(26): CodeIgniter\Autoloader\Autoloader->loadClass('App\\Models\\Model_arsip')
 5 SYSTEMPATH\CodeIgniter.php(903): App\Controllers\Arsip->__construct()
 6 SYSTEMPATH\CodeIgniter.php(498): CodeIgniter\CodeIgniter->createController()
 7 SYSTEMPATH\CodeIgniter.php(354): CodeIgniter\CodeIgniter->handleRequest(null, Object(Config\Cache), false)
 8 SYSTEMPATH\Boot.php(363): CodeIgniter\CodeIgniter->run()
 9 SYSTEMPATH\Boot.php(68): CodeIgniter\Boot::runCodeIgniter(Object(CodeIgniter\CodeIgniter))
10 FCPATH\index.php(59): CodeIgniter\Boot::bootWeb(Object(Config\Paths))
DEBUG - 2025-11-06 01:49:13 --> Session: Class initialized using 'CodeIgniter\Session\Handlers\FileHandler' driver.
WARNING - 2025-11-06 01:49:13 --> [DEPRECATED] Optional parameter $filters declared before required parameter $id_dep is implicitly treated as a required parameter in APPPATH\Models\Model_arsip.php on line 303.
 1 SYSTEMPATH\Autoloader\Autoloader.php(315): include_once('C:\\xampp\\htdocs\\e-arsip_ci4\\system\\Debug\\Exceptions.php')
 2 SYSTEMPATH\Autoloader\Autoloader.php(295): CodeIgniter\Autoloader\Autoloader->includeFile('C:\\xampp\\htdocs\\e-arsip_ci4\\app\\Models\\Model_arsip.php')
 3 SYSTEMPATH\Autoloader\Autoloader.php(271): CodeIgniter\Autoloader\Autoloader->loadInNamespace('App\\Models\\Model_arsip')
 4 APPPATH\Controllers\Cari.php(20): CodeIgniter\Autoloader\Autoloader->loadClass('App\\Models\\Model_arsip')
 5 SYSTEMPATH\CodeIgniter.php(903): App\Controllers\Cari->__construct()
 6 SYSTEMPATH\CodeIgniter.php(498): CodeIgniter\CodeIgniter->createController()
 7 SYSTEMPATH\CodeIgniter.php(354): CodeIgniter\CodeIgniter->handleRequest(null, Object(Config\Cache), false)
 8 SYSTEMPATH\Boot.php(363): CodeIgniter\CodeIgniter->run()
 9 SYSTEMPATH\Boot.php(68): CodeIgniter\Boot::runCodeIgniter(Object(CodeIgniter\CodeIgniter))
10 FCPATH\index.php(59): CodeIgniter\Boot::bootWeb(Object(Config\Paths))
DEBUG - 2025-11-06 01:49:25 --> Session: Class initialized using 'CodeIgniter\Session\Handlers\FileHandler' driver.
WARNING - 2025-11-06 01:49:25 --> [DEPRECATED] Optional parameter $filters declared before required parameter $id_dep is implicitly treated as a required parameter in APPPATH\Models\Model_arsip.php on line 303.
 1 SYSTEMPATH\Autoloader\Autoloader.php(315): include_once('C:\\xampp\\htdocs\\e-arsip_ci4\\system\\Debug\\Exceptions.php')
 2 SYSTEMPATH\Autoloader\Autoloader.php(295): CodeIgniter\Autoloader\Autoloader->includeFile('C:\\xampp\\htdocs\\e-arsip_ci4\\app\\Models\\Model_arsip.php')
 3 SYSTEMPATH\Autoloader\Autoloader.php(271): CodeIgniter\Autoloader\Autoloader->loadInNamespace('App\\Models\\Model_arsip')
 4 APPPATH\Controllers\Kategori.php(21): CodeIgniter\Autoloader\Autoloader->loadClass('App\\Models\\Model_arsip')
 5 SYSTEMPATH\CodeIgniter.php(903): App\Controllers\Kategori->__construct()
 6 SYSTEMPATH\CodeIgniter.php(498): CodeIgniter\CodeIgniter->createController()
 7 SYSTEMPATH\CodeIgniter.php(354): CodeIgniter\CodeIgniter->handleRequest(null, Object(Config\Cache), false)
 8 SYSTEMPATH\Boot.php(363): CodeIgniter\CodeIgniter->run()
 9 SYSTEMPATH\Boot.php(68): CodeIgniter\Boot::runCodeIgniter(Object(CodeIgniter\CodeIgniter))
10 FCPATH\index.php(59): CodeIgniter\Boot::bootWeb(Object(Config\Paths))
DEBUG - 2025-11-06 01:49:25 --> Session: Class initialized using 'CodeIgniter\Session\Handlers\FileHandler' driver.
WARNING - 2025-11-06 01:49:25 --> [DEPRECATED] Optional parameter $filters declared before required parameter $id_dep is implicitly treated as a required parameter in APPPATH\Models\Model_arsip.php on line 303.
 1 SYSTEMPATH\Autoloader\Autoloader.php(315): include_once('C:\\xampp\\htdocs\\e-arsip_ci4\\system\\Debug\\Exceptions.php')
 2 SYSTEMPATH\Autoloader\Autoloader.php(295): CodeIgniter\Autoloader\Autoloader->includeFile('C:\\xampp\\htdocs\\e-arsip_ci4\\app\\Models\\Model_arsip.php')
 3 SYSTEMPATH\Autoloader\Autoloader.php(271): CodeIgniter\Autoloader\Autoloader->loadInNamespace('App\\Models\\Model_arsip')
 4 APPPATH\Controllers\Arsip.php(26): CodeIgniter\Autoloader\Autoloader->loadClass('App\\Models\\Model_arsip')
 5 SYSTEMPATH\CodeIgniter.php(903): App\Controllers\Arsip->__construct()
 6 SYSTEMPATH\CodeIgniter.php(498): CodeIgniter\CodeIgniter->createController()
 7 SYSTEMPATH\CodeIgniter.php(354): CodeIgniter\CodeIgniter->handleRequest(null, Object(Config\Cache), false)
 8 SYSTEMPATH\Boot.php(363): CodeIgniter\CodeIgniter->run()
 9 SYSTEMPATH\Boot.php(68): CodeIgniter\Boot::runCodeIgniter(Object(CodeIgniter\CodeIgniter))
10 FCPATH\index.php(59): CodeIgniter\Boot::bootWeb(Object(Config\Paths))
DEBUG - 2025-11-06 01:49:44 --> Session: Class initialized using 'CodeIgniter\Session\Handlers\FileHandler' driver.
WARNING - 2025-11-06 01:49:44 --> [DEPRECATED] Optional parameter $filters declared before required parameter $id_dep is implicitly treated as a required parameter in APPPATH\Models\Model_arsip.php on line 303.
 1 SYSTEMPATH\Autoloader\Autoloader.php(315): include_once('C:\\xampp\\htdocs\\e-arsip_ci4\\system\\Debug\\Exceptions.php')
 2 SYSTEMPATH\Autoloader\Autoloader.php(295): CodeIgniter\Autoloader\Autoloader->includeFile('C:\\xampp\\htdocs\\e-arsip_ci4\\app\\Models\\Model_arsip.php')
 3 SYSTEMPATH\Autoloader\Autoloader.php(271): CodeIgniter\Autoloader\Autoloader->loadInNamespace('App\\Models\\Model_arsip')
 4 APPPATH\Controllers\Cari.php(20): CodeIgniter\Autoloader\Autoloader->loadClass('App\\Models\\Model_arsip')
 5 SYSTEMPATH\CodeIgniter.php(903): App\Controllers\Cari->__construct()
 6 SYSTEMPATH\CodeIgniter.php(498): CodeIgniter\CodeIgniter->createController()
 7 SYSTEMPATH\CodeIgniter.php(354): CodeIgniter\CodeIgniter->handleRequest(null, Object(Config\Cache), false)
 8 SYSTEMPATH\Boot.php(363): CodeIgniter\CodeIgniter->run()
 9 SYSTEMPATH\Boot.php(68): CodeIgniter\Boot::runCodeIgniter(Object(CodeIgniter\CodeIgniter))
10 FCPATH\index.php(59): CodeIgniter\Boot::bootWeb(Object(Config\Paths))
DEBUG - 2025-11-06 01:49:54 --> Session: Class initialized using 'CodeIgniter\Session\Handlers\FileHandler' driver.
WARNING - 2025-11-06 01:49:54 --> [DEPRECATED] Optional parameter $filters declared before required parameter $id_dep is implicitly treated as a required parameter in APPPATH\Models\Model_arsip.php on line 303.
 1 SYSTEMPATH\Autoloader\Autoloader.php(315): include_once('C:\\xampp\\htdocs\\e-arsip_ci4\\system\\Debug\\Exceptions.php')
 2 SYSTEMPATH\Autoloader\Autoloader.php(295): CodeIgniter\Autoloader\Autoloader->includeFile('C:\\xampp\\htdocs\\e-arsip_ci4\\app\\Models\\Model_arsip.php')
 3 SYSTEMPATH\Autoloader\Autoloader.php(271): CodeIgniter\Autoloader\Autoloader->loadInNamespace('App\\Models\\Model_arsip')
 4 APPPATH\Controllers\Arsip.php(26): CodeIgniter\Autoloader\Autoloader->loadClass('App\\Models\\Model_arsip')
 5 SYSTEMPATH\CodeIgniter.php(903): App\Controllers\Arsip->__construct()
 6 SYSTEMPATH\CodeIgniter.php(498): CodeIgniter\CodeIgniter->createController()
 7 SYSTEMPATH\CodeIgniter.php(354): CodeIgniter\CodeIgniter->handleRequest(null, Object(Config\Cache), false)
 8 SYSTEMPATH\Boot.php(363): CodeIgniter\CodeIgniter->run()
 9 SYSTEMPATH\Boot.php(68): CodeIgniter\Boot::runCodeIgniter(Object(CodeIgniter\CodeIgniter))
10 FCPATH\index.php(59): CodeIgniter\Boot::bootWeb(Object(Config\Paths))
DEBUG - 2025-11-06 01:49:57 --> Session: Class initialized using 'CodeIgniter\Session\Handlers\FileHandler' driver.
WARNING - 2025-11-06 01:49:57 --> [DEPRECATED] Optional parameter $filters declared before required parameter $id_dep is implicitly treated as a required parameter in APPPATH\Models\Model_arsip.php on line 303.
 1 SYSTEMPATH\Autoloader\Autoloader.php(315): include_once('C:\\xampp\\htdocs\\e-arsip_ci4\\system\\Debug\\Exceptions.php')
 2 SYSTEMPATH\Autoloader\Autoloader.php(295): CodeIgniter\Autoloader\Autoloader->includeFile('C:\\xampp\\htdocs\\e-arsip_ci4\\app\\Models\\Model_arsip.php')
 3 SYSTEMPATH\Autoloader\Autoloader.php(271): CodeIgniter\Autoloader\Autoloader->loadInNamespace('App\\Models\\Model_arsip')
 4 APPPATH\Controllers\Kategori.php(21): CodeIgniter\Autoloader\Autoloader->loadClass('App\\Models\\Model_arsip')
 5 SYSTEMPATH\CodeIgniter.php(903): App\Controllers\Kategori->__construct()
 6 SYSTEMPATH\CodeIgniter.php(498): CodeIgniter\CodeIgniter->createController()
 7 SYSTEMPATH\CodeIgniter.php(354): CodeIgniter\CodeIgniter->handleRequest(null, Object(Config\Cache), false)
 8 SYSTEMPATH\Boot.php(363): CodeIgniter\CodeIgniter->run()
 9 SYSTEMPATH\Boot.php(68): CodeIgniter\Boot::runCodeIgniter(Object(CodeIgniter\CodeIgniter))
10 FCPATH\index.php(59): CodeIgniter\Boot::bootWeb(Object(Config\Paths))
DEBUG - 2025-11-06 01:49:58 --> Session: Class initialized using 'CodeIgniter\Session\Handlers\FileHandler' driver.
WARNING - 2025-11-06 01:49:58 --> [DEPRECATED] Optional parameter $filters declared before required parameter $id_dep is implicitly treated as a required parameter in APPPATH\Models\Model_arsip.php on line 303.
 1 SYSTEMPATH\Autoloader\Autoloader.php(315): include_once('C:\\xampp\\htdocs\\e-arsip_ci4\\system\\Debug\\Exceptions.php')
 2 SYSTEMPATH\Autoloader\Autoloader.php(295): CodeIgniter\Autoloader\Autoloader->includeFile('C:\\xampp\\htdocs\\e-arsip_ci4\\app\\Models\\Model_arsip.php')
 3 SYSTEMPATH\Autoloader\Autoloader.php(271): CodeIgniter\Autoloader\Autoloader->loadInNamespace('App\\Models\\Model_arsip')
 4 APPPATH\Controllers\Cari.php(20): CodeIgniter\Autoloader\Autoloader->loadClass('App\\Models\\Model_arsip')
 5 SYSTEMPATH\CodeIgniter.php(903): App\Controllers\Cari->__construct()
 6 SYSTEMPATH\CodeIgniter.php(498): CodeIgniter\CodeIgniter->createController()
 7 SYSTEMPATH\CodeIgniter.php(354): CodeIgniter\CodeIgniter->handleRequest(null, Object(Config\Cache), false)
 8 SYSTEMPATH\Boot.php(363): CodeIgniter\CodeIgniter->run()
 9 SYSTEMPATH\Boot.php(68): CodeIgniter\Boot::runCodeIgniter(Object(CodeIgniter\CodeIgniter))
10 FCPATH\index.php(59): CodeIgniter\Boot::bootWeb(Object(Config\Paths))
DEBUG - 2025-11-06 01:49:59 --> Session: Class initialized using 'CodeIgniter\Session\Handlers\FileHandler' driver.
WARNING - 2025-11-06 01:49:59 --> [DEPRECATED] Optional parameter $filters declared before required parameter $id_dep is implicitly treated as a required parameter in APPPATH\Models\Model_arsip.php on line 303.
 1 SYSTEMPATH\Autoloader\Autoloader.php(315): include_once('C:\\xampp\\htdocs\\e-arsip_ci4\\system\\Debug\\Exceptions.php')
 2 SYSTEMPATH\Autoloader\Autoloader.php(295): CodeIgniter\Autoloader\Autoloader->includeFile('C:\\xampp\\htdocs\\e-arsip_ci4\\app\\Models\\Model_arsip.php')
 3 SYSTEMPATH\Autoloader\Autoloader.php(271): CodeIgniter\Autoloader\Autoloader->loadInNamespace('App\\Models\\Model_arsip')
 4 APPPATH\Controllers\Cari.php(20): CodeIgniter\Autoloader\Autoloader->loadClass('App\\Models\\Model_arsip')
 5 SYSTEMPATH\CodeIgniter.php(903): App\Controllers\Cari->__construct()
 6 SYSTEMPATH\CodeIgniter.php(498): CodeIgniter\CodeIgniter->createController()
 7 SYSTEMPATH\CodeIgniter.php(354): CodeIgniter\CodeIgniter->handleRequest(null, Object(Config\Cache), false)
 8 SYSTEMPATH\Boot.php(363): CodeIgniter\CodeIgniter->run()
 9 SYSTEMPATH\Boot.php(68): CodeIgniter\Boot::runCodeIgniter(Object(CodeIgniter\CodeIgniter))
10 FCPATH\index.php(59): CodeIgniter\Boot::bootWeb(Object(Config\Paths))
DEBUG - 2025-11-06 01:50:02 --> Session: Class initialized using 'CodeIgniter\Session\Handlers\FileHandler' driver.
WARNING - 2025-11-06 01:50:02 --> [DEPRECATED] Optional parameter $filters declared before required parameter $id_dep is implicitly treated as a required parameter in APPPATH\Models\Model_arsip.php on line 303.
 1 SYSTEMPATH\Autoloader\Autoloader.php(315): include_once('C:\\xampp\\htdocs\\e-arsip_ci4\\system\\Debug\\Exceptions.php')
 2 SYSTEMPATH\Autoloader\Autoloader.php(295): CodeIgniter\Autoloader\Autoloader->includeFile('C:\\xampp\\htdocs\\e-arsip_ci4\\app\\Models\\Model_arsip.php')
 3 SYSTEMPATH\Autoloader\Autoloader.php(271): CodeIgniter\Autoloader\Autoloader->loadInNamespace('App\\Models\\Model_arsip')
 4 APPPATH\Controllers\Arsip.php(26): CodeIgniter\Autoloader\Autoloader->loadClass('App\\Models\\Model_arsip')
 5 SYSTEMPATH\CodeIgniter.php(903): App\Controllers\Arsip->__construct()
 6 SYSTEMPATH\CodeIgniter.php(498): CodeIgniter\CodeIgniter->createController()
 7 SYSTEMPATH\CodeIgniter.php(354): CodeIgniter\CodeIgniter->handleRequest(null, Object(Config\Cache), false)
 8 SYSTEMPATH\Boot.php(363): CodeIgniter\CodeIgniter->run()
 9 SYSTEMPATH\Boot.php(68): CodeIgniter\Boot::runCodeIgniter(Object(CodeIgniter\CodeIgniter))
10 FCPATH\index.php(59): CodeIgniter\Boot::bootWeb(Object(Config\Paths))
DEBUG - 2025-11-06 01:50:08 --> Session: Class initialized using 'CodeIgniter\Session\Handlers\FileHandler' driver.
WARNING - 2025-11-06 01:50:08 --> [DEPRECATED] Optional parameter $filters declared before required parameter $id_dep is implicitly treated as a required parameter in APPPATH\Models\Model_arsip.php on line 303.
 1 SYSTEMPATH\Autoloader\Autoloader.php(315): include_once('C:\\xampp\\htdocs\\e-arsip_ci4\\system\\Debug\\Exceptions.php')
 2 SYSTEMPATH\Autoloader\Autoloader.php(295): CodeIgniter\Autoloader\Autoloader->includeFile('C:\\xampp\\htdocs\\e-arsip_ci4\\app\\Models\\Model_arsip.php')
 3 SYSTEMPATH\Autoloader\Autoloader.php(271): CodeIgniter\Autoloader\Autoloader->loadInNamespace('App\\Models\\Model_arsip')
 4 APPPATH\Controllers\Arsip.php(26): CodeIgniter\Autoloader\Autoloader->loadClass('App\\Models\\Model_arsip')
 5 SYSTEMPATH\CodeIgniter.php(903): App\Controllers\Arsip->__construct()
 6 SYSTEMPATH\CodeIgniter.php(498): CodeIgniter\CodeIgniter->createController()
 7 SYSTEMPATH\CodeIgniter.php(354): CodeIgniter\CodeIgniter->handleRequest(null, Object(Config\Cache), false)
 8 SYSTEMPATH\Boot.php(363): CodeIgniter\CodeIgniter->run()
 9 SYSTEMPATH\Boot.php(68): CodeIgniter\Boot::runCodeIgniter(Object(CodeIgniter\CodeIgniter))
10 FCPATH\index.php(59): CodeIgniter\Boot::bootWeb(Object(Config\Paths))
DEBUG - 2025-11-06 01:50:13 --> Session: Class initialized using 'CodeIgniter\Session\Handlers\FileHandler' driver.
WARNING - 2025-11-06 01:50:13 --> [DEPRECATED] Optional parameter $filters declared before required parameter $id_dep is implicitly treated as a required parameter in APPPATH\Models\Model_arsip.php on line 303.
 1 SYSTEMPATH\Autoloader\Autoloader.php(315): include_once('C:\\xampp\\htdocs\\e-arsip_ci4\\system\\Debug\\Exceptions.php')
 2 SYSTEMPATH\Autoloader\Autoloader.php(295): CodeIgniter\Autoloader\Autoloader->includeFile('C:\\xampp\\htdocs\\e-arsip_ci4\\app\\Models\\Model_arsip.php')
 3 SYSTEMPATH\Autoloader\Autoloader.php(271): CodeIgniter\Autoloader\Autoloader->loadInNamespace('App\\Models\\Model_arsip')
 4 APPPATH\Controllers\Kategori.php(21): CodeIgniter\Autoloader\Autoloader->loadClass('App\\Models\\Model_arsip')
 5 SYSTEMPATH\CodeIgniter.php(903): App\Controllers\Kategori->__construct()
 6 SYSTEMPATH\CodeIgniter.php(498): CodeIgniter\CodeIgniter->createController()
 7 SYSTEMPATH\CodeIgniter.php(354): CodeIgniter\CodeIgniter->handleRequest(null, Object(Config\Cache), false)
 8 SYSTEMPATH\Boot.php(363): CodeIgniter\CodeIgniter->run()
 9 SYSTEMPATH\Boot.php(68): CodeIgniter\Boot::runCodeIgniter(Object(CodeIgniter\CodeIgniter))
10 FCPATH\index.php(59): CodeIgniter\Boot::bootWeb(Object(Config\Paths))
DEBUG - 2025-11-06 01:50:15 --> Session: Class initialized using 'CodeIgniter\Session\Handlers\FileHandler' driver.
WARNING - 2025-11-06 01:50:15 --> [DEPRECATED] Optional parameter $filters declared before required parameter $id_dep is implicitly treated as a required parameter in APPPATH\Models\Model_arsip.php on line 303.
 1 SYSTEMPATH\Autoloader\Autoloader.php(315): include_once('C:\\xampp\\htdocs\\e-arsip_ci4\\system\\Debug\\Exceptions.php')
 2 SYSTEMPATH\Autoloader\Autoloader.php(295): CodeIgniter\Autoloader\Autoloader->includeFile('C:\\xampp\\htdocs\\e-arsip_ci4\\app\\Models\\Model_arsip.php')
 3 SYSTEMPATH\Autoloader\Autoloader.php(271): CodeIgniter\Autoloader\Autoloader->loadInNamespace('App\\Models\\Model_arsip')
 4 APPPATH\Controllers\Cari.php(20): CodeIgniter\Autoloader\Autoloader->loadClass('App\\Models\\Model_arsip')
 5 SYSTEMPATH\CodeIgniter.php(903): App\Controllers\Cari->__construct()
 6 SYSTEMPATH\CodeIgniter.php(498): CodeIgniter\CodeIgniter->createController()
 7 SYSTEMPATH\CodeIgniter.php(354): CodeIgniter\CodeIgniter->handleRequest(null, Object(Config\Cache), false)
 8 SYSTEMPATH\Boot.php(363): CodeIgniter\CodeIgniter->run()
 9 SYSTEMPATH\Boot.php(68): CodeIgniter\Boot::runCodeIgniter(Object(CodeIgniter\CodeIgniter))
10 FCPATH\index.php(59): CodeIgniter\Boot::bootWeb(Object(Config\Paths))
DEBUG - 2025-11-06 01:50:16 --> Session: Class initialized using 'CodeIgniter\Session\Handlers\FileHandler' driver.
WARNING - 2025-11-06 01:50:16 --> [DEPRECATED] Optional parameter $filters declared before required parameter $id_dep is implicitly treated as a required parameter in APPPATH\Models\Model_arsip.php on line 303.
 1 SYSTEMPATH\Autoloader\Autoloader.php(315): include_once('C:\\xampp\\htdocs\\e-arsip_ci4\\system\\Debug\\Exceptions.php')
 2 SYSTEMPATH\Autoloader\Autoloader.php(295): CodeIgniter\Autoloader\Autoloader->includeFile('C:\\xampp\\htdocs\\e-arsip_ci4\\app\\Models\\Model_arsip.php')
 3 SYSTEMPATH\Autoloader\Autoloader.php(271): CodeIgniter\Autoloader\Autoloader->loadInNamespace('App\\Models\\Model_arsip')
 4 APPPATH\Controllers\Cari.php(20): CodeIgniter\Autoloader\Autoloader->loadClass('App\\Models\\Model_arsip')
 5 SYSTEMPATH\CodeIgniter.php(903): App\Controllers\Cari->__construct()
 6 SYSTEMPATH\CodeIgniter.php(498): CodeIgniter\CodeIgniter->createController()
 7 SYSTEMPATH\CodeIgniter.php(354): CodeIgniter\CodeIgniter->handleRequest(null, Object(Config\Cache), false)
 8 SYSTEMPATH\Boot.php(363): CodeIgniter\CodeIgniter->run()
 9 SYSTEMPATH\Boot.php(68): CodeIgniter\Boot::runCodeIgniter(Object(CodeIgniter\CodeIgniter))
10 FCPATH\index.php(59): CodeIgniter\Boot::bootWeb(Object(Config\Paths))
DEBUG - 2025-11-06 01:50:17 --> Session: Class initialized using 'CodeIgniter\Session\Handlers\FileHandler' driver.
DEBUG - 2025-11-06 01:50:17 --> Session: Class initialized using 'CodeIgniter\Session\Handlers\FileHandler' driver.
DEBUG - 2025-11-06 01:50:17 --> Session: Class initialized using 'CodeIgniter\Session\Handlers\FileHandler' driver.
DEBUG - 2025-11-06 01:50:17 --> Session: Class initialized using 'CodeIgniter\Session\Handlers\FileHandler' driver.
DEBUG - 2025-11-06 01:50:18 --> Session: Class initialized using 'CodeIgniter\Session\Handlers\FileHandler' driver.
DEBUG - 2025-11-06 01:50:26 --> Session: Class initialized using 'CodeIgniter\Session\Handlers\FileHandler' driver.
DEBUG - 2025-11-06 01:50:29 --> Session: Class initialized using 'CodeIgniter\Session\Handlers\FileHandler' driver.
WARNING - 2025-11-06 01:50:29 --> [DEPRECATED] Optional parameter $filters declared before required parameter $id_dep is implicitly treated as a required parameter in APPPATH\Models\Model_arsip.php on line 303.
 1 SYSTEMPATH\Autoloader\Autoloader.php(315): include_once('C:\\xampp\\htdocs\\e-arsip_ci4\\system\\Debug\\Exceptions.php')
 2 SYSTEMPATH\Autoloader\Autoloader.php(295): CodeIgniter\Autoloader\Autoloader->includeFile('C:\\xampp\\htdocs\\e-arsip_ci4\\app\\Models\\Model_arsip.php')
 3 SYSTEMPATH\Autoloader\Autoloader.php(271): CodeIgniter\Autoloader\Autoloader->loadInNamespace('App\\Models\\Model_arsip')
 4 APPPATH\Controllers\Home.php(23): CodeIgniter\Autoloader\Autoloader->loadClass('App\\Models\\Model_arsip')
 5 SYSTEMPATH\CodeIgniter.php(903): App\Controllers\Home->__construct()
 6 SYSTEMPATH\CodeIgniter.php(498): CodeIgniter\CodeIgniter->createController()
 7 SYSTEMPATH\CodeIgniter.php(354): CodeIgniter\CodeIgniter->handleRequest(null, Object(Config\Cache), false)
 8 SYSTEMPATH\Boot.php(363): CodeIgniter\CodeIgniter->run()
 9 SYSTEMPATH\Boot.php(68): CodeIgniter\Boot::runCodeIgniter(Object(CodeIgniter\CodeIgniter))
10 FCPATH\index.php(59): CodeIgniter\Boot::bootWeb(Object(Config\Paths))
DEBUG - 2025-11-06 01:50:33 --> Session: Class initialized using 'CodeIgniter\Session\Handlers\FileHandler' driver.
CRITICAL - 2025-11-06 01:50:33 --> Error: Class "ZipArchive" not found
[Method: GET, Route: backupdb]
in APPPATH\Controllers\BackupDB.php on line 90.
 1 SYSTEMPATH\CodeIgniter.php(933): App\Controllers\Backupdb->index()
 2 SYSTEMPATH\CodeIgniter.php(507): CodeIgniter\CodeIgniter->runController(Object(App\Controllers\Backupdb))
 3 SYSTEMPATH\CodeIgniter.php(354): CodeIgniter\CodeIgniter->handleRequest(null, Object(Config\Cache), false)
 4 SYSTEMPATH\Boot.php(363): CodeIgniter\CodeIgniter->run()
 5 SYSTEMPATH\Boot.php(68): CodeIgniter\Boot::runCodeIgniter(Object(CodeIgniter\CodeIgniter))
 6 FCPATH\index.php(59): CodeIgniter\Boot::bootWeb(Object(Config\Paths))
DEBUG - 2025-11-06 01:50:52 --> Session: Class initialized using 'CodeIgniter\Session\Handlers\FileHandler' driver.
WARNING - 2025-11-06 01:50:52 --> [DEPRECATED] Optional parameter $filters declared before required parameter $id_dep is implicitly treated as a required parameter in APPPATH\Models\Model_arsip.php on line 303.
 1 SYSTEMPATH\Autoloader\Autoloader.php(315): include_once('C:\\xampp\\htdocs\\e-arsip_ci4\\system\\Debug\\Exceptions.php')
 2 SYSTEMPATH\Autoloader\Autoloader.php(295): CodeIgniter\Autoloader\Autoloader->includeFile('C:\\xampp\\htdocs\\e-arsip_ci4\\app\\Models\\Model_arsip.php')
 3 SYSTEMPATH\Autoloader\Autoloader.php(271): CodeIgniter\Autoloader\Autoloader->loadInNamespace('App\\Models\\Model_arsip')
 4 APPPATH\Controllers\Arsip.php(26): CodeIgniter\Autoloader\Autoloader->loadClass('App\\Models\\Model_arsip')
 5 SYSTEMPATH\CodeIgniter.php(903): App\Controllers\Arsip->__construct()
 6 SYSTEMPATH\CodeIgniter.php(498): CodeIgniter\CodeIgniter->createController()
 7 SYSTEMPATH\CodeIgniter.php(354): CodeIgniter\CodeIgniter->handleRequest(null, Object(Config\Cache), false)
 8 SYSTEMPATH\Boot.php(363): CodeIgniter\CodeIgniter->run()
 9 SYSTEMPATH\Boot.php(68): CodeIgniter\Boot::runCodeIgniter(Object(CodeIgniter\CodeIgniter))
10 FCPATH\index.php(59): CodeIgniter\Boot::bootWeb(Object(Config\Paths))
DEBUG - 2025-11-06 01:50:54 --> Session: Class initialized using 'CodeIgniter\Session\Handlers\FileHandler' driver.
WARNING - 2025-11-06 01:50:54 --> [DEPRECATED] Optional parameter $filters declared before required parameter $id_dep is implicitly treated as a required parameter in APPPATH\Models\Model_arsip.php on line 303.
 1 SYSTEMPATH\Autoloader\Autoloader.php(315): include_once('C:\\xampp\\htdocs\\e-arsip_ci4\\system\\Debug\\Exceptions.php')
 2 SYSTEMPATH\Autoloader\Autoloader.php(295): CodeIgniter\Autoloader\Autoloader->includeFile('C:\\xampp\\htdocs\\e-arsip_ci4\\app\\Models\\Model_arsip.php')
 3 SYSTEMPATH\Autoloader\Autoloader.php(271): CodeIgniter\Autoloader\Autoloader->loadInNamespace('App\\Models\\Model_arsip')
 4 APPPATH\Controllers\Arsip.php(26): CodeIgniter\Autoloader\Autoloader->loadClass('App\\Models\\Model_arsip')
 5 SYSTEMPATH\CodeIgniter.php(903): App\Controllers\Arsip->__construct()
 6 SYSTEMPATH\CodeIgniter.php(498): CodeIgniter\CodeIgniter->createController()
 7 SYSTEMPATH\CodeIgniter.php(354): CodeIgniter\CodeIgniter->handleRequest(null, Object(Config\Cache), false)
 8 SYSTEMPATH\Boot.php(363): CodeIgniter\CodeIgniter->run()
 9 SYSTEMPATH\Boot.php(68): CodeIgniter\Boot::runCodeIgniter(Object(CodeIgniter\CodeIgniter))
10 FCPATH\index.php(59): CodeIgniter\Boot::bootWeb(Object(Config\Paths))
DEBUG - 2025-11-06 01:51:05 --> Session: Class initialized using 'CodeIgniter\Session\Handlers\FileHandler' driver.
WARNING - 2025-11-06 01:51:05 --> [DEPRECATED] Optional parameter $filters declared before required parameter $id_dep is implicitly treated as a required parameter in APPPATH\Models\Model_arsip.php on line 303.
 1 SYSTEMPATH\Autoloader\Autoloader.php(315): include_once('C:\\xampp\\htdocs\\e-arsip_ci4\\system\\Debug\\Exceptions.php')
 2 SYSTEMPATH\Autoloader\Autoloader.php(295): CodeIgniter\Autoloader\Autoloader->includeFile('C:\\xampp\\htdocs\\e-arsip_ci4\\app\\Models\\Model_arsip.php')
 3 SYSTEMPATH\Autoloader\Autoloader.php(271): CodeIgniter\Autoloader\Autoloader->loadInNamespace('App\\Models\\Model_arsip')
 4 APPPATH\Controllers\Arsip.php(26): CodeIgniter\Autoloader\Autoloader->loadClass('App\\Models\\Model_arsip')
 5 SYSTEMPATH\CodeIgniter.php(903): App\Controllers\Arsip->__construct()
 6 SYSTEMPATH\CodeIgniter.php(498): CodeIgniter\CodeIgniter->createController()
 7 SYSTEMPATH\CodeIgniter.php(354): CodeIgniter\CodeIgniter->handleRequest(null, Object(Config\Cache), false)
 8 SYSTEMPATH\Boot.php(363): CodeIgniter\CodeIgniter->run()
 9 SYSTEMPATH\Boot.php(68): CodeIgniter\Boot::runCodeIgniter(Object(CodeIgniter\CodeIgniter))
10 FCPATH\index.php(59): CodeIgniter\Boot::bootWeb(Object(Config\Paths))
DEBUG - 2025-11-06 01:51:21 --> Session: Class initialized using 'CodeIgniter\Session\Handlers\FileHandler' driver.
WARNING - 2025-11-06 01:51:21 --> [DEPRECATED] Optional parameter $filters declared before required parameter $id_dep is implicitly treated as a required parameter in APPPATH\Models\Model_arsip.php on line 303.
 1 SYSTEMPATH\Autoloader\Autoloader.php(315): include_once('C:\\xampp\\htdocs\\e-arsip_ci4\\system\\Debug\\Exceptions.php')
 2 SYSTEMPATH\Autoloader\Autoloader.php(295): CodeIgniter\Autoloader\Autoloader->includeFile('C:\\xampp\\htdocs\\e-arsip_ci4\\app\\Models\\Model_arsip.php')
 3 SYSTEMPATH\Autoloader\Autoloader.php(271): CodeIgniter\Autoloader\Autoloader->loadInNamespace('App\\Models\\Model_arsip')
 4 APPPATH\Controllers\Cari.php(20): CodeIgniter\Autoloader\Autoloader->loadClass('App\\Models\\Model_arsip')
 5 SYSTEMPATH\CodeIgniter.php(903): App\Controllers\Cari->__construct()
 6 SYSTEMPATH\CodeIgniter.php(498): CodeIgniter\CodeIgniter->createController()
 7 SYSTEMPATH\CodeIgniter.php(354): CodeIgniter\CodeIgniter->handleRequest(null, Object(Config\Cache), false)
 8 SYSTEMPATH\Boot.php(363): CodeIgniter\CodeIgniter->run()
 9 SYSTEMPATH\Boot.php(68): CodeIgniter\Boot::runCodeIgniter(Object(CodeIgniter\CodeIgniter))
10 FCPATH\index.php(59): CodeIgniter\Boot::bootWeb(Object(Config\Paths))
DEBUG - 2025-11-06 01:51:31 --> Session: Class initialized using 'CodeIgniter\Session\Handlers\FileHandler' driver.
WARNING - 2025-11-06 01:51:31 --> [DEPRECATED] Optional parameter $filters declared before required parameter $id_dep is implicitly treated as a required parameter in APPPATH\Models\Model_arsip.php on line 303.
 1 SYSTEMPATH\Autoloader\Autoloader.php(315): include_once('C:\\xampp\\htdocs\\e-arsip_ci4\\system\\Debug\\Exceptions.php')
 2 SYSTEMPATH\Autoloader\Autoloader.php(295): CodeIgniter\Autoloader\Autoloader->includeFile('C:\\xampp\\htdocs\\e-arsip_ci4\\app\\Models\\Model_arsip.php')
 3 SYSTEMPATH\Autoloader\Autoloader.php(271): CodeIgniter\Autoloader\Autoloader->loadInNamespace('App\\Models\\Model_arsip')
 4 APPPATH\Controllers\Cari.php(20): CodeIgniter\Autoloader\Autoloader->loadClass('App\\Models\\Model_arsip')
 5 SYSTEMPATH\CodeIgniter.php(903): App\Controllers\Cari->__construct()
 6 SYSTEMPATH\CodeIgniter.php(498): CodeIgniter\CodeIgniter->createController()
 7 SYSTEMPATH\CodeIgniter.php(354): CodeIgniter\CodeIgniter->handleRequest(null, Object(Config\Cache), false)
 8 SYSTEMPATH\Boot.php(363): CodeIgniter\CodeIgniter->run()
 9 SYSTEMPATH\Boot.php(68): CodeIgniter\Boot::runCodeIgniter(Object(CodeIgniter\CodeIgniter))
10 FCPATH\index.php(59): CodeIgniter\Boot::bootWeb(Object(Config\Paths))
DEBUG - 2025-11-06 01:51:45 --> Session: Class initialized using 'CodeIgniter\Session\Handlers\FileHandler' driver.
WARNING - 2025-11-06 01:51:45 --> [DEPRECATED] Optional parameter $filters declared before required parameter $id_dep is implicitly treated as a required parameter in APPPATH\Models\Model_arsip.php on line 303.
 1 SYSTEMPATH\Autoloader\Autoloader.php(315): include_once('C:\\xampp\\htdocs\\e-arsip_ci4\\system\\Debug\\Exceptions.php')
 2 SYSTEMPATH\Autoloader\Autoloader.php(295): CodeIgniter\Autoloader\Autoloader->includeFile('C:\\xampp\\htdocs\\e-arsip_ci4\\app\\Models\\Model_arsip.php')
 3 SYSTEMPATH\Autoloader\Autoloader.php(271): CodeIgniter\Autoloader\Autoloader->loadInNamespace('App\\Models\\Model_arsip')
 4 APPPATH\Controllers\Cari.php(20): CodeIgniter\Autoloader\Autoloader->loadClass('App\\Models\\Model_arsip')
 5 SYSTEMPATH\CodeIgniter.php(903): App\Controllers\Cari->__construct()
 6 SYSTEMPATH\CodeIgniter.php(498): CodeIgniter\CodeIgniter->createController()
 7 SYSTEMPATH\CodeIgniter.php(354): CodeIgniter\CodeIgniter->handleRequest(null, Object(Config\Cache), false)
 8 SYSTEMPATH\Boot.php(363): CodeIgniter\CodeIgniter->run()
 9 SYSTEMPATH\Boot.php(68): CodeIgniter\Boot::runCodeIgniter(Object(CodeIgniter\CodeIgniter))
10 FCPATH\index.php(59): CodeIgniter\Boot::bootWeb(Object(Config\Paths))
DEBUG - 2025-11-06 01:51:47 --> Session: Class initialized using 'CodeIgniter\Session\Handlers\FileHandler' driver.
WARNING - 2025-11-06 01:51:47 --> [DEPRECATED] Optional parameter $filters declared before required parameter $id_dep is implicitly treated as a required parameter in APPPATH\Models\Model_arsip.php on line 303.
 1 SYSTEMPATH\Autoloader\Autoloader.php(315): include_once('C:\\xampp\\htdocs\\e-arsip_ci4\\system\\Debug\\Exceptions.php')
 2 SYSTEMPATH\Autoloader\Autoloader.php(295): CodeIgniter\Autoloader\Autoloader->includeFile('C:\\xampp\\htdocs\\e-arsip_ci4\\app\\Models\\Model_arsip.php')
 3 SYSTEMPATH\Autoloader\Autoloader.php(271): CodeIgniter\Autoloader\Autoloader->loadInNamespace('App\\Models\\Model_arsip')
 4 APPPATH\Controllers\Cari.php(20): CodeIgniter\Autoloader\Autoloader->loadClass('App\\Models\\Model_arsip')
 5 SYSTEMPATH\CodeIgniter.php(903): App\Controllers\Cari->__construct()
 6 SYSTEMPATH\CodeIgniter.php(498): CodeIgniter\CodeIgniter->createController()
 7 SYSTEMPATH\CodeIgniter.php(354): CodeIgniter\CodeIgniter->handleRequest(null, Object(Config\Cache), false)
 8 SYSTEMPATH\Boot.php(363): CodeIgniter\CodeIgniter->run()
 9 SYSTEMPATH\Boot.php(68): CodeIgniter\Boot::runCodeIgniter(Object(CodeIgniter\CodeIgniter))
10 FCPATH\index.php(59): CodeIgniter\Boot::bootWeb(Object(Config\Paths))
DEBUG - 2025-11-06 01:51:47 --> Session: Class initialized using 'CodeIgniter\Session\Handlers\FileHandler' driver.
WARNING - 2025-11-06 01:51:47 --> [DEPRECATED] Optional parameter $filters declared before required parameter $id_dep is implicitly treated as a required parameter in APPPATH\Models\Model_arsip.php on line 303.
 1 SYSTEMPATH\Autoloader\Autoloader.php(315): include_once('C:\\xampp\\htdocs\\e-arsip_ci4\\system\\Debug\\Exceptions.php')
 2 SYSTEMPATH\Autoloader\Autoloader.php(295): CodeIgniter\Autoloader\Autoloader->includeFile('C:\\xampp\\htdocs\\e-arsip_ci4\\app\\Models\\Model_arsip.php')
 3 SYSTEMPATH\Autoloader\Autoloader.php(271): CodeIgniter\Autoloader\Autoloader->loadInNamespace('App\\Models\\Model_arsip')
 4 APPPATH\Controllers\Cari.php(20): CodeIgniter\Autoloader\Autoloader->loadClass('App\\Models\\Model_arsip')
 5 SYSTEMPATH\CodeIgniter.php(903): App\Controllers\Cari->__construct()
 6 SYSTEMPATH\CodeIgniter.php(498): CodeIgniter\CodeIgniter->createController()
 7 SYSTEMPATH\CodeIgniter.php(354): CodeIgniter\CodeIgniter->handleRequest(null, Object(Config\Cache), false)
 8 SYSTEMPATH\Boot.php(363): CodeIgniter\CodeIgniter->run()
 9 SYSTEMPATH\Boot.php(68): CodeIgniter\Boot::runCodeIgniter(Object(CodeIgniter\CodeIgniter))
10 FCPATH\index.php(59): CodeIgniter\Boot::bootWeb(Object(Config\Paths))
DEBUG - 2025-11-06 01:51:48 --> Session: Class initialized using 'CodeIgniter\Session\Handlers\FileHandler' driver.
WARNING - 2025-11-06 01:51:48 --> [DEPRECATED] Optional parameter $filters declared before required parameter $id_dep is implicitly treated as a required parameter in APPPATH\Models\Model_arsip.php on line 303.
 1 SYSTEMPATH\Autoloader\Autoloader.php(315): include_once('C:\\xampp\\htdocs\\e-arsip_ci4\\system\\Debug\\Exceptions.php')
 2 SYSTEMPATH\Autoloader\Autoloader.php(295): CodeIgniter\Autoloader\Autoloader->includeFile('C:\\xampp\\htdocs\\e-arsip_ci4\\app\\Models\\Model_arsip.php')
 3 SYSTEMPATH\Autoloader\Autoloader.php(271): CodeIgniter\Autoloader\Autoloader->loadInNamespace('App\\Models\\Model_arsip')
 4 APPPATH\Controllers\Cari.php(20): CodeIgniter\Autoloader\Autoloader->loadClass('App\\Models\\Model_arsip')
 5 SYSTEMPATH\CodeIgniter.php(903): App\Controllers\Cari->__construct()
 6 SYSTEMPATH\CodeIgniter.php(498): CodeIgniter\CodeIgniter->createController()
 7 SYSTEMPATH\CodeIgniter.php(354): CodeIgniter\CodeIgniter->handleRequest(null, Object(Config\Cache), false)
 8 SYSTEMPATH\Boot.php(363): CodeIgniter\CodeIgniter->run()
 9 SYSTEMPATH\Boot.php(68): CodeIgniter\Boot::runCodeIgniter(Object(CodeIgniter\CodeIgniter))
10 FCPATH\index.php(59): CodeIgniter\Boot::bootWeb(Object(Config\Paths))
DEBUG - 2025-11-06 01:51:49 --> Session: Class initialized using 'CodeIgniter\Session\Handlers\FileHandler' driver.
WARNING - 2025-11-06 01:51:49 --> [DEPRECATED] Optional parameter $filters declared before required parameter $id_dep is implicitly treated as a required parameter in APPPATH\Models\Model_arsip.php on line 303.
 1 SYSTEMPATH\Autoloader\Autoloader.php(315): include_once('C:\\xampp\\htdocs\\e-arsip_ci4\\system\\Debug\\Exceptions.php')
 2 SYSTEMPATH\Autoloader\Autoloader.php(295): CodeIgniter\Autoloader\Autoloader->includeFile('C:\\xampp\\htdocs\\e-arsip_ci4\\app\\Models\\Model_arsip.php')
 3 SYSTEMPATH\Autoloader\Autoloader.php(271): CodeIgniter\Autoloader\Autoloader->loadInNamespace('App\\Models\\Model_arsip')
 4 APPPATH\Controllers\Cari.php(20): CodeIgniter\Autoloader\Autoloader->loadClass('App\\Models\\Model_arsip')
 5 SYSTEMPATH\CodeIgniter.php(903): App\Controllers\Cari->__construct()
 6 SYSTEMPATH\CodeIgniter.php(498): CodeIgniter\CodeIgniter->createController()
 7 SYSTEMPATH\CodeIgniter.php(354): CodeIgniter\CodeIgniter->handleRequest(null, Object(Config\Cache), false)
 8 SYSTEMPATH\Boot.php(363): CodeIgniter\CodeIgniter->run()
 9 SYSTEMPATH\Boot.php(68): CodeIgniter\Boot::runCodeIgniter(Object(CodeIgniter\CodeIgniter))
10 FCPATH\index.php(59): CodeIgniter\Boot::bootWeb(Object(Config\Paths))
DEBUG - 2025-11-06 01:52:00 --> Session: Class initialized using 'CodeIgniter\Session\Handlers\FileHandler' driver.
WARNING - 2025-11-06 01:52:00 --> [DEPRECATED] Optional parameter $filters declared before required parameter $id_dep is implicitly treated as a required parameter in APPPATH\Models\Model_arsip.php on line 303.
 1 SYSTEMPATH\Autoloader\Autoloader.php(315): include_once('C:\\xampp\\htdocs\\e-arsip_ci4\\system\\Debug\\Exceptions.php')
 2 SYSTEMPATH\Autoloader\Autoloader.php(295): CodeIgniter\Autoloader\Autoloader->includeFile('C:\\xampp\\htdocs\\e-arsip_ci4\\app\\Models\\Model_arsip.php')
 3 SYSTEMPATH\Autoloader\Autoloader.php(271): CodeIgniter\Autoloader\Autoloader->loadInNamespace('App\\Models\\Model_arsip')
 4 APPPATH\Controllers\Cari.php(20): CodeIgniter\Autoloader\Autoloader->loadClass('App\\Models\\Model_arsip')
 5 SYSTEMPATH\CodeIgniter.php(903): App\Controllers\Cari->__construct()
 6 SYSTEMPATH\CodeIgniter.php(498): CodeIgniter\CodeIgniter->createController()
 7 SYSTEMPATH\CodeIgniter.php(354): CodeIgniter\CodeIgniter->handleRequest(null, Object(Config\Cache), false)
 8 SYSTEMPATH\Boot.php(363): CodeIgniter\CodeIgniter->run()
 9 SYSTEMPATH\Boot.php(68): CodeIgniter\Boot::runCodeIgniter(Object(CodeIgniter\CodeIgniter))
10 FCPATH\index.php(59): CodeIgniter\Boot::bootWeb(Object(Config\Paths))
DEBUG - 2025-11-06 01:52:14 --> Session: Class initialized using 'CodeIgniter\Session\Handlers\FileHandler' driver.
DEBUG - 2025-11-06 01:52:21 --> Session: Class initialized using 'CodeIgniter\Session\Handlers\FileHandler' driver.
DEBUG - 2025-11-06 01:52:21 --> Session: Class initialized using 'CodeIgniter\Session\Handlers\FileHandler' driver.
WARNING - 2025-11-06 01:52:21 --> [DEPRECATED] Optional parameter $filters declared before required parameter $id_dep is implicitly treated as a required parameter in APPPATH\Models\Model_arsip.php on line 303.
 1 SYSTEMPATH\Autoloader\Autoloader.php(315): include_once('C:\\xampp\\htdocs\\e-arsip_ci4\\system\\Debug\\Exceptions.php')
 2 SYSTEMPATH\Autoloader\Autoloader.php(295): CodeIgniter\Autoloader\Autoloader->includeFile('C:\\xampp\\htdocs\\e-arsip_ci4\\app\\Models\\Model_arsip.php')
 3 SYSTEMPATH\Autoloader\Autoloader.php(271): CodeIgniter\Autoloader\Autoloader->loadInNamespace('App\\Models\\Model_arsip')
 4 APPPATH\Controllers\Home.php(23): CodeIgniter\Autoloader\Autoloader->loadClass('App\\Models\\Model_arsip')
 5 SYSTEMPATH\CodeIgniter.php(903): App\Controllers\Home->__construct()
 6 SYSTEMPATH\CodeIgniter.php(498): CodeIgniter\CodeIgniter->createController()
 7 SYSTEMPATH\CodeIgniter.php(354): CodeIgniter\CodeIgniter->handleRequest(null, Object(Config\Cache), false)
 8 SYSTEMPATH\Boot.php(363): CodeIgniter\CodeIgniter->run()
 9 SYSTEMPATH\Boot.php(68): CodeIgniter\Boot::runCodeIgniter(Object(CodeIgniter\CodeIgniter))
10 FCPATH\index.php(59): CodeIgniter\Boot::bootWeb(Object(Config\Paths))
DEBUG - 2025-11-06 01:52:23 --> Session: Class initialized using 'CodeIgniter\Session\Handlers\FileHandler' driver.
DEBUG - 2025-11-06 01:52:23 --> Session: Class initialized using 'CodeIgniter\Session\Handlers\FileHandler' driver.
DEBUG - 2025-11-06 01:52:24 --> Session: Class initialized using 'CodeIgniter\Session\Handlers\FileHandler' driver.
DEBUG - 2025-11-06 01:52:25 --> Session: Class initialized using 'CodeIgniter\Session\Handlers\FileHandler' driver.
DEBUG - 2025-11-06 01:52:27 --> Session: Class initialized using 'CodeIgniter\Session\Handlers\FileHandler' driver.
DEBUG - 2025-11-06 01:52:28 --> Session: Class initialized using 'CodeIgniter\Session\Handlers\FileHandler' driver.
DEBUG - 2025-11-06 01:52:29 --> Session: Class initialized using 'CodeIgniter\Session\Handlers\FileHandler' driver.
DEBUG - 2025-11-06 01:52:31 --> Session: Class initialized using 'CodeIgniter\Session\Handlers\FileHandler' driver.
DEBUG - 2025-11-06 01:52:32 --> Session: Class initialized using 'CodeIgniter\Session\Handlers\FileHandler' driver.
DEBUG - 2025-11-06 01:52:33 --> Session: Class initialized using 'CodeIgniter\Session\Handlers\FileHandler' driver.
DEBUG - 2025-11-06 01:52:33 --> Session: Class initialized using 'CodeIgniter\Session\Handlers\FileHandler' driver.
DEBUG - 2025-11-06 01:52:35 --> Session: Class initialized using 'CodeIgniter\Session\Handlers\FileHandler' driver.
DEBUG - 2025-11-06 01:52:36 --> Session: Class initialized using 'CodeIgniter\Session\Handlers\FileHandler' driver.
DEBUG - 2025-11-06 01:52:36 --> Session: Class initialized using 'CodeIgniter\Session\Handlers\FileHandler' driver.
DEBUG - 2025-11-06 01:52:36 --> Session: Class initialized using 'CodeIgniter\Session\Handlers\FileHandler' driver.
WARNING - 2025-11-06 01:52:37 --> [DEPRECATED] Optional parameter $filters declared before required parameter $id_dep is implicitly treated as a required parameter in APPPATH\Models\Model_arsip.php on line 303.
 1 SYSTEMPATH\Autoloader\Autoloader.php(315): include_once('C:\\xampp\\htdocs\\e-arsip_ci4\\system\\Debug\\Exceptions.php')
 2 SYSTEMPATH\Autoloader\Autoloader.php(295): CodeIgniter\Autoloader\Autoloader->includeFile('C:\\xampp\\htdocs\\e-arsip_ci4\\app\\Models\\Model_arsip.php')
 3 SYSTEMPATH\Autoloader\Autoloader.php(271): CodeIgniter\Autoloader\Autoloader->loadInNamespace('App\\Models\\Model_arsip')
 4 APPPATH\Controllers\Home.php(23): CodeIgniter\Autoloader\Autoloader->loadClass('App\\Models\\Model_arsip')
 5 SYSTEMPATH\CodeIgniter.php(903): App\Controllers\Home->__construct()
 6 SYSTEMPATH\CodeIgniter.php(498): CodeIgniter\CodeIgniter->createController()
 7 SYSTEMPATH\CodeIgniter.php(354): CodeIgniter\CodeIgniter->handleRequest(null, Object(Config\Cache), false)
 8 SYSTEMPATH\Boot.php(363): CodeIgniter\CodeIgniter->run()
 9 SYSTEMPATH\Boot.php(68): CodeIgniter\Boot::runCodeIgniter(Object(CodeIgniter\CodeIgniter))
10 FCPATH\index.php(59): CodeIgniter\Boot::bootWeb(Object(Config\Paths))
DEBUG - 2025-11-06 01:52:37 --> Session: Class initialized using 'CodeIgniter\Session\Handlers\FileHandler' driver.
DEBUG - 2025-11-06 01:52:38 --> Session: Class initialized using 'CodeIgniter\Session\Handlers\FileHandler' driver.
DEBUG - 2025-11-06 01:52:39 --> Session: Class initialized using 'CodeIgniter\Session\Handlers\FileHandler' driver.
DEBUG - 2025-11-06 01:52:40 --> Session: Class initialized using 'CodeIgniter\Session\Handlers\FileHandler' driver.
DEBUG - 2025-11-06 01:52:41 --> Session: Class initialized using 'CodeIgniter\Session\Handlers\FileHandler' driver.
DEBUG - 2025-11-06 01:52:43 --> Session: Class initialized using 'CodeIgniter\Session\Handlers\FileHandler' driver.
DEBUG - 2025-11-06 01:52:44 --> Session: Class initialized using 'CodeIgniter\Session\Handlers\FileHandler' driver.
DEBUG - 2025-11-06 01:52:45 --> Session: Class initialized using 'CodeIgniter\Session\Handlers\FileHandler' driver.
DEBUG - 2025-11-06 01:52:47 --> Session: Class initialized using 'CodeIgniter\Session\Handlers\FileHandler' driver.
DEBUG - 2025-11-06 01:52:48 --> Session: Class initialized using 'CodeIgniter\Session\Handlers\FileHandler' driver.
DEBUG - 2025-11-06 01:52:49 --> Session: Class initialized using 'CodeIgniter\Session\Handlers\FileHandler' driver.
DEBUG - 2025-11-06 01:52:50 --> Session: Class initialized using 'CodeIgniter\Session\Handlers\FileHandler' driver.
DEBUG - 2025-11-06 01:52:51 --> Session: Class initialized using 'CodeIgniter\Session\Handlers\FileHandler' driver.
DEBUG - 2025-11-06 01:52:53 --> Session: Class initialized using 'CodeIgniter\Session\Handlers\FileHandler' driver.
DEBUG - 2025-11-06 01:52:54 --> Session: Class initialized using 'CodeIgniter\Session\Handlers\FileHandler' driver.
DEBUG - 2025-11-06 01:52:55 --> Session: Class initialized using 'CodeIgniter\Session\Handlers\FileHandler' driver.
DEBUG - 2025-11-06 01:52:56 --> Session: Class initialized using 'CodeIgniter\Session\Handlers\FileHandler' driver.
DEBUG - 2025-11-06 01:52:57 --> Session: Class initialized using 'CodeIgniter\Session\Handlers\FileHandler' driver.
DEBUG - 2025-11-06 01:52:59 --> Session: Class initialized using 'CodeIgniter\Session\Handlers\FileHandler' driver.
DEBUG - 2025-11-06 01:53:00 --> Session: Class initialized using 'CodeIgniter\Session\Handlers\FileHandler' driver.
DEBUG - 2025-11-06 01:53:01 --> Session: Class initialized using 'CodeIgniter\Session\Handlers\FileHandler' driver.
DEBUG - 2025-11-06 01:53:02 --> Session: Class initialized using 'CodeIgniter\Session\Handlers\FileHandler' driver.
DEBUG - 2025-11-06 01:53:03 --> Session: Class initialized using 'CodeIgniter\Session\Handlers\FileHandler' driver.
DEBUG - 2025-11-06 01:53:05 --> Session: Class initialized using 'CodeIgniter\Session\Handlers\FileHandler' driver.
DEBUG - 2025-11-06 01:53:06 --> Session: Class initialized using 'CodeIgniter\Session\Handlers\FileHandler' driver.
DEBUG - 2025-11-06 01:53:07 --> Session: Class initialized using 'CodeIgniter\Session\Handlers\FileHandler' driver.
DEBUG - 2025-11-06 01:53:08 --> Session: Class initialized using 'CodeIgniter\Session\Handlers\FileHandler' driver.
DEBUG - 2025-11-06 01:53:09 --> Session: Class initialized using 'CodeIgniter\Session\Handlers\FileHandler' driver.
DEBUG - 2025-11-06 01:53:11 --> Session: Class initialized using 'CodeIgniter\Session\Handlers\FileHandler' driver.
DEBUG - 2025-11-06 01:53:12 --> Session: Class initialized using 'CodeIgniter\Session\Handlers\FileHandler' driver.
DEBUG - 2025-11-06 01:53:13 --> Session: Class initialized using 'CodeIgniter\Session\Handlers\FileHandler' driver.
DEBUG - 2025-11-06 01:53:14 --> Session: Class initialized using 'CodeIgniter\Session\Handlers\FileHandler' driver.
DEBUG - 2025-11-06 01:53:15 --> Session: Class initialized using 'CodeIgniter\Session\Handlers\FileHandler' driver.
DEBUG - 2025-11-06 01:53:17 --> Session: Class initialized using 'CodeIgniter\Session\Handlers\FileHandler' driver.
DEBUG - 2025-11-06 01:53:18 --> Session: Class initialized using 'CodeIgniter\Session\Handlers\FileHandler' driver.
DEBUG - 2025-11-06 01:53:19 --> Session: Class initialized using 'CodeIgniter\Session\Handlers\FileHandler' driver.
DEBUG - 2025-11-06 01:53:20 --> Session: Class initialized using 'CodeIgniter\Session\Handlers\FileHandler' driver.
DEBUG - 2025-11-06 01:53:21 --> Session: Class initialized using 'CodeIgniter\Session\Handlers\FileHandler' driver.
DEBUG - 2025-11-06 01:53:23 --> Session: Class initialized using 'CodeIgniter\Session\Handlers\FileHandler' driver.
DEBUG - 2025-11-06 01:53:24 --> Session: Class initialized using 'CodeIgniter\Session\Handlers\FileHandler' driver.
DEBUG - 2025-11-06 01:53:25 --> Session: Class initialized using 'CodeIgniter\Session\Handlers\FileHandler' driver.
DEBUG - 2025-11-06 01:53:26 --> Session: Class initialized using 'CodeIgniter\Session\Handlers\FileHandler' driver.
DEBUG - 2025-11-06 01:53:27 --> Session: Class initialized using 'CodeIgniter\Session\Handlers\FileHandler' driver.
DEBUG - 2025-11-06 01:53:29 --> Session: Class initialized using 'CodeIgniter\Session\Handlers\FileHandler' driver.
DEBUG - 2025-11-06 01:53:30 --> Session: Class initialized using 'CodeIgniter\Session\Handlers\FileHandler' driver.
DEBUG - 2025-11-06 01:53:31 --> Session: Class initialized using 'CodeIgniter\Session\Handlers\FileHandler' driver.
DEBUG - 2025-11-06 01:53:32 --> Session: Class initialized using 'CodeIgniter\Session\Handlers\FileHandler' driver.
DEBUG - 2025-11-06 01:53:33 --> Session: Class initialized using 'CodeIgniter\Session\Handlers\FileHandler' driver.
DEBUG - 2025-11-06 01:53:35 --> Session: Class initialized using 'CodeIgniter\Session\Handlers\FileHandler' driver.
DEBUG - 2025-11-06 01:53:36 --> Session: Class initialized using 'CodeIgniter\Session\Handlers\FileHandler' driver.
DEBUG - 2025-11-06 01:53:37 --> Session: Class initialized using 'CodeIgniter\Session\Handlers\FileHandler' driver.
DEBUG - 2025-11-06 01:53:38 --> Session: Class initialized using 'CodeIgniter\Session\Handlers\FileHandler' driver.
DEBUG - 2025-11-06 01:53:39 --> Session: Class initialized using 'CodeIgniter\Session\Handlers\FileHandler' driver.
DEBUG - 2025-11-06 01:53:41 --> Session: Class initialized using 'CodeIgniter\Session\Handlers\FileHandler' driver.
DEBUG - 2025-11-06 01:54:40 --> Session: Class initialized using 'CodeIgniter\Session\Handlers\FileHandler' driver.
DEBUG - 2025-11-06 01:55:40 --> Session: Class initialized using 'CodeIgniter\Session\Handlers\FileHandler' driver.
DEBUG - 2025-11-06 01:56:40 --> Session: Class initialized using 'CodeIgniter\Session\Handlers\FileHandler' driver.
DEBUG - 2025-11-06 01:57:40 --> Session: Class initialized using 'CodeIgniter\Session\Handlers\FileHandler' driver.
DEBUG - 2025-11-06 01:58:40 --> Session: Class initialized using 'CodeIgniter\Session\Handlers\FileHandler' driver.
DEBUG - 2025-11-06 01:59:40 --> Session: Class initialized using 'CodeIgniter\Session\Handlers\FileHandler' driver.
DEBUG - 2025-11-06 02:00:40 --> Session: Class initialized using 'CodeIgniter\Session\Handlers\FileHandler' driver.
DEBUG - 2025-11-06 02:01:40 --> Session: Class initialized using 'CodeIgniter\Session\Handlers\FileHandler' driver.
DEBUG - 2025-11-06 02:02:40 --> Session: Class initialized using 'CodeIgniter\Session\Handlers\FileHandler' driver.
DEBUG - 2025-11-06 02:03:40 --> Session: Class initialized using 'CodeIgniter\Session\Handlers\FileHandler' driver.
DEBUG - 2025-11-06 02:04:40 --> Session: Class initialized using 'CodeIgniter\Session\Handlers\FileHandler' driver.
DEBUG - 2025-11-06 02:05:40 --> Session: Class initialized using 'CodeIgniter\Session\Handlers\FileHandler' driver.
DEBUG - 2025-11-06 02:06:40 --> Session: Class initialized using 'CodeIgniter\Session\Handlers\FileHandler' driver.
DEBUG - 2025-11-06 02:07:40 --> Session: Class initialized using 'CodeIgniter\Session\Handlers\FileHandler' driver.
DEBUG - 2025-11-06 02:08:40 --> Session: Class initialized using 'CodeIgniter\Session\Handlers\FileHandler' driver.
DEBUG - 2025-11-06 02:09:40 --> Session: Class initialized using 'CodeIgniter\Session\Handlers\FileHandler' driver.
DEBUG - 2025-11-06 02:10:40 --> Session: Class initialized using 'CodeIgniter\Session\Handlers\FileHandler' driver.
DEBUG - 2025-11-06 02:11:40 --> Session: Class initialized using 'CodeIgniter\Session\Handlers\FileHandler' driver.
DEBUG - 2025-11-06 02:12:40 --> Session: Class initialized using 'CodeIgniter\Session\Handlers\FileHandler' driver.
DEBUG - 2025-11-06 02:13:40 --> Session: Class initialized using 'CodeIgniter\Session\Handlers\FileHandler' driver.
DEBUG - 2025-11-06 02:14:40 --> Session: Class initialized using 'CodeIgniter\Session\Handlers\FileHandler' driver.
DEBUG - 2025-11-06 02:15:40 --> Session: Class initialized using 'CodeIgniter\Session\Handlers\FileHandler' driver.
DEBUG - 2025-11-06 02:16:36 --> Session: Class initialized using 'CodeIgniter\Session\Handlers\FileHandler' driver.
WARNING - 2025-11-06 02:16:36 --> [DEPRECATED] Optional parameter $filters declared before required parameter $id_dep is implicitly treated as a required parameter in APPPATH\Models\Model_arsip.php on line 303.
 1 SYSTEMPATH\Autoloader\Autoloader.php(315): include_once('C:\\xampp\\htdocs\\e-arsip_ci4\\system\\Debug\\Exceptions.php')
 2 SYSTEMPATH\Autoloader\Autoloader.php(295): CodeIgniter\Autoloader\Autoloader->includeFile('C:\\xampp\\htdocs\\e-arsip_ci4\\app\\Models\\Model_arsip.php')
 3 SYSTEMPATH\Autoloader\Autoloader.php(271): CodeIgniter\Autoloader\Autoloader->loadInNamespace('App\\Models\\Model_arsip')
 4 APPPATH\Controllers\Cari.php(20): CodeIgniter\Autoloader\Autoloader->loadClass('App\\Models\\Model_arsip')
 5 SYSTEMPATH\CodeIgniter.php(903): App\Controllers\Cari->__construct()
 6 SYSTEMPATH\CodeIgniter.php(498): CodeIgniter\CodeIgniter->createController()
 7 SYSTEMPATH\CodeIgniter.php(354): CodeIgniter\CodeIgniter->handleRequest(null, Object(Config\Cache), false)
 8 SYSTEMPATH\Boot.php(363): CodeIgniter\CodeIgniter->run()
 9 SYSTEMPATH\Boot.php(68): CodeIgniter\Boot::runCodeIgniter(Object(CodeIgniter\CodeIgniter))
10 FCPATH\index.php(59): CodeIgniter\Boot::bootWeb(Object(Config\Paths))
DEBUG - 2025-11-06 02:16:38 --> Session: Class initialized using 'CodeIgniter\Session\Handlers\FileHandler' driver.
DEBUG - 2025-11-06 02:16:40 --> Session: Class initialized using 'CodeIgniter\Session\Handlers\FileHandler' driver.
DEBUG - 2025-11-06 02:16:45 --> Session: Class initialized using 'CodeIgniter\Session\Handlers\FileHandler' driver.
WARNING - 2025-11-06 02:16:45 --> [DEPRECATED] Optional parameter $filters declared before required parameter $id_dep is implicitly treated as a required parameter in APPPATH\Models\Model_arsip.php on line 303.
 1 SYSTEMPATH\Autoloader\Autoloader.php(315): include_once('C:\\xampp\\htdocs\\e-arsip_ci4\\system\\Debug\\Exceptions.php')
 2 SYSTEMPATH\Autoloader\Autoloader.php(295): CodeIgniter\Autoloader\Autoloader->includeFile('C:\\xampp\\htdocs\\e-arsip_ci4\\app\\Models\\Model_arsip.php')
 3 SYSTEMPATH\Autoloader\Autoloader.php(271): CodeIgniter\Autoloader\Autoloader->loadInNamespace('App\\Models\\Model_arsip')
 4 APPPATH\Controllers\Cari.php(20): CodeIgniter\Autoloader\Autoloader->loadClass('App\\Models\\Model_arsip')
 5 SYSTEMPATH\CodeIgniter.php(903): App\Controllers\Cari->__construct()
 6 SYSTEMPATH\CodeIgniter.php(498): CodeIgniter\CodeIgniter->createController()
 7 SYSTEMPATH\CodeIgniter.php(354): CodeIgniter\CodeIgniter->handleRequest(null, Object(Config\Cache), false)
 8 SYSTEMPATH\Boot.php(363): CodeIgniter\CodeIgniter->run()
 9 SYSTEMPATH\Boot.php(68): CodeIgniter\Boot::runCodeIgniter(Object(CodeIgniter\CodeIgniter))
10 FCPATH\index.php(59): CodeIgniter\Boot::bootWeb(Object(Config\Paths))
DEBUG - 2025-11-06 02:16:48 --> Session: Class initialized using 'CodeIgniter\Session\Handlers\FileHandler' driver.
WARNING - 2025-11-06 02:16:48 --> [DEPRECATED] Optional parameter $filters declared before required parameter $id_dep is implicitly treated as a required parameter in APPPATH\Models\Model_arsip.php on line 303.
 1 SYSTEMPATH\Autoloader\Autoloader.php(315): include_once('C:\\xampp\\htdocs\\e-arsip_ci4\\system\\Debug\\Exceptions.php')
 2 SYSTEMPATH\Autoloader\Autoloader.php(295): CodeIgniter\Autoloader\Autoloader->includeFile('C:\\xampp\\htdocs\\e-arsip_ci4\\app\\Models\\Model_arsip.php')
 3 SYSTEMPATH\Autoloader\Autoloader.php(271): CodeIgniter\Autoloader\Autoloader->loadInNamespace('App\\Models\\Model_arsip')
 4 APPPATH\Controllers\Arsip.php(26): CodeIgniter\Autoloader\Autoloader->loadClass('App\\Models\\Model_arsip')
 5 SYSTEMPATH\CodeIgniter.php(903): App\Controllers\Arsip->__construct()
 6 SYSTEMPATH\CodeIgniter.php(498): CodeIgniter\CodeIgniter->createController()
 7 SYSTEMPATH\CodeIgniter.php(354): CodeIgniter\CodeIgniter->handleRequest(null, Object(Config\Cache), false)
 8 SYSTEMPATH\Boot.php(363): CodeIgniter\CodeIgniter->run()
 9 SYSTEMPATH\Boot.php(68): CodeIgniter\Boot::runCodeIgniter(Object(CodeIgniter\CodeIgniter))
10 FCPATH\index.php(59): CodeIgniter\Boot::bootWeb(Object(Config\Paths))
DEBUG - 2025-11-06 02:16:59 --> Session: Class initialized using 'CodeIgniter\Session\Handlers\FileHandler' driver.
WARNING - 2025-11-06 02:16:59 --> [DEPRECATED] Optional parameter $filters declared before required parameter $id_dep is implicitly treated as a required parameter in APPPATH\Models\Model_arsip.php on line 303.
 1 SYSTEMPATH\Autoloader\Autoloader.php(315): include_once('C:\\xampp\\htdocs\\e-arsip_ci4\\system\\Debug\\Exceptions.php')
 2 SYSTEMPATH\Autoloader\Autoloader.php(295): CodeIgniter\Autoloader\Autoloader->includeFile('C:\\xampp\\htdocs\\e-arsip_ci4\\app\\Models\\Model_arsip.php')
 3 SYSTEMPATH\Autoloader\Autoloader.php(271): CodeIgniter\Autoloader\Autoloader->loadInNamespace('App\\Models\\Model_arsip')
 4 APPPATH\Controllers\Cari.php(20): CodeIgniter\Autoloader\Autoloader->loadClass('App\\Models\\Model_arsip')
 5 SYSTEMPATH\CodeIgniter.php(903): App\Controllers\Cari->__construct()
 6 SYSTEMPATH\CodeIgniter.php(498): CodeIgniter\CodeIgniter->createController()
 7 SYSTEMPATH\CodeIgniter.php(354): CodeIgniter\CodeIgniter->handleRequest(null, Object(Config\Cache), false)
 8 SYSTEMPATH\Boot.php(363): CodeIgniter\CodeIgniter->run()
 9 SYSTEMPATH\Boot.php(68): CodeIgniter\Boot::runCodeIgniter(Object(CodeIgniter\CodeIgniter))
10 FCPATH\index.php(59): CodeIgniter\Boot::bootWeb(Object(Config\Paths))
DEBUG - 2025-11-06 02:17:02 --> Session: Class initialized using 'CodeIgniter\Session\Handlers\FileHandler' driver.
WARNING - 2025-11-06 02:17:02 --> [DEPRECATED] Optional parameter $filters declared before required parameter $id_dep is implicitly treated as a required parameter in APPPATH\Models\Model_arsip.php on line 303.
 1 SYSTEMPATH\Autoloader\Autoloader.php(315): include_once('C:\\xampp\\htdocs\\e-arsip_ci4\\system\\Debug\\Exceptions.php')
 2 SYSTEMPATH\Autoloader\Autoloader.php(295): CodeIgniter\Autoloader\Autoloader->includeFile('C:\\xampp\\htdocs\\e-arsip_ci4\\app\\Models\\Model_arsip.php')
 3 SYSTEMPATH\Autoloader\Autoloader.php(271): CodeIgniter\Autoloader\Autoloader->loadInNamespace('App\\Models\\Model_arsip')
 4 APPPATH\Controllers\Arsip.php(26): CodeIgniter\Autoloader\Autoloader->loadClass('App\\Models\\Model_arsip')
 5 SYSTEMPATH\CodeIgniter.php(903): App\Controllers\Arsip->__construct()
 6 SYSTEMPATH\CodeIgniter.php(498): CodeIgniter\CodeIgniter->createController()
 7 SYSTEMPATH\CodeIgniter.php(354): CodeIgniter\CodeIgniter->handleRequest(null, Object(Config\Cache), false)
 8 SYSTEMPATH\Boot.php(363): CodeIgniter\CodeIgniter->run()
 9 SYSTEMPATH\Boot.php(68): CodeIgniter\Boot::runCodeIgniter(Object(CodeIgniter\CodeIgniter))
10 FCPATH\index.php(59): CodeIgniter\Boot::bootWeb(Object(Config\Paths))
DEBUG - 2025-11-06 02:17:09 --> Session: Class initialized using 'CodeIgniter\Session\Handlers\FileHandler' driver.
DEBUG - 2025-11-06 02:17:10 --> Session: Class initialized using 'CodeIgniter\Session\Handlers\FileHandler' driver.
DEBUG - 2025-11-06 02:17:14 --> Session: Class initialized using 'CodeIgniter\Session\Handlers\FileHandler' driver.
DEBUG - 2025-11-06 02:17:40 --> Session: Class initialized using 'CodeIgniter\Session\Handlers\FileHandler' driver.
DEBUG - 2025-11-06 02:17:48 --> Session: Class initialized using 'CodeIgniter\Session\Handlers\FileHandler' driver.
DEBUG - 2025-11-06 02:17:48 --> AUDIT DEBUG -> id_user: 18, username: administrator
DEBUG - 2025-11-06 02:17:49 --> Session: Class initialized using 'CodeIgniter\Session\Handlers\FileHandler' driver.
DEBUG - 2025-11-06 02:17:51 --> Session: Class initialized using 'CodeIgniter\Session\Handlers\FileHandler' driver.
DEBUG - 2025-11-06 02:17:51 --> Session: Class initialized using 'CodeIgniter\Session\Handlers\FileHandler' driver.
DEBUG - 2025-11-06 02:18:02 --> Session: Class initialized using 'CodeIgniter\Session\Handlers\FileHandler' driver.
DEBUG - 2025-11-06 02:18:03 --> Session: Class initialized using 'CodeIgniter\Session\Handlers\FileHandler' driver.
WARNING - 2025-11-06 02:18:03 --> [DEPRECATED] Optional parameter $filters declared before required parameter $id_dep is implicitly treated as a required parameter in APPPATH\Models\Model_arsip.php on line 303.
 1 SYSTEMPATH\Autoloader\Autoloader.php(315): include_once('C:\\xampp\\htdocs\\e-arsip_ci4\\system\\Debug\\Exceptions.php')
 2 SYSTEMPATH\Autoloader\Autoloader.php(295): CodeIgniter\Autoloader\Autoloader->includeFile('C:\\xampp\\htdocs\\e-arsip_ci4\\app\\Models\\Model_arsip.php')
 3 SYSTEMPATH\Autoloader\Autoloader.php(271): CodeIgniter\Autoloader\Autoloader->loadInNamespace('App\\Models\\Model_arsip')
 4 APPPATH\Controllers\Home.php(23): CodeIgniter\Autoloader\Autoloader->loadClass('App\\Models\\Model_arsip')
 5 SYSTEMPATH\CodeIgniter.php(903): App\Controllers\Home->__construct()
 6 SYSTEMPATH\CodeIgniter.php(498): CodeIgniter\CodeIgniter->createController()
 7 SYSTEMPATH\CodeIgniter.php(354): CodeIgniter\CodeIgniter->handleRequest(null, Object(Config\Cache), false)
 8 SYSTEMPATH\Boot.php(363): CodeIgniter\CodeIgniter->run()
 9 SYSTEMPATH\Boot.php(68): CodeIgniter\Boot::runCodeIgniter(Object(CodeIgniter\CodeIgniter))
10 FCPATH\index.php(59): CodeIgniter\Boot::bootWeb(Object(Config\Paths))
DEBUG - 2025-11-06 02:18:04 --> Session: Class initialized using 'CodeIgniter\Session\Handlers\FileHandler' driver.
WARNING - 2025-11-06 02:18:04 --> [DEPRECATED] Optional parameter $filters declared before required parameter $id_dep is implicitly treated as a required parameter in APPPATH\Models\Model_arsip.php on line 303.
 1 SYSTEMPATH\Autoloader\Autoloader.php(315): include_once('C:\\xampp\\htdocs\\e-arsip_ci4\\system\\Debug\\Exceptions.php')
 2 SYSTEMPATH\Autoloader\Autoloader.php(295): CodeIgniter\Autoloader\Autoloader->includeFile('C:\\xampp\\htdocs\\e-arsip_ci4\\app\\Models\\Model_arsip.php')
 3 SYSTEMPATH\Autoloader\Autoloader.php(271): CodeIgniter\Autoloader\Autoloader->loadInNamespace('App\\Models\\Model_arsip')
 4 APPPATH\Controllers\Cari.php(20): CodeIgniter\Autoloader\Autoloader->loadClass('App\\Models\\Model_arsip')
 5 SYSTEMPATH\CodeIgniter.php(903): App\Controllers\Cari->__construct()
 6 SYSTEMPATH\CodeIgniter.php(498): CodeIgniter\CodeIgniter->createController()
 7 SYSTEMPATH\CodeIgniter.php(354): CodeIgniter\CodeIgniter->handleRequest(null, Object(Config\Cache), false)
 8 SYSTEMPATH\Boot.php(363): CodeIgniter\CodeIgniter->run()
 9 SYSTEMPATH\Boot.php(68): CodeIgniter\Boot::runCodeIgniter(Object(CodeIgniter\CodeIgniter))
10 FCPATH\index.php(59): CodeIgniter\Boot::bootWeb(Object(Config\Paths))
DEBUG - 2025-11-06 02:18:06 --> Session: Class initialized using 'CodeIgniter\Session\Handlers\FileHandler' driver.
WARNING - 2025-11-06 02:18:06 --> [DEPRECATED] Optional parameter $filters declared before required parameter $id_dep is implicitly treated as a required parameter in APPPATH\Models\Model_arsip.php on line 303.
 1 SYSTEMPATH\Autoloader\Autoloader.php(315): include_once('C:\\xampp\\htdocs\\e-arsip_ci4\\system\\Debug\\Exceptions.php')
 2 SYSTEMPATH\Autoloader\Autoloader.php(295): CodeIgniter\Autoloader\Autoloader->includeFile('C:\\xampp\\htdocs\\e-arsip_ci4\\app\\Models\\Model_arsip.php')
 3 SYSTEMPATH\Autoloader\Autoloader.php(271): CodeIgniter\Autoloader\Autoloader->loadInNamespace('App\\Models\\Model_arsip')
 4 APPPATH\Controllers\Arsip.php(26): CodeIgniter\Autoloader\Autoloader->loadClass('App\\Models\\Model_arsip')
 5 SYSTEMPATH\CodeIgniter.php(903): App\Controllers\Arsip->__construct()
 6 SYSTEMPATH\CodeIgniter.php(498): CodeIgniter\CodeIgniter->createController()
 7 SYSTEMPATH\CodeIgniter.php(354): CodeIgniter\CodeIgniter->handleRequest(null, Object(Config\Cache), false)
 8 SYSTEMPATH\Boot.php(363): CodeIgniter\CodeIgniter->run()
 9 SYSTEMPATH\Boot.php(68): CodeIgniter\Boot::runCodeIgniter(Object(CodeIgniter\CodeIgniter))
10 FCPATH\index.php(59): CodeIgniter\Boot::bootWeb(Object(Config\Paths))
DEBUG - 2025-11-06 02:18:13 --> Session: Class initialized using 'CodeIgniter\Session\Handlers\FileHandler' driver.
WARNING - 2025-11-06 02:18:13 --> [DEPRECATED] Optional parameter $filters declared before required parameter $id_dep is implicitly treated as a required parameter in APPPATH\Models\Model_arsip.php on line 303.
 1 SYSTEMPATH\Autoloader\Autoloader.php(315): include_once('C:\\xampp\\htdocs\\e-arsip_ci4\\system\\Debug\\Exceptions.php')
 2 SYSTEMPATH\Autoloader\Autoloader.php(295): CodeIgniter\Autoloader\Autoloader->includeFile('C:\\xampp\\htdocs\\e-arsip_ci4\\app\\Models\\Model_arsip.php')
 3 SYSTEMPATH\Autoloader\Autoloader.php(271): CodeIgniter\Autoloader\Autoloader->loadInNamespace('App\\Models\\Model_arsip')
 4 APPPATH\Controllers\Cari.php(20): CodeIgniter\Autoloader\Autoloader->loadClass('App\\Models\\Model_arsip')
 5 SYSTEMPATH\CodeIgniter.php(903): App\Controllers\Cari->__construct()
 6 SYSTEMPATH\CodeIgniter.php(498): CodeIgniter\CodeIgniter->createController()
 7 SYSTEMPATH\CodeIgniter.php(354): CodeIgniter\CodeIgniter->handleRequest(null, Object(Config\Cache), false)
 8 SYSTEMPATH\Boot.php(363): CodeIgniter\CodeIgniter->run()
 9 SYSTEMPATH\Boot.php(68): CodeIgniter\Boot::runCodeIgniter(Object(CodeIgniter\CodeIgniter))
10 FCPATH\index.php(59): CodeIgniter\Boot::bootWeb(Object(Config\Paths))
DEBUG - 2025-11-06 02:18:14 --> Session: Class initialized using 'CodeIgniter\Session\Handlers\FileHandler' driver.
WARNING - 2025-11-06 02:18:14 --> [DEPRECATED] Optional parameter $filters declared before required parameter $id_dep is implicitly treated as a required parameter in APPPATH\Models\Model_arsip.php on line 303.
 1 SYSTEMPATH\Autoloader\Autoloader.php(315): include_once('C:\\xampp\\htdocs\\e-arsip_ci4\\system\\Debug\\Exceptions.php')
 2 SYSTEMPATH\Autoloader\Autoloader.php(295): CodeIgniter\Autoloader\Autoloader->includeFile('C:\\xampp\\htdocs\\e-arsip_ci4\\app\\Models\\Model_arsip.php')
 3 SYSTEMPATH\Autoloader\Autoloader.php(271): CodeIgniter\Autoloader\Autoloader->loadInNamespace('App\\Models\\Model_arsip')
 4 APPPATH\Controllers\Arsip.php(26): CodeIgniter\Autoloader\Autoloader->loadClass('App\\Models\\Model_arsip')
 5 SYSTEMPATH\CodeIgniter.php(903): App\Controllers\Arsip->__construct()
 6 SYSTEMPATH\CodeIgniter.php(498): CodeIgniter\CodeIgniter->createController()
 7 SYSTEMPATH\CodeIgniter.php(354): CodeIgniter\CodeIgniter->handleRequest(null, Object(Config\Cache), false)
 8 SYSTEMPATH\Boot.php(363): CodeIgniter\CodeIgniter->run()
 9 SYSTEMPATH\Boot.php(68): CodeIgniter\Boot::runCodeIgniter(Object(CodeIgniter\CodeIgniter))
10 FCPATH\index.php(59): CodeIgniter\Boot::bootWeb(Object(Config\Paths))
DEBUG - 2025-11-06 02:18:15 --> Session: Class initialized using 'CodeIgniter\Session\Handlers\FileHandler' driver.
WARNING - 2025-11-06 02:18:15 --> [DEPRECATED] Optional parameter $filters declared before required parameter $id_dep is implicitly treated as a required parameter in APPPATH\Models\Model_arsip.php on line 303.
 1 SYSTEMPATH\Autoloader\Autoloader.php(315): include_once('C:\\xampp\\htdocs\\e-arsip_ci4\\system\\Debug\\Exceptions.php')
 2 SYSTEMPATH\Autoloader\Autoloader.php(295): CodeIgniter\Autoloader\Autoloader->includeFile('C:\\xampp\\htdocs\\e-arsip_ci4\\app\\Models\\Model_arsip.php')
 3 SYSTEMPATH\Autoloader\Autoloader.php(271): CodeIgniter\Autoloader\Autoloader->loadInNamespace('App\\Models\\Model_arsip')
 4 APPPATH\Controllers\Cari.php(20): CodeIgniter\Autoloader\Autoloader->loadClass('App\\Models\\Model_arsip')
 5 SYSTEMPATH\CodeIgniter.php(903): App\Controllers\Cari->__construct()
 6 SYSTEMPATH\CodeIgniter.php(498): CodeIgniter\CodeIgniter->createController()
 7 SYSTEMPATH\CodeIgniter.php(354): CodeIgniter\CodeIgniter->handleRequest(null, Object(Config\Cache), false)
 8 SYSTEMPATH\Boot.php(363): CodeIgniter\CodeIgniter->run()
 9 SYSTEMPATH\Boot.php(68): CodeIgniter\Boot::runCodeIgniter(Object(CodeIgniter\CodeIgniter))
10 FCPATH\index.php(59): CodeIgniter\Boot::bootWeb(Object(Config\Paths))
DEBUG - 2025-11-06 02:18:16 --> Session: Class initialized using 'CodeIgniter\Session\Handlers\FileHandler' driver.
WARNING - 2025-11-06 02:18:16 --> [DEPRECATED] Optional parameter $filters declared before required parameter $id_dep is implicitly treated as a required parameter in APPPATH\Models\Model_arsip.php on line 303.
 1 SYSTEMPATH\Autoloader\Autoloader.php(315): include_once('C:\\xampp\\htdocs\\e-arsip_ci4\\system\\Debug\\Exceptions.php')
 2 SYSTEMPATH\Autoloader\Autoloader.php(295): CodeIgniter\Autoloader\Autoloader->includeFile('C:\\xampp\\htdocs\\e-arsip_ci4\\app\\Models\\Model_arsip.php')
 3 SYSTEMPATH\Autoloader\Autoloader.php(271): CodeIgniter\Autoloader\Autoloader->loadInNamespace('App\\Models\\Model_arsip')
 4 APPPATH\Controllers\Arsip.php(26): CodeIgniter\Autoloader\Autoloader->loadClass('App\\Models\\Model_arsip')
 5 SYSTEMPATH\CodeIgniter.php(903): App\Controllers\Arsip->__construct()
 6 SYSTEMPATH\CodeIgniter.php(498): CodeIgniter\CodeIgniter->createController()
 7 SYSTEMPATH\CodeIgniter.php(354): CodeIgniter\CodeIgniter->handleRequest(null, Object(Config\Cache), false)
 8 SYSTEMPATH\Boot.php(363): CodeIgniter\CodeIgniter->run()
 9 SYSTEMPATH\Boot.php(68): CodeIgniter\Boot::runCodeIgniter(Object(CodeIgniter\CodeIgniter))
10 FCPATH\index.php(59): CodeIgniter\Boot::bootWeb(Object(Config\Paths))
DEBUG - 2025-11-06 02:18:16 --> Session: Class initialized using 'CodeIgniter\Session\Handlers\FileHandler' driver.
WARNING - 2025-11-06 02:18:16 --> [DEPRECATED] Optional parameter $filters declared before required parameter $id_dep is implicitly treated as a required parameter in APPPATH\Models\Model_arsip.php on line 303.
 1 SYSTEMPATH\Autoloader\Autoloader.php(315): include_once('C:\\xampp\\htdocs\\e-arsip_ci4\\system\\Debug\\Exceptions.php')
 2 SYSTEMPATH\Autoloader\Autoloader.php(295): CodeIgniter\Autoloader\Autoloader->includeFile('C:\\xampp\\htdocs\\e-arsip_ci4\\app\\Models\\Model_arsip.php')
 3 SYSTEMPATH\Autoloader\Autoloader.php(271): CodeIgniter\Autoloader\Autoloader->loadInNamespace('App\\Models\\Model_arsip')
 4 APPPATH\Controllers\Cari.php(20): CodeIgniter\Autoloader\Autoloader->loadClass('App\\Models\\Model_arsip')
 5 SYSTEMPATH\CodeIgniter.php(903): App\Controllers\Cari->__construct()
 6 SYSTEMPATH\CodeIgniter.php(498): CodeIgniter\CodeIgniter->createController()
 7 SYSTEMPATH\CodeIgniter.php(354): CodeIgniter\CodeIgniter->handleRequest(null, Object(Config\Cache), false)
 8 SYSTEMPATH\Boot.php(363): CodeIgniter\CodeIgniter->run()
 9 SYSTEMPATH\Boot.php(68): CodeIgniter\Boot::runCodeIgniter(Object(CodeIgniter\CodeIgniter))
10 FCPATH\index.php(59): CodeIgniter\Boot::bootWeb(Object(Config\Paths))
DEBUG - 2025-11-06 02:18:20 --> Session: Class initialized using 'CodeIgniter\Session\Handlers\FileHandler' driver.
WARNING - 2025-11-06 02:18:20 --> [DEPRECATED] Optional parameter $filters declared before required parameter $id_dep is implicitly treated as a required parameter in APPPATH\Models\Model_arsip.php on line 303.
 1 SYSTEMPATH\Autoloader\Autoloader.php(315): include_once('C:\\xampp\\htdocs\\e-arsip_ci4\\system\\Debug\\Exceptions.php')
 2 SYSTEMPATH\Autoloader\Autoloader.php(295): CodeIgniter\Autoloader\Autoloader->includeFile('C:\\xampp\\htdocs\\e-arsip_ci4\\app\\Models\\Model_arsip.php')
 3 SYSTEMPATH\Autoloader\Autoloader.php(271): CodeIgniter\Autoloader\Autoloader->loadInNamespace('App\\Models\\Model_arsip')
 4 APPPATH\Controllers\Arsip.php(26): CodeIgniter\Autoloader\Autoloader->loadClass('App\\Models\\Model_arsip')
 5 SYSTEMPATH\CodeIgniter.php(903): App\Controllers\Arsip->__construct()
 6 SYSTEMPATH\CodeIgniter.php(498): CodeIgniter\CodeIgniter->createController()
 7 SYSTEMPATH\CodeIgniter.php(354): CodeIgniter\CodeIgniter->handleRequest(null, Object(Config\Cache), false)
 8 SYSTEMPATH\Boot.php(363): CodeIgniter\CodeIgniter->run()
 9 SYSTEMPATH\Boot.php(68): CodeIgniter\Boot::runCodeIgniter(Object(CodeIgniter\CodeIgniter))
10 FCPATH\index.php(59): CodeIgniter\Boot::bootWeb(Object(Config\Paths))
DEBUG - 2025-11-06 02:18:20 --> Session: Class initialized using 'CodeIgniter\Session\Handlers\FileHandler' driver.
WARNING - 2025-11-06 02:18:20 --> [DEPRECATED] Optional parameter $filters declared before required parameter $id_dep is implicitly treated as a required parameter in APPPATH\Models\Model_arsip.php on line 303.
 1 SYSTEMPATH\Autoloader\Autoloader.php(315): include_once('C:\\xampp\\htdocs\\e-arsip_ci4\\system\\Debug\\Exceptions.php')
 2 SYSTEMPATH\Autoloader\Autoloader.php(295): CodeIgniter\Autoloader\Autoloader->includeFile('C:\\xampp\\htdocs\\e-arsip_ci4\\app\\Models\\Model_arsip.php')
 3 SYSTEMPATH\Autoloader\Autoloader.php(271): CodeIgniter\Autoloader\Autoloader->loadInNamespace('App\\Models\\Model_arsip')
 4 APPPATH\Controllers\Cari.php(20): CodeIgniter\Autoloader\Autoloader->loadClass('App\\Models\\Model_arsip')
 5 SYSTEMPATH\CodeIgniter.php(903): App\Controllers\Cari->__construct()
 6 SYSTEMPATH\CodeIgniter.php(498): CodeIgniter\CodeIgniter->createController()
 7 SYSTEMPATH\CodeIgniter.php(354): CodeIgniter\CodeIgniter->handleRequest(null, Object(Config\Cache), false)
 8 SYSTEMPATH\Boot.php(363): CodeIgniter\CodeIgniter->run()
 9 SYSTEMPATH\Boot.php(68): CodeIgniter\Boot::runCodeIgniter(Object(CodeIgniter\CodeIgniter))
10 FCPATH\index.php(59): CodeIgniter\Boot::bootWeb(Object(Config\Paths))
DEBUG - 2025-11-06 02:18:21 --> Session: Class initialized using 'CodeIgniter\Session\Handlers\FileHandler' driver.
WARNING - 2025-11-06 02:18:21 --> [DEPRECATED] Optional parameter $filters declared before required parameter $id_dep is implicitly treated as a required parameter in APPPATH\Models\Model_arsip.php on line 303.
 1 SYSTEMPATH\Autoloader\Autoloader.php(315): include_once('C:\\xampp\\htdocs\\e-arsip_ci4\\system\\Debug\\Exceptions.php')
 2 SYSTEMPATH\Autoloader\Autoloader.php(295): CodeIgniter\Autoloader\Autoloader->includeFile('C:\\xampp\\htdocs\\e-arsip_ci4\\app\\Models\\Model_arsip.php')
 3 SYSTEMPATH\Autoloader\Autoloader.php(271): CodeIgniter\Autoloader\Autoloader->loadInNamespace('App\\Models\\Model_arsip')
 4 APPPATH\Controllers\Arsip.php(26): CodeIgniter\Autoloader\Autoloader->loadClass('App\\Models\\Model_arsip')
 5 SYSTEMPATH\CodeIgniter.php(903): App\Controllers\Arsip->__construct()
 6 SYSTEMPATH\CodeIgniter.php(498): CodeIgniter\CodeIgniter->createController()
 7 SYSTEMPATH\CodeIgniter.php(354): CodeIgniter\CodeIgniter->handleRequest(null, Object(Config\Cache), false)
 8 SYSTEMPATH\Boot.php(363): CodeIgniter\CodeIgniter->run()
 9 SYSTEMPATH\Boot.php(68): CodeIgniter\Boot::runCodeIgniter(Object(CodeIgniter\CodeIgniter))
10 FCPATH\index.php(59): CodeIgniter\Boot::bootWeb(Object(Config\Paths))
DEBUG - 2025-11-06 02:18:22 --> Session: Class initialized using 'CodeIgniter\Session\Handlers\FileHandler' driver.
WARNING - 2025-11-06 02:18:22 --> [DEPRECATED] Optional parameter $filters declared before required parameter $id_dep is implicitly treated as a required parameter in APPPATH\Models\Model_arsip.php on line 303.
 1 SYSTEMPATH\Autoloader\Autoloader.php(315): include_once('C:\\xampp\\htdocs\\e-arsip_ci4\\system\\Debug\\Exceptions.php')
 2 SYSTEMPATH\Autoloader\Autoloader.php(295): CodeIgniter\Autoloader\Autoloader->includeFile('C:\\xampp\\htdocs\\e-arsip_ci4\\app\\Models\\Model_arsip.php')
 3 SYSTEMPATH\Autoloader\Autoloader.php(271): CodeIgniter\Autoloader\Autoloader->loadInNamespace('App\\Models\\Model_arsip')
 4 APPPATH\Controllers\Cari.php(20): CodeIgniter\Autoloader\Autoloader->loadClass('App\\Models\\Model_arsip')
 5 SYSTEMPATH\CodeIgniter.php(903): App\Controllers\Cari->__construct()
 6 SYSTEMPATH\CodeIgniter.php(498): CodeIgniter\CodeIgniter->createController()
 7 SYSTEMPATH\CodeIgniter.php(354): CodeIgniter\CodeIgniter->handleRequest(null, Object(Config\Cache), false)
 8 SYSTEMPATH\Boot.php(363): CodeIgniter\CodeIgniter->run()
 9 SYSTEMPATH\Boot.php(68): CodeIgniter\Boot::runCodeIgniter(Object(CodeIgniter\CodeIgniter))
10 FCPATH\index.php(59): CodeIgniter\Boot::bootWeb(Object(Config\Paths))
DEBUG - 2025-11-06 02:18:22 --> Session: Class initialized using 'CodeIgniter\Session\Handlers\FileHandler' driver.
WARNING - 2025-11-06 02:18:22 --> [DEPRECATED] Optional parameter $filters declared before required parameter $id_dep is implicitly treated as a required parameter in APPPATH\Models\Model_arsip.php on line 303.
 1 SYSTEMPATH\Autoloader\Autoloader.php(315): include_once('C:\\xampp\\htdocs\\e-arsip_ci4\\system\\Debug\\Exceptions.php')
 2 SYSTEMPATH\Autoloader\Autoloader.php(295): CodeIgniter\Autoloader\Autoloader->includeFile('C:\\xampp\\htdocs\\e-arsip_ci4\\app\\Models\\Model_arsip.php')
 3 SYSTEMPATH\Autoloader\Autoloader.php(271): CodeIgniter\Autoloader\Autoloader->loadInNamespace('App\\Models\\Model_arsip')
 4 APPPATH\Controllers\Arsip.php(26): CodeIgniter\Autoloader\Autoloader->loadClass('App\\Models\\Model_arsip')
 5 SYSTEMPATH\CodeIgniter.php(903): App\Controllers\Arsip->__construct()
 6 SYSTEMPATH\CodeIgniter.php(498): CodeIgniter\CodeIgniter->createController()
 7 SYSTEMPATH\CodeIgniter.php(354): CodeIgniter\CodeIgniter->handleRequest(null, Object(Config\Cache), false)
 8 SYSTEMPATH\Boot.php(363): CodeIgniter\CodeIgniter->run()
 9 SYSTEMPATH\Boot.php(68): CodeIgniter\Boot::runCodeIgniter(Object(CodeIgniter\CodeIgniter))
10 FCPATH\index.php(59): CodeIgniter\Boot::bootWeb(Object(Config\Paths))
DEBUG - 2025-11-06 02:18:23 --> Session: Class initialized using 'CodeIgniter\Session\Handlers\FileHandler' driver.
WARNING - 2025-11-06 02:18:23 --> [DEPRECATED] Optional parameter $filters declared before required parameter $id_dep is implicitly treated as a required parameter in APPPATH\Models\Model_arsip.php on line 303.
 1 SYSTEMPATH\Autoloader\Autoloader.php(315): include_once('C:\\xampp\\htdocs\\e-arsip_ci4\\system\\Debug\\Exceptions.php')
 2 SYSTEMPATH\Autoloader\Autoloader.php(295): CodeIgniter\Autoloader\Autoloader->includeFile('C:\\xampp\\htdocs\\e-arsip_ci4\\app\\Models\\Model_arsip.php')
 3 SYSTEMPATH\Autoloader\Autoloader.php(271): CodeIgniter\Autoloader\Autoloader->loadInNamespace('App\\Models\\Model_arsip')
 4 APPPATH\Controllers\Cari.php(20): CodeIgniter\Autoloader\Autoloader->loadClass('App\\Models\\Model_arsip')
 5 SYSTEMPATH\CodeIgniter.php(903): App\Controllers\Cari->__construct()
 6 SYSTEMPATH\CodeIgniter.php(498): CodeIgniter\CodeIgniter->createController()
 7 SYSTEMPATH\CodeIgniter.php(354): CodeIgniter\CodeIgniter->handleRequest(null, Object(Config\Cache), false)
 8 SYSTEMPATH\Boot.php(363): CodeIgniter\CodeIgniter->run()
 9 SYSTEMPATH\Boot.php(68): CodeIgniter\Boot::runCodeIgniter(Object(CodeIgniter\CodeIgniter))
10 FCPATH\index.php(59): CodeIgniter\Boot::bootWeb(Object(Config\Paths))
DEBUG - 2025-11-06 02:18:25 --> Session: Class initialized using 'CodeIgniter\Session\Handlers\FileHandler' driver.
WARNING - 2025-11-06 02:18:25 --> [DEPRECATED] Optional parameter $filters declared before required parameter $id_dep is implicitly treated as a required parameter in APPPATH\Models\Model_arsip.php on line 303.
 1 SYSTEMPATH\Autoloader\Autoloader.php(315): include_once('C:\\xampp\\htdocs\\e-arsip_ci4\\system\\Debug\\Exceptions.php')
 2 SYSTEMPATH\Autoloader\Autoloader.php(295): CodeIgniter\Autoloader\Autoloader->includeFile('C:\\xampp\\htdocs\\e-arsip_ci4\\app\\Models\\Model_arsip.php')
 3 SYSTEMPATH\Autoloader\Autoloader.php(271): CodeIgniter\Autoloader\Autoloader->loadInNamespace('App\\Models\\Model_arsip')
 4 APPPATH\Controllers\Arsip.php(26): CodeIgniter\Autoloader\Autoloader->loadClass('App\\Models\\Model_arsip')
 5 SYSTEMPATH\CodeIgniter.php(903): App\Controllers\Arsip->__construct()
 6 SYSTEMPATH\CodeIgniter.php(498): CodeIgniter\CodeIgniter->createController()
 7 SYSTEMPATH\CodeIgniter.php(354): CodeIgniter\CodeIgniter->handleRequest(null, Object(Config\Cache), false)
 8 SYSTEMPATH\Boot.php(363): CodeIgniter\CodeIgniter->run()
 9 SYSTEMPATH\Boot.php(68): CodeIgniter\Boot::runCodeIgniter(Object(CodeIgniter\CodeIgniter))
10 FCPATH\index.php(59): CodeIgniter\Boot::bootWeb(Object(Config\Paths))
DEBUG - 2025-11-06 02:18:32 --> Session: Class initialized using 'CodeIgniter\Session\Handlers\FileHandler' driver.
WARNING - 2025-11-06 02:18:32 --> [DEPRECATED] Optional parameter $filters declared before required parameter $id_dep is implicitly treated as a required parameter in APPPATH\Models\Model_arsip.php on line 303.
 1 SYSTEMPATH\Autoloader\Autoloader.php(315): include_once('C:\\xampp\\htdocs\\e-arsip_ci4\\system\\Debug\\Exceptions.php')
 2 SYSTEMPATH\Autoloader\Autoloader.php(295): CodeIgniter\Autoloader\Autoloader->includeFile('C:\\xampp\\htdocs\\e-arsip_ci4\\app\\Models\\Model_arsip.php')
 3 SYSTEMPATH\Autoloader\Autoloader.php(271): CodeIgniter\Autoloader\Autoloader->loadInNamespace('App\\Models\\Model_arsip')
 4 APPPATH\Controllers\Cari.php(20): CodeIgniter\Autoloader\Autoloader->loadClass('App\\Models\\Model_arsip')
 5 SYSTEMPATH\CodeIgniter.php(903): App\Controllers\Cari->__construct()
 6 SYSTEMPATH\CodeIgniter.php(498): CodeIgniter\CodeIgniter->createController()
 7 SYSTEMPATH\CodeIgniter.php(354): CodeIgniter\CodeIgniter->handleRequest(null, Object(Config\Cache), false)
 8 SYSTEMPATH\Boot.php(363): CodeIgniter\CodeIgniter->run()
 9 SYSTEMPATH\Boot.php(68): CodeIgniter\Boot::runCodeIgniter(Object(CodeIgniter\CodeIgniter))
10 FCPATH\index.php(59): CodeIgniter\Boot::bootWeb(Object(Config\Paths))
DEBUG - 2025-11-06 02:18:35 --> Session: Class initialized using 'CodeIgniter\Session\Handlers\FileHandler' driver.
WARNING - 2025-11-06 02:18:35 --> [DEPRECATED] Optional parameter $filters declared before required parameter $id_dep is implicitly treated as a required parameter in APPPATH\Models\Model_arsip.php on line 303.
 1 SYSTEMPATH\Autoloader\Autoloader.php(315): include_once('C:\\xampp\\htdocs\\e-arsip_ci4\\system\\Debug\\Exceptions.php')
 2 SYSTEMPATH\Autoloader\Autoloader.php(295): CodeIgniter\Autoloader\Autoloader->includeFile('C:\\xampp\\htdocs\\e-arsip_ci4\\app\\Models\\Model_arsip.php')
 3 SYSTEMPATH\Autoloader\Autoloader.php(271): CodeIgniter\Autoloader\Autoloader->loadInNamespace('App\\Models\\Model_arsip')
 4 APPPATH\Controllers\Arsip.php(26): CodeIgniter\Autoloader\Autoloader->loadClass('App\\Models\\Model_arsip')
 5 SYSTEMPATH\CodeIgniter.php(903): App\Controllers\Arsip->__construct()
 6 SYSTEMPATH\CodeIgniter.php(498): CodeIgniter\CodeIgniter->createController()
 7 SYSTEMPATH\CodeIgniter.php(354): CodeIgniter\CodeIgniter->handleRequest(null, Object(Config\Cache), false)
 8 SYSTEMPATH\Boot.php(363): CodeIgniter\CodeIgniter->run()
 9 SYSTEMPATH\Boot.php(68): CodeIgniter\Boot::runCodeIgniter(Object(CodeIgniter\CodeIgniter))
10 FCPATH\index.php(59): CodeIgniter\Boot::bootWeb(Object(Config\Paths))
DEBUG - 2025-11-06 02:18:40 --> Session: Class initialized using 'CodeIgniter\Session\Handlers\FileHandler' driver.
DEBUG - 2025-11-06 02:19:06 --> Session: Class initialized using 'CodeIgniter\Session\Handlers\FileHandler' driver.
WARNING - 2025-11-06 02:19:06 --> [DEPRECATED] Optional parameter $filters declared before required parameter $id_dep is implicitly treated as a required parameter in APPPATH\Models\Model_arsip.php on line 303.
 1 SYSTEMPATH\Autoloader\Autoloader.php(315): include_once('C:\\xampp\\htdocs\\e-arsip_ci4\\system\\Debug\\Exceptions.php')
 2 SYSTEMPATH\Autoloader\Autoloader.php(295): CodeIgniter\Autoloader\Autoloader->includeFile('C:\\xampp\\htdocs\\e-arsip_ci4\\app\\Models\\Model_arsip.php')
 3 SYSTEMPATH\Autoloader\Autoloader.php(271): CodeIgniter\Autoloader\Autoloader->loadInNamespace('App\\Models\\Model_arsip')
 4 APPPATH\Controllers\Arsip.php(26): CodeIgniter\Autoloader\Autoloader->loadClass('App\\Models\\Model_arsip')
 5 SYSTEMPATH\CodeIgniter.php(903): App\Controllers\Arsip->__construct()
 6 SYSTEMPATH\CodeIgniter.php(498): CodeIgniter\CodeIgniter->createController()
 7 SYSTEMPATH\CodeIgniter.php(354): CodeIgniter\CodeIgniter->handleRequest(null, Object(Config\Cache), false)
 8 SYSTEMPATH\Boot.php(363): CodeIgniter\CodeIgniter->run()
 9 SYSTEMPATH\Boot.php(68): CodeIgniter\Boot::runCodeIgniter(Object(CodeIgniter\CodeIgniter))
10 FCPATH\index.php(59): CodeIgniter\Boot::bootWeb(Object(Config\Paths))
DEBUG - 2025-11-06 02:19:12 --> Session: Class initialized using 'CodeIgniter\Session\Handlers\FileHandler' driver.
WARNING - 2025-11-06 02:19:12 --> [DEPRECATED] Optional parameter $filters declared before required parameter $id_dep is implicitly treated as a required parameter in APPPATH\Models\Model_arsip.php on line 303.
 1 SYSTEMPATH\Autoloader\Autoloader.php(315): include_once('C:\\xampp\\htdocs\\e-arsip_ci4\\system\\Debug\\Exceptions.php')
 2 SYSTEMPATH\Autoloader\Autoloader.php(295): CodeIgniter\Autoloader\Autoloader->includeFile('C:\\xampp\\htdocs\\e-arsip_ci4\\app\\Models\\Model_arsip.php')
 3 SYSTEMPATH\Autoloader\Autoloader.php(271): CodeIgniter\Autoloader\Autoloader->loadInNamespace('App\\Models\\Model_arsip')
 4 APPPATH\Controllers\Kategori.php(21): CodeIgniter\Autoloader\Autoloader->loadClass('App\\Models\\Model_arsip')
 5 SYSTEMPATH\CodeIgniter.php(903): App\Controllers\Kategori->__construct()
 6 SYSTEMPATH\CodeIgniter.php(498): CodeIgniter\CodeIgniter->createController()
 7 SYSTEMPATH\CodeIgniter.php(354): CodeIgniter\CodeIgniter->handleRequest(null, Object(Config\Cache), false)
 8 SYSTEMPATH\Boot.php(363): CodeIgniter\CodeIgniter->run()
 9 SYSTEMPATH\Boot.php(68): CodeIgniter\Boot::runCodeIgniter(Object(CodeIgniter\CodeIgniter))
10 FCPATH\index.php(59): CodeIgniter\Boot::bootWeb(Object(Config\Paths))
DEBUG - 2025-11-06 02:19:26 --> Session: Class initialized using 'CodeIgniter\Session\Handlers\FileHandler' driver.
DEBUG - 2025-11-06 02:19:27 --> Session: Class initialized using 'CodeIgniter\Session\Handlers\FileHandler' driver.
DEBUG - 2025-11-06 02:19:27 --> Session: Class initialized using 'CodeIgniter\Session\Handlers\FileHandler' driver.
WARNING - 2025-11-06 02:19:27 --> [DEPRECATED] Optional parameter $filters declared before required parameter $id_dep is implicitly treated as a required parameter in APPPATH\Models\Model_arsip.php on line 303.
 1 SYSTEMPATH\Autoloader\Autoloader.php(315): include_once('C:\\xampp\\htdocs\\e-arsip_ci4\\system\\Debug\\Exceptions.php')
 2 SYSTEMPATH\Autoloader\Autoloader.php(295): CodeIgniter\Autoloader\Autoloader->includeFile('C:\\xampp\\htdocs\\e-arsip_ci4\\app\\Models\\Model_arsip.php')
 3 SYSTEMPATH\Autoloader\Autoloader.php(271): CodeIgniter\Autoloader\Autoloader->loadInNamespace('App\\Models\\Model_arsip')
 4 APPPATH\Controllers\Cari.php(20): CodeIgniter\Autoloader\Autoloader->loadClass('App\\Models\\Model_arsip')
 5 SYSTEMPATH\CodeIgniter.php(903): App\Controllers\Cari->__construct()
 6 SYSTEMPATH\CodeIgniter.php(498): CodeIgniter\CodeIgniter->createController()
 7 SYSTEMPATH\CodeIgniter.php(354): CodeIgniter\CodeIgniter->handleRequest(null, Object(Config\Cache), false)
 8 SYSTEMPATH\Boot.php(363): CodeIgniter\CodeIgniter->run()
 9 SYSTEMPATH\Boot.php(68): CodeIgniter\Boot::runCodeIgniter(Object(CodeIgniter\CodeIgniter))
10 FCPATH\index.php(59): CodeIgniter\Boot::bootWeb(Object(Config\Paths))
DEBUG - 2025-11-06 02:19:30 --> Session: Class initialized using 'CodeIgniter\Session\Handlers\FileHandler' driver.
WARNING - 2025-11-06 02:19:30 --> [DEPRECATED] Optional parameter $filters declared before required parameter $id_dep is implicitly treated as a required parameter in APPPATH\Models\Model_arsip.php on line 303.
 1 SYSTEMPATH\Autoloader\Autoloader.php(315): include_once('C:\\xampp\\htdocs\\e-arsip_ci4\\system\\Debug\\Exceptions.php')
 2 SYSTEMPATH\Autoloader\Autoloader.php(295): CodeIgniter\Autoloader\Autoloader->includeFile('C:\\xampp\\htdocs\\e-arsip_ci4\\app\\Models\\Model_arsip.php')
 3 SYSTEMPATH\Autoloader\Autoloader.php(271): CodeIgniter\Autoloader\Autoloader->loadInNamespace('App\\Models\\Model_arsip')
 4 APPPATH\Controllers\Arsip.php(26): CodeIgniter\Autoloader\Autoloader->loadClass('App\\Models\\Model_arsip')
 5 SYSTEMPATH\CodeIgniter.php(903): App\Controllers\Arsip->__construct()
 6 SYSTEMPATH\CodeIgniter.php(498): CodeIgniter\CodeIgniter->createController()
 7 SYSTEMPATH\CodeIgniter.php(354): CodeIgniter\CodeIgniter->handleRequest(null, Object(Config\Cache), false)
 8 SYSTEMPATH\Boot.php(363): CodeIgniter\CodeIgniter->run()
 9 SYSTEMPATH\Boot.php(68): CodeIgniter\Boot::runCodeIgniter(Object(CodeIgniter\CodeIgniter))
10 FCPATH\index.php(59): CodeIgniter\Boot::bootWeb(Object(Config\Paths))
DEBUG - 2025-11-06 02:19:35 --> Session: Class initialized using 'CodeIgniter\Session\Handlers\FileHandler' driver.
WARNING - 2025-11-06 02:19:35 --> [DEPRECATED] Optional parameter $filters declared before required parameter $id_dep is implicitly treated as a required parameter in APPPATH\Models\Model_arsip.php on line 303.
 1 SYSTEMPATH\Autoloader\Autoloader.php(315): include_once('C:\\xampp\\htdocs\\e-arsip_ci4\\system\\Debug\\Exceptions.php')
 2 SYSTEMPATH\Autoloader\Autoloader.php(295): CodeIgniter\Autoloader\Autoloader->includeFile('C:\\xampp\\htdocs\\e-arsip_ci4\\app\\Models\\Model_arsip.php')
 3 SYSTEMPATH\Autoloader\Autoloader.php(271): CodeIgniter\Autoloader\Autoloader->loadInNamespace('App\\Models\\Model_arsip')
 4 APPPATH\Controllers\Cari.php(20): CodeIgniter\Autoloader\Autoloader->loadClass('App\\Models\\Model_arsip')
 5 SYSTEMPATH\CodeIgniter.php(903): App\Controllers\Cari->__construct()
 6 SYSTEMPATH\CodeIgniter.php(498): CodeIgniter\CodeIgniter->createController()
 7 SYSTEMPATH\CodeIgniter.php(354): CodeIgniter\CodeIgniter->handleRequest(null, Object(Config\Cache), false)
 8 SYSTEMPATH\Boot.php(363): CodeIgniter\CodeIgniter->run()
 9 SYSTEMPATH\Boot.php(68): CodeIgniter\Boot::runCodeIgniter(Object(CodeIgniter\CodeIgniter))
10 FCPATH\index.php(59): CodeIgniter\Boot::bootWeb(Object(Config\Paths))
DEBUG - 2025-11-06 02:19:41 --> Session: Class initialized using 'CodeIgniter\Session\Handlers\FileHandler' driver.
WARNING - 2025-11-06 02:19:41 --> [DEPRECATED] Optional parameter $filters declared before required parameter $id_dep is implicitly treated as a required parameter in APPPATH\Models\Model_arsip.php on line 303.
 1 SYSTEMPATH\Autoloader\Autoloader.php(315): include_once('C:\\xampp\\htdocs\\e-arsip_ci4\\system\\Debug\\Exceptions.php')
 2 SYSTEMPATH\Autoloader\Autoloader.php(295): CodeIgniter\Autoloader\Autoloader->includeFile('C:\\xampp\\htdocs\\e-arsip_ci4\\app\\Models\\Model_arsip.php')
 3 SYSTEMPATH\Autoloader\Autoloader.php(271): CodeIgniter\Autoloader\Autoloader->loadInNamespace('App\\Models\\Model_arsip')
 4 APPPATH\Controllers\Arsip.php(26): CodeIgniter\Autoloader\Autoloader->loadClass('App\\Models\\Model_arsip')
 5 SYSTEMPATH\CodeIgniter.php(903): App\Controllers\Arsip->__construct()
 6 SYSTEMPATH\CodeIgniter.php(498): CodeIgniter\CodeIgniter->createController()
 7 SYSTEMPATH\CodeIgniter.php(354): CodeIgniter\CodeIgniter->handleRequest(null, Object(Config\Cache), false)
 8 SYSTEMPATH\Boot.php(363): CodeIgniter\CodeIgniter->run()
 9 SYSTEMPATH\Boot.php(68): CodeIgniter\Boot::runCodeIgniter(Object(CodeIgniter\CodeIgniter))
10 FCPATH\index.php(59): CodeIgniter\Boot::bootWeb(Object(Config\Paths))
DEBUG - 2025-11-06 02:20:20 --> Session: Class initialized using 'CodeIgniter\Session\Handlers\FileHandler' driver.
DEBUG - 2025-11-06 02:20:20 --> Session: Class initialized using 'CodeIgniter\Session\Handlers\FileHandler' driver.
DEBUG - 2025-11-06 02:20:29 --> Session: Class initialized using 'CodeIgniter\Session\Handlers\FileHandler' driver.
WARNING - 2025-11-06 02:20:29 --> [DEPRECATED] Optional parameter $filters declared before required parameter $id_dep is implicitly treated as a required parameter in APPPATH\Models\Model_arsip.php on line 303.
 1 SYSTEMPATH\Autoloader\Autoloader.php(315): include_once('C:\\xampp\\htdocs\\e-arsip_ci4\\system\\Debug\\Exceptions.php')
 2 SYSTEMPATH\Autoloader\Autoloader.php(295): CodeIgniter\Autoloader\Autoloader->includeFile('C:\\xampp\\htdocs\\e-arsip_ci4\\app\\Models\\Model_arsip.php')
 3 SYSTEMPATH\Autoloader\Autoloader.php(271): CodeIgniter\Autoloader\Autoloader->loadInNamespace('App\\Models\\Model_arsip')
 4 APPPATH\Controllers\Kategori.php(21): CodeIgniter\Autoloader\Autoloader->loadClass('App\\Models\\Model_arsip')
 5 SYSTEMPATH\CodeIgniter.php(903): App\Controllers\Kategori->__construct()
 6 SYSTEMPATH\CodeIgniter.php(498): CodeIgniter\CodeIgniter->createController()
 7 SYSTEMPATH\CodeIgniter.php(354): CodeIgniter\CodeIgniter->handleRequest(null, Object(Config\Cache), false)
 8 SYSTEMPATH\Boot.php(363): CodeIgniter\CodeIgniter->run()
 9 SYSTEMPATH\Boot.php(68): CodeIgniter\Boot::runCodeIgniter(Object(CodeIgniter\CodeIgniter))
10 FCPATH\index.php(59): CodeIgniter\Boot::bootWeb(Object(Config\Paths))
DEBUG - 2025-11-06 02:20:30 --> Session: Class initialized using 'CodeIgniter\Session\Handlers\FileHandler' driver.
WARNING - 2025-11-06 02:20:30 --> [DEPRECATED] Optional parameter $filters declared before required parameter $id_dep is implicitly treated as a required parameter in APPPATH\Models\Model_arsip.php on line 303.
 1 SYSTEMPATH\Autoloader\Autoloader.php(315): include_once('C:\\xampp\\htdocs\\e-arsip_ci4\\system\\Debug\\Exceptions.php')
 2 SYSTEMPATH\Autoloader\Autoloader.php(295): CodeIgniter\Autoloader\Autoloader->includeFile('C:\\xampp\\htdocs\\e-arsip_ci4\\app\\Models\\Model_arsip.php')
 3 SYSTEMPATH\Autoloader\Autoloader.php(271): CodeIgniter\Autoloader\Autoloader->loadInNamespace('App\\Models\\Model_arsip')
 4 APPPATH\Controllers\Arsip.php(26): CodeIgniter\Autoloader\Autoloader->loadClass('App\\Models\\Model_arsip')
 5 SYSTEMPATH\CodeIgniter.php(903): App\Controllers\Arsip->__construct()
 6 SYSTEMPATH\CodeIgniter.php(498): CodeIgniter\CodeIgniter->createController()
 7 SYSTEMPATH\CodeIgniter.php(354): CodeIgniter\CodeIgniter->handleRequest(null, Object(Config\Cache), false)
 8 SYSTEMPATH\Boot.php(363): CodeIgniter\CodeIgniter->run()
 9 SYSTEMPATH\Boot.php(68): CodeIgniter\Boot::runCodeIgniter(Object(CodeIgniter\CodeIgniter))
10 FCPATH\index.php(59): CodeIgniter\Boot::bootWeb(Object(Config\Paths))
DEBUG - 2025-11-06 02:20:38 --> Session: Class initialized using 'CodeIgniter\Session\Handlers\FileHandler' driver.
WARNING - 2025-11-06 02:20:38 --> [DEPRECATED] Optional parameter $filters declared before required parameter $id_dep is implicitly treated as a required parameter in APPPATH\Models\Model_arsip.php on line 303.
 1 SYSTEMPATH\Autoloader\Autoloader.php(315): include_once('C:\\xampp\\htdocs\\e-arsip_ci4\\system\\Debug\\Exceptions.php')
 2 SYSTEMPATH\Autoloader\Autoloader.php(295): CodeIgniter\Autoloader\Autoloader->includeFile('C:\\xampp\\htdocs\\e-arsip_ci4\\app\\Models\\Model_arsip.php')
 3 SYSTEMPATH\Autoloader\Autoloader.php(271): CodeIgniter\Autoloader\Autoloader->loadInNamespace('App\\Models\\Model_arsip')
 4 APPPATH\Controllers\Cari.php(20): CodeIgniter\Autoloader\Autoloader->loadClass('App\\Models\\Model_arsip')
 5 SYSTEMPATH\CodeIgniter.php(903): App\Controllers\Cari->__construct()
 6 SYSTEMPATH\CodeIgniter.php(498): CodeIgniter\CodeIgniter->createController()
 7 SYSTEMPATH\CodeIgniter.php(354): CodeIgniter\CodeIgniter->handleRequest(null, Object(Config\Cache), false)
 8 SYSTEMPATH\Boot.php(363): CodeIgniter\CodeIgniter->run()
 9 SYSTEMPATH\Boot.php(68): CodeIgniter\Boot::runCodeIgniter(Object(CodeIgniter\CodeIgniter))
10 FCPATH\index.php(59): CodeIgniter\Boot::bootWeb(Object(Config\Paths))
DEBUG - 2025-11-06 02:20:40 --> Session: Class initialized using 'CodeIgniter\Session\Handlers\FileHandler' driver.
WARNING - 2025-11-06 02:20:40 --> [DEPRECATED] Optional parameter $filters declared before required parameter $id_dep is implicitly treated as a required parameter in APPPATH\Models\Model_arsip.php on line 303.
 1 SYSTEMPATH\Autoloader\Autoloader.php(315): include_once('C:\\xampp\\htdocs\\e-arsip_ci4\\system\\Debug\\Exceptions.php')
 2 SYSTEMPATH\Autoloader\Autoloader.php(295): CodeIgniter\Autoloader\Autoloader->includeFile('C:\\xampp\\htdocs\\e-arsip_ci4\\app\\Models\\Model_arsip.php')
 3 SYSTEMPATH\Autoloader\Autoloader.php(271): CodeIgniter\Autoloader\Autoloader->loadInNamespace('App\\Models\\Model_arsip')
 4 APPPATH\Controllers\Arsip.php(26): CodeIgniter\Autoloader\Autoloader->loadClass('App\\Models\\Model_arsip')
 5 SYSTEMPATH\CodeIgniter.php(903): App\Controllers\Arsip->__construct()
 6 SYSTEMPATH\CodeIgniter.php(498): CodeIgniter\CodeIgniter->createController()
 7 SYSTEMPATH\CodeIgniter.php(354): CodeIgniter\CodeIgniter->handleRequest(null, Object(Config\Cache), false)
 8 SYSTEMPATH\Boot.php(363): CodeIgniter\CodeIgniter->run()
 9 SYSTEMPATH\Boot.php(68): CodeIgniter\Boot::runCodeIgniter(Object(CodeIgniter\CodeIgniter))
10 FCPATH\index.php(59): CodeIgniter\Boot::bootWeb(Object(Config\Paths))
DEBUG - 2025-11-06 02:20:41 --> Session: Class initialized using 'CodeIgniter\Session\Handlers\FileHandler' driver.
WARNING - 2025-11-06 02:20:41 --> [DEPRECATED] Optional parameter $filters declared before required parameter $id_dep is implicitly treated as a required parameter in APPPATH\Models\Model_arsip.php on line 303.
 1 SYSTEMPATH\Autoloader\Autoloader.php(315): include_once('C:\\xampp\\htdocs\\e-arsip_ci4\\system\\Debug\\Exceptions.php')
 2 SYSTEMPATH\Autoloader\Autoloader.php(295): CodeIgniter\Autoloader\Autoloader->includeFile('C:\\xampp\\htdocs\\e-arsip_ci4\\app\\Models\\Model_arsip.php')
 3 SYSTEMPATH\Autoloader\Autoloader.php(271): CodeIgniter\Autoloader\Autoloader->loadInNamespace('App\\Models\\Model_arsip')
 4 APPPATH\Controllers\Cari.php(20): CodeIgniter\Autoloader\Autoloader->loadClass('App\\Models\\Model_arsip')
 5 SYSTEMPATH\CodeIgniter.php(903): App\Controllers\Cari->__construct()
 6 SYSTEMPATH\CodeIgniter.php(498): CodeIgniter\CodeIgniter->createController()
 7 SYSTEMPATH\CodeIgniter.php(354): CodeIgniter\CodeIgniter->handleRequest(null, Object(Config\Cache), false)
 8 SYSTEMPATH\Boot.php(363): CodeIgniter\CodeIgniter->run()
 9 SYSTEMPATH\Boot.php(68): CodeIgniter\Boot::runCodeIgniter(Object(CodeIgniter\CodeIgniter))
10 FCPATH\index.php(59): CodeIgniter\Boot::bootWeb(Object(Config\Paths))
DEBUG - 2025-11-06 02:20:41 --> Session: Class initialized using 'CodeIgniter\Session\Handlers\FileHandler' driver.
WARNING - 2025-11-06 02:20:41 --> [DEPRECATED] Optional parameter $filters declared before required parameter $id_dep is implicitly treated as a required parameter in APPPATH\Models\Model_arsip.php on line 303.
 1 SYSTEMPATH\Autoloader\Autoloader.php(315): include_once('C:\\xampp\\htdocs\\e-arsip_ci4\\system\\Debug\\Exceptions.php')
 2 SYSTEMPATH\Autoloader\Autoloader.php(295): CodeIgniter\Autoloader\Autoloader->includeFile('C:\\xampp\\htdocs\\e-arsip_ci4\\app\\Models\\Model_arsip.php')
 3 SYSTEMPATH\Autoloader\Autoloader.php(271): CodeIgniter\Autoloader\Autoloader->loadInNamespace('App\\Models\\Model_arsip')
 4 APPPATH\Controllers\Arsip.php(26): CodeIgniter\Autoloader\Autoloader->loadClass('App\\Models\\Model_arsip')
 5 SYSTEMPATH\CodeIgniter.php(903): App\Controllers\Arsip->__construct()
 6 SYSTEMPATH\CodeIgniter.php(498): CodeIgniter\CodeIgniter->createController()
 7 SYSTEMPATH\CodeIgniter.php(354): CodeIgniter\CodeIgniter->handleRequest(null, Object(Config\Cache), false)
 8 SYSTEMPATH\Boot.php(363): CodeIgniter\CodeIgniter->run()
 9 SYSTEMPATH\Boot.php(68): CodeIgniter\Boot::runCodeIgniter(Object(CodeIgniter\CodeIgniter))
10 FCPATH\index.php(59): CodeIgniter\Boot::bootWeb(Object(Config\Paths))
DEBUG - 2025-11-06 02:20:42 --> Session: Class initialized using 'CodeIgniter\Session\Handlers\FileHandler' driver.
WARNING - 2025-11-06 02:20:42 --> [DEPRECATED] Optional parameter $filters declared before required parameter $id_dep is implicitly treated as a required parameter in APPPATH\Models\Model_arsip.php on line 303.
 1 SYSTEMPATH\Autoloader\Autoloader.php(315): include_once('C:\\xampp\\htdocs\\e-arsip_ci4\\system\\Debug\\Exceptions.php')
 2 SYSTEMPATH\Autoloader\Autoloader.php(295): CodeIgniter\Autoloader\Autoloader->includeFile('C:\\xampp\\htdocs\\e-arsip_ci4\\app\\Models\\Model_arsip.php')
 3 SYSTEMPATH\Autoloader\Autoloader.php(271): CodeIgniter\Autoloader\Autoloader->loadInNamespace('App\\Models\\Model_arsip')
 4 APPPATH\Controllers\Cari.php(20): CodeIgniter\Autoloader\Autoloader->loadClass('App\\Models\\Model_arsip')
 5 SYSTEMPATH\CodeIgniter.php(903): App\Controllers\Cari->__construct()
 6 SYSTEMPATH\CodeIgniter.php(498): CodeIgniter\CodeIgniter->createController()
 7 SYSTEMPATH\CodeIgniter.php(354): CodeIgniter\CodeIgniter->handleRequest(null, Object(Config\Cache), false)
 8 SYSTEMPATH\Boot.php(363): CodeIgniter\CodeIgniter->run()
 9 SYSTEMPATH\Boot.php(68): CodeIgniter\Boot::runCodeIgniter(Object(CodeIgniter\CodeIgniter))
10 FCPATH\index.php(59): CodeIgniter\Boot::bootWeb(Object(Config\Paths))
DEBUG - 2025-11-06 02:20:43 --> Session: Class initialized using 'CodeIgniter\Session\Handlers\FileHandler' driver.
WARNING - 2025-11-06 02:20:43 --> [DEPRECATED] Optional parameter $filters declared before required parameter $id_dep is implicitly treated as a required parameter in APPPATH\Models\Model_arsip.php on line 303.
 1 SYSTEMPATH\Autoloader\Autoloader.php(315): include_once('C:\\xampp\\htdocs\\e-arsip_ci4\\system\\Debug\\Exceptions.php')
 2 SYSTEMPATH\Autoloader\Autoloader.php(295): CodeIgniter\Autoloader\Autoloader->includeFile('C:\\xampp\\htdocs\\e-arsip_ci4\\app\\Models\\Model_arsip.php')
 3 SYSTEMPATH\Autoloader\Autoloader.php(271): CodeIgniter\Autoloader\Autoloader->loadInNamespace('App\\Models\\Model_arsip')
 4 APPPATH\Controllers\Arsip.php(26): CodeIgniter\Autoloader\Autoloader->loadClass('App\\Models\\Model_arsip')
 5 SYSTEMPATH\CodeIgniter.php(903): App\Controllers\Arsip->__construct()
 6 SYSTEMPATH\CodeIgniter.php(498): CodeIgniter\CodeIgniter->createController()
 7 SYSTEMPATH\CodeIgniter.php(354): CodeIgniter\CodeIgniter->handleRequest(null, Object(Config\Cache), false)
 8 SYSTEMPATH\Boot.php(363): CodeIgniter\CodeIgniter->run()
 9 SYSTEMPATH\Boot.php(68): CodeIgniter\Boot::runCodeIgniter(Object(CodeIgniter\CodeIgniter))
10 FCPATH\index.php(59): CodeIgniter\Boot::bootWeb(Object(Config\Paths))
DEBUG - 2025-11-06 02:20:43 --> Session: Class initialized using 'CodeIgniter\Session\Handlers\FileHandler' driver.
WARNING - 2025-11-06 02:20:43 --> [DEPRECATED] Optional parameter $filters declared before required parameter $id_dep is implicitly treated as a required parameter in APPPATH\Models\Model_arsip.php on line 303.
 1 SYSTEMPATH\Autoloader\Autoloader.php(315): include_once('C:\\xampp\\htdocs\\e-arsip_ci4\\system\\Debug\\Exceptions.php')
 2 SYSTEMPATH\Autoloader\Autoloader.php(295): CodeIgniter\Autoloader\Autoloader->includeFile('C:\\xampp\\htdocs\\e-arsip_ci4\\app\\Models\\Model_arsip.php')
 3 SYSTEMPATH\Autoloader\Autoloader.php(271): CodeIgniter\Autoloader\Autoloader->loadInNamespace('App\\Models\\Model_arsip')
 4 APPPATH\Controllers\Cari.php(20): CodeIgniter\Autoloader\Autoloader->loadClass('App\\Models\\Model_arsip')
 5 SYSTEMPATH\CodeIgniter.php(903): App\Controllers\Cari->__construct()
 6 SYSTEMPATH\CodeIgniter.php(498): CodeIgniter\CodeIgniter->createController()
 7 SYSTEMPATH\CodeIgniter.php(354): CodeIgniter\CodeIgniter->handleRequest(null, Object(Config\Cache), false)
 8 SYSTEMPATH\Boot.php(363): CodeIgniter\CodeIgniter->run()
 9 SYSTEMPATH\Boot.php(68): CodeIgniter\Boot::runCodeIgniter(Object(CodeIgniter\CodeIgniter))
10 FCPATH\index.php(59): CodeIgniter\Boot::bootWeb(Object(Config\Paths))
DEBUG - 2025-11-06 02:20:44 --> Session: Class initialized using 'CodeIgniter\Session\Handlers\FileHandler' driver.
WARNING - 2025-11-06 02:20:44 --> [DEPRECATED] Optional parameter $filters declared before required parameter $id_dep is implicitly treated as a required parameter in APPPATH\Models\Model_arsip.php on line 303.
 1 SYSTEMPATH\Autoloader\Autoloader.php(315): include_once('C:\\xampp\\htdocs\\e-arsip_ci4\\system\\Debug\\Exceptions.php')
 2 SYSTEMPATH\Autoloader\Autoloader.php(295): CodeIgniter\Autoloader\Autoloader->includeFile('C:\\xampp\\htdocs\\e-arsip_ci4\\app\\Models\\Model_arsip.php')
 3 SYSTEMPATH\Autoloader\Autoloader.php(271): CodeIgniter\Autoloader\Autoloader->loadInNamespace('App\\Models\\Model_arsip')
 4 APPPATH\Controllers\Arsip.php(26): CodeIgniter\Autoloader\Autoloader->loadClass('App\\Models\\Model_arsip')
 5 SYSTEMPATH\CodeIgniter.php(903): App\Controllers\Arsip->__construct()
 6 SYSTEMPATH\CodeIgniter.php(498): CodeIgniter\CodeIgniter->createController()
 7 SYSTEMPATH\CodeIgniter.php(354): CodeIgniter\CodeIgniter->handleRequest(null, Object(Config\Cache), false)
 8 SYSTEMPATH\Boot.php(363): CodeIgniter\CodeIgniter->run()
 9 SYSTEMPATH\Boot.php(68): CodeIgniter\Boot::runCodeIgniter(Object(CodeIgniter\CodeIgniter))
10 FCPATH\index.php(59): CodeIgniter\Boot::bootWeb(Object(Config\Paths))
DEBUG - 2025-11-06 02:20:44 --> Session: Class initialized using 'CodeIgniter\Session\Handlers\FileHandler' driver.
WARNING - 2025-11-06 02:20:44 --> [DEPRECATED] Optional parameter $filters declared before required parameter $id_dep is implicitly treated as a required parameter in APPPATH\Models\Model_arsip.php on line 303.
 1 SYSTEMPATH\Autoloader\Autoloader.php(315): include_once('C:\\xampp\\htdocs\\e-arsip_ci4\\system\\Debug\\Exceptions.php')
 2 SYSTEMPATH\Autoloader\Autoloader.php(295): CodeIgniter\Autoloader\Autoloader->includeFile('C:\\xampp\\htdocs\\e-arsip_ci4\\app\\Models\\Model_arsip.php')
 3 SYSTEMPATH\Autoloader\Autoloader.php(271): CodeIgniter\Autoloader\Autoloader->loadInNamespace('App\\Models\\Model_arsip')
 4 APPPATH\Controllers\Cari.php(20): CodeIgniter\Autoloader\Autoloader->loadClass('App\\Models\\Model_arsip')
 5 SYSTEMPATH\CodeIgniter.php(903): App\Controllers\Cari->__construct()
 6 SYSTEMPATH\CodeIgniter.php(498): CodeIgniter\CodeIgniter->createController()
 7 SYSTEMPATH\CodeIgniter.php(354): CodeIgniter\CodeIgniter->handleRequest(null, Object(Config\Cache), false)
 8 SYSTEMPATH\Boot.php(363): CodeIgniter\CodeIgniter->run()
 9 SYSTEMPATH\Boot.php(68): CodeIgniter\Boot::runCodeIgniter(Object(CodeIgniter\CodeIgniter))
10 FCPATH\index.php(59): CodeIgniter\Boot::bootWeb(Object(Config\Paths))
DEBUG - 2025-11-06 02:20:45 --> Session: Class initialized using 'CodeIgniter\Session\Handlers\FileHandler' driver.
WARNING - 2025-11-06 02:20:45 --> [DEPRECATED] Optional parameter $filters declared before required parameter $id_dep is implicitly treated as a required parameter in APPPATH\Models\Model_arsip.php on line 303.
 1 SYSTEMPATH\Autoloader\Autoloader.php(315): include_once('C:\\xampp\\htdocs\\e-arsip_ci4\\system\\Debug\\Exceptions.php')
 2 SYSTEMPATH\Autoloader\Autoloader.php(295): CodeIgniter\Autoloader\Autoloader->includeFile('C:\\xampp\\htdocs\\e-arsip_ci4\\app\\Models\\Model_arsip.php')
 3 SYSTEMPATH\Autoloader\Autoloader.php(271): CodeIgniter\Autoloader\Autoloader->loadInNamespace('App\\Models\\Model_arsip')
 4 APPPATH\Controllers\Arsip.php(26): CodeIgniter\Autoloader\Autoloader->loadClass('App\\Models\\Model_arsip')
 5 SYSTEMPATH\CodeIgniter.php(903): App\Controllers\Arsip->__construct()
 6 SYSTEMPATH\CodeIgniter.php(498): CodeIgniter\CodeIgniter->createController()
 7 SYSTEMPATH\CodeIgniter.php(354): CodeIgniter\CodeIgniter->handleRequest(null, Object(Config\Cache), false)
 8 SYSTEMPATH\Boot.php(363): CodeIgniter\CodeIgniter->run()
 9 SYSTEMPATH\Boot.php(68): CodeIgniter\Boot::runCodeIgniter(Object(CodeIgniter\CodeIgniter))
10 FCPATH\index.php(59): CodeIgniter\Boot::bootWeb(Object(Config\Paths))
DEBUG - 2025-11-06 02:20:46 --> Session: Class initialized using 'CodeIgniter\Session\Handlers\FileHandler' driver.
WARNING - 2025-11-06 02:20:46 --> [DEPRECATED] Optional parameter $filters declared before required parameter $id_dep is implicitly treated as a required parameter in APPPATH\Models\Model_arsip.php on line 303.
 1 SYSTEMPATH\Autoloader\Autoloader.php(315): include_once('C:\\xampp\\htdocs\\e-arsip_ci4\\system\\Debug\\Exceptions.php')
 2 SYSTEMPATH\Autoloader\Autoloader.php(295): CodeIgniter\Autoloader\Autoloader->includeFile('C:\\xampp\\htdocs\\e-arsip_ci4\\app\\Models\\Model_arsip.php')
 3 SYSTEMPATH\Autoloader\Autoloader.php(271): CodeIgniter\Autoloader\Autoloader->loadInNamespace('App\\Models\\Model_arsip')
 4 APPPATH\Controllers\Cari.php(20): CodeIgniter\Autoloader\Autoloader->loadClass('App\\Models\\Model_arsip')
 5 SYSTEMPATH\CodeIgniter.php(903): App\Controllers\Cari->__construct()
 6 SYSTEMPATH\CodeIgniter.php(498): CodeIgniter\CodeIgniter->createController()
 7 SYSTEMPATH\CodeIgniter.php(354): CodeIgniter\CodeIgniter->handleRequest(null, Object(Config\Cache), false)
 8 SYSTEMPATH\Boot.php(363): CodeIgniter\CodeIgniter->run()
 9 SYSTEMPATH\Boot.php(68): CodeIgniter\Boot::runCodeIgniter(Object(CodeIgniter\CodeIgniter))
10 FCPATH\index.php(59): CodeIgniter\Boot::bootWeb(Object(Config\Paths))
DEBUG - 2025-11-06 02:20:47 --> Session: Class initialized using 'CodeIgniter\Session\Handlers\FileHandler' driver.
WARNING - 2025-11-06 02:20:47 --> [DEPRECATED] Optional parameter $filters declared before required parameter $id_dep is implicitly treated as a required parameter in APPPATH\Models\Model_arsip.php on line 303.
 1 SYSTEMPATH\Autoloader\Autoloader.php(315): include_once('C:\\xampp\\htdocs\\e-arsip_ci4\\system\\Debug\\Exceptions.php')
 2 SYSTEMPATH\Autoloader\Autoloader.php(295): CodeIgniter\Autoloader\Autoloader->includeFile('C:\\xampp\\htdocs\\e-arsip_ci4\\app\\Models\\Model_arsip.php')
 3 SYSTEMPATH\Autoloader\Autoloader.php(271): CodeIgniter\Autoloader\Autoloader->loadInNamespace('App\\Models\\Model_arsip')
 4 APPPATH\Controllers\Arsip.php(26): CodeIgniter\Autoloader\Autoloader->loadClass('App\\Models\\Model_arsip')
 5 SYSTEMPATH\CodeIgniter.php(903): App\Controllers\Arsip->__construct()
 6 SYSTEMPATH\CodeIgniter.php(498): CodeIgniter\CodeIgniter->createController()
 7 SYSTEMPATH\CodeIgniter.php(354): CodeIgniter\CodeIgniter->handleRequest(null, Object(Config\Cache), false)
 8 SYSTEMPATH\Boot.php(363): CodeIgniter\CodeIgniter->run()
 9 SYSTEMPATH\Boot.php(68): CodeIgniter\Boot::runCodeIgniter(Object(CodeIgniter\CodeIgniter))
10 FCPATH\index.php(59): CodeIgniter\Boot::bootWeb(Object(Config\Paths))
DEBUG - 2025-11-06 02:20:48 --> Session: Class initialized using 'CodeIgniter\Session\Handlers\FileHandler' driver.
WARNING - 2025-11-06 02:20:48 --> [DEPRECATED] Optional parameter $filters declared before required parameter $id_dep is implicitly treated as a required parameter in APPPATH\Models\Model_arsip.php on line 303.
 1 SYSTEMPATH\Autoloader\Autoloader.php(315): include_once('C:\\xampp\\htdocs\\e-arsip_ci4\\system\\Debug\\Exceptions.php')
 2 SYSTEMPATH\Autoloader\Autoloader.php(295): CodeIgniter\Autoloader\Autoloader->includeFile('C:\\xampp\\htdocs\\e-arsip_ci4\\app\\Models\\Model_arsip.php')
 3 SYSTEMPATH\Autoloader\Autoloader.php(271): CodeIgniter\Autoloader\Autoloader->loadInNamespace('App\\Models\\Model_arsip')
 4 APPPATH\Controllers\Cari.php(20): CodeIgniter\Autoloader\Autoloader->loadClass('App\\Models\\Model_arsip')
 5 SYSTEMPATH\CodeIgniter.php(903): App\Controllers\Cari->__construct()
 6 SYSTEMPATH\CodeIgniter.php(498): CodeIgniter\CodeIgniter->createController()
 7 SYSTEMPATH\CodeIgniter.php(354): CodeIgniter\CodeIgniter->handleRequest(null, Object(Config\Cache), false)
 8 SYSTEMPATH\Boot.php(363): CodeIgniter\CodeIgniter->run()
 9 SYSTEMPATH\Boot.php(68): CodeIgniter\Boot::runCodeIgniter(Object(CodeIgniter\CodeIgniter))
10 FCPATH\index.php(59): CodeIgniter\Boot::bootWeb(Object(Config\Paths))
DEBUG - 2025-11-06 02:20:48 --> Session: Class initialized using 'CodeIgniter\Session\Handlers\FileHandler' driver.
WARNING - 2025-11-06 02:20:48 --> [DEPRECATED] Optional parameter $filters declared before required parameter $id_dep is implicitly treated as a required parameter in APPPATH\Models\Model_arsip.php on line 303.
 1 SYSTEMPATH\Autoloader\Autoloader.php(315): include_once('C:\\xampp\\htdocs\\e-arsip_ci4\\system\\Debug\\Exceptions.php')
 2 SYSTEMPATH\Autoloader\Autoloader.php(295): CodeIgniter\Autoloader\Autoloader->includeFile('C:\\xampp\\htdocs\\e-arsip_ci4\\app\\Models\\Model_arsip.php')
 3 SYSTEMPATH\Autoloader\Autoloader.php(271): CodeIgniter\Autoloader\Autoloader->loadInNamespace('App\\Models\\Model_arsip')
 4 APPPATH\Controllers\Arsip.php(26): CodeIgniter\Autoloader\Autoloader->loadClass('App\\Models\\Model_arsip')
 5 SYSTEMPATH\CodeIgniter.php(903): App\Controllers\Arsip->__construct()
 6 SYSTEMPATH\CodeIgniter.php(498): CodeIgniter\CodeIgniter->createController()
 7 SYSTEMPATH\CodeIgniter.php(354): CodeIgniter\CodeIgniter->handleRequest(null, Object(Config\Cache), false)
 8 SYSTEMPATH\Boot.php(363): CodeIgniter\CodeIgniter->run()
 9 SYSTEMPATH\Boot.php(68): CodeIgniter\Boot::runCodeIgniter(Object(CodeIgniter\CodeIgniter))
10 FCPATH\index.php(59): CodeIgniter\Boot::bootWeb(Object(Config\Paths))
DEBUG - 2025-11-06 02:20:49 --> Session: Class initialized using 'CodeIgniter\Session\Handlers\FileHandler' driver.
WARNING - 2025-11-06 02:20:49 --> [DEPRECATED] Optional parameter $filters declared before required parameter $id_dep is implicitly treated as a required parameter in APPPATH\Models\Model_arsip.php on line 303.
 1 SYSTEMPATH\Autoloader\Autoloader.php(315): include_once('C:\\xampp\\htdocs\\e-arsip_ci4\\system\\Debug\\Exceptions.php')
 2 SYSTEMPATH\Autoloader\Autoloader.php(295): CodeIgniter\Autoloader\Autoloader->includeFile('C:\\xampp\\htdocs\\e-arsip_ci4\\app\\Models\\Model_arsip.php')
 3 SYSTEMPATH\Autoloader\Autoloader.php(271): CodeIgniter\Autoloader\Autoloader->loadInNamespace('App\\Models\\Model_arsip')
 4 APPPATH\Controllers\Cari.php(20): CodeIgniter\Autoloader\Autoloader->loadClass('App\\Models\\Model_arsip')
 5 SYSTEMPATH\CodeIgniter.php(903): App\Controllers\Cari->__construct()
 6 SYSTEMPATH\CodeIgniter.php(498): CodeIgniter\CodeIgniter->createController()
 7 SYSTEMPATH\CodeIgniter.php(354): CodeIgniter\CodeIgniter->handleRequest(null, Object(Config\Cache), false)
 8 SYSTEMPATH\Boot.php(363): CodeIgniter\CodeIgniter->run()
 9 SYSTEMPATH\Boot.php(68): CodeIgniter\Boot::runCodeIgniter(Object(CodeIgniter\CodeIgniter))
10 FCPATH\index.php(59): CodeIgniter\Boot::bootWeb(Object(Config\Paths))
DEBUG - 2025-11-06 02:20:50 --> Session: Class initialized using 'CodeIgniter\Session\Handlers\FileHandler' driver.
WARNING - 2025-11-06 02:20:50 --> [DEPRECATED] Optional parameter $filters declared before required parameter $id_dep is implicitly treated as a required parameter in APPPATH\Models\Model_arsip.php on line 303.
 1 SYSTEMPATH\Autoloader\Autoloader.php(315): include_once('C:\\xampp\\htdocs\\e-arsip_ci4\\system\\Debug\\Exceptions.php')
 2 SYSTEMPATH\Autoloader\Autoloader.php(295): CodeIgniter\Autoloader\Autoloader->includeFile('C:\\xampp\\htdocs\\e-arsip_ci4\\app\\Models\\Model_arsip.php')
 3 SYSTEMPATH\Autoloader\Autoloader.php(271): CodeIgniter\Autoloader\Autoloader->loadInNamespace('App\\Models\\Model_arsip')
 4 APPPATH\Controllers\Arsip.php(26): CodeIgniter\Autoloader\Autoloader->loadClass('App\\Models\\Model_arsip')
 5 SYSTEMPATH\CodeIgniter.php(903): App\Controllers\Arsip->__construct()
 6 SYSTEMPATH\CodeIgniter.php(498): CodeIgniter\CodeIgniter->createController()
 7 SYSTEMPATH\CodeIgniter.php(354): CodeIgniter\CodeIgniter->handleRequest(null, Object(Config\Cache), false)
 8 SYSTEMPATH\Boot.php(363): CodeIgniter\CodeIgniter->run()
 9 SYSTEMPATH\Boot.php(68): CodeIgniter\Boot::runCodeIgniter(Object(CodeIgniter\CodeIgniter))
10 FCPATH\index.php(59): CodeIgniter\Boot::bootWeb(Object(Config\Paths))
DEBUG - 2025-11-06 02:20:58 --> Session: Class initialized using 'CodeIgniter\Session\Handlers\FileHandler' driver.
WARNING - 2025-11-06 02:20:58 --> [DEPRECATED] Optional parameter $filters declared before required parameter $id_dep is implicitly treated as a required parameter in APPPATH\Models\Model_arsip.php on line 303.
 1 SYSTEMPATH\Autoloader\Autoloader.php(315): include_once('C:\\xampp\\htdocs\\e-arsip_ci4\\system\\Debug\\Exceptions.php')
 2 SYSTEMPATH\Autoloader\Autoloader.php(295): CodeIgniter\Autoloader\Autoloader->includeFile('C:\\xampp\\htdocs\\e-arsip_ci4\\app\\Models\\Model_arsip.php')
 3 SYSTEMPATH\Autoloader\Autoloader.php(271): CodeIgniter\Autoloader\Autoloader->loadInNamespace('App\\Models\\Model_arsip')
 4 APPPATH\Controllers\Arsip.php(26): CodeIgniter\Autoloader\Autoloader->loadClass('App\\Models\\Model_arsip')
 5 SYSTEMPATH\CodeIgniter.php(903): App\Controllers\Arsip->__construct()
 6 SYSTEMPATH\CodeIgniter.php(498): CodeIgniter\CodeIgniter->createController()
 7 SYSTEMPATH\CodeIgniter.php(354): CodeIgniter\CodeIgniter->handleRequest(null, Object(Config\Cache), false)
 8 SYSTEMPATH\Boot.php(363): CodeIgniter\CodeIgniter->run()
 9 SYSTEMPATH\Boot.php(68): CodeIgniter\Boot::runCodeIgniter(Object(CodeIgniter\CodeIgniter))
10 FCPATH\index.php(59): CodeIgniter\Boot::bootWeb(Object(Config\Paths))
DEBUG - 2025-11-06 02:21:18 --> Session: Class initialized using 'CodeIgniter\Session\Handlers\FileHandler' driver.
DEBUG - 2025-11-06 02:21:18 --> Session: Class initialized using 'CodeIgniter\Session\Handlers\FileHandler' driver.
DEBUG - 2025-11-06 02:21:18 --> Session: Class initialized using 'CodeIgniter\Session\Handlers\FileHandler' driver.
DEBUG - 2025-11-06 02:21:18 --> Session: Class initialized using 'CodeIgniter\Session\Handlers\FileHandler' driver.
DEBUG - 2025-11-06 02:21:24 --> Session: Class initialized using 'CodeIgniter\Session\Handlers\FileHandler' driver.
DEBUG - 2025-11-06 02:21:24 --> Session: Class initialized using 'CodeIgniter\Session\Handlers\FileHandler' driver.
WARNING - 2025-11-06 02:21:24 --> [DEPRECATED] Optional parameter $filters declared before required parameter $id_dep is implicitly treated as a required parameter in APPPATH\Models\Model_arsip.php on line 303.
 1 SYSTEMPATH\Autoloader\Autoloader.php(315): include_once('C:\\xampp\\htdocs\\e-arsip_ci4\\system\\Debug\\Exceptions.php')
 2 SYSTEMPATH\Autoloader\Autoloader.php(295): CodeIgniter\Autoloader\Autoloader->includeFile('C:\\xampp\\htdocs\\e-arsip_ci4\\app\\Models\\Model_arsip.php')
 3 SYSTEMPATH\Autoloader\Autoloader.php(271): CodeIgniter\Autoloader\Autoloader->loadInNamespace('App\\Models\\Model_arsip')
 4 APPPATH\Controllers\Home.php(23): CodeIgniter\Autoloader\Autoloader->loadClass('App\\Models\\Model_arsip')
 5 SYSTEMPATH\CodeIgniter.php(903): App\Controllers\Home->__construct()
 6 SYSTEMPATH\CodeIgniter.php(498): CodeIgniter\CodeIgniter->createController()
 7 SYSTEMPATH\CodeIgniter.php(354): CodeIgniter\CodeIgniter->handleRequest(null, Object(Config\Cache), false)
 8 SYSTEMPATH\Boot.php(363): CodeIgniter\CodeIgniter->run()
 9 SYSTEMPATH\Boot.php(68): CodeIgniter\Boot::runCodeIgniter(Object(CodeIgniter\CodeIgniter))
10 FCPATH\index.php(59): CodeIgniter\Boot::bootWeb(Object(Config\Paths))
DEBUG - 2025-11-06 02:21:26 --> Session: Class initialized using 'CodeIgniter\Session\Handlers\FileHandler' driver.
WARNING - 2025-11-06 02:21:26 --> [DEPRECATED] Optional parameter $filters declared before required parameter $id_dep is implicitly treated as a required parameter in APPPATH\Models\Model_arsip.php on line 303.
 1 SYSTEMPATH\Autoloader\Autoloader.php(315): include_once('C:\\xampp\\htdocs\\e-arsip_ci4\\system\\Debug\\Exceptions.php')
 2 SYSTEMPATH\Autoloader\Autoloader.php(295): CodeIgniter\Autoloader\Autoloader->includeFile('C:\\xampp\\htdocs\\e-arsip_ci4\\app\\Models\\Model_arsip.php')
 3 SYSTEMPATH\Autoloader\Autoloader.php(271): CodeIgniter\Autoloader\Autoloader->loadInNamespace('App\\Models\\Model_arsip')
 4 APPPATH\Controllers\Cari.php(20): CodeIgniter\Autoloader\Autoloader->loadClass('App\\Models\\Model_arsip')
 5 SYSTEMPATH\CodeIgniter.php(903): App\Controllers\Cari->__construct()
 6 SYSTEMPATH\CodeIgniter.php(498): CodeIgniter\CodeIgniter->createController()
 7 SYSTEMPATH\CodeIgniter.php(354): CodeIgniter\CodeIgniter->handleRequest(null, Object(Config\Cache), false)
 8 SYSTEMPATH\Boot.php(363): CodeIgniter\CodeIgniter->run()
 9 SYSTEMPATH\Boot.php(68): CodeIgniter\Boot::runCodeIgniter(Object(CodeIgniter\CodeIgniter))
10 FCPATH\index.php(59): CodeIgniter\Boot::bootWeb(Object(Config\Paths))
DEBUG - 2025-11-06 02:21:28 --> Session: Class initialized using 'CodeIgniter\Session\Handlers\FileHandler' driver.
WARNING - 2025-11-06 02:21:28 --> [DEPRECATED] Optional parameter $filters declared before required parameter $id_dep is implicitly treated as a required parameter in APPPATH\Models\Model_arsip.php on line 303.
 1 SYSTEMPATH\Autoloader\Autoloader.php(315): include_once('C:\\xampp\\htdocs\\e-arsip_ci4\\system\\Debug\\Exceptions.php')
 2 SYSTEMPATH\Autoloader\Autoloader.php(295): CodeIgniter\Autoloader\Autoloader->includeFile('C:\\xampp\\htdocs\\e-arsip_ci4\\app\\Models\\Model_arsip.php')
 3 SYSTEMPATH\Autoloader\Autoloader.php(271): CodeIgniter\Autoloader\Autoloader->loadInNamespace('App\\Models\\Model_arsip')
 4 APPPATH\Controllers\Arsip.php(26): CodeIgniter\Autoloader\Autoloader->loadClass('App\\Models\\Model_arsip')
 5 SYSTEMPATH\CodeIgniter.php(903): App\Controllers\Arsip->__construct()
 6 SYSTEMPATH\CodeIgniter.php(498): CodeIgniter\CodeIgniter->createController()
 7 SYSTEMPATH\CodeIgniter.php(354): CodeIgniter\CodeIgniter->handleRequest(null, Object(Config\Cache), false)
 8 SYSTEMPATH\Boot.php(363): CodeIgniter\CodeIgniter->run()
 9 SYSTEMPATH\Boot.php(68): CodeIgniter\Boot::runCodeIgniter(Object(CodeIgniter\CodeIgniter))
10 FCPATH\index.php(59): CodeIgniter\Boot::bootWeb(Object(Config\Paths))
DEBUG - 2025-11-06 02:21:28 --> Session: Class initialized using 'CodeIgniter\Session\Handlers\FileHandler' driver.
WARNING - 2025-11-06 02:21:28 --> [DEPRECATED] Optional parameter $filters declared before required parameter $id_dep is implicitly treated as a required parameter in APPPATH\Models\Model_arsip.php on line 303.
 1 SYSTEMPATH\Autoloader\Autoloader.php(315): include_once('C:\\xampp\\htdocs\\e-arsip_ci4\\system\\Debug\\Exceptions.php')
 2 SYSTEMPATH\Autoloader\Autoloader.php(295): CodeIgniter\Autoloader\Autoloader->includeFile('C:\\xampp\\htdocs\\e-arsip_ci4\\app\\Models\\Model_arsip.php')
 3 SYSTEMPATH\Autoloader\Autoloader.php(271): CodeIgniter\Autoloader\Autoloader->loadInNamespace('App\\Models\\Model_arsip')
 4 APPPATH\Controllers\Cari.php(20): CodeIgniter\Autoloader\Autoloader->loadClass('App\\Models\\Model_arsip')
 5 SYSTEMPATH\CodeIgniter.php(903): App\Controllers\Cari->__construct()
 6 SYSTEMPATH\CodeIgniter.php(498): CodeIgniter\CodeIgniter->createController()
 7 SYSTEMPATH\CodeIgniter.php(354): CodeIgniter\CodeIgniter->handleRequest(null, Object(Config\Cache), false)
 8 SYSTEMPATH\Boot.php(363): CodeIgniter\CodeIgniter->run()
 9 SYSTEMPATH\Boot.php(68): CodeIgniter\Boot::runCodeIgniter(Object(CodeIgniter\CodeIgniter))
10 FCPATH\index.php(59): CodeIgniter\Boot::bootWeb(Object(Config\Paths))
DEBUG - 2025-11-06 02:21:29 --> Session: Class initialized using 'CodeIgniter\Session\Handlers\FileHandler' driver.
WARNING - 2025-11-06 02:21:29 --> [DEPRECATED] Optional parameter $filters declared before required parameter $id_dep is implicitly treated as a required parameter in APPPATH\Models\Model_arsip.php on line 303.
 1 SYSTEMPATH\Autoloader\Autoloader.php(315): include_once('C:\\xampp\\htdocs\\e-arsip_ci4\\system\\Debug\\Exceptions.php')
 2 SYSTEMPATH\Autoloader\Autoloader.php(295): CodeIgniter\Autoloader\Autoloader->includeFile('C:\\xampp\\htdocs\\e-arsip_ci4\\app\\Models\\Model_arsip.php')
 3 SYSTEMPATH\Autoloader\Autoloader.php(271): CodeIgniter\Autoloader\Autoloader->loadInNamespace('App\\Models\\Model_arsip')
 4 APPPATH\Controllers\Arsip.php(26): CodeIgniter\Autoloader\Autoloader->loadClass('App\\Models\\Model_arsip')
 5 SYSTEMPATH\CodeIgniter.php(903): App\Controllers\Arsip->__construct()
 6 SYSTEMPATH\CodeIgniter.php(498): CodeIgniter\CodeIgniter->createController()
 7 SYSTEMPATH\CodeIgniter.php(354): CodeIgniter\CodeIgniter->handleRequest(null, Object(Config\Cache), false)
 8 SYSTEMPATH\Boot.php(363): CodeIgniter\CodeIgniter->run()
 9 SYSTEMPATH\Boot.php(68): CodeIgniter\Boot::runCodeIgniter(Object(CodeIgniter\CodeIgniter))
10 FCPATH\index.php(59): CodeIgniter\Boot::bootWeb(Object(Config\Paths))
DEBUG - 2025-11-06 02:21:30 --> Session: Class initialized using 'CodeIgniter\Session\Handlers\FileHandler' driver.
DEBUG - 2025-11-06 02:21:31 --> Session: Class initialized using 'CodeIgniter\Session\Handlers\FileHandler' driver.
WARNING - 2025-11-06 02:21:31 --> [DEPRECATED] Optional parameter $filters declared before required parameter $id_dep is implicitly treated as a required parameter in APPPATH\Models\Model_arsip.php on line 303.
 1 SYSTEMPATH\Autoloader\Autoloader.php(315): include_once('C:\\xampp\\htdocs\\e-arsip_ci4\\system\\Debug\\Exceptions.php')
 2 SYSTEMPATH\Autoloader\Autoloader.php(295): CodeIgniter\Autoloader\Autoloader->includeFile('C:\\xampp\\htdocs\\e-arsip_ci4\\app\\Models\\Model_arsip.php')
 3 SYSTEMPATH\Autoloader\Autoloader.php(271): CodeIgniter\Autoloader\Autoloader->loadInNamespace('App\\Models\\Model_arsip')
 4 APPPATH\Controllers\Home.php(23): CodeIgniter\Autoloader\Autoloader->loadClass('App\\Models\\Model_arsip')
 5 SYSTEMPATH\CodeIgniter.php(903): App\Controllers\Home->__construct()
 6 SYSTEMPATH\CodeIgniter.php(498): CodeIgniter\CodeIgniter->createController()
 7 SYSTEMPATH\CodeIgniter.php(354): CodeIgniter\CodeIgniter->handleRequest(null, Object(Config\Cache), false)
 8 SYSTEMPATH\Boot.php(363): CodeIgniter\CodeIgniter->run()
 9 SYSTEMPATH\Boot.php(68): CodeIgniter\Boot::runCodeIgniter(Object(CodeIgniter\CodeIgniter))
10 FCPATH\index.php(59): CodeIgniter\Boot::bootWeb(Object(Config\Paths))
DEBUG - 2025-11-06 02:21:33 --> Session: Class initialized using 'CodeIgniter\Session\Handlers\FileHandler' driver.
WARNING - 2025-11-06 02:21:33 --> [DEPRECATED] Optional parameter $filters declared before required parameter $id_dep is implicitly treated as a required parameter in APPPATH\Models\Model_arsip.php on line 303.
 1 SYSTEMPATH\Autoloader\Autoloader.php(315): include_once('C:\\xampp\\htdocs\\e-arsip_ci4\\system\\Debug\\Exceptions.php')
 2 SYSTEMPATH\Autoloader\Autoloader.php(295): CodeIgniter\Autoloader\Autoloader->includeFile('C:\\xampp\\htdocs\\e-arsip_ci4\\app\\Models\\Model_arsip.php')
 3 SYSTEMPATH\Autoloader\Autoloader.php(271): CodeIgniter\Autoloader\Autoloader->loadInNamespace('App\\Models\\Model_arsip')
 4 APPPATH\Controllers\Cari.php(20): CodeIgniter\Autoloader\Autoloader->loadClass('App\\Models\\Model_arsip')
 5 SYSTEMPATH\CodeIgniter.php(903): App\Controllers\Cari->__construct()
 6 SYSTEMPATH\CodeIgniter.php(498): CodeIgniter\CodeIgniter->createController()
 7 SYSTEMPATH\CodeIgniter.php(354): CodeIgniter\CodeIgniter->handleRequest(null, Object(Config\Cache), false)
 8 SYSTEMPATH\Boot.php(363): CodeIgniter\CodeIgniter->run()
 9 SYSTEMPATH\Boot.php(68): CodeIgniter\Boot::runCodeIgniter(Object(CodeIgniter\CodeIgniter))
10 FCPATH\index.php(59): CodeIgniter\Boot::bootWeb(Object(Config\Paths))
DEBUG - 2025-11-06 02:21:35 --> Session: Class initialized using 'CodeIgniter\Session\Handlers\FileHandler' driver.
WARNING - 2025-11-06 02:21:35 --> [DEPRECATED] Optional parameter $filters declared before required parameter $id_dep is implicitly treated as a required parameter in APPPATH\Models\Model_arsip.php on line 303.
 1 SYSTEMPATH\Autoloader\Autoloader.php(315): include_once('C:\\xampp\\htdocs\\e-arsip_ci4\\system\\Debug\\Exceptions.php')
 2 SYSTEMPATH\Autoloader\Autoloader.php(295): CodeIgniter\Autoloader\Autoloader->includeFile('C:\\xampp\\htdocs\\e-arsip_ci4\\app\\Models\\Model_arsip.php')
 3 SYSTEMPATH\Autoloader\Autoloader.php(271): CodeIgniter\Autoloader\Autoloader->loadInNamespace('App\\Models\\Model_arsip')
 4 APPPATH\Controllers\Arsip.php(26): CodeIgniter\Autoloader\Autoloader->loadClass('App\\Models\\Model_arsip')
 5 SYSTEMPATH\CodeIgniter.php(903): App\Controllers\Arsip->__construct()
 6 SYSTEMPATH\CodeIgniter.php(498): CodeIgniter\CodeIgniter->createController()
 7 SYSTEMPATH\CodeIgniter.php(354): CodeIgniter\CodeIgniter->handleRequest(null, Object(Config\Cache), false)
 8 SYSTEMPATH\Boot.php(363): CodeIgniter\CodeIgniter->run()
 9 SYSTEMPATH\Boot.php(68): CodeIgniter\Boot::runCodeIgniter(Object(CodeIgniter\CodeIgniter))
10 FCPATH\index.php(59): CodeIgniter\Boot::bootWeb(Object(Config\Paths))
DEBUG - 2025-11-06 02:24:21 --> Session: Class initialized using 'CodeIgniter\Session\Handlers\FileHandler' driver.
WARNING - 2025-11-06 02:24:21 --> [DEPRECATED] Optional parameter $filters declared before required parameter $id_dep is implicitly treated as a required parameter in APPPATH\Models\Model_arsip.php on line 303.
 1 SYSTEMPATH\Autoloader\Autoloader.php(315): include_once('C:\\xampp\\htdocs\\e-arsip_ci4\\system\\Debug\\Exceptions.php')
 2 SYSTEMPATH\Autoloader\Autoloader.php(295): CodeIgniter\Autoloader\Autoloader->includeFile('C:\\xampp\\htdocs\\e-arsip_ci4\\app\\Models\\Model_arsip.php')
 3 SYSTEMPATH\Autoloader\Autoloader.php(271): CodeIgniter\Autoloader\Autoloader->loadInNamespace('App\\Models\\Model_arsip')
 4 APPPATH\Controllers\Kategori.php(21): CodeIgniter\Autoloader\Autoloader->loadClass('App\\Models\\Model_arsip')
 5 SYSTEMPATH\CodeIgniter.php(903): App\Controllers\Kategori->__construct()
 6 SYSTEMPATH\CodeIgniter.php(498): CodeIgniter\CodeIgniter->createController()
 7 SYSTEMPATH\CodeIgniter.php(354): CodeIgniter\CodeIgniter->handleRequest(null, Object(Config\Cache), false)
 8 SYSTEMPATH\Boot.php(363): CodeIgniter\CodeIgniter->run()
 9 SYSTEMPATH\Boot.php(68): CodeIgniter\Boot::runCodeIgniter(Object(CodeIgniter\CodeIgniter))
10 FCPATH\index.php(59): CodeIgniter\Boot::bootWeb(Object(Config\Paths))
DEBUG - 2025-11-06 02:27:08 --> Session: Class initialized using 'CodeIgniter\Session\Handlers\FileHandler' driver.
WARNING - 2025-11-06 02:27:08 --> [DEPRECATED] Optional parameter $filters declared before required parameter $id_dep is implicitly treated as a required parameter in APPPATH\Models\Model_arsip.php on line 303.
 1 SYSTEMPATH\Autoloader\Autoloader.php(315): include_once('C:\\xampp\\htdocs\\e-arsip_ci4\\system\\Debug\\Exceptions.php')
 2 SYSTEMPATH\Autoloader\Autoloader.php(295): CodeIgniter\Autoloader\Autoloader->includeFile('C:\\xampp\\htdocs\\e-arsip_ci4\\app\\Models\\Model_arsip.php')
 3 SYSTEMPATH\Autoloader\Autoloader.php(271): CodeIgniter\Autoloader\Autoloader->loadInNamespace('App\\Models\\Model_arsip')
 4 APPPATH\Controllers\Arsip.php(26): CodeIgniter\Autoloader\Autoloader->loadClass('App\\Models\\Model_arsip')
 5 SYSTEMPATH\CodeIgniter.php(903): App\Controllers\Arsip->__construct()
 6 SYSTEMPATH\CodeIgniter.php(498): CodeIgniter\CodeIgniter->createController()
 7 SYSTEMPATH\CodeIgniter.php(354): CodeIgniter\CodeIgniter->handleRequest(null, Object(Config\Cache), false)
 8 SYSTEMPATH\Boot.php(363): CodeIgniter\CodeIgniter->run()
 9 SYSTEMPATH\Boot.php(68): CodeIgniter\Boot::runCodeIgniter(Object(CodeIgniter\CodeIgniter))
10 FCPATH\index.php(59): CodeIgniter\Boot::bootWeb(Object(Config\Paths))
DEBUG - 2025-11-06 02:27:09 --> Session: Class initialized using 'CodeIgniter\Session\Handlers\FileHandler' driver.
WARNING - 2025-11-06 02:27:09 --> [DEPRECATED] Optional parameter $filters declared before required parameter $id_dep is implicitly treated as a required parameter in APPPATH\Models\Model_arsip.php on line 303.
 1 SYSTEMPATH\Autoloader\Autoloader.php(315): include_once('C:\\xampp\\htdocs\\e-arsip_ci4\\system\\Debug\\Exceptions.php')
 2 SYSTEMPATH\Autoloader\Autoloader.php(295): CodeIgniter\Autoloader\Autoloader->includeFile('C:\\xampp\\htdocs\\e-arsip_ci4\\app\\Models\\Model_arsip.php')
 3 SYSTEMPATH\Autoloader\Autoloader.php(271): CodeIgniter\Autoloader\Autoloader->loadInNamespace('App\\Models\\Model_arsip')
 4 APPPATH\Controllers\Arsip.php(26): CodeIgniter\Autoloader\Autoloader->loadClass('App\\Models\\Model_arsip')
 5 SYSTEMPATH\CodeIgniter.php(903): App\Controllers\Arsip->__construct()
 6 SYSTEMPATH\CodeIgniter.php(498): CodeIgniter\CodeIgniter->createController()
 7 SYSTEMPATH\CodeIgniter.php(354): CodeIgniter\CodeIgniter->handleRequest(null, Object(Config\Cache), false)
 8 SYSTEMPATH\Boot.php(363): CodeIgniter\CodeIgniter->run()
 9 SYSTEMPATH\Boot.php(68): CodeIgniter\Boot::runCodeIgniter(Object(CodeIgniter\CodeIgniter))
10 FCPATH\index.php(59): CodeIgniter\Boot::bootWeb(Object(Config\Paths))
DEBUG - 2025-11-06 02:27:12 --> Session: Class initialized using 'CodeIgniter\Session\Handlers\FileHandler' driver.
WARNING - 2025-11-06 02:27:12 --> [DEPRECATED] Optional parameter $filters declared before required parameter $id_dep is implicitly treated as a required parameter in APPPATH\Models\Model_arsip.php on line 303.
 1 SYSTEMPATH\Autoloader\Autoloader.php(315): include_once('C:\\xampp\\htdocs\\e-arsip_ci4\\system\\Debug\\Exceptions.php')
 2 SYSTEMPATH\Autoloader\Autoloader.php(295): CodeIgniter\Autoloader\Autoloader->includeFile('C:\\xampp\\htdocs\\e-arsip_ci4\\app\\Models\\Model_arsip.php')
 3 SYSTEMPATH\Autoloader\Autoloader.php(271): CodeIgniter\Autoloader\Autoloader->loadInNamespace('App\\Models\\Model_arsip')
 4 APPPATH\Controllers\Arsip.php(26): CodeIgniter\Autoloader\Autoloader->loadClass('App\\Models\\Model_arsip')
 5 SYSTEMPATH\CodeIgniter.php(903): App\Controllers\Arsip->__construct()
 6 SYSTEMPATH\CodeIgniter.php(498): CodeIgniter\CodeIgniter->createController()
 7 SYSTEMPATH\CodeIgniter.php(354): CodeIgniter\CodeIgniter->handleRequest(null, Object(Config\Cache), false)
 8 SYSTEMPATH\Boot.php(363): CodeIgniter\CodeIgniter->run()
 9 SYSTEMPATH\Boot.php(68): CodeIgniter\Boot::runCodeIgniter(Object(CodeIgniter\CodeIgniter))
10 FCPATH\index.php(59): CodeIgniter\Boot::bootWeb(Object(Config\Paths))
DEBUG - 2025-11-06 02:27:13 --> Session: Class initialized using 'CodeIgniter\Session\Handlers\FileHandler' driver.
WARNING - 2025-11-06 02:27:13 --> [DEPRECATED] Optional parameter $filters declared before required parameter $id_dep is implicitly treated as a required parameter in APPPATH\Models\Model_arsip.php on line 303.
 1 SYSTEMPATH\Autoloader\Autoloader.php(315): include_once('C:\\xampp\\htdocs\\e-arsip_ci4\\system\\Debug\\Exceptions.php')
 2 SYSTEMPATH\Autoloader\Autoloader.php(295): CodeIgniter\Autoloader\Autoloader->includeFile('C:\\xampp\\htdocs\\e-arsip_ci4\\app\\Models\\Model_arsip.php')
 3 SYSTEMPATH\Autoloader\Autoloader.php(271): CodeIgniter\Autoloader\Autoloader->loadInNamespace('App\\Models\\Model_arsip')
 4 APPPATH\Controllers\Arsip.php(26): CodeIgniter\Autoloader\Autoloader->loadClass('App\\Models\\Model_arsip')
 5 SYSTEMPATH\CodeIgniter.php(903): App\Controllers\Arsip->__construct()
 6 SYSTEMPATH\CodeIgniter.php(498): CodeIgniter\CodeIgniter->createController()
 7 SYSTEMPATH\CodeIgniter.php(354): CodeIgniter\CodeIgniter->handleRequest(null, Object(Config\Cache), false)
 8 SYSTEMPATH\Boot.php(363): CodeIgniter\CodeIgniter->run()
 9 SYSTEMPATH\Boot.php(68): CodeIgniter\Boot::runCodeIgniter(Object(CodeIgniter\CodeIgniter))
10 FCPATH\index.php(59): CodeIgniter\Boot::bootWeb(Object(Config\Paths))
DEBUG - 2025-11-06 02:27:13 --> Session: Class initialized using 'CodeIgniter\Session\Handlers\FileHandler' driver.
WARNING - 2025-11-06 02:27:13 --> [DEPRECATED] Optional parameter $filters declared before required parameter $id_dep is implicitly treated as a required parameter in APPPATH\Models\Model_arsip.php on line 303.
 1 SYSTEMPATH\Autoloader\Autoloader.php(315): include_once('C:\\xampp\\htdocs\\e-arsip_ci4\\system\\Debug\\Exceptions.php')
 2 SYSTEMPATH\Autoloader\Autoloader.php(295): CodeIgniter\Autoloader\Autoloader->includeFile('C:\\xampp\\htdocs\\e-arsip_ci4\\app\\Models\\Model_arsip.php')
 3 SYSTEMPATH\Autoloader\Autoloader.php(271): CodeIgniter\Autoloader\Autoloader->loadInNamespace('App\\Models\\Model_arsip')
 4 APPPATH\Controllers\Arsip.php(26): CodeIgniter\Autoloader\Autoloader->loadClass('App\\Models\\Model_arsip')
 5 SYSTEMPATH\CodeIgniter.php(903): App\Controllers\Arsip->__construct()
 6 SYSTEMPATH\CodeIgniter.php(498): CodeIgniter\CodeIgniter->createController()
 7 SYSTEMPATH\CodeIgniter.php(354): CodeIgniter\CodeIgniter->handleRequest(null, Object(Config\Cache), false)
 8 SYSTEMPATH\Boot.php(363): CodeIgniter\CodeIgniter->run()
 9 SYSTEMPATH\Boot.php(68): CodeIgniter\Boot::runCodeIgniter(Object(CodeIgniter\CodeIgniter))
10 FCPATH\index.php(59): CodeIgniter\Boot::bootWeb(Object(Config\Paths))
DEBUG - 2025-11-06 02:27:14 --> Session: Class initialized using 'CodeIgniter\Session\Handlers\FileHandler' driver.
WARNING - 2025-11-06 02:27:14 --> [DEPRECATED] Optional parameter $filters declared before required parameter $id_dep is implicitly treated as a required parameter in APPPATH\Models\Model_arsip.php on line 303.
 1 SYSTEMPATH\Autoloader\Autoloader.php(315): include_once('C:\\xampp\\htdocs\\e-arsip_ci4\\system\\Debug\\Exceptions.php')
 2 SYSTEMPATH\Autoloader\Autoloader.php(295): CodeIgniter\Autoloader\Autoloader->includeFile('C:\\xampp\\htdocs\\e-arsip_ci4\\app\\Models\\Model_arsip.php')
 3 SYSTEMPATH\Autoloader\Autoloader.php(271): CodeIgniter\Autoloader\Autoloader->loadInNamespace('App\\Models\\Model_arsip')
 4 APPPATH\Controllers\Arsip.php(26): CodeIgniter\Autoloader\Autoloader->loadClass('App\\Models\\Model_arsip')
 5 SYSTEMPATH\CodeIgniter.php(903): App\Controllers\Arsip->__construct()
 6 SYSTEMPATH\CodeIgniter.php(498): CodeIgniter\CodeIgniter->createController()
 7 SYSTEMPATH\CodeIgniter.php(354): CodeIgniter\CodeIgniter->handleRequest(null, Object(Config\Cache), false)
 8 SYSTEMPATH\Boot.php(363): CodeIgniter\CodeIgniter->run()
 9 SYSTEMPATH\Boot.php(68): CodeIgniter\Boot::runCodeIgniter(Object(CodeIgniter\CodeIgniter))
10 FCPATH\index.php(59): CodeIgniter\Boot::bootWeb(Object(Config\Paths))
DEBUG - 2025-11-06 02:27:17 --> Session: Class initialized using 'CodeIgniter\Session\Handlers\FileHandler' driver.
DEBUG - 2025-11-06 02:27:17 --> Session: Class initialized using 'CodeIgniter\Session\Handlers\FileHandler' driver.
DEBUG - 2025-11-06 02:27:21 --> Session: Class initialized using 'CodeIgniter\Session\Handlers\FileHandler' driver.
DEBUG - 2025-11-06 02:27:21 --> Session: Class initialized using 'CodeIgniter\Session\Handlers\FileHandler' driver.
DEBUG - 2025-11-06 02:27:26 --> Session: Class initialized using 'CodeIgniter\Session\Handlers\FileHandler' driver.
DEBUG - 2025-11-06 02:27:26 --> Session: Class initialized using 'CodeIgniter\Session\Handlers\FileHandler' driver.
WARNING - 2025-11-06 02:27:26 --> [DEPRECATED] Optional parameter $filters declared before required parameter $id_dep is implicitly treated as a required parameter in APPPATH\Models\Model_arsip.php on line 303.
 1 SYSTEMPATH\Autoloader\Autoloader.php(315): include_once('C:\\xampp\\htdocs\\e-arsip_ci4\\system\\Debug\\Exceptions.php')
 2 SYSTEMPATH\Autoloader\Autoloader.php(295): CodeIgniter\Autoloader\Autoloader->includeFile('C:\\xampp\\htdocs\\e-arsip_ci4\\app\\Models\\Model_arsip.php')
 3 SYSTEMPATH\Autoloader\Autoloader.php(271): CodeIgniter\Autoloader\Autoloader->loadInNamespace('App\\Models\\Model_arsip')
 4 APPPATH\Controllers\Home.php(23): CodeIgniter\Autoloader\Autoloader->loadClass('App\\Models\\Model_arsip')
 5 SYSTEMPATH\CodeIgniter.php(903): App\Controllers\Home->__construct()
 6 SYSTEMPATH\CodeIgniter.php(498): CodeIgniter\CodeIgniter->createController()
 7 SYSTEMPATH\CodeIgniter.php(354): CodeIgniter\CodeIgniter->handleRequest(null, Object(Config\Cache), false)
 8 SYSTEMPATH\Boot.php(363): CodeIgniter\CodeIgniter->run()
 9 SYSTEMPATH\Boot.php(68): CodeIgniter\Boot::runCodeIgniter(Object(CodeIgniter\CodeIgniter))
10 FCPATH\index.php(59): CodeIgniter\Boot::bootWeb(Object(Config\Paths))
DEBUG - 2025-11-06 02:27:26 --> Session: Class initialized using 'CodeIgniter\Session\Handlers\FileHandler' driver.
DEBUG - 2025-11-06 02:27:26 --> Session: Class initialized using 'CodeIgniter\Session\Handlers\FileHandler' driver.
WARNING - 2025-11-06 02:27:26 --> [DEPRECATED] Optional parameter $filters declared before required parameter $id_dep is implicitly treated as a required parameter in APPPATH\Models\Model_arsip.php on line 303.
 1 SYSTEMPATH\Autoloader\Autoloader.php(315): include_once('C:\\xampp\\htdocs\\e-arsip_ci4\\system\\Debug\\Exceptions.php')
 2 SYSTEMPATH\Autoloader\Autoloader.php(295): CodeIgniter\Autoloader\Autoloader->includeFile('C:\\xampp\\htdocs\\e-arsip_ci4\\app\\Models\\Model_arsip.php')
 3 SYSTEMPATH\Autoloader\Autoloader.php(271): CodeIgniter\Autoloader\Autoloader->loadInNamespace('App\\Models\\Model_arsip')
 4 APPPATH\Controllers\Home.php(23): CodeIgniter\Autoloader\Autoloader->loadClass('App\\Models\\Model_arsip')
 5 SYSTEMPATH\CodeIgniter.php(903): App\Controllers\Home->__construct()
 6 SYSTEMPATH\CodeIgniter.php(498): CodeIgniter\CodeIgniter->createController()
 7 SYSTEMPATH\CodeIgniter.php(354): CodeIgniter\CodeIgniter->handleRequest(null, Object(Config\Cache), false)
 8 SYSTEMPATH\Boot.php(363): CodeIgniter\CodeIgniter->run()
 9 SYSTEMPATH\Boot.php(68): CodeIgniter\Boot::runCodeIgniter(Object(CodeIgniter\CodeIgniter))
10 FCPATH\index.php(59): CodeIgniter\Boot::bootWeb(Object(Config\Paths))
DEBUG - 2025-11-06 02:27:28 --> Session: Class initialized using 'CodeIgniter\Session\Handlers\FileHandler' driver.
WARNING - 2025-11-06 02:27:28 --> [DEPRECATED] Optional parameter $filters declared before required parameter $id_dep is implicitly treated as a required parameter in APPPATH\Models\Model_arsip.php on line 303.
 1 SYSTEMPATH\Autoloader\Autoloader.php(315): include_once('C:\\xampp\\htdocs\\e-arsip_ci4\\system\\Debug\\Exceptions.php')
 2 SYSTEMPATH\Autoloader\Autoloader.php(295): CodeIgniter\Autoloader\Autoloader->includeFile('C:\\xampp\\htdocs\\e-arsip_ci4\\app\\Models\\Model_arsip.php')
 3 SYSTEMPATH\Autoloader\Autoloader.php(271): CodeIgniter\Autoloader\Autoloader->loadInNamespace('App\\Models\\Model_arsip')
 4 APPPATH\Controllers\Cari.php(20): CodeIgniter\Autoloader\Autoloader->loadClass('App\\Models\\Model_arsip')
 5 SYSTEMPATH\CodeIgniter.php(903): App\Controllers\Cari->__construct()
 6 SYSTEMPATH\CodeIgniter.php(498): CodeIgniter\CodeIgniter->createController()
 7 SYSTEMPATH\CodeIgniter.php(354): CodeIgniter\CodeIgniter->handleRequest(null, Object(Config\Cache), false)
 8 SYSTEMPATH\Boot.php(363): CodeIgniter\CodeIgniter->run()
 9 SYSTEMPATH\Boot.php(68): CodeIgniter\Boot::runCodeIgniter(Object(CodeIgniter\CodeIgniter))
10 FCPATH\index.php(59): CodeIgniter\Boot::bootWeb(Object(Config\Paths))
DEBUG - 2025-11-06 02:27:28 --> Session: Class initialized using 'CodeIgniter\Session\Handlers\FileHandler' driver.
WARNING - 2025-11-06 02:27:28 --> [DEPRECATED] Optional parameter $filters declared before required parameter $id_dep is implicitly treated as a required parameter in APPPATH\Models\Model_arsip.php on line 303.
 1 SYSTEMPATH\Autoloader\Autoloader.php(315): include_once('C:\\xampp\\htdocs\\e-arsip_ci4\\system\\Debug\\Exceptions.php')
 2 SYSTEMPATH\Autoloader\Autoloader.php(295): CodeIgniter\Autoloader\Autoloader->includeFile('C:\\xampp\\htdocs\\e-arsip_ci4\\app\\Models\\Model_arsip.php')
 3 SYSTEMPATH\Autoloader\Autoloader.php(271): CodeIgniter\Autoloader\Autoloader->loadInNamespace('App\\Models\\Model_arsip')
 4 APPPATH\Controllers\Arsip.php(26): CodeIgniter\Autoloader\Autoloader->loadClass('App\\Models\\Model_arsip')
 5 SYSTEMPATH\CodeIgniter.php(903): App\Controllers\Arsip->__construct()
 6 SYSTEMPATH\CodeIgniter.php(498): CodeIgniter\CodeIgniter->createController()
 7 SYSTEMPATH\CodeIgniter.php(354): CodeIgniter\CodeIgniter->handleRequest(null, Object(Config\Cache), false)
 8 SYSTEMPATH\Boot.php(363): CodeIgniter\CodeIgniter->run()
 9 SYSTEMPATH\Boot.php(68): CodeIgniter\Boot::runCodeIgniter(Object(CodeIgniter\CodeIgniter))
10 FCPATH\index.php(59): CodeIgniter\Boot::bootWeb(Object(Config\Paths))
DEBUG - 2025-11-06 02:27:34 --> Session: Class initialized using 'CodeIgniter\Session\Handlers\FileHandler' driver.
WARNING - 2025-11-06 02:27:34 --> [DEPRECATED] Optional parameter $filters declared before required parameter $id_dep is implicitly treated as a required parameter in APPPATH\Models\Model_arsip.php on line 303.
 1 SYSTEMPATH\Autoloader\Autoloader.php(315): include_once('C:\\xampp\\htdocs\\e-arsip_ci4\\system\\Debug\\Exceptions.php')
 2 SYSTEMPATH\Autoloader\Autoloader.php(295): CodeIgniter\Autoloader\Autoloader->includeFile('C:\\xampp\\htdocs\\e-arsip_ci4\\app\\Models\\Model_arsip.php')
 3 SYSTEMPATH\Autoloader\Autoloader.php(271): CodeIgniter\Autoloader\Autoloader->loadInNamespace('App\\Models\\Model_arsip')
 4 APPPATH\Controllers\Arsip.php(26): CodeIgniter\Autoloader\Autoloader->loadClass('App\\Models\\Model_arsip')
 5 SYSTEMPATH\CodeIgniter.php(903): App\Controllers\Arsip->__construct()
 6 SYSTEMPATH\CodeIgniter.php(498): CodeIgniter\CodeIgniter->createController()
 7 SYSTEMPATH\CodeIgniter.php(354): CodeIgniter\CodeIgniter->handleRequest(null, Object(Config\Cache), false)
 8 SYSTEMPATH\Boot.php(363): CodeIgniter\CodeIgniter->run()
 9 SYSTEMPATH\Boot.php(68): CodeIgniter\Boot::runCodeIgniter(Object(CodeIgniter\CodeIgniter))
10 FCPATH\index.php(59): CodeIgniter\Boot::bootWeb(Object(Config\Paths))
DEBUG - 2025-11-06 02:27:36 --> Session: Class initialized using 'CodeIgniter\Session\Handlers\FileHandler' driver.
DEBUG - 2025-11-06 02:27:36 --> Session: Class initialized using 'CodeIgniter\Session\Handlers\FileHandler' driver.
DEBUG - 2025-11-06 02:27:36 --> Session: Class initialized using 'CodeIgniter\Session\Handlers\FileHandler' driver.
WARNING - 2025-11-06 02:27:36 --> [DEPRECATED] Optional parameter $filters declared before required parameter $id_dep is implicitly treated as a required parameter in APPPATH\Models\Model_arsip.php on line 303.
 1 SYSTEMPATH\Autoloader\Autoloader.php(315): include_once('C:\\xampp\\htdocs\\e-arsip_ci4\\system\\Debug\\Exceptions.php')
 2 SYSTEMPATH\Autoloader\Autoloader.php(295): CodeIgniter\Autoloader\Autoloader->includeFile('C:\\xampp\\htdocs\\e-arsip_ci4\\app\\Models\\Model_arsip.php')
 3 SYSTEMPATH\Autoloader\Autoloader.php(271): CodeIgniter\Autoloader\Autoloader->loadInNamespace('App\\Models\\Model_arsip')
 4 APPPATH\Controllers\Arsip.php(26): CodeIgniter\Autoloader\Autoloader->loadClass('App\\Models\\Model_arsip')
 5 SYSTEMPATH\CodeIgniter.php(903): App\Controllers\Arsip->__construct()
 6 SYSTEMPATH\CodeIgniter.php(498): CodeIgniter\CodeIgniter->createController()
 7 SYSTEMPATH\CodeIgniter.php(354): CodeIgniter\CodeIgniter->handleRequest(null, Object(Config\Cache), false)
 8 SYSTEMPATH\Boot.php(363): CodeIgniter\CodeIgniter->run()
 9 SYSTEMPATH\Boot.php(68): CodeIgniter\Boot::runCodeIgniter(Object(CodeIgniter\CodeIgniter))
10 FCPATH\index.php(59): CodeIgniter\Boot::bootWeb(Object(Config\Paths))
DEBUG - 2025-11-06 02:27:37 --> Session: Class initialized using 'CodeIgniter\Session\Handlers\FileHandler' driver.
WARNING - 2025-11-06 02:27:37 --> [DEPRECATED] Optional parameter $filters declared before required parameter $id_dep is implicitly treated as a required parameter in APPPATH\Models\Model_arsip.php on line 303.
 1 SYSTEMPATH\Autoloader\Autoloader.php(315): include_once('C:\\xampp\\htdocs\\e-arsip_ci4\\system\\Debug\\Exceptions.php')
 2 SYSTEMPATH\Autoloader\Autoloader.php(295): CodeIgniter\Autoloader\Autoloader->includeFile('C:\\xampp\\htdocs\\e-arsip_ci4\\app\\Models\\Model_arsip.php')
 3 SYSTEMPATH\Autoloader\Autoloader.php(271): CodeIgniter\Autoloader\Autoloader->loadInNamespace('App\\Models\\Model_arsip')
 4 APPPATH\Controllers\Arsip.php(26): CodeIgniter\Autoloader\Autoloader->loadClass('App\\Models\\Model_arsip')
 5 SYSTEMPATH\CodeIgniter.php(903): App\Controllers\Arsip->__construct()
 6 SYSTEMPATH\CodeIgniter.php(498): CodeIgniter\CodeIgniter->createController()
 7 SYSTEMPATH\CodeIgniter.php(354): CodeIgniter\CodeIgniter->handleRequest(null, Object(Config\Cache), false)
 8 SYSTEMPATH\Boot.php(363): CodeIgniter\CodeIgniter->run()
 9 SYSTEMPATH\Boot.php(68): CodeIgniter\Boot::runCodeIgniter(Object(CodeIgniter\CodeIgniter))
10 FCPATH\index.php(59): CodeIgniter\Boot::bootWeb(Object(Config\Paths))
DEBUG - 2025-11-06 02:27:37 --> Session: Class initialized using 'CodeIgniter\Session\Handlers\FileHandler' driver.
WARNING - 2025-11-06 02:27:37 --> [DEPRECATED] Optional parameter $filters declared before required parameter $id_dep is implicitly treated as a required parameter in APPPATH\Models\Model_arsip.php on line 303.
 1 SYSTEMPATH\Autoloader\Autoloader.php(315): include_once('C:\\xampp\\htdocs\\e-arsip_ci4\\system\\Debug\\Exceptions.php')
 2 SYSTEMPATH\Autoloader\Autoloader.php(295): CodeIgniter\Autoloader\Autoloader->includeFile('C:\\xampp\\htdocs\\e-arsip_ci4\\app\\Models\\Model_arsip.php')
 3 SYSTEMPATH\Autoloader\Autoloader.php(271): CodeIgniter\Autoloader\Autoloader->loadInNamespace('App\\Models\\Model_arsip')
 4 APPPATH\Controllers\Arsip.php(26): CodeIgniter\Autoloader\Autoloader->loadClass('App\\Models\\Model_arsip')
 5 SYSTEMPATH\CodeIgniter.php(903): App\Controllers\Arsip->__construct()
 6 SYSTEMPATH\CodeIgniter.php(498): CodeIgniter\CodeIgniter->createController()
 7 SYSTEMPATH\CodeIgniter.php(354): CodeIgniter\CodeIgniter->handleRequest(null, Object(Config\Cache), false)
 8 SYSTEMPATH\Boot.php(363): CodeIgniter\CodeIgniter->run()
 9 SYSTEMPATH\Boot.php(68): CodeIgniter\Boot::runCodeIgniter(Object(CodeIgniter\CodeIgniter))
10 FCPATH\index.php(59): CodeIgniter\Boot::bootWeb(Object(Config\Paths))
DEBUG - 2025-11-06 02:27:38 --> Session: Class initialized using 'CodeIgniter\Session\Handlers\FileHandler' driver.
WARNING - 2025-11-06 02:27:38 --> [DEPRECATED] Optional parameter $filters declared before required parameter $id_dep is implicitly treated as a required parameter in APPPATH\Models\Model_arsip.php on line 303.
 1 SYSTEMPATH\Autoloader\Autoloader.php(315): include_once('C:\\xampp\\htdocs\\e-arsip_ci4\\system\\Debug\\Exceptions.php')
 2 SYSTEMPATH\Autoloader\Autoloader.php(295): CodeIgniter\Autoloader\Autoloader->includeFile('C:\\xampp\\htdocs\\e-arsip_ci4\\app\\Models\\Model_arsip.php')
 3 SYSTEMPATH\Autoloader\Autoloader.php(271): CodeIgniter\Autoloader\Autoloader->loadInNamespace('App\\Models\\Model_arsip')
 4 APPPATH\Controllers\Arsip.php(26): CodeIgniter\Autoloader\Autoloader->loadClass('App\\Models\\Model_arsip')
 5 SYSTEMPATH\CodeIgniter.php(903): App\Controllers\Arsip->__construct()
 6 SYSTEMPATH\CodeIgniter.php(498): CodeIgniter\CodeIgniter->createController()
 7 SYSTEMPATH\CodeIgniter.php(354): CodeIgniter\CodeIgniter->handleRequest(null, Object(Config\Cache), false)
 8 SYSTEMPATH\Boot.php(363): CodeIgniter\CodeIgniter->run()
 9 SYSTEMPATH\Boot.php(68): CodeIgniter\Boot::runCodeIgniter(Object(CodeIgniter\CodeIgniter))
10 FCPATH\index.php(59): CodeIgniter\Boot::bootWeb(Object(Config\Paths))
DEBUG - 2025-11-06 02:27:38 --> Session: Class initialized using 'CodeIgniter\Session\Handlers\FileHandler' driver.
WARNING - 2025-11-06 02:27:38 --> [DEPRECATED] Optional parameter $filters declared before required parameter $id_dep is implicitly treated as a required parameter in APPPATH\Models\Model_arsip.php on line 303.
 1 SYSTEMPATH\Autoloader\Autoloader.php(315): include_once('C:\\xampp\\htdocs\\e-arsip_ci4\\system\\Debug\\Exceptions.php')
 2 SYSTEMPATH\Autoloader\Autoloader.php(295): CodeIgniter\Autoloader\Autoloader->includeFile('C:\\xampp\\htdocs\\e-arsip_ci4\\app\\Models\\Model_arsip.php')
 3 SYSTEMPATH\Autoloader\Autoloader.php(271): CodeIgniter\Autoloader\Autoloader->loadInNamespace('App\\Models\\Model_arsip')
 4 APPPATH\Controllers\Arsip.php(26): CodeIgniter\Autoloader\Autoloader->loadClass('App\\Models\\Model_arsip')
 5 SYSTEMPATH\CodeIgniter.php(903): App\Controllers\Arsip->__construct()
 6 SYSTEMPATH\CodeIgniter.php(498): CodeIgniter\CodeIgniter->createController()
 7 SYSTEMPATH\CodeIgniter.php(354): CodeIgniter\CodeIgniter->handleRequest(null, Object(Config\Cache), false)
 8 SYSTEMPATH\Boot.php(363): CodeIgniter\CodeIgniter->run()
 9 SYSTEMPATH\Boot.php(68): CodeIgniter\Boot::runCodeIgniter(Object(CodeIgniter\CodeIgniter))
10 FCPATH\index.php(59): CodeIgniter\Boot::bootWeb(Object(Config\Paths))
DEBUG - 2025-11-06 02:27:39 --> Session: Class initialized using 'CodeIgniter\Session\Handlers\FileHandler' driver.
WARNING - 2025-11-06 02:27:39 --> [DEPRECATED] Optional parameter $filters declared before required parameter $id_dep is implicitly treated as a required parameter in APPPATH\Models\Model_arsip.php on line 303.
 1 SYSTEMPATH\Autoloader\Autoloader.php(315): include_once('C:\\xampp\\htdocs\\e-arsip_ci4\\system\\Debug\\Exceptions.php')
 2 SYSTEMPATH\Autoloader\Autoloader.php(295): CodeIgniter\Autoloader\Autoloader->includeFile('C:\\xampp\\htdocs\\e-arsip_ci4\\app\\Models\\Model_arsip.php')
 3 SYSTEMPATH\Autoloader\Autoloader.php(271): CodeIgniter\Autoloader\Autoloader->loadInNamespace('App\\Models\\Model_arsip')
 4 APPPATH\Controllers\Arsip.php(26): CodeIgniter\Autoloader\Autoloader->loadClass('App\\Models\\Model_arsip')
 5 SYSTEMPATH\CodeIgniter.php(903): App\Controllers\Arsip->__construct()
 6 SYSTEMPATH\CodeIgniter.php(498): CodeIgniter\CodeIgniter->createController()
 7 SYSTEMPATH\CodeIgniter.php(354): CodeIgniter\CodeIgniter->handleRequest(null, Object(Config\Cache), false)
 8 SYSTEMPATH\Boot.php(363): CodeIgniter\CodeIgniter->run()
 9 SYSTEMPATH\Boot.php(68): CodeIgniter\Boot::runCodeIgniter(Object(CodeIgniter\CodeIgniter))
10 FCPATH\index.php(59): CodeIgniter\Boot::bootWeb(Object(Config\Paths))
DEBUG - 2025-11-06 02:27:39 --> Session: Class initialized using 'CodeIgniter\Session\Handlers\FileHandler' driver.
WARNING - 2025-11-06 02:27:39 --> [DEPRECATED] Optional parameter $filters declared before required parameter $id_dep is implicitly treated as a required parameter in APPPATH\Models\Model_arsip.php on line 303.
 1 SYSTEMPATH\Autoloader\Autoloader.php(315): include_once('C:\\xampp\\htdocs\\e-arsip_ci4\\system\\Debug\\Exceptions.php')
 2 SYSTEMPATH\Autoloader\Autoloader.php(295): CodeIgniter\Autoloader\Autoloader->includeFile('C:\\xampp\\htdocs\\e-arsip_ci4\\app\\Models\\Model_arsip.php')
 3 SYSTEMPATH\Autoloader\Autoloader.php(271): CodeIgniter\Autoloader\Autoloader->loadInNamespace('App\\Models\\Model_arsip')
 4 APPPATH\Controllers\Arsip.php(26): CodeIgniter\Autoloader\Autoloader->loadClass('App\\Models\\Model_arsip')
 5 SYSTEMPATH\CodeIgniter.php(903): App\Controllers\Arsip->__construct()
 6 SYSTEMPATH\CodeIgniter.php(498): CodeIgniter\CodeIgniter->createController()
 7 SYSTEMPATH\CodeIgniter.php(354): CodeIgniter\CodeIgniter->handleRequest(null, Object(Config\Cache), false)
 8 SYSTEMPATH\Boot.php(363): CodeIgniter\CodeIgniter->run()
 9 SYSTEMPATH\Boot.php(68): CodeIgniter\Boot::runCodeIgniter(Object(CodeIgniter\CodeIgniter))
10 FCPATH\index.php(59): CodeIgniter\Boot::bootWeb(Object(Config\Paths))
DEBUG - 2025-11-06 02:27:39 --> Session: Class initialized using 'CodeIgniter\Session\Handlers\FileHandler' driver.
WARNING - 2025-11-06 02:27:39 --> [DEPRECATED] Optional parameter $filters declared before required parameter $id_dep is implicitly treated as a required parameter in APPPATH\Models\Model_arsip.php on line 303.
 1 SYSTEMPATH\Autoloader\Autoloader.php(315): include_once('C:\\xampp\\htdocs\\e-arsip_ci4\\system\\Debug\\Exceptions.php')
 2 SYSTEMPATH\Autoloader\Autoloader.php(295): CodeIgniter\Autoloader\Autoloader->includeFile('C:\\xampp\\htdocs\\e-arsip_ci4\\app\\Models\\Model_arsip.php')
 3 SYSTEMPATH\Autoloader\Autoloader.php(271): CodeIgniter\Autoloader\Autoloader->loadInNamespace('App\\Models\\Model_arsip')
 4 APPPATH\Controllers\Arsip.php(26): CodeIgniter\Autoloader\Autoloader->loadClass('App\\Models\\Model_arsip')
 5 SYSTEMPATH\CodeIgniter.php(903): App\Controllers\Arsip->__construct()
 6 SYSTEMPATH\CodeIgniter.php(498): CodeIgniter\CodeIgniter->createController()
 7 SYSTEMPATH\CodeIgniter.php(354): CodeIgniter\CodeIgniter->handleRequest(null, Object(Config\Cache), false)
 8 SYSTEMPATH\Boot.php(363): CodeIgniter\CodeIgniter->run()
 9 SYSTEMPATH\Boot.php(68): CodeIgniter\Boot::runCodeIgniter(Object(CodeIgniter\CodeIgniter))
10 FCPATH\index.php(59): CodeIgniter\Boot::bootWeb(Object(Config\Paths))
DEBUG - 2025-11-06 02:27:40 --> Session: Class initialized using 'CodeIgniter\Session\Handlers\FileHandler' driver.
WARNING - 2025-11-06 02:27:40 --> [DEPRECATED] Optional parameter $filters declared before required parameter $id_dep is implicitly treated as a required parameter in APPPATH\Models\Model_arsip.php on line 303.
 1 SYSTEMPATH\Autoloader\Autoloader.php(315): include_once('C:\\xampp\\htdocs\\e-arsip_ci4\\system\\Debug\\Exceptions.php')
 2 SYSTEMPATH\Autoloader\Autoloader.php(295): CodeIgniter\Autoloader\Autoloader->includeFile('C:\\xampp\\htdocs\\e-arsip_ci4\\app\\Models\\Model_arsip.php')
 3 SYSTEMPATH\Autoloader\Autoloader.php(271): CodeIgniter\Autoloader\Autoloader->loadInNamespace('App\\Models\\Model_arsip')
 4 APPPATH\Controllers\Arsip.php(26): CodeIgniter\Autoloader\Autoloader->loadClass('App\\Models\\Model_arsip')
 5 SYSTEMPATH\CodeIgniter.php(903): App\Controllers\Arsip->__construct()
 6 SYSTEMPATH\CodeIgniter.php(498): CodeIgniter\CodeIgniter->createController()
 7 SYSTEMPATH\CodeIgniter.php(354): CodeIgniter\CodeIgniter->handleRequest(null, Object(Config\Cache), false)
 8 SYSTEMPATH\Boot.php(363): CodeIgniter\CodeIgniter->run()
 9 SYSTEMPATH\Boot.php(68): CodeIgniter\Boot::runCodeIgniter(Object(CodeIgniter\CodeIgniter))
10 FCPATH\index.php(59): CodeIgniter\Boot::bootWeb(Object(Config\Paths))
DEBUG - 2025-11-06 02:27:40 --> Session: Class initialized using 'CodeIgniter\Session\Handlers\FileHandler' driver.
WARNING - 2025-11-06 02:27:40 --> [DEPRECATED] Optional parameter $filters declared before required parameter $id_dep is implicitly treated as a required parameter in APPPATH\Models\Model_arsip.php on line 303.
 1 SYSTEMPATH\Autoloader\Autoloader.php(315): include_once('C:\\xampp\\htdocs\\e-arsip_ci4\\system\\Debug\\Exceptions.php')
 2 SYSTEMPATH\Autoloader\Autoloader.php(295): CodeIgniter\Autoloader\Autoloader->includeFile('C:\\xampp\\htdocs\\e-arsip_ci4\\app\\Models\\Model_arsip.php')
 3 SYSTEMPATH\Autoloader\Autoloader.php(271): CodeIgniter\Autoloader\Autoloader->loadInNamespace('App\\Models\\Model_arsip')
 4 APPPATH\Controllers\Arsip.php(26): CodeIgniter\Autoloader\Autoloader->loadClass('App\\Models\\Model_arsip')
 5 SYSTEMPATH\CodeIgniter.php(903): App\Controllers\Arsip->__construct()
 6 SYSTEMPATH\CodeIgniter.php(498): CodeIgniter\CodeIgniter->createController()
 7 SYSTEMPATH\CodeIgniter.php(354): CodeIgniter\CodeIgniter->handleRequest(null, Object(Config\Cache), false)
 8 SYSTEMPATH\Boot.php(363): CodeIgniter\CodeIgniter->run()
 9 SYSTEMPATH\Boot.php(68): CodeIgniter\Boot::runCodeIgniter(Object(CodeIgniter\CodeIgniter))
10 FCPATH\index.php(59): CodeIgniter\Boot::bootWeb(Object(Config\Paths))
DEBUG - 2025-11-06 02:27:43 --> Session: Class initialized using 'CodeIgniter\Session\Handlers\FileHandler' driver.
DEBUG - 2025-11-06 02:27:43 --> Session: Class initialized using 'CodeIgniter\Session\Handlers\FileHandler' driver.
WARNING - 2025-11-06 02:27:43 --> [DEPRECATED] Optional parameter $filters declared before required parameter $id_dep is implicitly treated as a required parameter in APPPATH\Models\Model_arsip.php on line 303.
 1 SYSTEMPATH\Autoloader\Autoloader.php(315): include_once('C:\\xampp\\htdocs\\e-arsip_ci4\\system\\Debug\\Exceptions.php')
 2 SYSTEMPATH\Autoloader\Autoloader.php(295): CodeIgniter\Autoloader\Autoloader->includeFile('C:\\xampp\\htdocs\\e-arsip_ci4\\app\\Models\\Model_arsip.php')
 3 SYSTEMPATH\Autoloader\Autoloader.php(271): CodeIgniter\Autoloader\Autoloader->loadInNamespace('App\\Models\\Model_arsip')
 4 APPPATH\Controllers\Home.php(23): CodeIgniter\Autoloader\Autoloader->loadClass('App\\Models\\Model_arsip')
 5 SYSTEMPATH\CodeIgniter.php(903): App\Controllers\Home->__construct()
 6 SYSTEMPATH\CodeIgniter.php(498): CodeIgniter\CodeIgniter->createController()
 7 SYSTEMPATH\CodeIgniter.php(354): CodeIgniter\CodeIgniter->handleRequest(null, Object(Config\Cache), false)
 8 SYSTEMPATH\Boot.php(363): CodeIgniter\CodeIgniter->run()
 9 SYSTEMPATH\Boot.php(68): CodeIgniter\Boot::runCodeIgniter(Object(CodeIgniter\CodeIgniter))
10 FCPATH\index.php(59): CodeIgniter\Boot::bootWeb(Object(Config\Paths))
DEBUG - 2025-11-06 02:27:44 --> Session: Class initialized using 'CodeIgniter\Session\Handlers\FileHandler' driver.
WARNING - 2025-11-06 02:27:44 --> [DEPRECATED] Optional parameter $filters declared before required parameter $id_dep is implicitly treated as a required parameter in APPPATH\Models\Model_arsip.php on line 303.
 1 SYSTEMPATH\Autoloader\Autoloader.php(315): include_once('C:\\xampp\\htdocs\\e-arsip_ci4\\system\\Debug\\Exceptions.php')
 2 SYSTEMPATH\Autoloader\Autoloader.php(295): CodeIgniter\Autoloader\Autoloader->includeFile('C:\\xampp\\htdocs\\e-arsip_ci4\\app\\Models\\Model_arsip.php')
 3 SYSTEMPATH\Autoloader\Autoloader.php(271): CodeIgniter\Autoloader\Autoloader->loadInNamespace('App\\Models\\Model_arsip')
 4 APPPATH\Controllers\Cari.php(20): CodeIgniter\Autoloader\Autoloader->loadClass('App\\Models\\Model_arsip')
 5 SYSTEMPATH\CodeIgniter.php(903): App\Controllers\Cari->__construct()
 6 SYSTEMPATH\CodeIgniter.php(498): CodeIgniter\CodeIgniter->createController()
 7 SYSTEMPATH\CodeIgniter.php(354): CodeIgniter\CodeIgniter->handleRequest(null, Object(Config\Cache), false)
 8 SYSTEMPATH\Boot.php(363): CodeIgniter\CodeIgniter->run()
 9 SYSTEMPATH\Boot.php(68): CodeIgniter\Boot::runCodeIgniter(Object(CodeIgniter\CodeIgniter))
10 FCPATH\index.php(59): CodeIgniter\Boot::bootWeb(Object(Config\Paths))
DEBUG - 2025-11-06 02:27:45 --> Session: Class initialized using 'CodeIgniter\Session\Handlers\FileHandler' driver.
WARNING - 2025-11-06 02:27:45 --> [DEPRECATED] Optional parameter $filters declared before required parameter $id_dep is implicitly treated as a required parameter in APPPATH\Models\Model_arsip.php on line 303.
 1 SYSTEMPATH\Autoloader\Autoloader.php(315): include_once('C:\\xampp\\htdocs\\e-arsip_ci4\\system\\Debug\\Exceptions.php')
 2 SYSTEMPATH\Autoloader\Autoloader.php(295): CodeIgniter\Autoloader\Autoloader->includeFile('C:\\xampp\\htdocs\\e-arsip_ci4\\app\\Models\\Model_arsip.php')
 3 SYSTEMPATH\Autoloader\Autoloader.php(271): CodeIgniter\Autoloader\Autoloader->loadInNamespace('App\\Models\\Model_arsip')
 4 APPPATH\Controllers\Arsip.php(26): CodeIgniter\Autoloader\Autoloader->loadClass('App\\Models\\Model_arsip')
 5 SYSTEMPATH\CodeIgniter.php(903): App\Controllers\Arsip->__construct()
 6 SYSTEMPATH\CodeIgniter.php(498): CodeIgniter\CodeIgniter->createController()
 7 SYSTEMPATH\CodeIgniter.php(354): CodeIgniter\CodeIgniter->handleRequest(null, Object(Config\Cache), false)
 8 SYSTEMPATH\Boot.php(363): CodeIgniter\CodeIgniter->run()
 9 SYSTEMPATH\Boot.php(68): CodeIgniter\Boot::runCodeIgniter(Object(CodeIgniter\CodeIgniter))
10 FCPATH\index.php(59): CodeIgniter\Boot::bootWeb(Object(Config\Paths))
DEBUG - 2025-11-06 02:27:49 --> Session: Class initialized using 'CodeIgniter\Session\Handlers\FileHandler' driver.
WARNING - 2025-11-06 02:27:49 --> [DEPRECATED] Optional parameter $filters declared before required parameter $id_dep is implicitly treated as a required parameter in APPPATH\Models\Model_arsip.php on line 303.
 1 SYSTEMPATH\Autoloader\Autoloader.php(315): include_once('C:\\xampp\\htdocs\\e-arsip_ci4\\system\\Debug\\Exceptions.php')
 2 SYSTEMPATH\Autoloader\Autoloader.php(295): CodeIgniter\Autoloader\Autoloader->includeFile('C:\\xampp\\htdocs\\e-arsip_ci4\\app\\Models\\Model_arsip.php')
 3 SYSTEMPATH\Autoloader\Autoloader.php(271): CodeIgniter\Autoloader\Autoloader->loadInNamespace('App\\Models\\Model_arsip')
 4 APPPATH\Controllers\Arsip.php(26): CodeIgniter\Autoloader\Autoloader->loadClass('App\\Models\\Model_arsip')
 5 SYSTEMPATH\CodeIgniter.php(903): App\Controllers\Arsip->__construct()
 6 SYSTEMPATH\CodeIgniter.php(498): CodeIgniter\CodeIgniter->createController()
 7 SYSTEMPATH\CodeIgniter.php(354): CodeIgniter\CodeIgniter->handleRequest(null, Object(Config\Cache), false)
 8 SYSTEMPATH\Boot.php(363): CodeIgniter\CodeIgniter->run()
 9 SYSTEMPATH\Boot.php(68): CodeIgniter\Boot::runCodeIgniter(Object(CodeIgniter\CodeIgniter))
10 FCPATH\index.php(59): CodeIgniter\Boot::bootWeb(Object(Config\Paths))
DEBUG - 2025-11-06 02:27:49 --> Session: Class initialized using 'CodeIgniter\Session\Handlers\FileHandler' driver.
WARNING - 2025-11-06 02:27:49 --> [DEPRECATED] Optional parameter $filters declared before required parameter $id_dep is implicitly treated as a required parameter in APPPATH\Models\Model_arsip.php on line 303.
 1 SYSTEMPATH\Autoloader\Autoloader.php(315): include_once('C:\\xampp\\htdocs\\e-arsip_ci4\\system\\Debug\\Exceptions.php')
 2 SYSTEMPATH\Autoloader\Autoloader.php(295): CodeIgniter\Autoloader\Autoloader->includeFile('C:\\xampp\\htdocs\\e-arsip_ci4\\app\\Models\\Model_arsip.php')
 3 SYSTEMPATH\Autoloader\Autoloader.php(271): CodeIgniter\Autoloader\Autoloader->loadInNamespace('App\\Models\\Model_arsip')
 4 APPPATH\Controllers\Arsip.php(26): CodeIgniter\Autoloader\Autoloader->loadClass('App\\Models\\Model_arsip')
 5 SYSTEMPATH\CodeIgniter.php(903): App\Controllers\Arsip->__construct()
 6 SYSTEMPATH\CodeIgniter.php(498): CodeIgniter\CodeIgniter->createController()
 7 SYSTEMPATH\CodeIgniter.php(354): CodeIgniter\CodeIgniter->handleRequest(null, Object(Config\Cache), false)
 8 SYSTEMPATH\Boot.php(363): CodeIgniter\CodeIgniter->run()
 9 SYSTEMPATH\Boot.php(68): CodeIgniter\Boot::runCodeIgniter(Object(CodeIgniter\CodeIgniter))
10 FCPATH\index.php(59): CodeIgniter\Boot::bootWeb(Object(Config\Paths))
DEBUG - 2025-11-06 02:27:50 --> Session: Class initialized using 'CodeIgniter\Session\Handlers\FileHandler' driver.
WARNING - 2025-11-06 02:27:50 --> [DEPRECATED] Optional parameter $filters declared before required parameter $id_dep is implicitly treated as a required parameter in APPPATH\Models\Model_arsip.php on line 303.
 1 SYSTEMPATH\Autoloader\Autoloader.php(315): include_once('C:\\xampp\\htdocs\\e-arsip_ci4\\system\\Debug\\Exceptions.php')
 2 SYSTEMPATH\Autoloader\Autoloader.php(295): CodeIgniter\Autoloader\Autoloader->includeFile('C:\\xampp\\htdocs\\e-arsip_ci4\\app\\Models\\Model_arsip.php')
 3 SYSTEMPATH\Autoloader\Autoloader.php(271): CodeIgniter\Autoloader\Autoloader->loadInNamespace('App\\Models\\Model_arsip')
 4 APPPATH\Controllers\Arsip.php(26): CodeIgniter\Autoloader\Autoloader->loadClass('App\\Models\\Model_arsip')
 5 SYSTEMPATH\CodeIgniter.php(903): App\Controllers\Arsip->__construct()
 6 SYSTEMPATH\CodeIgniter.php(498): CodeIgniter\CodeIgniter->createController()
 7 SYSTEMPATH\CodeIgniter.php(354): CodeIgniter\CodeIgniter->handleRequest(null, Object(Config\Cache), false)
 8 SYSTEMPATH\Boot.php(363): CodeIgniter\CodeIgniter->run()
 9 SYSTEMPATH\Boot.php(68): CodeIgniter\Boot::runCodeIgniter(Object(CodeIgniter\CodeIgniter))
10 FCPATH\index.php(59): CodeIgniter\Boot::bootWeb(Object(Config\Paths))
DEBUG - 2025-11-06 02:27:50 --> Session: Class initialized using 'CodeIgniter\Session\Handlers\FileHandler' driver.
WARNING - 2025-11-06 02:27:50 --> [DEPRECATED] Optional parameter $filters declared before required parameter $id_dep is implicitly treated as a required parameter in APPPATH\Models\Model_arsip.php on line 303.
 1 SYSTEMPATH\Autoloader\Autoloader.php(315): include_once('C:\\xampp\\htdocs\\e-arsip_ci4\\system\\Debug\\Exceptions.php')
 2 SYSTEMPATH\Autoloader\Autoloader.php(295): CodeIgniter\Autoloader\Autoloader->includeFile('C:\\xampp\\htdocs\\e-arsip_ci4\\app\\Models\\Model_arsip.php')
 3 SYSTEMPATH\Autoloader\Autoloader.php(271): CodeIgniter\Autoloader\Autoloader->loadInNamespace('App\\Models\\Model_arsip')
 4 APPPATH\Controllers\Arsip.php(26): CodeIgniter\Autoloader\Autoloader->loadClass('App\\Models\\Model_arsip')
 5 SYSTEMPATH\CodeIgniter.php(903): App\Controllers\Arsip->__construct()
 6 SYSTEMPATH\CodeIgniter.php(498): CodeIgniter\CodeIgniter->createController()
 7 SYSTEMPATH\CodeIgniter.php(354): CodeIgniter\CodeIgniter->handleRequest(null, Object(Config\Cache), false)
 8 SYSTEMPATH\Boot.php(363): CodeIgniter\CodeIgniter->run()
 9 SYSTEMPATH\Boot.php(68): CodeIgniter\Boot::runCodeIgniter(Object(CodeIgniter\CodeIgniter))
10 FCPATH\index.php(59): CodeIgniter\Boot::bootWeb(Object(Config\Paths))
DEBUG - 2025-11-06 02:27:50 --> Session: Class initialized using 'CodeIgniter\Session\Handlers\FileHandler' driver.
WARNING - 2025-11-06 02:27:50 --> [DEPRECATED] Optional parameter $filters declared before required parameter $id_dep is implicitly treated as a required parameter in APPPATH\Models\Model_arsip.php on line 303.
 1 SYSTEMPATH\Autoloader\Autoloader.php(315): include_once('C:\\xampp\\htdocs\\e-arsip_ci4\\system\\Debug\\Exceptions.php')
 2 SYSTEMPATH\Autoloader\Autoloader.php(295): CodeIgniter\Autoloader\Autoloader->includeFile('C:\\xampp\\htdocs\\e-arsip_ci4\\app\\Models\\Model_arsip.php')
 3 SYSTEMPATH\Autoloader\Autoloader.php(271): CodeIgniter\Autoloader\Autoloader->loadInNamespace('App\\Models\\Model_arsip')
 4 APPPATH\Controllers\Arsip.php(26): CodeIgniter\Autoloader\Autoloader->loadClass('App\\Models\\Model_arsip')
 5 SYSTEMPATH\CodeIgniter.php(903): App\Controllers\Arsip->__construct()
 6 SYSTEMPATH\CodeIgniter.php(498): CodeIgniter\CodeIgniter->createController()
 7 SYSTEMPATH\CodeIgniter.php(354): CodeIgniter\CodeIgniter->handleRequest(null, Object(Config\Cache), false)
 8 SYSTEMPATH\Boot.php(363): CodeIgniter\CodeIgniter->run()
 9 SYSTEMPATH\Boot.php(68): CodeIgniter\Boot::runCodeIgniter(Object(CodeIgniter\CodeIgniter))
10 FCPATH\index.php(59): CodeIgniter\Boot::bootWeb(Object(Config\Paths))
DEBUG - 2025-11-06 02:27:50 --> Session: Class initialized using 'CodeIgniter\Session\Handlers\FileHandler' driver.
WARNING - 2025-11-06 02:27:50 --> [DEPRECATED] Optional parameter $filters declared before required parameter $id_dep is implicitly treated as a required parameter in APPPATH\Models\Model_arsip.php on line 303.
 1 SYSTEMPATH\Autoloader\Autoloader.php(315): include_once('C:\\xampp\\htdocs\\e-arsip_ci4\\system\\Debug\\Exceptions.php')
 2 SYSTEMPATH\Autoloader\Autoloader.php(295): CodeIgniter\Autoloader\Autoloader->includeFile('C:\\xampp\\htdocs\\e-arsip_ci4\\app\\Models\\Model_arsip.php')
 3 SYSTEMPATH\Autoloader\Autoloader.php(271): CodeIgniter\Autoloader\Autoloader->loadInNamespace('App\\Models\\Model_arsip')
 4 APPPATH\Controllers\Arsip.php(26): CodeIgniter\Autoloader\Autoloader->loadClass('App\\Models\\Model_arsip')
 5 SYSTEMPATH\CodeIgniter.php(903): App\Controllers\Arsip->__construct()
 6 SYSTEMPATH\CodeIgniter.php(498): CodeIgniter\CodeIgniter->createController()
 7 SYSTEMPATH\CodeIgniter.php(354): CodeIgniter\CodeIgniter->handleRequest(null, Object(Config\Cache), false)
 8 SYSTEMPATH\Boot.php(363): CodeIgniter\CodeIgniter->run()
 9 SYSTEMPATH\Boot.php(68): CodeIgniter\Boot::runCodeIgniter(Object(CodeIgniter\CodeIgniter))
10 FCPATH\index.php(59): CodeIgniter\Boot::bootWeb(Object(Config\Paths))
DEBUG - 2025-11-06 02:27:50 --> Session: Class initialized using 'CodeIgniter\Session\Handlers\FileHandler' driver.
WARNING - 2025-11-06 02:27:50 --> [DEPRECATED] Optional parameter $filters declared before required parameter $id_dep is implicitly treated as a required parameter in APPPATH\Models\Model_arsip.php on line 303.
 1 SYSTEMPATH\Autoloader\Autoloader.php(315): include_once('C:\\xampp\\htdocs\\e-arsip_ci4\\system\\Debug\\Exceptions.php')
 2 SYSTEMPATH\Autoloader\Autoloader.php(295): CodeIgniter\Autoloader\Autoloader->includeFile('C:\\xampp\\htdocs\\e-arsip_ci4\\app\\Models\\Model_arsip.php')
 3 SYSTEMPATH\Autoloader\Autoloader.php(271): CodeIgniter\Autoloader\Autoloader->loadInNamespace('App\\Models\\Model_arsip')
 4 APPPATH\Controllers\Arsip.php(26): CodeIgniter\Autoloader\Autoloader->loadClass('App\\Models\\Model_arsip')
 5 SYSTEMPATH\CodeIgniter.php(903): App\Controllers\Arsip->__construct()
 6 SYSTEMPATH\CodeIgniter.php(498): CodeIgniter\CodeIgniter->createController()
 7 SYSTEMPATH\CodeIgniter.php(354): CodeIgniter\CodeIgniter->handleRequest(null, Object(Config\Cache), false)
 8 SYSTEMPATH\Boot.php(363): CodeIgniter\CodeIgniter->run()
 9 SYSTEMPATH\Boot.php(68): CodeIgniter\Boot::runCodeIgniter(Object(CodeIgniter\CodeIgniter))
10 FCPATH\index.php(59): CodeIgniter\Boot::bootWeb(Object(Config\Paths))
DEBUG - 2025-11-06 02:27:51 --> Session: Class initialized using 'CodeIgniter\Session\Handlers\FileHandler' driver.
WARNING - 2025-11-06 02:27:51 --> [DEPRECATED] Optional parameter $filters declared before required parameter $id_dep is implicitly treated as a required parameter in APPPATH\Models\Model_arsip.php on line 303.
 1 SYSTEMPATH\Autoloader\Autoloader.php(315): include_once('C:\\xampp\\htdocs\\e-arsip_ci4\\system\\Debug\\Exceptions.php')
 2 SYSTEMPATH\Autoloader\Autoloader.php(295): CodeIgniter\Autoloader\Autoloader->includeFile('C:\\xampp\\htdocs\\e-arsip_ci4\\app\\Models\\Model_arsip.php')
 3 SYSTEMPATH\Autoloader\Autoloader.php(271): CodeIgniter\Autoloader\Autoloader->loadInNamespace('App\\Models\\Model_arsip')
 4 APPPATH\Controllers\Arsip.php(26): CodeIgniter\Autoloader\Autoloader->loadClass('App\\Models\\Model_arsip')
 5 SYSTEMPATH\CodeIgniter.php(903): App\Controllers\Arsip->__construct()
 6 SYSTEMPATH\CodeIgniter.php(498): CodeIgniter\CodeIgniter->createController()
 7 SYSTEMPATH\CodeIgniter.php(354): CodeIgniter\CodeIgniter->handleRequest(null, Object(Config\Cache), false)
 8 SYSTEMPATH\Boot.php(363): CodeIgniter\CodeIgniter->run()
 9 SYSTEMPATH\Boot.php(68): CodeIgniter\Boot::runCodeIgniter(Object(CodeIgniter\CodeIgniter))
10 FCPATH\index.php(59): CodeIgniter\Boot::bootWeb(Object(Config\Paths))
DEBUG - 2025-11-06 02:27:51 --> Session: Class initialized using 'CodeIgniter\Session\Handlers\FileHandler' driver.
WARNING - 2025-11-06 02:27:51 --> [DEPRECATED] Optional parameter $filters declared before required parameter $id_dep is implicitly treated as a required parameter in APPPATH\Models\Model_arsip.php on line 303.
 1 SYSTEMPATH\Autoloader\Autoloader.php(315): include_once('C:\\xampp\\htdocs\\e-arsip_ci4\\system\\Debug\\Exceptions.php')
 2 SYSTEMPATH\Autoloader\Autoloader.php(295): CodeIgniter\Autoloader\Autoloader->includeFile('C:\\xampp\\htdocs\\e-arsip_ci4\\app\\Models\\Model_arsip.php')
 3 SYSTEMPATH\Autoloader\Autoloader.php(271): CodeIgniter\Autoloader\Autoloader->loadInNamespace('App\\Models\\Model_arsip')
 4 APPPATH\Controllers\Arsip.php(26): CodeIgniter\Autoloader\Autoloader->loadClass('App\\Models\\Model_arsip')
 5 SYSTEMPATH\CodeIgniter.php(903): App\Controllers\Arsip->__construct()
 6 SYSTEMPATH\CodeIgniter.php(498): CodeIgniter\CodeIgniter->createController()
 7 SYSTEMPATH\CodeIgniter.php(354): CodeIgniter\CodeIgniter->handleRequest(null, Object(Config\Cache), false)
 8 SYSTEMPATH\Boot.php(363): CodeIgniter\CodeIgniter->run()
 9 SYSTEMPATH\Boot.php(68): CodeIgniter\Boot::runCodeIgniter(Object(CodeIgniter\CodeIgniter))
10 FCPATH\index.php(59): CodeIgniter\Boot::bootWeb(Object(Config\Paths))
DEBUG - 2025-11-06 02:27:51 --> Session: Class initialized using 'CodeIgniter\Session\Handlers\FileHandler' driver.
WARNING - 2025-11-06 02:27:51 --> [DEPRECATED] Optional parameter $filters declared before required parameter $id_dep is implicitly treated as a required parameter in APPPATH\Models\Model_arsip.php on line 303.
 1 SYSTEMPATH\Autoloader\Autoloader.php(315): include_once('C:\\xampp\\htdocs\\e-arsip_ci4\\system\\Debug\\Exceptions.php')
 2 SYSTEMPATH\Autoloader\Autoloader.php(295): CodeIgniter\Autoloader\Autoloader->includeFile('C:\\xampp\\htdocs\\e-arsip_ci4\\app\\Models\\Model_arsip.php')
 3 SYSTEMPATH\Autoloader\Autoloader.php(271): CodeIgniter\Autoloader\Autoloader->loadInNamespace('App\\Models\\Model_arsip')
 4 APPPATH\Controllers\Arsip.php(26): CodeIgniter\Autoloader\Autoloader->loadClass('App\\Models\\Model_arsip')
 5 SYSTEMPATH\CodeIgniter.php(903): App\Controllers\Arsip->__construct()
 6 SYSTEMPATH\CodeIgniter.php(498): CodeIgniter\CodeIgniter->createController()
 7 SYSTEMPATH\CodeIgniter.php(354): CodeIgniter\CodeIgniter->handleRequest(null, Object(Config\Cache), false)
 8 SYSTEMPATH\Boot.php(363): CodeIgniter\CodeIgniter->run()
 9 SYSTEMPATH\Boot.php(68): CodeIgniter\Boot::runCodeIgniter(Object(CodeIgniter\CodeIgniter))
10 FCPATH\index.php(59): CodeIgniter\Boot::bootWeb(Object(Config\Paths))
DEBUG - 2025-11-06 02:27:51 --> Session: Class initialized using 'CodeIgniter\Session\Handlers\FileHandler' driver.
WARNING - 2025-11-06 02:27:51 --> [DEPRECATED] Optional parameter $filters declared before required parameter $id_dep is implicitly treated as a required parameter in APPPATH\Models\Model_arsip.php on line 303.
 1 SYSTEMPATH\Autoloader\Autoloader.php(315): include_once('C:\\xampp\\htdocs\\e-arsip_ci4\\system\\Debug\\Exceptions.php')
 2 SYSTEMPATH\Autoloader\Autoloader.php(295): CodeIgniter\Autoloader\Autoloader->includeFile('C:\\xampp\\htdocs\\e-arsip_ci4\\app\\Models\\Model_arsip.php')
 3 SYSTEMPATH\Autoloader\Autoloader.php(271): CodeIgniter\Autoloader\Autoloader->loadInNamespace('App\\Models\\Model_arsip')
 4 APPPATH\Controllers\Arsip.php(26): CodeIgniter\Autoloader\Autoloader->loadClass('App\\Models\\Model_arsip')
 5 SYSTEMPATH\CodeIgniter.php(903): App\Controllers\Arsip->__construct()
 6 SYSTEMPATH\CodeIgniter.php(498): CodeIgniter\CodeIgniter->createController()
 7 SYSTEMPATH\CodeIgniter.php(354): CodeIgniter\CodeIgniter->handleRequest(null, Object(Config\Cache), false)
 8 SYSTEMPATH\Boot.php(363): CodeIgniter\CodeIgniter->run()
 9 SYSTEMPATH\Boot.php(68): CodeIgniter\Boot::runCodeIgniter(Object(CodeIgniter\CodeIgniter))
10 FCPATH\index.php(59): CodeIgniter\Boot::bootWeb(Object(Config\Paths))
DEBUG - 2025-11-06 02:27:52 --> Session: Class initialized using 'CodeIgniter\Session\Handlers\FileHandler' driver.
WARNING - 2025-11-06 02:27:52 --> [DEPRECATED] Optional parameter $filters declared before required parameter $id_dep is implicitly treated as a required parameter in APPPATH\Models\Model_arsip.php on line 303.
 1 SYSTEMPATH\Autoloader\Autoloader.php(315): include_once('C:\\xampp\\htdocs\\e-arsip_ci4\\system\\Debug\\Exceptions.php')
 2 SYSTEMPATH\Autoloader\Autoloader.php(295): CodeIgniter\Autoloader\Autoloader->includeFile('C:\\xampp\\htdocs\\e-arsip_ci4\\app\\Models\\Model_arsip.php')
 3 SYSTEMPATH\Autoloader\Autoloader.php(271): CodeIgniter\Autoloader\Autoloader->loadInNamespace('App\\Models\\Model_arsip')
 4 APPPATH\Controllers\Arsip.php(26): CodeIgniter\Autoloader\Autoloader->loadClass('App\\Models\\Model_arsip')
 5 SYSTEMPATH\CodeIgniter.php(903): App\Controllers\Arsip->__construct()
 6 SYSTEMPATH\CodeIgniter.php(498): CodeIgniter\CodeIgniter->createController()
 7 SYSTEMPATH\CodeIgniter.php(354): CodeIgniter\CodeIgniter->handleRequest(null, Object(Config\Cache), false)
 8 SYSTEMPATH\Boot.php(363): CodeIgniter\CodeIgniter->run()
 9 SYSTEMPATH\Boot.php(68): CodeIgniter\Boot::runCodeIgniter(Object(CodeIgniter\CodeIgniter))
10 FCPATH\index.php(59): CodeIgniter\Boot::bootWeb(Object(Config\Paths))
DEBUG - 2025-11-06 02:27:52 --> Session: Class initialized using 'CodeIgniter\Session\Handlers\FileHandler' driver.
WARNING - 2025-11-06 02:27:52 --> [DEPRECATED] Optional parameter $filters declared before required parameter $id_dep is implicitly treated as a required parameter in APPPATH\Models\Model_arsip.php on line 303.
 1 SYSTEMPATH\Autoloader\Autoloader.php(315): include_once('C:\\xampp\\htdocs\\e-arsip_ci4\\system\\Debug\\Exceptions.php')
 2 SYSTEMPATH\Autoloader\Autoloader.php(295): CodeIgniter\Autoloader\Autoloader->includeFile('C:\\xampp\\htdocs\\e-arsip_ci4\\app\\Models\\Model_arsip.php')
 3 SYSTEMPATH\Autoloader\Autoloader.php(271): CodeIgniter\Autoloader\Autoloader->loadInNamespace('App\\Models\\Model_arsip')
 4 APPPATH\Controllers\Arsip.php(26): CodeIgniter\Autoloader\Autoloader->loadClass('App\\Models\\Model_arsip')
 5 SYSTEMPATH\CodeIgniter.php(903): App\Controllers\Arsip->__construct()
 6 SYSTEMPATH\CodeIgniter.php(498): CodeIgniter\CodeIgniter->createController()
 7 SYSTEMPATH\CodeIgniter.php(354): CodeIgniter\CodeIgniter->handleRequest(null, Object(Config\Cache), false)
 8 SYSTEMPATH\Boot.php(363): CodeIgniter\CodeIgniter->run()
 9 SYSTEMPATH\Boot.php(68): CodeIgniter\Boot::runCodeIgniter(Object(CodeIgniter\CodeIgniter))
10 FCPATH\index.php(59): CodeIgniter\Boot::bootWeb(Object(Config\Paths))
DEBUG - 2025-11-06 02:27:54 --> Session: Class initialized using 'CodeIgniter\Session\Handlers\FileHandler' driver.
DEBUG - 2025-11-06 02:27:54 --> Session: Class initialized using 'CodeIgniter\Session\Handlers\FileHandler' driver.
DEBUG - 2025-11-06 02:28:01 --> Session: Class initialized using 'CodeIgniter\Session\Handlers\FileHandler' driver.
DEBUG - 2025-11-06 02:28:01 --> Session: Class initialized using 'CodeIgniter\Session\Handlers\FileHandler' driver.
DEBUG - 2025-11-06 02:28:01 --> Session: Class initialized using 'CodeIgniter\Session\Handlers\FileHandler' driver.
DEBUG - 2025-11-06 02:28:01 --> Session: Class initialized using 'CodeIgniter\Session\Handlers\FileHandler' driver.
WARNING - 2025-11-06 02:28:01 --> [DEPRECATED] Optional parameter $filters declared before required parameter $id_dep is implicitly treated as a required parameter in APPPATH\Models\Model_arsip.php on line 303.
 1 SYSTEMPATH\Autoloader\Autoloader.php(315): include_once('C:\\xampp\\htdocs\\e-arsip_ci4\\system\\Debug\\Exceptions.php')
 2 SYSTEMPATH\Autoloader\Autoloader.php(295): CodeIgniter\Autoloader\Autoloader->includeFile('C:\\xampp\\htdocs\\e-arsip_ci4\\app\\Models\\Model_arsip.php')
 3 SYSTEMPATH\Autoloader\Autoloader.php(271): CodeIgniter\Autoloader\Autoloader->loadInNamespace('App\\Models\\Model_arsip')
 4 APPPATH\Controllers\Home.php(23): CodeIgniter\Autoloader\Autoloader->loadClass('App\\Models\\Model_arsip')
 5 SYSTEMPATH\CodeIgniter.php(903): App\Controllers\Home->__construct()
 6 SYSTEMPATH\CodeIgniter.php(498): CodeIgniter\CodeIgniter->createController()
 7 SYSTEMPATH\CodeIgniter.php(354): CodeIgniter\CodeIgniter->handleRequest(null, Object(Config\Cache), false)
 8 SYSTEMPATH\Boot.php(363): CodeIgniter\CodeIgniter->run()
 9 SYSTEMPATH\Boot.php(68): CodeIgniter\Boot::runCodeIgniter(Object(CodeIgniter\CodeIgniter))
10 FCPATH\index.php(59): CodeIgniter\Boot::bootWeb(Object(Config\Paths))
DEBUG - 2025-11-06 02:28:22 --> Session: Class initialized using 'CodeIgniter\Session\Handlers\FileHandler' driver.
DEBUG - 2025-11-06 02:28:23 --> Session: Class initialized using 'CodeIgniter\Session\Handlers\FileHandler' driver.
WARNING - 2025-11-06 02:28:23 --> [DEPRECATED] Optional parameter $filters declared before required parameter $id_dep is implicitly treated as a required parameter in APPPATH\Models\Model_arsip.php on line 303.
 1 SYSTEMPATH\Autoloader\Autoloader.php(315): include_once('C:\\xampp\\htdocs\\e-arsip_ci4\\system\\Debug\\Exceptions.php')
 2 SYSTEMPATH\Autoloader\Autoloader.php(295): CodeIgniter\Autoloader\Autoloader->includeFile('C:\\xampp\\htdocs\\e-arsip_ci4\\app\\Models\\Model_arsip.php')
 3 SYSTEMPATH\Autoloader\Autoloader.php(271): CodeIgniter\Autoloader\Autoloader->loadInNamespace('App\\Models\\Model_arsip')
 4 APPPATH\Controllers\Home.php(23): CodeIgniter\Autoloader\Autoloader->loadClass('App\\Models\\Model_arsip')
 5 SYSTEMPATH\CodeIgniter.php(903): App\Controllers\Home->__construct()
 6 SYSTEMPATH\CodeIgniter.php(498): CodeIgniter\CodeIgniter->createController()
 7 SYSTEMPATH\CodeIgniter.php(354): CodeIgniter\CodeIgniter->handleRequest(null, Object(Config\Cache), false)
 8 SYSTEMPATH\Boot.php(363): CodeIgniter\CodeIgniter->run()
 9 SYSTEMPATH\Boot.php(68): CodeIgniter\Boot::runCodeIgniter(Object(CodeIgniter\CodeIgniter))
10 FCPATH\index.php(59): CodeIgniter\Boot::bootWeb(Object(Config\Paths))
DEBUG - 2025-11-06 02:28:24 --> Session: Class initialized using 'CodeIgniter\Session\Handlers\FileHandler' driver.
WARNING - 2025-11-06 02:28:24 --> [DEPRECATED] Optional parameter $filters declared before required parameter $id_dep is implicitly treated as a required parameter in APPPATH\Models\Model_arsip.php on line 303.
 1 SYSTEMPATH\Autoloader\Autoloader.php(315): include_once('C:\\xampp\\htdocs\\e-arsip_ci4\\system\\Debug\\Exceptions.php')
 2 SYSTEMPATH\Autoloader\Autoloader.php(295): CodeIgniter\Autoloader\Autoloader->includeFile('C:\\xampp\\htdocs\\e-arsip_ci4\\app\\Models\\Model_arsip.php')
 3 SYSTEMPATH\Autoloader\Autoloader.php(271): CodeIgniter\Autoloader\Autoloader->loadInNamespace('App\\Models\\Model_arsip')
 4 APPPATH\Controllers\Arsip.php(26): CodeIgniter\Autoloader\Autoloader->loadClass('App\\Models\\Model_arsip')
 5 SYSTEMPATH\CodeIgniter.php(903): App\Controllers\Arsip->__construct()
 6 SYSTEMPATH\CodeIgniter.php(498): CodeIgniter\CodeIgniter->createController()
 7 SYSTEMPATH\CodeIgniter.php(354): CodeIgniter\CodeIgniter->handleRequest(null, Object(Config\Cache), false)
 8 SYSTEMPATH\Boot.php(363): CodeIgniter\CodeIgniter->run()
 9 SYSTEMPATH\Boot.php(68): CodeIgniter\Boot::runCodeIgniter(Object(CodeIgniter\CodeIgniter))
10 FCPATH\index.php(59): CodeIgniter\Boot::bootWeb(Object(Config\Paths))
DEBUG - 2025-11-06 02:28:32 --> Session: Class initialized using 'CodeIgniter\Session\Handlers\FileHandler' driver.
WARNING - 2025-11-06 02:28:32 --> [DEPRECATED] Optional parameter $filters declared before required parameter $id_dep is implicitly treated as a required parameter in APPPATH\Models\Model_arsip.php on line 303.
 1 SYSTEMPATH\Autoloader\Autoloader.php(315): include_once('C:\\xampp\\htdocs\\e-arsip_ci4\\system\\Debug\\Exceptions.php')
 2 SYSTEMPATH\Autoloader\Autoloader.php(295): CodeIgniter\Autoloader\Autoloader->includeFile('C:\\xampp\\htdocs\\e-arsip_ci4\\app\\Models\\Model_arsip.php')
 3 SYSTEMPATH\Autoloader\Autoloader.php(271): CodeIgniter\Autoloader\Autoloader->loadInNamespace('App\\Models\\Model_arsip')
 4 APPPATH\Controllers\Kategori.php(21): CodeIgniter\Autoloader\Autoloader->loadClass('App\\Models\\Model_arsip')
 5 SYSTEMPATH\CodeIgniter.php(903): App\Controllers\Kategori->__construct()
 6 SYSTEMPATH\CodeIgniter.php(498): CodeIgniter\CodeIgniter->createController()
 7 SYSTEMPATH\CodeIgniter.php(354): CodeIgniter\CodeIgniter->handleRequest(null, Object(Config\Cache), false)
 8 SYSTEMPATH\Boot.php(363): CodeIgniter\CodeIgniter->run()
 9 SYSTEMPATH\Boot.php(68): CodeIgniter\Boot::runCodeIgniter(Object(CodeIgniter\CodeIgniter))
10 FCPATH\index.php(59): CodeIgniter\Boot::bootWeb(Object(Config\Paths))
DEBUG - 2025-11-06 02:28:49 --> Session: Class initialized using 'CodeIgniter\Session\Handlers\FileHandler' driver.
WARNING - 2025-11-06 02:28:50 --> [DEPRECATED] Optional parameter $filters declared before required parameter $id_dep is implicitly treated as a required parameter in APPPATH\Models\Model_arsip.php on line 303.
 1 SYSTEMPATH\Autoloader\Autoloader.php(315): include_once('C:\\xampp\\htdocs\\e-arsip_ci4\\system\\Debug\\Exceptions.php')
 2 SYSTEMPATH\Autoloader\Autoloader.php(295): CodeIgniter\Autoloader\Autoloader->includeFile('C:\\xampp\\htdocs\\e-arsip_ci4\\app\\Models\\Model_arsip.php')
 3 SYSTEMPATH\Autoloader\Autoloader.php(271): CodeIgniter\Autoloader\Autoloader->loadInNamespace('App\\Models\\Model_arsip')
 4 APPPATH\Controllers\Kategori.php(21): CodeIgniter\Autoloader\Autoloader->loadClass('App\\Models\\Model_arsip')
 5 SYSTEMPATH\CodeIgniter.php(903): App\Controllers\Kategori->__construct()
 6 SYSTEMPATH\CodeIgniter.php(498): CodeIgniter\CodeIgniter->createController()
 7 SYSTEMPATH\CodeIgniter.php(354): CodeIgniter\CodeIgniter->handleRequest(null, Object(Config\Cache), false)
 8 SYSTEMPATH\Boot.php(363): CodeIgniter\CodeIgniter->run()
 9 SYSTEMPATH\Boot.php(68): CodeIgniter\Boot::runCodeIgniter(Object(CodeIgniter\CodeIgniter))
10 FCPATH\index.php(59): CodeIgniter\Boot::bootWeb(Object(Config\Paths))
DEBUG - 2025-11-06 02:28:50 --> AUDIT DEBUG -> id_user: 18, username: administrator
DEBUG - 2025-11-06 02:28:50 --> Session: Class initialized using 'CodeIgniter\Session\Handlers\FileHandler' driver.
WARNING - 2025-11-06 02:28:50 --> [DEPRECATED] Optional parameter $filters declared before required parameter $id_dep is implicitly treated as a required parameter in APPPATH\Models\Model_arsip.php on line 303.
 1 SYSTEMPATH\Autoloader\Autoloader.php(315): include_once('C:\\xampp\\htdocs\\e-arsip_ci4\\system\\Debug\\Exceptions.php')
 2 SYSTEMPATH\Autoloader\Autoloader.php(295): CodeIgniter\Autoloader\Autoloader->includeFile('C:\\xampp\\htdocs\\e-arsip_ci4\\app\\Models\\Model_arsip.php')
 3 SYSTEMPATH\Autoloader\Autoloader.php(271): CodeIgniter\Autoloader\Autoloader->loadInNamespace('App\\Models\\Model_arsip')
 4 APPPATH\Controllers\Kategori.php(21): CodeIgniter\Autoloader\Autoloader->loadClass('App\\Models\\Model_arsip')
 5 SYSTEMPATH\CodeIgniter.php(903): App\Controllers\Kategori->__construct()
 6 SYSTEMPATH\CodeIgniter.php(498): CodeIgniter\CodeIgniter->createController()
 7 SYSTEMPATH\CodeIgniter.php(354): CodeIgniter\CodeIgniter->handleRequest(null, Object(Config\Cache), false)
 8 SYSTEMPATH\Boot.php(363): CodeIgniter\CodeIgniter->run()
 9 SYSTEMPATH\Boot.php(68): CodeIgniter\Boot::runCodeIgniter(Object(CodeIgniter\CodeIgniter))
10 FCPATH\index.php(59): CodeIgniter\Boot::bootWeb(Object(Config\Paths))
DEBUG - 2025-11-06 02:28:52 --> Session: Class initialized using 'CodeIgniter\Session\Handlers\FileHandler' driver.
DEBUG - 2025-11-06 02:28:52 --> Session: Class initialized using 'CodeIgniter\Session\Handlers\FileHandler' driver.
DEBUG - 2025-11-06 02:29:00 --> Session: Class initialized using 'CodeIgniter\Session\Handlers\FileHandler' driver.
DEBUG - 2025-11-06 02:29:00 --> Session: Class initialized using 'CodeIgniter\Session\Handlers\FileHandler' driver.
WARNING - 2025-11-06 02:29:00 --> [DEPRECATED] Optional parameter $filters declared before required parameter $id_dep is implicitly treated as a required parameter in APPPATH\Models\Model_arsip.php on line 303.
 1 SYSTEMPATH\Autoloader\Autoloader.php(315): include_once('C:\\xampp\\htdocs\\e-arsip_ci4\\system\\Debug\\Exceptions.php')
 2 SYSTEMPATH\Autoloader\Autoloader.php(295): CodeIgniter\Autoloader\Autoloader->includeFile('C:\\xampp\\htdocs\\e-arsip_ci4\\app\\Models\\Model_arsip.php')
 3 SYSTEMPATH\Autoloader\Autoloader.php(271): CodeIgniter\Autoloader\Autoloader->loadInNamespace('App\\Models\\Model_arsip')
 4 APPPATH\Controllers\Home.php(23): CodeIgniter\Autoloader\Autoloader->loadClass('App\\Models\\Model_arsip')
 5 SYSTEMPATH\CodeIgniter.php(903): App\Controllers\Home->__construct()
 6 SYSTEMPATH\CodeIgniter.php(498): CodeIgniter\CodeIgniter->createController()
 7 SYSTEMPATH\CodeIgniter.php(354): CodeIgniter\CodeIgniter->handleRequest(null, Object(Config\Cache), false)
 8 SYSTEMPATH\Boot.php(363): CodeIgniter\CodeIgniter->run()
 9 SYSTEMPATH\Boot.php(68): CodeIgniter\Boot::runCodeIgniter(Object(CodeIgniter\CodeIgniter))
10 FCPATH\index.php(59): CodeIgniter\Boot::bootWeb(Object(Config\Paths))
DEBUG - 2025-11-06 02:29:01 --> Session: Class initialized using 'CodeIgniter\Session\Handlers\FileHandler' driver.
WARNING - 2025-11-06 02:29:01 --> [DEPRECATED] Optional parameter $filters declared before required parameter $id_dep is implicitly treated as a required parameter in APPPATH\Models\Model_arsip.php on line 303.
 1 SYSTEMPATH\Autoloader\Autoloader.php(315): include_once('C:\\xampp\\htdocs\\e-arsip_ci4\\system\\Debug\\Exceptions.php')
 2 SYSTEMPATH\Autoloader\Autoloader.php(295): CodeIgniter\Autoloader\Autoloader->includeFile('C:\\xampp\\htdocs\\e-arsip_ci4\\app\\Models\\Model_arsip.php')
 3 SYSTEMPATH\Autoloader\Autoloader.php(271): CodeIgniter\Autoloader\Autoloader->loadInNamespace('App\\Models\\Model_arsip')
 4 APPPATH\Controllers\Arsip.php(26): CodeIgniter\Autoloader\Autoloader->loadClass('App\\Models\\Model_arsip')
 5 SYSTEMPATH\CodeIgniter.php(903): App\Controllers\Arsip->__construct()
 6 SYSTEMPATH\CodeIgniter.php(498): CodeIgniter\CodeIgniter->createController()
 7 SYSTEMPATH\CodeIgniter.php(354): CodeIgniter\CodeIgniter->handleRequest(null, Object(Config\Cache), false)
 8 SYSTEMPATH\Boot.php(363): CodeIgniter\CodeIgniter->run()
 9 SYSTEMPATH\Boot.php(68): CodeIgniter\Boot::runCodeIgniter(Object(CodeIgniter\CodeIgniter))
10 FCPATH\index.php(59): CodeIgniter\Boot::bootWeb(Object(Config\Paths))
DEBUG - 2025-11-06 02:29:03 --> Session: Class initialized using 'CodeIgniter\Session\Handlers\FileHandler' driver.
WARNING - 2025-11-06 02:29:03 --> [DEPRECATED] Optional parameter $filters declared before required parameter $id_dep is implicitly treated as a required parameter in APPPATH\Models\Model_arsip.php on line 303.
 1 SYSTEMPATH\Autoloader\Autoloader.php(315): include_once('C:\\xampp\\htdocs\\e-arsip_ci4\\system\\Debug\\Exceptions.php')
 2 SYSTEMPATH\Autoloader\Autoloader.php(295): CodeIgniter\Autoloader\Autoloader->includeFile('C:\\xampp\\htdocs\\e-arsip_ci4\\app\\Models\\Model_arsip.php')
 3 SYSTEMPATH\Autoloader\Autoloader.php(271): CodeIgniter\Autoloader\Autoloader->loadInNamespace('App\\Models\\Model_arsip')
 4 APPPATH\Controllers\Cari.php(20): CodeIgniter\Autoloader\Autoloader->loadClass('App\\Models\\Model_arsip')
 5 SYSTEMPATH\CodeIgniter.php(903): App\Controllers\Cari->__construct()
 6 SYSTEMPATH\CodeIgniter.php(498): CodeIgniter\CodeIgniter->createController()
 7 SYSTEMPATH\CodeIgniter.php(354): CodeIgniter\CodeIgniter->handleRequest(null, Object(Config\Cache), false)
 8 SYSTEMPATH\Boot.php(363): CodeIgniter\CodeIgniter->run()
 9 SYSTEMPATH\Boot.php(68): CodeIgniter\Boot::runCodeIgniter(Object(CodeIgniter\CodeIgniter))
10 FCPATH\index.php(59): CodeIgniter\Boot::bootWeb(Object(Config\Paths))
DEBUG - 2025-11-06 02:29:03 --> Session: Class initialized using 'CodeIgniter\Session\Handlers\FileHandler' driver.
WARNING - 2025-11-06 02:29:03 --> [DEPRECATED] Optional parameter $filters declared before required parameter $id_dep is implicitly treated as a required parameter in APPPATH\Models\Model_arsip.php on line 303.
 1 SYSTEMPATH\Autoloader\Autoloader.php(315): include_once('C:\\xampp\\htdocs\\e-arsip_ci4\\system\\Debug\\Exceptions.php')
 2 SYSTEMPATH\Autoloader\Autoloader.php(295): CodeIgniter\Autoloader\Autoloader->includeFile('C:\\xampp\\htdocs\\e-arsip_ci4\\app\\Models\\Model_arsip.php')
 3 SYSTEMPATH\Autoloader\Autoloader.php(271): CodeIgniter\Autoloader\Autoloader->loadInNamespace('App\\Models\\Model_arsip')
 4 APPPATH\Controllers\Arsip.php(26): CodeIgniter\Autoloader\Autoloader->loadClass('App\\Models\\Model_arsip')
 5 SYSTEMPATH\CodeIgniter.php(903): App\Controllers\Arsip->__construct()
 6 SYSTEMPATH\CodeIgniter.php(498): CodeIgniter\CodeIgniter->createController()
 7 SYSTEMPATH\CodeIgniter.php(354): CodeIgniter\CodeIgniter->handleRequest(null, Object(Config\Cache), false)
 8 SYSTEMPATH\Boot.php(363): CodeIgniter\CodeIgniter->run()
 9 SYSTEMPATH\Boot.php(68): CodeIgniter\Boot::runCodeIgniter(Object(CodeIgniter\CodeIgniter))
10 FCPATH\index.php(59): CodeIgniter\Boot::bootWeb(Object(Config\Paths))
DEBUG - 2025-11-06 02:29:14 --> Session: Class initialized using 'CodeIgniter\Session\Handlers\FileHandler' driver.
WARNING - 2025-11-06 02:29:14 --> [DEPRECATED] Optional parameter $filters declared before required parameter $id_dep is implicitly treated as a required parameter in APPPATH\Models\Model_arsip.php on line 303.
 1 SYSTEMPATH\Autoloader\Autoloader.php(315): include_once('C:\\xampp\\htdocs\\e-arsip_ci4\\system\\Debug\\Exceptions.php')
 2 SYSTEMPATH\Autoloader\Autoloader.php(295): CodeIgniter\Autoloader\Autoloader->includeFile('C:\\xampp\\htdocs\\e-arsip_ci4\\app\\Models\\Model_arsip.php')
 3 SYSTEMPATH\Autoloader\Autoloader.php(271): CodeIgniter\Autoloader\Autoloader->loadInNamespace('App\\Models\\Model_arsip')
 4 APPPATH\Controllers\Arsip.php(26): CodeIgniter\Autoloader\Autoloader->loadClass('App\\Models\\Model_arsip')
 5 SYSTEMPATH\CodeIgniter.php(903): App\Controllers\Arsip->__construct()
 6 SYSTEMPATH\CodeIgniter.php(498): CodeIgniter\CodeIgniter->createController()
 7 SYSTEMPATH\CodeIgniter.php(354): CodeIgniter\CodeIgniter->handleRequest(null, Object(Config\Cache), false)
 8 SYSTEMPATH\Boot.php(363): CodeIgniter\CodeIgniter->run()
 9 SYSTEMPATH\Boot.php(68): CodeIgniter\Boot::runCodeIgniter(Object(CodeIgniter\CodeIgniter))
10 FCPATH\index.php(59): CodeIgniter\Boot::bootWeb(Object(Config\Paths))
DEBUG - 2025-11-06 02:29:15 --> AUDIT DEBUG -> id_user: 46, username: riska_p3
DEBUG - 2025-11-06 02:29:15 --> Session: Class initialized using 'CodeIgniter\Session\Handlers\FileHandler' driver.
WARNING - 2025-11-06 02:29:15 --> [DEPRECATED] Optional parameter $filters declared before required parameter $id_dep is implicitly treated as a required parameter in APPPATH\Models\Model_arsip.php on line 303.
 1 SYSTEMPATH\Autoloader\Autoloader.php(315): include_once('C:\\xampp\\htdocs\\e-arsip_ci4\\system\\Debug\\Exceptions.php')
 2 SYSTEMPATH\Autoloader\Autoloader.php(295): CodeIgniter\Autoloader\Autoloader->includeFile('C:\\xampp\\htdocs\\e-arsip_ci4\\app\\Models\\Model_arsip.php')
 3 SYSTEMPATH\Autoloader\Autoloader.php(271): CodeIgniter\Autoloader\Autoloader->loadInNamespace('App\\Models\\Model_arsip')
 4 APPPATH\Controllers\Arsip.php(26): CodeIgniter\Autoloader\Autoloader->loadClass('App\\Models\\Model_arsip')
 5 SYSTEMPATH\CodeIgniter.php(903): App\Controllers\Arsip->__construct()
 6 SYSTEMPATH\CodeIgniter.php(498): CodeIgniter\CodeIgniter->createController()
 7 SYSTEMPATH\CodeIgniter.php(354): CodeIgniter\CodeIgniter->handleRequest(null, Object(Config\Cache), false)
 8 SYSTEMPATH\Boot.php(363): CodeIgniter\CodeIgniter->run()
 9 SYSTEMPATH\Boot.php(68): CodeIgniter\Boot::runCodeIgniter(Object(CodeIgniter\CodeIgniter))
10 FCPATH\index.php(59): CodeIgniter\Boot::bootWeb(Object(Config\Paths))
DEBUG - 2025-11-06 02:29:15 --> Session: Class initialized using 'CodeIgniter\Session\Handlers\FileHandler' driver.
WARNING - 2025-11-06 02:29:15 --> [DEPRECATED] Optional parameter $filters declared before required parameter $id_dep is implicitly treated as a required parameter in APPPATH\Models\Model_arsip.php on line 303.
 1 SYSTEMPATH\Autoloader\Autoloader.php(315): include_once('C:\\xampp\\htdocs\\e-arsip_ci4\\system\\Debug\\Exceptions.php')
 2 SYSTEMPATH\Autoloader\Autoloader.php(295): CodeIgniter\Autoloader\Autoloader->includeFile('C:\\xampp\\htdocs\\e-arsip_ci4\\app\\Models\\Model_arsip.php')
 3 SYSTEMPATH\Autoloader\Autoloader.php(271): CodeIgniter\Autoloader\Autoloader->loadInNamespace('App\\Models\\Model_arsip')
 4 APPPATH\Controllers\Arsip.php(26): CodeIgniter\Autoloader\Autoloader->loadClass('App\\Models\\Model_arsip')
 5 SYSTEMPATH\CodeIgniter.php(903): App\Controllers\Arsip->__construct()
 6 SYSTEMPATH\CodeIgniter.php(498): CodeIgniter\CodeIgniter->createController()
 7 SYSTEMPATH\CodeIgniter.php(354): CodeIgniter\CodeIgniter->handleRequest(null, Object(Config\Cache), false)
 8 SYSTEMPATH\Boot.php(363): CodeIgniter\CodeIgniter->run()
 9 SYSTEMPATH\Boot.php(68): CodeIgniter\Boot::runCodeIgniter(Object(CodeIgniter\CodeIgniter))
10 FCPATH\index.php(59): CodeIgniter\Boot::bootWeb(Object(Config\Paths))
DEBUG - 2025-11-06 02:29:16 --> Session: Class initialized using 'CodeIgniter\Session\Handlers\FileHandler' driver.
WARNING - 2025-11-06 02:29:16 --> [DEPRECATED] Optional parameter $filters declared before required parameter $id_dep is implicitly treated as a required parameter in APPPATH\Models\Model_arsip.php on line 303.
 1 SYSTEMPATH\Autoloader\Autoloader.php(315): include_once('C:\\xampp\\htdocs\\e-arsip_ci4\\system\\Debug\\Exceptions.php')
 2 SYSTEMPATH\Autoloader\Autoloader.php(295): CodeIgniter\Autoloader\Autoloader->includeFile('C:\\xampp\\htdocs\\e-arsip_ci4\\app\\Models\\Model_arsip.php')
 3 SYSTEMPATH\Autoloader\Autoloader.php(271): CodeIgniter\Autoloader\Autoloader->loadInNamespace('App\\Models\\Model_arsip')
 4 APPPATH\Controllers\Arsip.php(26): CodeIgniter\Autoloader\Autoloader->loadClass('App\\Models\\Model_arsip')
 5 SYSTEMPATH\CodeIgniter.php(903): App\Controllers\Arsip->__construct()
 6 SYSTEMPATH\CodeIgniter.php(498): CodeIgniter\CodeIgniter->createController()
 7 SYSTEMPATH\CodeIgniter.php(354): CodeIgniter\CodeIgniter->handleRequest(null, Object(Config\Cache), false)
 8 SYSTEMPATH\Boot.php(363): CodeIgniter\CodeIgniter->run()
 9 SYSTEMPATH\Boot.php(68): CodeIgniter\Boot::runCodeIgniter(Object(CodeIgniter\CodeIgniter))
10 FCPATH\index.php(59): CodeIgniter\Boot::bootWeb(Object(Config\Paths))
DEBUG - 2025-11-06 02:31:13 --> Session: Class initialized using 'CodeIgniter\Session\Handlers\FileHandler' driver.
WARNING - 2025-11-06 02:31:13 --> [DEPRECATED] Optional parameter $filters declared before required parameter $id_dep is implicitly treated as a required parameter in APPPATH\Models\Model_arsip.php on line 303.
 1 SYSTEMPATH\Autoloader\Autoloader.php(315): include_once('C:\\xampp\\htdocs\\e-arsip_ci4\\system\\Debug\\Exceptions.php')
 2 SYSTEMPATH\Autoloader\Autoloader.php(295): CodeIgniter\Autoloader\Autoloader->includeFile('C:\\xampp\\htdocs\\e-arsip_ci4\\app\\Models\\Model_arsip.php')
 3 SYSTEMPATH\Autoloader\Autoloader.php(271): CodeIgniter\Autoloader\Autoloader->loadInNamespace('App\\Models\\Model_arsip')
 4 APPPATH\Controllers\Cari.php(20): CodeIgniter\Autoloader\Autoloader->loadClass('App\\Models\\Model_arsip')
 5 SYSTEMPATH\CodeIgniter.php(903): App\Controllers\Cari->__construct()
 6 SYSTEMPATH\CodeIgniter.php(498): CodeIgniter\CodeIgniter->createController()
 7 SYSTEMPATH\CodeIgniter.php(354): CodeIgniter\CodeIgniter->handleRequest(null, Object(Config\Cache), false)
 8 SYSTEMPATH\Boot.php(363): CodeIgniter\CodeIgniter->run()
 9 SYSTEMPATH\Boot.php(68): CodeIgniter\Boot::runCodeIgniter(Object(CodeIgniter\CodeIgniter))
10 FCPATH\index.php(59): CodeIgniter\Boot::bootWeb(Object(Config\Paths))
DEBUG - 2025-11-06 02:31:16 --> Session: Class initialized using 'CodeIgniter\Session\Handlers\FileHandler' driver.
WARNING - 2025-11-06 02:31:16 --> [DEPRECATED] Optional parameter $filters declared before required parameter $id_dep is implicitly treated as a required parameter in APPPATH\Models\Model_arsip.php on line 303.
 1 SYSTEMPATH\Autoloader\Autoloader.php(315): include_once('C:\\xampp\\htdocs\\e-arsip_ci4\\system\\Debug\\Exceptions.php')
 2 SYSTEMPATH\Autoloader\Autoloader.php(295): CodeIgniter\Autoloader\Autoloader->includeFile('C:\\xampp\\htdocs\\e-arsip_ci4\\app\\Models\\Model_arsip.php')
 3 SYSTEMPATH\Autoloader\Autoloader.php(271): CodeIgniter\Autoloader\Autoloader->loadInNamespace('App\\Models\\Model_arsip')
 4 APPPATH\Controllers\Arsip.php(26): CodeIgniter\Autoloader\Autoloader->loadClass('App\\Models\\Model_arsip')
 5 SYSTEMPATH\CodeIgniter.php(903): App\Controllers\Arsip->__construct()
 6 SYSTEMPATH\CodeIgniter.php(498): CodeIgniter\CodeIgniter->createController()
 7 SYSTEMPATH\CodeIgniter.php(354): CodeIgniter\CodeIgniter->handleRequest(null, Object(Config\Cache), false)
 8 SYSTEMPATH\Boot.php(363): CodeIgniter\CodeIgniter->run()
 9 SYSTEMPATH\Boot.php(68): CodeIgniter\Boot::runCodeIgniter(Object(CodeIgniter\CodeIgniter))
10 FCPATH\index.php(59): CodeIgniter\Boot::bootWeb(Object(Config\Paths))
DEBUG - 2025-11-06 02:31:17 --> Session: Class initialized using 'CodeIgniter\Session\Handlers\FileHandler' driver.
WARNING - 2025-11-06 02:31:17 --> [DEPRECATED] Optional parameter $filters declared before required parameter $id_dep is implicitly treated as a required parameter in APPPATH\Models\Model_arsip.php on line 303.
 1 SYSTEMPATH\Autoloader\Autoloader.php(315): include_once('C:\\xampp\\htdocs\\e-arsip_ci4\\system\\Debug\\Exceptions.php')
 2 SYSTEMPATH\Autoloader\Autoloader.php(295): CodeIgniter\Autoloader\Autoloader->includeFile('C:\\xampp\\htdocs\\e-arsip_ci4\\app\\Models\\Model_arsip.php')
 3 SYSTEMPATH\Autoloader\Autoloader.php(271): CodeIgniter\Autoloader\Autoloader->loadInNamespace('App\\Models\\Model_arsip')
 4 APPPATH\Controllers\Cari.php(20): CodeIgniter\Autoloader\Autoloader->loadClass('App\\Models\\Model_arsip')
 5 SYSTEMPATH\CodeIgniter.php(903): App\Controllers\Cari->__construct()
 6 SYSTEMPATH\CodeIgniter.php(498): CodeIgniter\CodeIgniter->createController()
 7 SYSTEMPATH\CodeIgniter.php(354): CodeIgniter\CodeIgniter->handleRequest(null, Object(Config\Cache), false)
 8 SYSTEMPATH\Boot.php(363): CodeIgniter\CodeIgniter->run()
 9 SYSTEMPATH\Boot.php(68): CodeIgniter\Boot::runCodeIgniter(Object(CodeIgniter\CodeIgniter))
10 FCPATH\index.php(59): CodeIgniter\Boot::bootWeb(Object(Config\Paths))
DEBUG - 2025-11-06 02:32:03 --> Session: Class initialized using 'CodeIgniter\Session\Handlers\FileHandler' driver.
WARNING - 2025-11-06 02:32:03 --> [DEPRECATED] Optional parameter $filters declared before required parameter $id_dep is implicitly treated as a required parameter in APPPATH\Models\Model_arsip.php on line 303.
 1 SYSTEMPATH\Autoloader\Autoloader.php(315): include_once('C:\\xampp\\htdocs\\e-arsip_ci4\\system\\Debug\\Exceptions.php')
 2 SYSTEMPATH\Autoloader\Autoloader.php(295): CodeIgniter\Autoloader\Autoloader->includeFile('C:\\xampp\\htdocs\\e-arsip_ci4\\app\\Models\\Model_arsip.php')
 3 SYSTEMPATH\Autoloader\Autoloader.php(271): CodeIgniter\Autoloader\Autoloader->loadInNamespace('App\\Models\\Model_arsip')
 4 APPPATH\Controllers\Home.php(23): CodeIgniter\Autoloader\Autoloader->loadClass('App\\Models\\Model_arsip')
 5 SYSTEMPATH\CodeIgniter.php(903): App\Controllers\Home->__construct()
 6 SYSTEMPATH\CodeIgniter.php(498): CodeIgniter\CodeIgniter->createController()
 7 SYSTEMPATH\CodeIgniter.php(354): CodeIgniter\CodeIgniter->handleRequest(null, Object(Config\Cache), false)
 8 SYSTEMPATH\Boot.php(363): CodeIgniter\CodeIgniter->run()
 9 SYSTEMPATH\Boot.php(68): CodeIgniter\Boot::runCodeIgniter(Object(CodeIgniter\CodeIgniter))
10 FCPATH\index.php(59): CodeIgniter\Boot::bootWeb(Object(Config\Paths))
DEBUG - 2025-11-06 02:32:05 --> Session: Class initialized using 'CodeIgniter\Session\Handlers\FileHandler' driver.
WARNING - 2025-11-06 02:32:05 --> [DEPRECATED] Optional parameter $filters declared before required parameter $id_dep is implicitly treated as a required parameter in APPPATH\Models\Model_arsip.php on line 303.
 1 SYSTEMPATH\Autoloader\Autoloader.php(315): include_once('C:\\xampp\\htdocs\\e-arsip_ci4\\system\\Debug\\Exceptions.php')
 2 SYSTEMPATH\Autoloader\Autoloader.php(295): CodeIgniter\Autoloader\Autoloader->includeFile('C:\\xampp\\htdocs\\e-arsip_ci4\\app\\Models\\Model_arsip.php')
 3 SYSTEMPATH\Autoloader\Autoloader.php(271): CodeIgniter\Autoloader\Autoloader->loadInNamespace('App\\Models\\Model_arsip')
 4 APPPATH\Controllers\Arsip.php(26): CodeIgniter\Autoloader\Autoloader->loadClass('App\\Models\\Model_arsip')
 5 SYSTEMPATH\CodeIgniter.php(903): App\Controllers\Arsip->__construct()
 6 SYSTEMPATH\CodeIgniter.php(498): CodeIgniter\CodeIgniter->createController()
 7 SYSTEMPATH\CodeIgniter.php(354): CodeIgniter\CodeIgniter->handleRequest(null, Object(Config\Cache), false)
 8 SYSTEMPATH\Boot.php(363): CodeIgniter\CodeIgniter->run()
 9 SYSTEMPATH\Boot.php(68): CodeIgniter\Boot::runCodeIgniter(Object(CodeIgniter\CodeIgniter))
10 FCPATH\index.php(59): CodeIgniter\Boot::bootWeb(Object(Config\Paths))
DEBUG - 2025-11-06 02:32:19 --> Session: Class initialized using 'CodeIgniter\Session\Handlers\FileHandler' driver.
DEBUG - 2025-11-06 02:32:20 --> Session: Class initialized using 'CodeIgniter\Session\Handlers\FileHandler' driver.
DEBUG - 2025-11-06 02:32:20 --> Session: Class initialized using 'CodeIgniter\Session\Handlers\FileHandler' driver.
CRITICAL - 2025-11-06 02:32:20 --> ErrorException: Undefined array key "subjek"
[Method: GET, Route: bantuan/chat/18/default]
in APPPATH\Views\pages\bantuan_chat.php on line 90.
 1 APPPATH\Views\pages\bantuan_chat.php(90): CodeIgniter\Debug\Exceptions->errorHandler(2, 'Undefined array key "subjek"', 'C:\\xampp\\htdocs\\e-arsip_ci4\\app\\Views\\pages\\bantuan_chat.php', 90)
 2 SYSTEMPATH\View\View.php(226): include('C:\\xampp\\htdocs\\e-arsip_ci4\\app\\Views\\pages\\bantuan_chat.php')
 3 SYSTEMPATH\View\View.php(229): CodeIgniter\View\View->CodeIgniter\View\{closure}()
 4 SYSTEMPATH\Common.php(1167): CodeIgniter\View\View->render('pages/bantuan_chat', [], true)
 5 APPPATH\Controllers\Bantuan.php(114): view('pages/bantuan_chat', [...])
 6 SYSTEMPATH\CodeIgniter.php(933): App\Controllers\Bantuan->chat('18', 'default')
 7 SYSTEMPATH\CodeIgniter.php(507): CodeIgniter\CodeIgniter->runController(Object(App\Controllers\Bantuan))
 8 SYSTEMPATH\CodeIgniter.php(354): CodeIgniter\CodeIgniter->handleRequest(null, Object(Config\Cache), false)
 9 SYSTEMPATH\Boot.php(363): CodeIgniter\CodeIgniter->run()
10 SYSTEMPATH\Boot.php(68): CodeIgniter\Boot::runCodeIgniter(Object(CodeIgniter\CodeIgniter))
11 FCPATH\index.php(59): CodeIgniter\Boot::bootWeb(Object(Config\Paths))
DEBUG - 2025-11-06 02:32:22 --> Session: Class initialized using 'CodeIgniter\Session\Handlers\FileHandler' driver.
DEBUG - 2025-11-06 02:32:22 --> Session: Class initialized using 'CodeIgniter\Session\Handlers\FileHandler' driver.
CRITICAL - 2025-11-06 02:32:22 --> ErrorException: Undefined array key "subjek"
[Method: GET, Route: bantuan/chat/18/default]
in APPPATH\Views\pages\bantuan_chat.php on line 90.
 1 APPPATH\Views\pages\bantuan_chat.php(90): CodeIgniter\Debug\Exceptions->errorHandler(2, 'Undefined array key "subjek"', 'C:\\xampp\\htdocs\\e-arsip_ci4\\app\\Views\\pages\\bantuan_chat.php', 90)
 2 SYSTEMPATH\View\View.php(226): include('C:\\xampp\\htdocs\\e-arsip_ci4\\app\\Views\\pages\\bantuan_chat.php')
 3 SYSTEMPATH\View\View.php(229): CodeIgniter\View\View->CodeIgniter\View\{closure}()
 4 SYSTEMPATH\Common.php(1167): CodeIgniter\View\View->render('pages/bantuan_chat', [], true)
 5 APPPATH\Controllers\Bantuan.php(114): view('pages/bantuan_chat', [...])
 6 SYSTEMPATH\CodeIgniter.php(933): App\Controllers\Bantuan->chat('18', 'default')
 7 SYSTEMPATH\CodeIgniter.php(507): CodeIgniter\CodeIgniter->runController(Object(App\Controllers\Bantuan))
 8 SYSTEMPATH\CodeIgniter.php(354): CodeIgniter\CodeIgniter->handleRequest(null, Object(Config\Cache), false)
 9 SYSTEMPATH\Boot.php(363): CodeIgniter\CodeIgniter->run()
10 SYSTEMPATH\Boot.php(68): CodeIgniter\Boot::runCodeIgniter(Object(CodeIgniter\CodeIgniter))
11 FCPATH\index.php(59): CodeIgniter\Boot::bootWeb(Object(Config\Paths))
DEBUG - 2025-11-06 02:32:25 --> Session: Class initialized using 'CodeIgniter\Session\Handlers\FileHandler' driver.
WARNING - 2025-11-06 02:32:25 --> [DEPRECATED] Optional parameter $filters declared before required parameter $id_dep is implicitly treated as a required parameter in APPPATH\Models\Model_arsip.php on line 303.
 1 SYSTEMPATH\Autoloader\Autoloader.php(315): include_once('C:\\xampp\\htdocs\\e-arsip_ci4\\system\\Debug\\Exceptions.php')
 2 SYSTEMPATH\Autoloader\Autoloader.php(295): CodeIgniter\Autoloader\Autoloader->includeFile('C:\\xampp\\htdocs\\e-arsip_ci4\\app\\Models\\Model_arsip.php')
 3 SYSTEMPATH\Autoloader\Autoloader.php(271): CodeIgniter\Autoloader\Autoloader->loadInNamespace('App\\Models\\Model_arsip')
 4 APPPATH\Controllers\Cari.php(20): CodeIgniter\Autoloader\Autoloader->loadClass('App\\Models\\Model_arsip')
 5 SYSTEMPATH\CodeIgniter.php(903): App\Controllers\Cari->__construct()
 6 SYSTEMPATH\CodeIgniter.php(498): CodeIgniter\CodeIgniter->createController()
 7 SYSTEMPATH\CodeIgniter.php(354): CodeIgniter\CodeIgniter->handleRequest(null, Object(Config\Cache), false)
 8 SYSTEMPATH\Boot.php(363): CodeIgniter\CodeIgniter->run()
 9 SYSTEMPATH\Boot.php(68): CodeIgniter\Boot::runCodeIgniter(Object(CodeIgniter\CodeIgniter))
10 FCPATH\index.php(59): CodeIgniter\Boot::bootWeb(Object(Config\Paths))
DEBUG - 2025-11-06 02:32:58 --> Session: Class initialized using 'CodeIgniter\Session\Handlers\FileHandler' driver.
DEBUG - 2025-11-06 02:32:58 --> Session: Class initialized using 'CodeIgniter\Session\Handlers\FileHandler' driver.
DEBUG - 2025-11-06 02:33:18 --> Session: Class initialized using 'CodeIgniter\Session\Handlers\FileHandler' driver.
DEBUG - 2025-11-06 02:33:18 --> Session: Class initialized using 'CodeIgniter\Session\Handlers\FileHandler' driver.
WARNING - 2025-11-06 02:33:18 --> [DEPRECATED] Optional parameter $filters declared before required parameter $id_dep is implicitly treated as a required parameter in APPPATH\Models\Model_arsip.php on line 303.
 1 SYSTEMPATH\Autoloader\Autoloader.php(315): include_once('C:\\xampp\\htdocs\\e-arsip_ci4\\system\\Debug\\Exceptions.php')
 2 SYSTEMPATH\Autoloader\Autoloader.php(295): CodeIgniter\Autoloader\Autoloader->includeFile('C:\\xampp\\htdocs\\e-arsip_ci4\\app\\Models\\Model_arsip.php')
 3 SYSTEMPATH\Autoloader\Autoloader.php(271): CodeIgniter\Autoloader\Autoloader->loadInNamespace('App\\Models\\Model_arsip')
 4 APPPATH\Controllers\Home.php(23): CodeIgniter\Autoloader\Autoloader->loadClass('App\\Models\\Model_arsip')
 5 SYSTEMPATH\CodeIgniter.php(903): App\Controllers\Home->__construct()
 6 SYSTEMPATH\CodeIgniter.php(498): CodeIgniter\CodeIgniter->createController()
 7 SYSTEMPATH\CodeIgniter.php(354): CodeIgniter\CodeIgniter->handleRequest(null, Object(Config\Cache), false)
 8 SYSTEMPATH\Boot.php(363): CodeIgniter\CodeIgniter->run()
 9 SYSTEMPATH\Boot.php(68): CodeIgniter\Boot::runCodeIgniter(Object(CodeIgniter\CodeIgniter))
10 FCPATH\index.php(59): CodeIgniter\Boot::bootWeb(Object(Config\Paths))
DEBUG - 2025-11-06 02:34:07 --> Session: Class initialized using 'CodeIgniter\Session\Handlers\FileHandler' driver.
WARNING - 2025-11-06 02:34:08 --> [DEPRECATED] Optional parameter $filters declared before required parameter $id_dep is implicitly treated as a required parameter in APPPATH\Models\Model_arsip.php on line 303.
 1 SYSTEMPATH\Autoloader\Autoloader.php(315): include_once('C:\\xampp\\htdocs\\e-arsip_ci4\\system\\Debug\\Exceptions.php')
 2 SYSTEMPATH\Autoloader\Autoloader.php(295): CodeIgniter\Autoloader\Autoloader->includeFile('C:\\xampp\\htdocs\\e-arsip_ci4\\app\\Models\\Model_arsip.php')
 3 SYSTEMPATH\Autoloader\Autoloader.php(271): CodeIgniter\Autoloader\Autoloader->loadInNamespace('App\\Models\\Model_arsip')
 4 APPPATH\Controllers\Cari.php(20): CodeIgniter\Autoloader\Autoloader->loadClass('App\\Models\\Model_arsip')
 5 SYSTEMPATH\CodeIgniter.php(903): App\Controllers\Cari->__construct()
 6 SYSTEMPATH\CodeIgniter.php(498): CodeIgniter\CodeIgniter->createController()
 7 SYSTEMPATH\CodeIgniter.php(354): CodeIgniter\CodeIgniter->handleRequest(null, Object(Config\Cache), false)
 8 SYSTEMPATH\Boot.php(363): CodeIgniter\CodeIgniter->run()
 9 SYSTEMPATH\Boot.php(68): CodeIgniter\Boot::runCodeIgniter(Object(CodeIgniter\CodeIgniter))
10 FCPATH\index.php(59): CodeIgniter\Boot::bootWeb(Object(Config\Paths))
DEBUG - 2025-11-06 02:34:09 --> Session: Class initialized using 'CodeIgniter\Session\Handlers\FileHandler' driver.
DEBUG - 2025-11-06 02:34:11 --> Session: Class initialized using 'CodeIgniter\Session\Handlers\FileHandler' driver.
WARNING - 2025-11-06 02:34:11 --> [DEPRECATED] Optional parameter $filters declared before required parameter $id_dep is implicitly treated as a required parameter in APPPATH\Models\Model_arsip.php on line 303.
 1 SYSTEMPATH\Autoloader\Autoloader.php(315): include_once('C:\\xampp\\htdocs\\e-arsip_ci4\\system\\Debug\\Exceptions.php')
 2 SYSTEMPATH\Autoloader\Autoloader.php(295): CodeIgniter\Autoloader\Autoloader->includeFile('C:\\xampp\\htdocs\\e-arsip_ci4\\app\\Models\\Model_arsip.php')
 3 SYSTEMPATH\Autoloader\Autoloader.php(271): CodeIgniter\Autoloader\Autoloader->loadInNamespace('App\\Models\\Model_arsip')
 4 APPPATH\Controllers\Arsip.php(26): CodeIgniter\Autoloader\Autoloader->loadClass('App\\Models\\Model_arsip')
 5 SYSTEMPATH\CodeIgniter.php(903): App\Controllers\Arsip->__construct()
 6 SYSTEMPATH\CodeIgniter.php(498): CodeIgniter\CodeIgniter->createController()
 7 SYSTEMPATH\CodeIgniter.php(354): CodeIgniter\CodeIgniter->handleRequest(null, Object(Config\Cache), false)
 8 SYSTEMPATH\Boot.php(363): CodeIgniter\CodeIgniter->run()
 9 SYSTEMPATH\Boot.php(68): CodeIgniter\Boot::runCodeIgniter(Object(CodeIgniter\CodeIgniter))
10 FCPATH\index.php(59): CodeIgniter\Boot::bootWeb(Object(Config\Paths))
DEBUG - 2025-11-06 02:34:19 --> Session: Class initialized using 'CodeIgniter\Session\Handlers\FileHandler' driver.
DEBUG - 2025-11-06 02:34:40 --> Session: Class initialized using 'CodeIgniter\Session\Handlers\FileHandler' driver.
WARNING - 2025-11-06 02:34:40 --> [DEPRECATED] Optional parameter $filters declared before required parameter $id_dep is implicitly treated as a required parameter in APPPATH\Models\Model_arsip.php on line 303.
 1 SYSTEMPATH\Autoloader\Autoloader.php(315): include_once('C:\\xampp\\htdocs\\e-arsip_ci4\\system\\Debug\\Exceptions.php')
 2 SYSTEMPATH\Autoloader\Autoloader.php(295): CodeIgniter\Autoloader\Autoloader->includeFile('C:\\xampp\\htdocs\\e-arsip_ci4\\app\\Models\\Model_arsip.php')
 3 SYSTEMPATH\Autoloader\Autoloader.php(271): CodeIgniter\Autoloader\Autoloader->loadInNamespace('App\\Models\\Model_arsip')
 4 APPPATH\Controllers\Home.php(23): CodeIgniter\Autoloader\Autoloader->loadClass('App\\Models\\Model_arsip')
 5 SYSTEMPATH\CodeIgniter.php(903): App\Controllers\Home->__construct()
 6 SYSTEMPATH\CodeIgniter.php(498): CodeIgniter\CodeIgniter->createController()
 7 SYSTEMPATH\CodeIgniter.php(354): CodeIgniter\CodeIgniter->handleRequest(null, Object(Config\Cache), false)
 8 SYSTEMPATH\Boot.php(363): CodeIgniter\CodeIgniter->run()
 9 SYSTEMPATH\Boot.php(68): CodeIgniter\Boot::runCodeIgniter(Object(CodeIgniter\CodeIgniter))
10 FCPATH\index.php(59): CodeIgniter\Boot::bootWeb(Object(Config\Paths))
DEBUG - 2025-11-06 02:34:41 --> Session: Class initialized using 'CodeIgniter\Session\Handlers\FileHandler' driver.
DEBUG - 2025-11-06 02:34:42 --> Session: Class initialized using 'CodeIgniter\Session\Handlers\FileHandler' driver.
WARNING - 2025-11-06 02:34:42 --> [DEPRECATED] Optional parameter $filters declared before required parameter $id_dep is implicitly treated as a required parameter in APPPATH\Models\Model_arsip.php on line 303.
 1 SYSTEMPATH\Autoloader\Autoloader.php(315): include_once('C:\\xampp\\htdocs\\e-arsip_ci4\\system\\Debug\\Exceptions.php')
 2 SYSTEMPATH\Autoloader\Autoloader.php(295): CodeIgniter\Autoloader\Autoloader->includeFile('C:\\xampp\\htdocs\\e-arsip_ci4\\app\\Models\\Model_arsip.php')
 3 SYSTEMPATH\Autoloader\Autoloader.php(271): CodeIgniter\Autoloader\Autoloader->loadInNamespace('App\\Models\\Model_arsip')
 4 APPPATH\Controllers\Arsip.php(26): CodeIgniter\Autoloader\Autoloader->loadClass('App\\Models\\Model_arsip')
 5 SYSTEMPATH\CodeIgniter.php(903): App\Controllers\Arsip->__construct()
 6 SYSTEMPATH\CodeIgniter.php(498): CodeIgniter\CodeIgniter->createController()
 7 SYSTEMPATH\CodeIgniter.php(354): CodeIgniter\CodeIgniter->handleRequest(null, Object(Config\Cache), false)
 8 SYSTEMPATH\Boot.php(363): CodeIgniter\CodeIgniter->run()
 9 SYSTEMPATH\Boot.php(68): CodeIgniter\Boot::runCodeIgniter(Object(CodeIgniter\CodeIgniter))
10 FCPATH\index.php(59): CodeIgniter\Boot::bootWeb(Object(Config\Paths))
DEBUG - 2025-11-06 02:34:43 --> Session: Class initialized using 'CodeIgniter\Session\Handlers\FileHandler' driver.
WARNING - 2025-11-06 02:34:43 --> [DEPRECATED] Optional parameter $filters declared before required parameter $id_dep is implicitly treated as a required parameter in APPPATH\Models\Model_arsip.php on line 303.
 1 SYSTEMPATH\Autoloader\Autoloader.php(315): include_once('C:\\xampp\\htdocs\\e-arsip_ci4\\system\\Debug\\Exceptions.php')
 2 SYSTEMPATH\Autoloader\Autoloader.php(295): CodeIgniter\Autoloader\Autoloader->includeFile('C:\\xampp\\htdocs\\e-arsip_ci4\\app\\Models\\Model_arsip.php')
 3 SYSTEMPATH\Autoloader\Autoloader.php(271): CodeIgniter\Autoloader\Autoloader->loadInNamespace('App\\Models\\Model_arsip')
 4 APPPATH\Controllers\Kategori.php(21): CodeIgniter\Autoloader\Autoloader->loadClass('App\\Models\\Model_arsip')
 5 SYSTEMPATH\CodeIgniter.php(903): App\Controllers\Kategori->__construct()
 6 SYSTEMPATH\CodeIgniter.php(498): CodeIgniter\CodeIgniter->createController()
 7 SYSTEMPATH\CodeIgniter.php(354): CodeIgniter\CodeIgniter->handleRequest(null, Object(Config\Cache), false)
 8 SYSTEMPATH\Boot.php(363): CodeIgniter\CodeIgniter->run()
 9 SYSTEMPATH\Boot.php(68): CodeIgniter\Boot::runCodeIgniter(Object(CodeIgniter\CodeIgniter))
10 FCPATH\index.php(59): CodeIgniter\Boot::bootWeb(Object(Config\Paths))
DEBUG - 2025-11-06 02:34:50 --> Session: Class initialized using 'CodeIgniter\Session\Handlers\FileHandler' driver.
WARNING - 2025-11-06 02:34:50 --> [DEPRECATED] Optional parameter $filters declared before required parameter $id_dep is implicitly treated as a required parameter in APPPATH\Models\Model_arsip.php on line 303.
 1 SYSTEMPATH\Autoloader\Autoloader.php(315): include_once('C:\\xampp\\htdocs\\e-arsip_ci4\\system\\Debug\\Exceptions.php')
 2 SYSTEMPATH\Autoloader\Autoloader.php(295): CodeIgniter\Autoloader\Autoloader->includeFile('C:\\xampp\\htdocs\\e-arsip_ci4\\app\\Models\\Model_arsip.php')
 3 SYSTEMPATH\Autoloader\Autoloader.php(271): CodeIgniter\Autoloader\Autoloader->loadInNamespace('App\\Models\\Model_arsip')
 4 APPPATH\Controllers\Home.php(23): CodeIgniter\Autoloader\Autoloader->loadClass('App\\Models\\Model_arsip')
 5 SYSTEMPATH\CodeIgniter.php(903): App\Controllers\Home->__construct()
 6 SYSTEMPATH\CodeIgniter.php(498): CodeIgniter\CodeIgniter->createController()
 7 SYSTEMPATH\CodeIgniter.php(354): CodeIgniter\CodeIgniter->handleRequest(null, Object(Config\Cache), false)
 8 SYSTEMPATH\Boot.php(363): CodeIgniter\CodeIgniter->run()
 9 SYSTEMPATH\Boot.php(68): CodeIgniter\Boot::runCodeIgniter(Object(CodeIgniter\CodeIgniter))
10 FCPATH\index.php(59): CodeIgniter\Boot::bootWeb(Object(Config\Paths))
DEBUG - 2025-11-06 02:39:41 --> Session: Class initialized using 'CodeIgniter\Session\Handlers\FileHandler' driver.
WARNING - 2025-11-06 02:39:41 --> [DEPRECATED] Optional parameter $filters declared before required parameter $id_dep is implicitly treated as a required parameter in APPPATH\Models\Model_arsip.php on line 303.
 1 SYSTEMPATH\Autoloader\Autoloader.php(315): include_once('C:\\xampp\\htdocs\\e-arsip_ci4\\system\\Debug\\Exceptions.php')
 2 SYSTEMPATH\Autoloader\Autoloader.php(295): CodeIgniter\Autoloader\Autoloader->includeFile('C:\\xampp\\htdocs\\e-arsip_ci4\\app\\Models\\Model_arsip.php')
 3 SYSTEMPATH\Autoloader\Autoloader.php(271): CodeIgniter\Autoloader\Autoloader->loadInNamespace('App\\Models\\Model_arsip')
 4 APPPATH\Controllers\Arsip.php(26): CodeIgniter\Autoloader\Autoloader->loadClass('App\\Models\\Model_arsip')
 5 SYSTEMPATH\CodeIgniter.php(903): App\Controllers\Arsip->__construct()
 6 SYSTEMPATH\CodeIgniter.php(498): CodeIgniter\CodeIgniter->createController()
 7 SYSTEMPATH\CodeIgniter.php(354): CodeIgniter\CodeIgniter->handleRequest(null, Object(Config\Cache), false)
 8 SYSTEMPATH\Boot.php(363): CodeIgniter\CodeIgniter->run()
 9 SYSTEMPATH\Boot.php(68): CodeIgniter\Boot::runCodeIgniter(Object(CodeIgniter\CodeIgniter))
10 FCPATH\index.php(59): CodeIgniter\Boot::bootWeb(Object(Config\Paths))
DEBUG - 2025-11-06 02:39:58 --> Session: Class initialized using 'CodeIgniter\Session\Handlers\FileHandler' driver.
WARNING - 2025-11-06 02:39:58 --> [DEPRECATED] Optional parameter $filters declared before required parameter $id_dep is implicitly treated as a required parameter in APPPATH\Models\Model_arsip.php on line 303.
 1 SYSTEMPATH\Autoloader\Autoloader.php(315): include_once('C:\\xampp\\htdocs\\e-arsip_ci4\\system\\Debug\\Exceptions.php')
 2 SYSTEMPATH\Autoloader\Autoloader.php(295): CodeIgniter\Autoloader\Autoloader->includeFile('C:\\xampp\\htdocs\\e-arsip_ci4\\app\\Models\\Model_arsip.php')
 3 SYSTEMPATH\Autoloader\Autoloader.php(271): CodeIgniter\Autoloader\Autoloader->loadInNamespace('App\\Models\\Model_arsip')
 4 APPPATH\Controllers\Arsip.php(26): CodeIgniter\Autoloader\Autoloader->loadClass('App\\Models\\Model_arsip')
 5 SYSTEMPATH\CodeIgniter.php(903): App\Controllers\Arsip->__construct()
 6 SYSTEMPATH\CodeIgniter.php(498): CodeIgniter\CodeIgniter->createController()
 7 SYSTEMPATH\CodeIgniter.php(354): CodeIgniter\CodeIgniter->handleRequest(null, Object(Config\Cache), false)
 8 SYSTEMPATH\Boot.php(363): CodeIgniter\CodeIgniter->run()
 9 SYSTEMPATH\Boot.php(68): CodeIgniter\Boot::runCodeIgniter(Object(CodeIgniter\CodeIgniter))
10 FCPATH\index.php(59): CodeIgniter\Boot::bootWeb(Object(Config\Paths))
DEBUG - 2025-11-06 02:44:02 --> Session: Class initialized using 'CodeIgniter\Session\Handlers\FileHandler' driver.
WARNING - 2025-11-06 02:44:02 --> [DEPRECATED] Optional parameter $filters declared before required parameter $id_dep is implicitly treated as a required parameter in APPPATH\Models\Model_arsip.php on line 303.
 1 SYSTEMPATH\Autoloader\Autoloader.php(315): include_once('C:\\xampp\\htdocs\\e-arsip_ci4\\system\\Debug\\Exceptions.php')
 2 SYSTEMPATH\Autoloader\Autoloader.php(295): CodeIgniter\Autoloader\Autoloader->includeFile('C:\\xampp\\htdocs\\e-arsip_ci4\\app\\Models\\Model_arsip.php')
 3 SYSTEMPATH\Autoloader\Autoloader.php(271): CodeIgniter\Autoloader\Autoloader->loadInNamespace('App\\Models\\Model_arsip')
 4 APPPATH\Controllers\Home.php(23): CodeIgniter\Autoloader\Autoloader->loadClass('App\\Models\\Model_arsip')
 5 SYSTEMPATH\CodeIgniter.php(903): App\Controllers\Home->__construct()
 6 SYSTEMPATH\CodeIgniter.php(498): CodeIgniter\CodeIgniter->createController()
 7 SYSTEMPATH\CodeIgniter.php(354): CodeIgniter\CodeIgniter->handleRequest(null, Object(Config\Cache), false)
 8 SYSTEMPATH\Boot.php(363): CodeIgniter\CodeIgniter->run()
 9 SYSTEMPATH\Boot.php(68): CodeIgniter\Boot::runCodeIgniter(Object(CodeIgniter\CodeIgniter))
10 FCPATH\index.php(59): CodeIgniter\Boot::bootWeb(Object(Config\Paths))
DEBUG - 2025-11-06 02:44:08 --> Session: Class initialized using 'CodeIgniter\Session\Handlers\FileHandler' driver.
DEBUG - 2025-11-06 02:44:08 --> Session: Class initialized using 'CodeIgniter\Session\Handlers\FileHandler' driver.
DEBUG - 2025-11-06 02:44:11 --> Session: Class initialized using 'CodeIgniter\Session\Handlers\FileHandler' driver.
WARNING - 2025-11-06 02:44:11 --> [DEPRECATED] Optional parameter $filters declared before required parameter $id_dep is implicitly treated as a required parameter in APPPATH\Models\Model_arsip.php on line 303.
 1 SYSTEMPATH\Autoloader\Autoloader.php(315): include_once('C:\\xampp\\htdocs\\e-arsip_ci4\\system\\Debug\\Exceptions.php')
 2 SYSTEMPATH\Autoloader\Autoloader.php(295): CodeIgniter\Autoloader\Autoloader->includeFile('C:\\xampp\\htdocs\\e-arsip_ci4\\app\\Models\\Model_arsip.php')
 3 SYSTEMPATH\Autoloader\Autoloader.php(271): CodeIgniter\Autoloader\Autoloader->loadInNamespace('App\\Models\\Model_arsip')
 4 APPPATH\Controllers\Home.php(23): CodeIgniter\Autoloader\Autoloader->loadClass('App\\Models\\Model_arsip')
 5 SYSTEMPATH\CodeIgniter.php(903): App\Controllers\Home->__construct()
 6 SYSTEMPATH\CodeIgniter.php(498): CodeIgniter\CodeIgniter->createController()
 7 SYSTEMPATH\CodeIgniter.php(354): CodeIgniter\CodeIgniter->handleRequest(null, Object(Config\Cache), false)
 8 SYSTEMPATH\Boot.php(363): CodeIgniter\CodeIgniter->run()
 9 SYSTEMPATH\Boot.php(68): CodeIgniter\Boot::runCodeIgniter(Object(CodeIgniter\CodeIgniter))
10 FCPATH\index.php(59): CodeIgniter\Boot::bootWeb(Object(Config\Paths))
DEBUG - 2025-11-06 02:44:18 --> Session: Class initialized using 'CodeIgniter\Session\Handlers\FileHandler' driver.
DEBUG - 2025-11-06 02:44:18 --> Session: Class initialized using 'CodeIgniter\Session\Handlers\FileHandler' driver.
CRITICAL - 2025-11-06 02:44:18 --> ErrorException: Undefined array key "subjek"
[Method: GET, Route: bantuan/chat/18/default]
in APPPATH\Views\pages\bantuan_chat.php on line 90.
 1 APPPATH\Views\pages\bantuan_chat.php(90): CodeIgniter\Debug\Exceptions->errorHandler(2, 'Undefined array key "subjek"', 'C:\\xampp\\htdocs\\e-arsip_ci4\\app\\Views\\pages\\bantuan_chat.php', 90)
 2 SYSTEMPATH\View\View.php(226): include('C:\\xampp\\htdocs\\e-arsip_ci4\\app\\Views\\pages\\bantuan_chat.php')
 3 SYSTEMPATH\View\View.php(229): CodeIgniter\View\View->CodeIgniter\View\{closure}()
 4 SYSTEMPATH\Common.php(1167): CodeIgniter\View\View->render('pages/bantuan_chat', [], true)
 5 APPPATH\Controllers\Bantuan.php(114): view('pages/bantuan_chat', [...])
 6 SYSTEMPATH\CodeIgniter.php(933): App\Controllers\Bantuan->chat('18', 'default')
 7 SYSTEMPATH\CodeIgniter.php(507): CodeIgniter\CodeIgniter->runController(Object(App\Controllers\Bantuan))
 8 SYSTEMPATH\CodeIgniter.php(354): CodeIgniter\CodeIgniter->handleRequest(null, Object(Config\Cache), false)
 9 SYSTEMPATH\Boot.php(363): CodeIgniter\CodeIgniter->run()
10 SYSTEMPATH\Boot.php(68): CodeIgniter\Boot::runCodeIgniter(Object(CodeIgniter\CodeIgniter))
11 FCPATH\index.php(59): CodeIgniter\Boot::bootWeb(Object(Config\Paths))
DEBUG - 2025-11-06 02:44:19 --> Session: Class initialized using 'CodeIgniter\Session\Handlers\FileHandler' driver.
DEBUG - 2025-11-06 02:44:19 --> Session: Class initialized using 'CodeIgniter\Session\Handlers\FileHandler' driver.
WARNING - 2025-11-06 02:44:19 --> [DEPRECATED] Optional parameter $filters declared before required parameter $id_dep is implicitly treated as a required parameter in APPPATH\Models\Model_arsip.php on line 303.
 1 SYSTEMPATH\Autoloader\Autoloader.php(315): include_once('C:\\xampp\\htdocs\\e-arsip_ci4\\system\\Debug\\Exceptions.php')
 2 SYSTEMPATH\Autoloader\Autoloader.php(295): CodeIgniter\Autoloader\Autoloader->includeFile('C:\\xampp\\htdocs\\e-arsip_ci4\\app\\Models\\Model_arsip.php')
 3 SYSTEMPATH\Autoloader\Autoloader.php(271): CodeIgniter\Autoloader\Autoloader->loadInNamespace('App\\Models\\Model_arsip')
 4 APPPATH\Controllers\Home.php(23): CodeIgniter\Autoloader\Autoloader->loadClass('App\\Models\\Model_arsip')
 5 SYSTEMPATH\CodeIgniter.php(903): App\Controllers\Home->__construct()
 6 SYSTEMPATH\CodeIgniter.php(498): CodeIgniter\CodeIgniter->createController()
 7 SYSTEMPATH\CodeIgniter.php(354): CodeIgniter\CodeIgniter->handleRequest(null, Object(Config\Cache), false)
 8 SYSTEMPATH\Boot.php(363): CodeIgniter\CodeIgniter->run()
 9 SYSTEMPATH\Boot.php(68): CodeIgniter\Boot::runCodeIgniter(Object(CodeIgniter\CodeIgniter))
10 FCPATH\index.php(59): CodeIgniter\Boot::bootWeb(Object(Config\Paths))
DEBUG - 2025-11-06 02:44:20 --> Session: Class initialized using 'CodeIgniter\Session\Handlers\FileHandler' driver.
WARNING - 2025-11-06 02:44:20 --> [DEPRECATED] Optional parameter $filters declared before required parameter $id_dep is implicitly treated as a required parameter in APPPATH\Models\Model_arsip.php on line 303.
 1 SYSTEMPATH\Autoloader\Autoloader.php(315): include_once('C:\\xampp\\htdocs\\e-arsip_ci4\\system\\Debug\\Exceptions.php')
 2 SYSTEMPATH\Autoloader\Autoloader.php(295): CodeIgniter\Autoloader\Autoloader->includeFile('C:\\xampp\\htdocs\\e-arsip_ci4\\app\\Models\\Model_arsip.php')
 3 SYSTEMPATH\Autoloader\Autoloader.php(271): CodeIgniter\Autoloader\Autoloader->loadInNamespace('App\\Models\\Model_arsip')
 4 APPPATH\Controllers\Cari.php(20): CodeIgniter\Autoloader\Autoloader->loadClass('App\\Models\\Model_arsip')
 5 SYSTEMPATH\CodeIgniter.php(903): App\Controllers\Cari->__construct()
 6 SYSTEMPATH\CodeIgniter.php(498): CodeIgniter\CodeIgniter->createController()
 7 SYSTEMPATH\CodeIgniter.php(354): CodeIgniter\CodeIgniter->handleRequest(null, Object(Config\Cache), false)
 8 SYSTEMPATH\Boot.php(363): CodeIgniter\CodeIgniter->run()
 9 SYSTEMPATH\Boot.php(68): CodeIgniter\Boot::runCodeIgniter(Object(CodeIgniter\CodeIgniter))
10 FCPATH\index.php(59): CodeIgniter\Boot::bootWeb(Object(Config\Paths))
DEBUG - 2025-11-06 02:44:22 --> Session: Class initialized using 'CodeIgniter\Session\Handlers\FileHandler' driver.
WARNING - 2025-11-06 02:44:22 --> [DEPRECATED] Optional parameter $filters declared before required parameter $id_dep is implicitly treated as a required parameter in APPPATH\Models\Model_arsip.php on line 303.
 1 SYSTEMPATH\Autoloader\Autoloader.php(315): include_once('C:\\xampp\\htdocs\\e-arsip_ci4\\system\\Debug\\Exceptions.php')
 2 SYSTEMPATH\Autoloader\Autoloader.php(295): CodeIgniter\Autoloader\Autoloader->includeFile('C:\\xampp\\htdocs\\e-arsip_ci4\\app\\Models\\Model_arsip.php')
 3 SYSTEMPATH\Autoloader\Autoloader.php(271): CodeIgniter\Autoloader\Autoloader->loadInNamespace('App\\Models\\Model_arsip')
 4 APPPATH\Controllers\Arsip.php(26): CodeIgniter\Autoloader\Autoloader->loadClass('App\\Models\\Model_arsip')
 5 SYSTEMPATH\CodeIgniter.php(903): App\Controllers\Arsip->__construct()
 6 SYSTEMPATH\CodeIgniter.php(498): CodeIgniter\CodeIgniter->createController()
 7 SYSTEMPATH\CodeIgniter.php(354): CodeIgniter\CodeIgniter->handleRequest(null, Object(Config\Cache), false)
 8 SYSTEMPATH\Boot.php(363): CodeIgniter\CodeIgniter->run()
 9 SYSTEMPATH\Boot.php(68): CodeIgniter\Boot::runCodeIgniter(Object(CodeIgniter\CodeIgniter))
10 FCPATH\index.php(59): CodeIgniter\Boot::bootWeb(Object(Config\Paths))
DEBUG - 2025-11-06 02:54:49 --> Session: Class initialized using 'CodeIgniter\Session\Handlers\FileHandler' driver.
DEBUG - 2025-11-06 02:54:52 --> Session: Class initialized using 'CodeIgniter\Session\Handlers\FileHandler' driver.
WARNING - 2025-11-06 02:54:52 --> [DEPRECATED] Optional parameter $filters declared before required parameter $id_dep is implicitly treated as a required parameter in APPPATH\Models\Model_arsip.php on line 303.
 1 SYSTEMPATH\Autoloader\Autoloader.php(315): include_once('C:\\xampp\\htdocs\\e-arsip_ci4\\system\\Debug\\Exceptions.php')
 2 SYSTEMPATH\Autoloader\Autoloader.php(295): CodeIgniter\Autoloader\Autoloader->includeFile('C:\\xampp\\htdocs\\e-arsip_ci4\\app\\Models\\Model_arsip.php')
 3 SYSTEMPATH\Autoloader\Autoloader.php(271): CodeIgniter\Autoloader\Autoloader->loadInNamespace('App\\Models\\Model_arsip')
 4 APPPATH\Controllers\Arsip.php(26): CodeIgniter\Autoloader\Autoloader->loadClass('App\\Models\\Model_arsip')
 5 SYSTEMPATH\CodeIgniter.php(903): App\Controllers\Arsip->__construct()
 6 SYSTEMPATH\CodeIgniter.php(498): CodeIgniter\CodeIgniter->createController()
 7 SYSTEMPATH\CodeIgniter.php(354): CodeIgniter\CodeIgniter->handleRequest(null, Object(Config\Cache), false)
 8 SYSTEMPATH\Boot.php(363): CodeIgniter\CodeIgniter->run()
 9 SYSTEMPATH\Boot.php(68): CodeIgniter\Boot::runCodeIgniter(Object(CodeIgniter\CodeIgniter))
10 FCPATH\index.php(59): CodeIgniter\Boot::bootWeb(Object(Config\Paths))
DEBUG - 2025-11-06 02:54:52 --> Session: Class initialized using 'CodeIgniter\Session\Handlers\FileHandler' driver.
WARNING - 2025-11-06 02:54:52 --> [DEPRECATED] Optional parameter $filters declared before required parameter $id_dep is implicitly treated as a required parameter in APPPATH\Models\Model_arsip.php on line 303.
 1 SYSTEMPATH\Autoloader\Autoloader.php(315): include_once('C:\\xampp\\htdocs\\e-arsip_ci4\\system\\Debug\\Exceptions.php')
 2 SYSTEMPATH\Autoloader\Autoloader.php(295): CodeIgniter\Autoloader\Autoloader->includeFile('C:\\xampp\\htdocs\\e-arsip_ci4\\app\\Models\\Model_arsip.php')
 3 SYSTEMPATH\Autoloader\Autoloader.php(271): CodeIgniter\Autoloader\Autoloader->loadInNamespace('App\\Models\\Model_arsip')
 4 APPPATH\Controllers\Kategori.php(21): CodeIgniter\Autoloader\Autoloader->loadClass('App\\Models\\Model_arsip')
 5 SYSTEMPATH\CodeIgniter.php(903): App\Controllers\Kategori->__construct()
 6 SYSTEMPATH\CodeIgniter.php(498): CodeIgniter\CodeIgniter->createController()
 7 SYSTEMPATH\CodeIgniter.php(354): CodeIgniter\CodeIgniter->handleRequest(null, Object(Config\Cache), false)
 8 SYSTEMPATH\Boot.php(363): CodeIgniter\CodeIgniter->run()
 9 SYSTEMPATH\Boot.php(68): CodeIgniter\Boot::runCodeIgniter(Object(CodeIgniter\CodeIgniter))
10 FCPATH\index.php(59): CodeIgniter\Boot::bootWeb(Object(Config\Paths))
DEBUG - 2025-11-06 02:54:53 --> Session: Class initialized using 'CodeIgniter\Session\Handlers\FileHandler' driver.
WARNING - 2025-11-06 02:54:53 --> [DEPRECATED] Optional parameter $filters declared before required parameter $id_dep is implicitly treated as a required parameter in APPPATH\Models\Model_arsip.php on line 303.
 1 SYSTEMPATH\Autoloader\Autoloader.php(315): include_once('C:\\xampp\\htdocs\\e-arsip_ci4\\system\\Debug\\Exceptions.php')
 2 SYSTEMPATH\Autoloader\Autoloader.php(295): CodeIgniter\Autoloader\Autoloader->includeFile('C:\\xampp\\htdocs\\e-arsip_ci4\\app\\Models\\Model_arsip.php')
 3 SYSTEMPATH\Autoloader\Autoloader.php(271): CodeIgniter\Autoloader\Autoloader->loadInNamespace('App\\Models\\Model_arsip')
 4 APPPATH\Controllers\Arsip.php(26): CodeIgniter\Autoloader\Autoloader->loadClass('App\\Models\\Model_arsip')
 5 SYSTEMPATH\CodeIgniter.php(903): App\Controllers\Arsip->__construct()
 6 SYSTEMPATH\CodeIgniter.php(498): CodeIgniter\CodeIgniter->createController()
 7 SYSTEMPATH\CodeIgniter.php(354): CodeIgniter\CodeIgniter->handleRequest(null, Object(Config\Cache), false)
 8 SYSTEMPATH\Boot.php(363): CodeIgniter\CodeIgniter->run()
 9 SYSTEMPATH\Boot.php(68): CodeIgniter\Boot::runCodeIgniter(Object(CodeIgniter\CodeIgniter))
10 FCPATH\index.php(59): CodeIgniter\Boot::bootWeb(Object(Config\Paths))
DEBUG - 2025-11-06 02:57:57 --> Session: Class initialized using 'CodeIgniter\Session\Handlers\FileHandler' driver.
WARNING - 2025-11-06 02:57:57 --> [DEPRECATED] Optional parameter $filters declared before required parameter $id_dep is implicitly treated as a required parameter in APPPATH\Models\Model_arsip.php on line 303.
 1 SYSTEMPATH\Autoloader\Autoloader.php(315): include_once('C:\\xampp\\htdocs\\e-arsip_ci4\\system\\Debug\\Exceptions.php')
 2 SYSTEMPATH\Autoloader\Autoloader.php(295): CodeIgniter\Autoloader\Autoloader->includeFile('C:\\xampp\\htdocs\\e-arsip_ci4\\app\\Models\\Model_arsip.php')
 3 SYSTEMPATH\Autoloader\Autoloader.php(271): CodeIgniter\Autoloader\Autoloader->loadInNamespace('App\\Models\\Model_arsip')
 4 APPPATH\Controllers\Home.php(23): CodeIgniter\Autoloader\Autoloader->loadClass('App\\Models\\Model_arsip')
 5 SYSTEMPATH\CodeIgniter.php(903): App\Controllers\Home->__construct()
 6 SYSTEMPATH\CodeIgniter.php(498): CodeIgniter\CodeIgniter->createController()
 7 SYSTEMPATH\CodeIgniter.php(354): CodeIgniter\CodeIgniter->handleRequest(null, Object(Config\Cache), false)
 8 SYSTEMPATH\Boot.php(363): CodeIgniter\CodeIgniter->run()
 9 SYSTEMPATH\Boot.php(68): CodeIgniter\Boot::runCodeIgniter(Object(CodeIgniter\CodeIgniter))
10 FCPATH\index.php(59): CodeIgniter\Boot::bootWeb(Object(Config\Paths))
DEBUG - 2025-11-06 02:57:59 --> Session: Class initialized using 'CodeIgniter\Session\Handlers\FileHandler' driver.
DEBUG - 2025-11-06 02:58:01 --> Session: Class initialized using 'CodeIgniter\Session\Handlers\FileHandler' driver.
WARNING - 2025-11-06 02:58:01 --> [DEPRECATED] Optional parameter $filters declared before required parameter $id_dep is implicitly treated as a required parameter in APPPATH\Models\Model_arsip.php on line 303.
 1 SYSTEMPATH\Autoloader\Autoloader.php(315): include_once('C:\\xampp\\htdocs\\e-arsip_ci4\\system\\Debug\\Exceptions.php')
 2 SYSTEMPATH\Autoloader\Autoloader.php(295): CodeIgniter\Autoloader\Autoloader->includeFile('C:\\xampp\\htdocs\\e-arsip_ci4\\app\\Models\\Model_arsip.php')
 3 SYSTEMPATH\Autoloader\Autoloader.php(271): CodeIgniter\Autoloader\Autoloader->loadInNamespace('App\\Models\\Model_arsip')
 4 APPPATH\Controllers\Kategori.php(21): CodeIgniter\Autoloader\Autoloader->loadClass('App\\Models\\Model_arsip')
 5 SYSTEMPATH\CodeIgniter.php(903): App\Controllers\Kategori->__construct()
 6 SYSTEMPATH\CodeIgniter.php(498): CodeIgniter\CodeIgniter->createController()
 7 SYSTEMPATH\CodeIgniter.php(354): CodeIgniter\CodeIgniter->handleRequest(null, Object(Config\Cache), false)
 8 SYSTEMPATH\Boot.php(363): CodeIgniter\CodeIgniter->run()
 9 SYSTEMPATH\Boot.php(68): CodeIgniter\Boot::runCodeIgniter(Object(CodeIgniter\CodeIgniter))
10 FCPATH\index.php(59): CodeIgniter\Boot::bootWeb(Object(Config\Paths))
DEBUG - 2025-11-06 02:58:02 --> Session: Class initialized using 'CodeIgniter\Session\Handlers\FileHandler' driver.
WARNING - 2025-11-06 02:58:02 --> [DEPRECATED] Optional parameter $filters declared before required parameter $id_dep is implicitly treated as a required parameter in APPPATH\Models\Model_arsip.php on line 303.
 1 SYSTEMPATH\Autoloader\Autoloader.php(315): include_once('C:\\xampp\\htdocs\\e-arsip_ci4\\system\\Debug\\Exceptions.php')
 2 SYSTEMPATH\Autoloader\Autoloader.php(295): CodeIgniter\Autoloader\Autoloader->includeFile('C:\\xampp\\htdocs\\e-arsip_ci4\\app\\Models\\Model_arsip.php')
 3 SYSTEMPATH\Autoloader\Autoloader.php(271): CodeIgniter\Autoloader\Autoloader->loadInNamespace('App\\Models\\Model_arsip')
 4 APPPATH\Controllers\Arsip.php(26): CodeIgniter\Autoloader\Autoloader->loadClass('App\\Models\\Model_arsip')
 5 SYSTEMPATH\CodeIgniter.php(903): App\Controllers\Arsip->__construct()
 6 SYSTEMPATH\CodeIgniter.php(498): CodeIgniter\CodeIgniter->createController()
 7 SYSTEMPATH\CodeIgniter.php(354): CodeIgniter\CodeIgniter->handleRequest(null, Object(Config\Cache), false)
 8 SYSTEMPATH\Boot.php(363): CodeIgniter\CodeIgniter->run()
 9 SYSTEMPATH\Boot.php(68): CodeIgniter\Boot::runCodeIgniter(Object(CodeIgniter\CodeIgniter))
10 FCPATH\index.php(59): CodeIgniter\Boot::bootWeb(Object(Config\Paths))
DEBUG - 2025-11-06 02:58:02 --> Session: Class initialized using 'CodeIgniter\Session\Handlers\FileHandler' driver.
WARNING - 2025-11-06 02:58:02 --> [DEPRECATED] Optional parameter $filters declared before required parameter $id_dep is implicitly treated as a required parameter in APPPATH\Models\Model_arsip.php on line 303.
 1 SYSTEMPATH\Autoloader\Autoloader.php(315): include_once('C:\\xampp\\htdocs\\e-arsip_ci4\\system\\Debug\\Exceptions.php')
 2 SYSTEMPATH\Autoloader\Autoloader.php(295): CodeIgniter\Autoloader\Autoloader->includeFile('C:\\xampp\\htdocs\\e-arsip_ci4\\app\\Models\\Model_arsip.php')
 3 SYSTEMPATH\Autoloader\Autoloader.php(271): CodeIgniter\Autoloader\Autoloader->loadInNamespace('App\\Models\\Model_arsip')
 4 APPPATH\Controllers\Cari.php(20): CodeIgniter\Autoloader\Autoloader->loadClass('App\\Models\\Model_arsip')
 5 SYSTEMPATH\CodeIgniter.php(903): App\Controllers\Cari->__construct()
 6 SYSTEMPATH\CodeIgniter.php(498): CodeIgniter\CodeIgniter->createController()
 7 SYSTEMPATH\CodeIgniter.php(354): CodeIgniter\CodeIgniter->handleRequest(null, Object(Config\Cache), false)
 8 SYSTEMPATH\Boot.php(363): CodeIgniter\CodeIgniter->run()
 9 SYSTEMPATH\Boot.php(68): CodeIgniter\Boot::runCodeIgniter(Object(CodeIgniter\CodeIgniter))
10 FCPATH\index.php(59): CodeIgniter\Boot::bootWeb(Object(Config\Paths))
DEBUG - 2025-11-06 02:58:03 --> Session: Class initialized using 'CodeIgniter\Session\Handlers\FileHandler' driver.
DEBUG - 2025-11-06 02:58:03 --> Session: Class initialized using 'CodeIgniter\Session\Handlers\FileHandler' driver.
DEBUG - 2025-11-06 02:58:04 --> Session: Class initialized using 'CodeIgniter\Session\Handlers\FileHandler' driver.
CRITICAL - 2025-11-06 02:58:04 --> ErrorException: Undefined array key "subjek"
[Method: GET, Route: bantuan/chat/18/default]
in APPPATH\Views\pages\bantuan_chat.php on line 90.
 1 APPPATH\Views\pages\bantuan_chat.php(90): CodeIgniter\Debug\Exceptions->errorHandler(2, 'Undefined array key "subjek"', 'C:\\xampp\\htdocs\\e-arsip_ci4\\app\\Views\\pages\\bantuan_chat.php', 90)
 2 SYSTEMPATH\View\View.php(226): include('C:\\xampp\\htdocs\\e-arsip_ci4\\app\\Views\\pages\\bantuan_chat.php')
 3 SYSTEMPATH\View\View.php(229): CodeIgniter\View\View->CodeIgniter\View\{closure}()
 4 SYSTEMPATH\Common.php(1167): CodeIgniter\View\View->render('pages/bantuan_chat', [], true)
 5 APPPATH\Controllers\Bantuan.php(114): view('pages/bantuan_chat', [...])
 6 SYSTEMPATH\CodeIgniter.php(933): App\Controllers\Bantuan->chat('18', 'default')
 7 SYSTEMPATH\CodeIgniter.php(507): CodeIgniter\CodeIgniter->runController(Object(App\Controllers\Bantuan))
 8 SYSTEMPATH\CodeIgniter.php(354): CodeIgniter\CodeIgniter->handleRequest(null, Object(Config\Cache), false)
 9 SYSTEMPATH\Boot.php(363): CodeIgniter\CodeIgniter->run()
10 SYSTEMPATH\Boot.php(68): CodeIgniter\Boot::runCodeIgniter(Object(CodeIgniter\CodeIgniter))
11 FCPATH\index.php(59): CodeIgniter\Boot::bootWeb(Object(Config\Paths))
DEBUG - 2025-11-06 03:00:42 --> Session: Class initialized using 'CodeIgniter\Session\Handlers\FileHandler' driver.
DEBUG - 2025-11-06 03:00:43 --> Session: Class initialized using 'CodeIgniter\Session\Handlers\FileHandler' driver.
DEBUG - 2025-11-06 03:00:47 --> Session: Class initialized using 'CodeIgniter\Session\Handlers\FileHandler' driver.
DEBUG - 2025-11-06 03:00:47 --> Session: Class initialized using 'CodeIgniter\Session\Handlers\FileHandler' driver.
WARNING - 2025-11-06 03:00:47 --> [DEPRECATED] Optional parameter $filters declared before required parameter $id_dep is implicitly treated as a required parameter in APPPATH\Models\Model_arsip.php on line 303.
 1 SYSTEMPATH\Autoloader\Autoloader.php(315): include_once('C:\\xampp\\htdocs\\e-arsip_ci4\\system\\Debug\\Exceptions.php')
 2 SYSTEMPATH\Autoloader\Autoloader.php(295): CodeIgniter\Autoloader\Autoloader->includeFile('C:\\xampp\\htdocs\\e-arsip_ci4\\app\\Models\\Model_arsip.php')
 3 SYSTEMPATH\Autoloader\Autoloader.php(271): CodeIgniter\Autoloader\Autoloader->loadInNamespace('App\\Models\\Model_arsip')
 4 APPPATH\Controllers\Home.php(23): CodeIgniter\Autoloader\Autoloader->loadClass('App\\Models\\Model_arsip')
 5 SYSTEMPATH\CodeIgniter.php(903): App\Controllers\Home->__construct()
 6 SYSTEMPATH\CodeIgniter.php(498): CodeIgniter\CodeIgniter->createController()
 7 SYSTEMPATH\CodeIgniter.php(354): CodeIgniter\CodeIgniter->handleRequest(null, Object(Config\Cache), false)
 8 SYSTEMPATH\Boot.php(363): CodeIgniter\CodeIgniter->run()
 9 SYSTEMPATH\Boot.php(68): CodeIgniter\Boot::runCodeIgniter(Object(CodeIgniter\CodeIgniter))
10 FCPATH\index.php(59): CodeIgniter\Boot::bootWeb(Object(Config\Paths))
DEBUG - 2025-11-06 03:00:48 --> Session: Class initialized using 'CodeIgniter\Session\Handlers\FileHandler' driver.
DEBUG - 2025-11-06 03:00:49 --> Session: Class initialized using 'CodeIgniter\Session\Handlers\FileHandler' driver.
WARNING - 2025-11-06 03:00:49 --> [DEPRECATED] Optional parameter $filters declared before required parameter $id_dep is implicitly treated as a required parameter in APPPATH\Models\Model_arsip.php on line 303.
 1 SYSTEMPATH\Autoloader\Autoloader.php(315): include_once('C:\\xampp\\htdocs\\e-arsip_ci4\\system\\Debug\\Exceptions.php')
 2 SYSTEMPATH\Autoloader\Autoloader.php(295): CodeIgniter\Autoloader\Autoloader->includeFile('C:\\xampp\\htdocs\\e-arsip_ci4\\app\\Models\\Model_arsip.php')
 3 SYSTEMPATH\Autoloader\Autoloader.php(271): CodeIgniter\Autoloader\Autoloader->loadInNamespace('App\\Models\\Model_arsip')
 4 APPPATH\Controllers\Arsip.php(26): CodeIgniter\Autoloader\Autoloader->loadClass('App\\Models\\Model_arsip')
 5 SYSTEMPATH\CodeIgniter.php(903): App\Controllers\Arsip->__construct()
 6 SYSTEMPATH\CodeIgniter.php(498): CodeIgniter\CodeIgniter->createController()
 7 SYSTEMPATH\CodeIgniter.php(354): CodeIgniter\CodeIgniter->handleRequest(null, Object(Config\Cache), false)
 8 SYSTEMPATH\Boot.php(363): CodeIgniter\CodeIgniter->run()
 9 SYSTEMPATH\Boot.php(68): CodeIgniter\Boot::runCodeIgniter(Object(CodeIgniter\CodeIgniter))
10 FCPATH\index.php(59): CodeIgniter\Boot::bootWeb(Object(Config\Paths))
DEBUG - 2025-11-06 03:00:50 --> Session: Class initialized using 'CodeIgniter\Session\Handlers\FileHandler' driver.
WARNING - 2025-11-06 03:00:50 --> [DEPRECATED] Optional parameter $filters declared before required parameter $id_dep is implicitly treated as a required parameter in APPPATH\Models\Model_arsip.php on line 303.
 1 SYSTEMPATH\Autoloader\Autoloader.php(315): include_once('C:\\xampp\\htdocs\\e-arsip_ci4\\system\\Debug\\Exceptions.php')
 2 SYSTEMPATH\Autoloader\Autoloader.php(295): CodeIgniter\Autoloader\Autoloader->includeFile('C:\\xampp\\htdocs\\e-arsip_ci4\\app\\Models\\Model_arsip.php')
 3 SYSTEMPATH\Autoloader\Autoloader.php(271): CodeIgniter\Autoloader\Autoloader->loadInNamespace('App\\Models\\Model_arsip')
 4 APPPATH\Controllers\Kategori.php(21): CodeIgniter\Autoloader\Autoloader->loadClass('App\\Models\\Model_arsip')
 5 SYSTEMPATH\CodeIgniter.php(903): App\Controllers\Kategori->__construct()
 6 SYSTEMPATH\CodeIgniter.php(498): CodeIgniter\CodeIgniter->createController()
 7 SYSTEMPATH\CodeIgniter.php(354): CodeIgniter\CodeIgniter->handleRequest(null, Object(Config\Cache), false)
 8 SYSTEMPATH\Boot.php(363): CodeIgniter\CodeIgniter->run()
 9 SYSTEMPATH\Boot.php(68): CodeIgniter\Boot::runCodeIgniter(Object(CodeIgniter\CodeIgniter))
10 FCPATH\index.php(59): CodeIgniter\Boot::bootWeb(Object(Config\Paths))
DEBUG - 2025-11-06 03:00:51 --> Session: Class initialized using 'CodeIgniter\Session\Handlers\FileHandler' driver.
WARNING - 2025-11-06 03:00:51 --> [DEPRECATED] Optional parameter $filters declared before required parameter $id_dep is implicitly treated as a required parameter in APPPATH\Models\Model_arsip.php on line 303.
 1 SYSTEMPATH\Autoloader\Autoloader.php(315): include_once('C:\\xampp\\htdocs\\e-arsip_ci4\\system\\Debug\\Exceptions.php')
 2 SYSTEMPATH\Autoloader\Autoloader.php(295): CodeIgniter\Autoloader\Autoloader->includeFile('C:\\xampp\\htdocs\\e-arsip_ci4\\app\\Models\\Model_arsip.php')
 3 SYSTEMPATH\Autoloader\Autoloader.php(271): CodeIgniter\Autoloader\Autoloader->loadInNamespace('App\\Models\\Model_arsip')
 4 APPPATH\Controllers\Cari.php(20): CodeIgniter\Autoloader\Autoloader->loadClass('App\\Models\\Model_arsip')
 5 SYSTEMPATH\CodeIgniter.php(903): App\Controllers\Cari->__construct()
 6 SYSTEMPATH\CodeIgniter.php(498): CodeIgniter\CodeIgniter->createController()
 7 SYSTEMPATH\CodeIgniter.php(354): CodeIgniter\CodeIgniter->handleRequest(null, Object(Config\Cache), false)
 8 SYSTEMPATH\Boot.php(363): CodeIgniter\CodeIgniter->run()
 9 SYSTEMPATH\Boot.php(68): CodeIgniter\Boot::runCodeIgniter(Object(CodeIgniter\CodeIgniter))
10 FCPATH\index.php(59): CodeIgniter\Boot::bootWeb(Object(Config\Paths))
DEBUG - 2025-11-06 03:02:47 --> Session: Class initialized using 'CodeIgniter\Session\Handlers\FileHandler' driver.
WARNING - 2025-11-06 03:02:47 --> [DEPRECATED] Optional parameter $filters declared before required parameter $id_dep is implicitly treated as a required parameter in APPPATH\Models\Model_arsip.php on line 303.
 1 SYSTEMPATH\Autoloader\Autoloader.php(315): include_once('C:\\xampp\\htdocs\\e-arsip_ci4\\system\\Debug\\Exceptions.php')
 2 SYSTEMPATH\Autoloader\Autoloader.php(295): CodeIgniter\Autoloader\Autoloader->includeFile('C:\\xampp\\htdocs\\e-arsip_ci4\\app\\Models\\Model_arsip.php')
 3 SYSTEMPATH\Autoloader\Autoloader.php(271): CodeIgniter\Autoloader\Autoloader->loadInNamespace('App\\Models\\Model_arsip')
 4 APPPATH\Controllers\Arsip.php(26): CodeIgniter\Autoloader\Autoloader->loadClass('App\\Models\\Model_arsip')
 5 SYSTEMPATH\CodeIgniter.php(903): App\Controllers\Arsip->__construct()
 6 SYSTEMPATH\CodeIgniter.php(498): CodeIgniter\CodeIgniter->createController()
 7 SYSTEMPATH\CodeIgniter.php(354): CodeIgniter\CodeIgniter->handleRequest(null, Object(Config\Cache), false)
 8 SYSTEMPATH\Boot.php(363): CodeIgniter\CodeIgniter->run()
 9 SYSTEMPATH\Boot.php(68): CodeIgniter\Boot::runCodeIgniter(Object(CodeIgniter\CodeIgniter))
10 FCPATH\index.php(59): CodeIgniter\Boot::bootWeb(Object(Config\Paths))
DEBUG - 2025-11-06 03:03:05 --> Session: Class initialized using 'CodeIgniter\Session\Handlers\FileHandler' driver.
WARNING - 2025-11-06 03:03:05 --> [DEPRECATED] Optional parameter $filters declared before required parameter $id_dep is implicitly treated as a required parameter in APPPATH\Models\Model_arsip.php on line 303.
 1 SYSTEMPATH\Autoloader\Autoloader.php(315): include_once('C:\\xampp\\htdocs\\e-arsip_ci4\\system\\Debug\\Exceptions.php')
 2 SYSTEMPATH\Autoloader\Autoloader.php(295): CodeIgniter\Autoloader\Autoloader->includeFile('C:\\xampp\\htdocs\\e-arsip_ci4\\app\\Models\\Model_arsip.php')
 3 SYSTEMPATH\Autoloader\Autoloader.php(271): CodeIgniter\Autoloader\Autoloader->loadInNamespace('App\\Models\\Model_arsip')
 4 APPPATH\Controllers\Arsip.php(26): CodeIgniter\Autoloader\Autoloader->loadClass('App\\Models\\Model_arsip')
 5 SYSTEMPATH\CodeIgniter.php(903): App\Controllers\Arsip->__construct()
 6 SYSTEMPATH\CodeIgniter.php(498): CodeIgniter\CodeIgniter->createController()
 7 SYSTEMPATH\CodeIgniter.php(354): CodeIgniter\CodeIgniter->handleRequest(null, Object(Config\Cache), false)
 8 SYSTEMPATH\Boot.php(363): CodeIgniter\CodeIgniter->run()
 9 SYSTEMPATH\Boot.php(68): CodeIgniter\Boot::runCodeIgniter(Object(CodeIgniter\CodeIgniter))
10 FCPATH\index.php(59): CodeIgniter\Boot::bootWeb(Object(Config\Paths))
DEBUG - 2025-11-06 03:03:06 --> Session: Class initialized using 'CodeIgniter\Session\Handlers\FileHandler' driver.
WARNING - 2025-11-06 03:03:06 --> [DEPRECATED] Optional parameter $filters declared before required parameter $id_dep is implicitly treated as a required parameter in APPPATH\Models\Model_arsip.php on line 303.
 1 SYSTEMPATH\Autoloader\Autoloader.php(315): include_once('C:\\xampp\\htdocs\\e-arsip_ci4\\system\\Debug\\Exceptions.php')
 2 SYSTEMPATH\Autoloader\Autoloader.php(295): CodeIgniter\Autoloader\Autoloader->includeFile('C:\\xampp\\htdocs\\e-arsip_ci4\\app\\Models\\Model_arsip.php')
 3 SYSTEMPATH\Autoloader\Autoloader.php(271): CodeIgniter\Autoloader\Autoloader->loadInNamespace('App\\Models\\Model_arsip')
 4 APPPATH\Controllers\Arsip.php(26): CodeIgniter\Autoloader\Autoloader->loadClass('App\\Models\\Model_arsip')
 5 SYSTEMPATH\CodeIgniter.php(903): App\Controllers\Arsip->__construct()
 6 SYSTEMPATH\CodeIgniter.php(498): CodeIgniter\CodeIgniter->createController()
 7 SYSTEMPATH\CodeIgniter.php(354): CodeIgniter\CodeIgniter->handleRequest(null, Object(Config\Cache), false)
 8 SYSTEMPATH\Boot.php(363): CodeIgniter\CodeIgniter->run()
 9 SYSTEMPATH\Boot.php(68): CodeIgniter\Boot::runCodeIgniter(Object(CodeIgniter\CodeIgniter))
10 FCPATH\index.php(59): CodeIgniter\Boot::bootWeb(Object(Config\Paths))
DEBUG - 2025-11-06 03:03:17 --> Session: Class initialized using 'CodeIgniter\Session\Handlers\FileHandler' driver.
WARNING - 2025-11-06 03:03:17 --> [DEPRECATED] Optional parameter $filters declared before required parameter $id_dep is implicitly treated as a required parameter in APPPATH\Models\Model_arsip.php on line 303.
 1 SYSTEMPATH\Autoloader\Autoloader.php(315): include_once('C:\\xampp\\htdocs\\e-arsip_ci4\\system\\Debug\\Exceptions.php')
 2 SYSTEMPATH\Autoloader\Autoloader.php(295): CodeIgniter\Autoloader\Autoloader->includeFile('C:\\xampp\\htdocs\\e-arsip_ci4\\app\\Models\\Model_arsip.php')
 3 SYSTEMPATH\Autoloader\Autoloader.php(271): CodeIgniter\Autoloader\Autoloader->loadInNamespace('App\\Models\\Model_arsip')
 4 APPPATH\Controllers\Arsip.php(26): CodeIgniter\Autoloader\Autoloader->loadClass('App\\Models\\Model_arsip')
 5 SYSTEMPATH\CodeIgniter.php(903): App\Controllers\Arsip->__construct()
 6 SYSTEMPATH\CodeIgniter.php(498): CodeIgniter\CodeIgniter->createController()
 7 SYSTEMPATH\CodeIgniter.php(354): CodeIgniter\CodeIgniter->handleRequest(null, Object(Config\Cache), false)
 8 SYSTEMPATH\Boot.php(363): CodeIgniter\CodeIgniter->run()
 9 SYSTEMPATH\Boot.php(68): CodeIgniter\Boot::runCodeIgniter(Object(CodeIgniter\CodeIgniter))
10 FCPATH\index.php(59): CodeIgniter\Boot::bootWeb(Object(Config\Paths))
DEBUG - 2025-11-06 03:03:26 --> Session: Class initialized using 'CodeIgniter\Session\Handlers\FileHandler' driver.
WARNING - 2025-11-06 03:03:26 --> [DEPRECATED] Optional parameter $filters declared before required parameter $id_dep is implicitly treated as a required parameter in APPPATH\Models\Model_arsip.php on line 303.
 1 SYSTEMPATH\Autoloader\Autoloader.php(315): include_once('C:\\xampp\\htdocs\\e-arsip_ci4\\system\\Debug\\Exceptions.php')
 2 SYSTEMPATH\Autoloader\Autoloader.php(295): CodeIgniter\Autoloader\Autoloader->includeFile('C:\\xampp\\htdocs\\e-arsip_ci4\\app\\Models\\Model_arsip.php')
 3 SYSTEMPATH\Autoloader\Autoloader.php(271): CodeIgniter\Autoloader\Autoloader->loadInNamespace('App\\Models\\Model_arsip')
 4 APPPATH\Controllers\Cari.php(20): CodeIgniter\Autoloader\Autoloader->loadClass('App\\Models\\Model_arsip')
 5 SYSTEMPATH\CodeIgniter.php(903): App\Controllers\Cari->__construct()
 6 SYSTEMPATH\CodeIgniter.php(498): CodeIgniter\CodeIgniter->createController()
 7 SYSTEMPATH\CodeIgniter.php(354): CodeIgniter\CodeIgniter->handleRequest(null, Object(Config\Cache), false)
 8 SYSTEMPATH\Boot.php(363): CodeIgniter\CodeIgniter->run()
 9 SYSTEMPATH\Boot.php(68): CodeIgniter\Boot::runCodeIgniter(Object(CodeIgniter\CodeIgniter))
10 FCPATH\index.php(59): CodeIgniter\Boot::bootWeb(Object(Config\Paths))
DEBUG - 2025-11-06 03:03:28 --> Session: Class initialized using 'CodeIgniter\Session\Handlers\FileHandler' driver.
WARNING - 2025-11-06 03:03:28 --> [DEPRECATED] Optional parameter $filters declared before required parameter $id_dep is implicitly treated as a required parameter in APPPATH\Models\Model_arsip.php on line 303.
 1 SYSTEMPATH\Autoloader\Autoloader.php(315): include_once('C:\\xampp\\htdocs\\e-arsip_ci4\\system\\Debug\\Exceptions.php')
 2 SYSTEMPATH\Autoloader\Autoloader.php(295): CodeIgniter\Autoloader\Autoloader->includeFile('C:\\xampp\\htdocs\\e-arsip_ci4\\app\\Models\\Model_arsip.php')
 3 SYSTEMPATH\Autoloader\Autoloader.php(271): CodeIgniter\Autoloader\Autoloader->loadInNamespace('App\\Models\\Model_arsip')
 4 APPPATH\Controllers\Cari.php(20): CodeIgniter\Autoloader\Autoloader->loadClass('App\\Models\\Model_arsip')
 5 SYSTEMPATH\CodeIgniter.php(903): App\Controllers\Cari->__construct()
 6 SYSTEMPATH\CodeIgniter.php(498): CodeIgniter\CodeIgniter->createController()
 7 SYSTEMPATH\CodeIgniter.php(354): CodeIgniter\CodeIgniter->handleRequest(null, Object(Config\Cache), false)
 8 SYSTEMPATH\Boot.php(363): CodeIgniter\CodeIgniter->run()
 9 SYSTEMPATH\Boot.php(68): CodeIgniter\Boot::runCodeIgniter(Object(CodeIgniter\CodeIgniter))
10 FCPATH\index.php(59): CodeIgniter\Boot::bootWeb(Object(Config\Paths))
DEBUG - 2025-11-06 03:03:28 --> Session: Class initialized using 'CodeIgniter\Session\Handlers\FileHandler' driver.
WARNING - 2025-11-06 03:03:28 --> [DEPRECATED] Optional parameter $filters declared before required parameter $id_dep is implicitly treated as a required parameter in APPPATH\Models\Model_arsip.php on line 303.
 1 SYSTEMPATH\Autoloader\Autoloader.php(315): include_once('C:\\xampp\\htdocs\\e-arsip_ci4\\system\\Debug\\Exceptions.php')
 2 SYSTEMPATH\Autoloader\Autoloader.php(295): CodeIgniter\Autoloader\Autoloader->includeFile('C:\\xampp\\htdocs\\e-arsip_ci4\\app\\Models\\Model_arsip.php')
 3 SYSTEMPATH\Autoloader\Autoloader.php(271): CodeIgniter\Autoloader\Autoloader->loadInNamespace('App\\Models\\Model_arsip')
 4 APPPATH\Controllers\Arsip.php(26): CodeIgniter\Autoloader\Autoloader->loadClass('App\\Models\\Model_arsip')
 5 SYSTEMPATH\CodeIgniter.php(903): App\Controllers\Arsip->__construct()
 6 SYSTEMPATH\CodeIgniter.php(498): CodeIgniter\CodeIgniter->createController()
 7 SYSTEMPATH\CodeIgniter.php(354): CodeIgniter\CodeIgniter->handleRequest(null, Object(Config\Cache), false)
 8 SYSTEMPATH\Boot.php(363): CodeIgniter\CodeIgniter->run()
 9 SYSTEMPATH\Boot.php(68): CodeIgniter\Boot::runCodeIgniter(Object(CodeIgniter\CodeIgniter))
10 FCPATH\index.php(59): CodeIgniter\Boot::bootWeb(Object(Config\Paths))
DEBUG - 2025-11-06 03:03:29 --> Session: Class initialized using 'CodeIgniter\Session\Handlers\FileHandler' driver.
WARNING - 2025-11-06 03:03:29 --> [DEPRECATED] Optional parameter $filters declared before required parameter $id_dep is implicitly treated as a required parameter in APPPATH\Models\Model_arsip.php on line 303.
 1 SYSTEMPATH\Autoloader\Autoloader.php(315): include_once('C:\\xampp\\htdocs\\e-arsip_ci4\\system\\Debug\\Exceptions.php')
 2 SYSTEMPATH\Autoloader\Autoloader.php(295): CodeIgniter\Autoloader\Autoloader->includeFile('C:\\xampp\\htdocs\\e-arsip_ci4\\app\\Models\\Model_arsip.php')
 3 SYSTEMPATH\Autoloader\Autoloader.php(271): CodeIgniter\Autoloader\Autoloader->loadInNamespace('App\\Models\\Model_arsip')
 4 APPPATH\Controllers\Cari.php(20): CodeIgniter\Autoloader\Autoloader->loadClass('App\\Models\\Model_arsip')
 5 SYSTEMPATH\CodeIgniter.php(903): App\Controllers\Cari->__construct()
 6 SYSTEMPATH\CodeIgniter.php(498): CodeIgniter\CodeIgniter->createController()
 7 SYSTEMPATH\CodeIgniter.php(354): CodeIgniter\CodeIgniter->handleRequest(null, Object(Config\Cache), false)
 8 SYSTEMPATH\Boot.php(363): CodeIgniter\CodeIgniter->run()
 9 SYSTEMPATH\Boot.php(68): CodeIgniter\Boot::runCodeIgniter(Object(CodeIgniter\CodeIgniter))
10 FCPATH\index.php(59): CodeIgniter\Boot::bootWeb(Object(Config\Paths))
DEBUG - 2025-11-06 03:03:29 --> Session: Class initialized using 'CodeIgniter\Session\Handlers\FileHandler' driver.
WARNING - 2025-11-06 03:03:29 --> [DEPRECATED] Optional parameter $filters declared before required parameter $id_dep is implicitly treated as a required parameter in APPPATH\Models\Model_arsip.php on line 303.
 1 SYSTEMPATH\Autoloader\Autoloader.php(315): include_once('C:\\xampp\\htdocs\\e-arsip_ci4\\system\\Debug\\Exceptions.php')
 2 SYSTEMPATH\Autoloader\Autoloader.php(295): CodeIgniter\Autoloader\Autoloader->includeFile('C:\\xampp\\htdocs\\e-arsip_ci4\\app\\Models\\Model_arsip.php')
 3 SYSTEMPATH\Autoloader\Autoloader.php(271): CodeIgniter\Autoloader\Autoloader->loadInNamespace('App\\Models\\Model_arsip')
 4 APPPATH\Controllers\Cari.php(20): CodeIgniter\Autoloader\Autoloader->loadClass('App\\Models\\Model_arsip')
 5 SYSTEMPATH\CodeIgniter.php(903): App\Controllers\Cari->__construct()
 6 SYSTEMPATH\CodeIgniter.php(498): CodeIgniter\CodeIgniter->createController()
 7 SYSTEMPATH\CodeIgniter.php(354): CodeIgniter\CodeIgniter->handleRequest(null, Object(Config\Cache), false)
 8 SYSTEMPATH\Boot.php(363): CodeIgniter\CodeIgniter->run()
 9 SYSTEMPATH\Boot.php(68): CodeIgniter\Boot::runCodeIgniter(Object(CodeIgniter\CodeIgniter))
10 FCPATH\index.php(59): CodeIgniter\Boot::bootWeb(Object(Config\Paths))
DEBUG - 2025-11-06 03:03:30 --> Session: Class initialized using 'CodeIgniter\Session\Handlers\FileHandler' driver.
WARNING - 2025-11-06 03:03:30 --> [DEPRECATED] Optional parameter $filters declared before required parameter $id_dep is implicitly treated as a required parameter in APPPATH\Models\Model_arsip.php on line 303.
 1 SYSTEMPATH\Autoloader\Autoloader.php(315): include_once('C:\\xampp\\htdocs\\e-arsip_ci4\\system\\Debug\\Exceptions.php')
 2 SYSTEMPATH\Autoloader\Autoloader.php(295): CodeIgniter\Autoloader\Autoloader->includeFile('C:\\xampp\\htdocs\\e-arsip_ci4\\app\\Models\\Model_arsip.php')
 3 SYSTEMPATH\Autoloader\Autoloader.php(271): CodeIgniter\Autoloader\Autoloader->loadInNamespace('App\\Models\\Model_arsip')
 4 APPPATH\Controllers\Arsip.php(26): CodeIgniter\Autoloader\Autoloader->loadClass('App\\Models\\Model_arsip')
 5 SYSTEMPATH\CodeIgniter.php(903): App\Controllers\Arsip->__construct()
 6 SYSTEMPATH\CodeIgniter.php(498): CodeIgniter\CodeIgniter->createController()
 7 SYSTEMPATH\CodeIgniter.php(354): CodeIgniter\CodeIgniter->handleRequest(null, Object(Config\Cache), false)
 8 SYSTEMPATH\Boot.php(363): CodeIgniter\CodeIgniter->run()
 9 SYSTEMPATH\Boot.php(68): CodeIgniter\Boot::runCodeIgniter(Object(CodeIgniter\CodeIgniter))
10 FCPATH\index.php(59): CodeIgniter\Boot::bootWeb(Object(Config\Paths))
DEBUG - 2025-11-06 03:03:31 --> Session: Class initialized using 'CodeIgniter\Session\Handlers\FileHandler' driver.
WARNING - 2025-11-06 03:03:31 --> [DEPRECATED] Optional parameter $filters declared before required parameter $id_dep is implicitly treated as a required parameter in APPPATH\Models\Model_arsip.php on line 303.
 1 SYSTEMPATH\Autoloader\Autoloader.php(315): include_once('C:\\xampp\\htdocs\\e-arsip_ci4\\system\\Debug\\Exceptions.php')
 2 SYSTEMPATH\Autoloader\Autoloader.php(295): CodeIgniter\Autoloader\Autoloader->includeFile('C:\\xampp\\htdocs\\e-arsip_ci4\\app\\Models\\Model_arsip.php')
 3 SYSTEMPATH\Autoloader\Autoloader.php(271): CodeIgniter\Autoloader\Autoloader->loadInNamespace('App\\Models\\Model_arsip')
 4 APPPATH\Controllers\Cari.php(20): CodeIgniter\Autoloader\Autoloader->loadClass('App\\Models\\Model_arsip')
 5 SYSTEMPATH\CodeIgniter.php(903): App\Controllers\Cari->__construct()
 6 SYSTEMPATH\CodeIgniter.php(498): CodeIgniter\CodeIgniter->createController()
 7 SYSTEMPATH\CodeIgniter.php(354): CodeIgniter\CodeIgniter->handleRequest(null, Object(Config\Cache), false)
 8 SYSTEMPATH\Boot.php(363): CodeIgniter\CodeIgniter->run()
 9 SYSTEMPATH\Boot.php(68): CodeIgniter\Boot::runCodeIgniter(Object(CodeIgniter\CodeIgniter))
10 FCPATH\index.php(59): CodeIgniter\Boot::bootWeb(Object(Config\Paths))
DEBUG - 2025-11-06 03:03:31 --> Session: Class initialized using 'CodeIgniter\Session\Handlers\FileHandler' driver.
WARNING - 2025-11-06 03:03:31 --> [DEPRECATED] Optional parameter $filters declared before required parameter $id_dep is implicitly treated as a required parameter in APPPATH\Models\Model_arsip.php on line 303.
 1 SYSTEMPATH\Autoloader\Autoloader.php(315): include_once('C:\\xampp\\htdocs\\e-arsip_ci4\\system\\Debug\\Exceptions.php')
 2 SYSTEMPATH\Autoloader\Autoloader.php(295): CodeIgniter\Autoloader\Autoloader->includeFile('C:\\xampp\\htdocs\\e-arsip_ci4\\app\\Models\\Model_arsip.php')
 3 SYSTEMPATH\Autoloader\Autoloader.php(271): CodeIgniter\Autoloader\Autoloader->loadInNamespace('App\\Models\\Model_arsip')
 4 APPPATH\Controllers\Cari.php(20): CodeIgniter\Autoloader\Autoloader->loadClass('App\\Models\\Model_arsip')
 5 SYSTEMPATH\CodeIgniter.php(903): App\Controllers\Cari->__construct()
 6 SYSTEMPATH\CodeIgniter.php(498): CodeIgniter\CodeIgniter->createController()
 7 SYSTEMPATH\CodeIgniter.php(354): CodeIgniter\CodeIgniter->handleRequest(null, Object(Config\Cache), false)
 8 SYSTEMPATH\Boot.php(363): CodeIgniter\CodeIgniter->run()
 9 SYSTEMPATH\Boot.php(68): CodeIgniter\Boot::runCodeIgniter(Object(CodeIgniter\CodeIgniter))
10 FCPATH\index.php(59): CodeIgniter\Boot::bootWeb(Object(Config\Paths))
DEBUG - 2025-11-06 03:03:31 --> Session: Class initialized using 'CodeIgniter\Session\Handlers\FileHandler' driver.
WARNING - 2025-11-06 03:03:31 --> [DEPRECATED] Optional parameter $filters declared before required parameter $id_dep is implicitly treated as a required parameter in APPPATH\Models\Model_arsip.php on line 303.
 1 SYSTEMPATH\Autoloader\Autoloader.php(315): include_once('C:\\xampp\\htdocs\\e-arsip_ci4\\system\\Debug\\Exceptions.php')
 2 SYSTEMPATH\Autoloader\Autoloader.php(295): CodeIgniter\Autoloader\Autoloader->includeFile('C:\\xampp\\htdocs\\e-arsip_ci4\\app\\Models\\Model_arsip.php')
 3 SYSTEMPATH\Autoloader\Autoloader.php(271): CodeIgniter\Autoloader\Autoloader->loadInNamespace('App\\Models\\Model_arsip')
 4 APPPATH\Controllers\Arsip.php(26): CodeIgniter\Autoloader\Autoloader->loadClass('App\\Models\\Model_arsip')
 5 SYSTEMPATH\CodeIgniter.php(903): App\Controllers\Arsip->__construct()
 6 SYSTEMPATH\CodeIgniter.php(498): CodeIgniter\CodeIgniter->createController()
 7 SYSTEMPATH\CodeIgniter.php(354): CodeIgniter\CodeIgniter->handleRequest(null, Object(Config\Cache), false)
 8 SYSTEMPATH\Boot.php(363): CodeIgniter\CodeIgniter->run()
 9 SYSTEMPATH\Boot.php(68): CodeIgniter\Boot::runCodeIgniter(Object(CodeIgniter\CodeIgniter))
10 FCPATH\index.php(59): CodeIgniter\Boot::bootWeb(Object(Config\Paths))
DEBUG - 2025-11-06 03:05:23 --> Session: Class initialized using 'CodeIgniter\Session\Handlers\FileHandler' driver.
WARNING - 2025-11-06 03:05:23 --> [DEPRECATED] Optional parameter $filters declared before required parameter $id_dep is implicitly treated as a required parameter in APPPATH\Models\Model_arsip.php on line 303.
 1 SYSTEMPATH\Autoloader\Autoloader.php(315): include_once('C:\\xampp\\htdocs\\e-arsip_ci4\\system\\Debug\\Exceptions.php')
 2 SYSTEMPATH\Autoloader\Autoloader.php(295): CodeIgniter\Autoloader\Autoloader->includeFile('C:\\xampp\\htdocs\\e-arsip_ci4\\app\\Models\\Model_arsip.php')
 3 SYSTEMPATH\Autoloader\Autoloader.php(271): CodeIgniter\Autoloader\Autoloader->loadInNamespace('App\\Models\\Model_arsip')
 4 APPPATH\Controllers\Arsip.php(26): CodeIgniter\Autoloader\Autoloader->loadClass('App\\Models\\Model_arsip')
 5 SYSTEMPATH\CodeIgniter.php(903): App\Controllers\Arsip->__construct()
 6 SYSTEMPATH\CodeIgniter.php(498): CodeIgniter\CodeIgniter->createController()
 7 SYSTEMPATH\CodeIgniter.php(354): CodeIgniter\CodeIgniter->handleRequest(null, Object(Config\Cache), false)
 8 SYSTEMPATH\Boot.php(363): CodeIgniter\CodeIgniter->run()
 9 SYSTEMPATH\Boot.php(68): CodeIgniter\Boot::runCodeIgniter(Object(CodeIgniter\CodeIgniter))
10 FCPATH\index.php(59): CodeIgniter\Boot::bootWeb(Object(Config\Paths))
DEBUG - 2025-11-06 03:05:27 --> Session: Class initialized using 'CodeIgniter\Session\Handlers\FileHandler' driver.
WARNING - 2025-11-06 03:05:27 --> [DEPRECATED] Optional parameter $filters declared before required parameter $id_dep is implicitly treated as a required parameter in APPPATH\Models\Model_arsip.php on line 303.
 1 SYSTEMPATH\Autoloader\Autoloader.php(315): include_once('C:\\xampp\\htdocs\\e-arsip_ci4\\system\\Debug\\Exceptions.php')
 2 SYSTEMPATH\Autoloader\Autoloader.php(295): CodeIgniter\Autoloader\Autoloader->includeFile('C:\\xampp\\htdocs\\e-arsip_ci4\\app\\Models\\Model_arsip.php')
 3 SYSTEMPATH\Autoloader\Autoloader.php(271): CodeIgniter\Autoloader\Autoloader->loadInNamespace('App\\Models\\Model_arsip')
 4 APPPATH\Controllers\Cari.php(20): CodeIgniter\Autoloader\Autoloader->loadClass('App\\Models\\Model_arsip')
 5 SYSTEMPATH\CodeIgniter.php(903): App\Controllers\Cari->__construct()
 6 SYSTEMPATH\CodeIgniter.php(498): CodeIgniter\CodeIgniter->createController()
 7 SYSTEMPATH\CodeIgniter.php(354): CodeIgniter\CodeIgniter->handleRequest(null, Object(Config\Cache), false)
 8 SYSTEMPATH\Boot.php(363): CodeIgniter\CodeIgniter->run()
 9 SYSTEMPATH\Boot.php(68): CodeIgniter\Boot::runCodeIgniter(Object(CodeIgniter\CodeIgniter))
10 FCPATH\index.php(59): CodeIgniter\Boot::bootWeb(Object(Config\Paths))
DEBUG - 2025-11-06 03:05:28 --> Session: Class initialized using 'CodeIgniter\Session\Handlers\FileHandler' driver.
WARNING - 2025-11-06 03:05:28 --> [DEPRECATED] Optional parameter $filters declared before required parameter $id_dep is implicitly treated as a required parameter in APPPATH\Models\Model_arsip.php on line 303.
 1 SYSTEMPATH\Autoloader\Autoloader.php(315): include_once('C:\\xampp\\htdocs\\e-arsip_ci4\\system\\Debug\\Exceptions.php')
 2 SYSTEMPATH\Autoloader\Autoloader.php(295): CodeIgniter\Autoloader\Autoloader->includeFile('C:\\xampp\\htdocs\\e-arsip_ci4\\app\\Models\\Model_arsip.php')
 3 SYSTEMPATH\Autoloader\Autoloader.php(271): CodeIgniter\Autoloader\Autoloader->loadInNamespace('App\\Models\\Model_arsip')
 4 APPPATH\Controllers\Cari.php(20): CodeIgniter\Autoloader\Autoloader->loadClass('App\\Models\\Model_arsip')
 5 SYSTEMPATH\CodeIgniter.php(903): App\Controllers\Cari->__construct()
 6 SYSTEMPATH\CodeIgniter.php(498): CodeIgniter\CodeIgniter->createController()
 7 SYSTEMPATH\CodeIgniter.php(354): CodeIgniter\CodeIgniter->handleRequest(null, Object(Config\Cache), false)
 8 SYSTEMPATH\Boot.php(363): CodeIgniter\CodeIgniter->run()
 9 SYSTEMPATH\Boot.php(68): CodeIgniter\Boot::runCodeIgniter(Object(CodeIgniter\CodeIgniter))
10 FCPATH\index.php(59): CodeIgniter\Boot::bootWeb(Object(Config\Paths))
DEBUG - 2025-11-06 03:05:28 --> Session: Class initialized using 'CodeIgniter\Session\Handlers\FileHandler' driver.
WARNING - 2025-11-06 03:05:28 --> [DEPRECATED] Optional parameter $filters declared before required parameter $id_dep is implicitly treated as a required parameter in APPPATH\Models\Model_arsip.php on line 303.
 1 SYSTEMPATH\Autoloader\Autoloader.php(315): include_once('C:\\xampp\\htdocs\\e-arsip_ci4\\system\\Debug\\Exceptions.php')
 2 SYSTEMPATH\Autoloader\Autoloader.php(295): CodeIgniter\Autoloader\Autoloader->includeFile('C:\\xampp\\htdocs\\e-arsip_ci4\\app\\Models\\Model_arsip.php')
 3 SYSTEMPATH\Autoloader\Autoloader.php(271): CodeIgniter\Autoloader\Autoloader->loadInNamespace('App\\Models\\Model_arsip')
 4 APPPATH\Controllers\Cari.php(20): CodeIgniter\Autoloader\Autoloader->loadClass('App\\Models\\Model_arsip')
 5 SYSTEMPATH\CodeIgniter.php(903): App\Controllers\Cari->__construct()
 6 SYSTEMPATH\CodeIgniter.php(498): CodeIgniter\CodeIgniter->createController()
 7 SYSTEMPATH\CodeIgniter.php(354): CodeIgniter\CodeIgniter->handleRequest(null, Object(Config\Cache), false)
 8 SYSTEMPATH\Boot.php(363): CodeIgniter\CodeIgniter->run()
 9 SYSTEMPATH\Boot.php(68): CodeIgniter\Boot::runCodeIgniter(Object(CodeIgniter\CodeIgniter))
10 FCPATH\index.php(59): CodeIgniter\Boot::bootWeb(Object(Config\Paths))
DEBUG - 2025-11-06 03:05:29 --> Session: Class initialized using 'CodeIgniter\Session\Handlers\FileHandler' driver.
WARNING - 2025-11-06 03:05:29 --> [DEPRECATED] Optional parameter $filters declared before required parameter $id_dep is implicitly treated as a required parameter in APPPATH\Models\Model_arsip.php on line 303.
 1 SYSTEMPATH\Autoloader\Autoloader.php(315): include_once('C:\\xampp\\htdocs\\e-arsip_ci4\\system\\Debug\\Exceptions.php')
 2 SYSTEMPATH\Autoloader\Autoloader.php(295): CodeIgniter\Autoloader\Autoloader->includeFile('C:\\xampp\\htdocs\\e-arsip_ci4\\app\\Models\\Model_arsip.php')
 3 SYSTEMPATH\Autoloader\Autoloader.php(271): CodeIgniter\Autoloader\Autoloader->loadInNamespace('App\\Models\\Model_arsip')
 4 APPPATH\Controllers\Home.php(23): CodeIgniter\Autoloader\Autoloader->loadClass('App\\Models\\Model_arsip')
 5 SYSTEMPATH\CodeIgniter.php(903): App\Controllers\Home->__construct()
 6 SYSTEMPATH\CodeIgniter.php(498): CodeIgniter\CodeIgniter->createController()
 7 SYSTEMPATH\CodeIgniter.php(354): CodeIgniter\CodeIgniter->handleRequest(null, Object(Config\Cache), false)
 8 SYSTEMPATH\Boot.php(363): CodeIgniter\CodeIgniter->run()
 9 SYSTEMPATH\Boot.php(68): CodeIgniter\Boot::runCodeIgniter(Object(CodeIgniter\CodeIgniter))
10 FCPATH\index.php(59): CodeIgniter\Boot::bootWeb(Object(Config\Paths))
DEBUG - 2025-11-06 03:05:30 --> Session: Class initialized using 'CodeIgniter\Session\Handlers\FileHandler' driver.
DEBUG - 2025-11-06 03:06:32 --> Session: Class initialized using 'CodeIgniter\Session\Handlers\FileHandler' driver.
WARNING - 2025-11-06 03:06:32 --> [DEPRECATED] Optional parameter $filters declared before required parameter $id_dep is implicitly treated as a required parameter in APPPATH\Models\Model_arsip.php on line 303.
 1 SYSTEMPATH\Autoloader\Autoloader.php(315): include_once('C:\\xampp\\htdocs\\e-arsip_ci4\\system\\Debug\\Exceptions.php')
 2 SYSTEMPATH\Autoloader\Autoloader.php(295): CodeIgniter\Autoloader\Autoloader->includeFile('C:\\xampp\\htdocs\\e-arsip_ci4\\app\\Models\\Model_arsip.php')
 3 SYSTEMPATH\Autoloader\Autoloader.php(271): CodeIgniter\Autoloader\Autoloader->loadInNamespace('App\\Models\\Model_arsip')
 4 APPPATH\Controllers\Arsip.php(26): CodeIgniter\Autoloader\Autoloader->loadClass('App\\Models\\Model_arsip')
 5 SYSTEMPATH\CodeIgniter.php(903): App\Controllers\Arsip->__construct()
 6 SYSTEMPATH\CodeIgniter.php(498): CodeIgniter\CodeIgniter->createController()
 7 SYSTEMPATH\CodeIgniter.php(354): CodeIgniter\CodeIgniter->handleRequest(null, Object(Config\Cache), false)
 8 SYSTEMPATH\Boot.php(363): CodeIgniter\CodeIgniter->run()
 9 SYSTEMPATH\Boot.php(68): CodeIgniter\Boot::runCodeIgniter(Object(CodeIgniter\CodeIgniter))
10 FCPATH\index.php(59): CodeIgniter\Boot::bootWeb(Object(Config\Paths))
DEBUG - 2025-11-06 03:06:33 --> Session: Class initialized using 'CodeIgniter\Session\Handlers\FileHandler' driver.
WARNING - 2025-11-06 03:06:33 --> [DEPRECATED] Optional parameter $filters declared before required parameter $id_dep is implicitly treated as a required parameter in APPPATH\Models\Model_arsip.php on line 303.
 1 SYSTEMPATH\Autoloader\Autoloader.php(315): include_once('C:\\xampp\\htdocs\\e-arsip_ci4\\system\\Debug\\Exceptions.php')
 2 SYSTEMPATH\Autoloader\Autoloader.php(295): CodeIgniter\Autoloader\Autoloader->includeFile('C:\\xampp\\htdocs\\e-arsip_ci4\\app\\Models\\Model_arsip.php')
 3 SYSTEMPATH\Autoloader\Autoloader.php(271): CodeIgniter\Autoloader\Autoloader->loadInNamespace('App\\Models\\Model_arsip')
 4 APPPATH\Controllers\Kategori.php(21): CodeIgniter\Autoloader\Autoloader->loadClass('App\\Models\\Model_arsip')
 5 SYSTEMPATH\CodeIgniter.php(903): App\Controllers\Kategori->__construct()
 6 SYSTEMPATH\CodeIgniter.php(498): CodeIgniter\CodeIgniter->createController()
 7 SYSTEMPATH\CodeIgniter.php(354): CodeIgniter\CodeIgniter->handleRequest(null, Object(Config\Cache), false)
 8 SYSTEMPATH\Boot.php(363): CodeIgniter\CodeIgniter->run()
 9 SYSTEMPATH\Boot.php(68): CodeIgniter\Boot::runCodeIgniter(Object(CodeIgniter\CodeIgniter))
10 FCPATH\index.php(59): CodeIgniter\Boot::bootWeb(Object(Config\Paths))
DEBUG - 2025-11-06 03:06:34 --> Session: Class initialized using 'CodeIgniter\Session\Handlers\FileHandler' driver.
WARNING - 2025-11-06 03:06:34 --> [DEPRECATED] Optional parameter $filters declared before required parameter $id_dep is implicitly treated as a required parameter in APPPATH\Models\Model_arsip.php on line 303.
 1 SYSTEMPATH\Autoloader\Autoloader.php(315): include_once('C:\\xampp\\htdocs\\e-arsip_ci4\\system\\Debug\\Exceptions.php')
 2 SYSTEMPATH\Autoloader\Autoloader.php(295): CodeIgniter\Autoloader\Autoloader->includeFile('C:\\xampp\\htdocs\\e-arsip_ci4\\app\\Models\\Model_arsip.php')
 3 SYSTEMPATH\Autoloader\Autoloader.php(271): CodeIgniter\Autoloader\Autoloader->loadInNamespace('App\\Models\\Model_arsip')
 4 APPPATH\Controllers\Arsip.php(26): CodeIgniter\Autoloader\Autoloader->loadClass('App\\Models\\Model_arsip')
 5 SYSTEMPATH\CodeIgniter.php(903): App\Controllers\Arsip->__construct()
 6 SYSTEMPATH\CodeIgniter.php(498): CodeIgniter\CodeIgniter->createController()
 7 SYSTEMPATH\CodeIgniter.php(354): CodeIgniter\CodeIgniter->handleRequest(null, Object(Config\Cache), false)
 8 SYSTEMPATH\Boot.php(363): CodeIgniter\CodeIgniter->run()
 9 SYSTEMPATH\Boot.php(68): CodeIgniter\Boot::runCodeIgniter(Object(CodeIgniter\CodeIgniter))
10 FCPATH\index.php(59): CodeIgniter\Boot::bootWeb(Object(Config\Paths))
DEBUG - 2025-11-06 03:06:37 --> Session: Class initialized using 'CodeIgniter\Session\Handlers\FileHandler' driver.
DEBUG - 2025-11-06 03:06:38 --> Session: Class initialized using 'CodeIgniter\Session\Handlers\FileHandler' driver.
WARNING - 2025-11-06 03:06:38 --> [DEPRECATED] Optional parameter $filters declared before required parameter $id_dep is implicitly treated as a required parameter in APPPATH\Models\Model_arsip.php on line 303.
 1 SYSTEMPATH\Autoloader\Autoloader.php(315): include_once('C:\\xampp\\htdocs\\e-arsip_ci4\\system\\Debug\\Exceptions.php')
 2 SYSTEMPATH\Autoloader\Autoloader.php(295): CodeIgniter\Autoloader\Autoloader->includeFile('C:\\xampp\\htdocs\\e-arsip_ci4\\app\\Models\\Model_arsip.php')
 3 SYSTEMPATH\Autoloader\Autoloader.php(271): CodeIgniter\Autoloader\Autoloader->loadInNamespace('App\\Models\\Model_arsip')
 4 APPPATH\Controllers\Home.php(23): CodeIgniter\Autoloader\Autoloader->loadClass('App\\Models\\Model_arsip')
 5 SYSTEMPATH\CodeIgniter.php(903): App\Controllers\Home->__construct()
 6 SYSTEMPATH\CodeIgniter.php(498): CodeIgniter\CodeIgniter->createController()
 7 SYSTEMPATH\CodeIgniter.php(354): CodeIgniter\CodeIgniter->handleRequest(null, Object(Config\Cache), false)
 8 SYSTEMPATH\Boot.php(363): CodeIgniter\CodeIgniter->run()
 9 SYSTEMPATH\Boot.php(68): CodeIgniter\Boot::runCodeIgniter(Object(CodeIgniter\CodeIgniter))
10 FCPATH\index.php(59): CodeIgniter\Boot::bootWeb(Object(Config\Paths))
DEBUG - 2025-11-06 03:06:40 --> Session: Class initialized using 'CodeIgniter\Session\Handlers\FileHandler' driver.
DEBUG - 2025-11-06 03:07:06 --> Session: Class initialized using 'CodeIgniter\Session\Handlers\FileHandler' driver.
WARNING - 2025-11-06 03:07:06 --> [DEPRECATED] Optional parameter $filters declared before required parameter $id_dep is implicitly treated as a required parameter in APPPATH\Models\Model_arsip.php on line 303.
 1 SYSTEMPATH\Autoloader\Autoloader.php(315): include_once('C:\\xampp\\htdocs\\e-arsip_ci4\\system\\Debug\\Exceptions.php')
 2 SYSTEMPATH\Autoloader\Autoloader.php(295): CodeIgniter\Autoloader\Autoloader->includeFile('C:\\xampp\\htdocs\\e-arsip_ci4\\app\\Models\\Model_arsip.php')
 3 SYSTEMPATH\Autoloader\Autoloader.php(271): CodeIgniter\Autoloader\Autoloader->loadInNamespace('App\\Models\\Model_arsip')
 4 APPPATH\Controllers\Kategori.php(21): CodeIgniter\Autoloader\Autoloader->loadClass('App\\Models\\Model_arsip')
 5 SYSTEMPATH\CodeIgniter.php(903): App\Controllers\Kategori->__construct()
 6 SYSTEMPATH\CodeIgniter.php(498): CodeIgniter\CodeIgniter->createController()
 7 SYSTEMPATH\CodeIgniter.php(354): CodeIgniter\CodeIgniter->handleRequest(null, Object(Config\Cache), false)
 8 SYSTEMPATH\Boot.php(363): CodeIgniter\CodeIgniter->run()
 9 SYSTEMPATH\Boot.php(68): CodeIgniter\Boot::runCodeIgniter(Object(CodeIgniter\CodeIgniter))
10 FCPATH\index.php(59): CodeIgniter\Boot::bootWeb(Object(Config\Paths))
DEBUG - 2025-11-06 03:07:06 --> Session: Class initialized using 'CodeIgniter\Session\Handlers\FileHandler' driver.
WARNING - 2025-11-06 03:07:06 --> [DEPRECATED] Optional parameter $filters declared before required parameter $id_dep is implicitly treated as a required parameter in APPPATH\Models\Model_arsip.php on line 303.
 1 SYSTEMPATH\Autoloader\Autoloader.php(315): include_once('C:\\xampp\\htdocs\\e-arsip_ci4\\system\\Debug\\Exceptions.php')
 2 SYSTEMPATH\Autoloader\Autoloader.php(295): CodeIgniter\Autoloader\Autoloader->includeFile('C:\\xampp\\htdocs\\e-arsip_ci4\\app\\Models\\Model_arsip.php')
 3 SYSTEMPATH\Autoloader\Autoloader.php(271): CodeIgniter\Autoloader\Autoloader->loadInNamespace('App\\Models\\Model_arsip')
 4 APPPATH\Controllers\Arsip.php(26): CodeIgniter\Autoloader\Autoloader->loadClass('App\\Models\\Model_arsip')
 5 SYSTEMPATH\CodeIgniter.php(903): App\Controllers\Arsip->__construct()
 6 SYSTEMPATH\CodeIgniter.php(498): CodeIgniter\CodeIgniter->createController()
 7 SYSTEMPATH\CodeIgniter.php(354): CodeIgniter\CodeIgniter->handleRequest(null, Object(Config\Cache), false)
 8 SYSTEMPATH\Boot.php(363): CodeIgniter\CodeIgniter->run()
 9 SYSTEMPATH\Boot.php(68): CodeIgniter\Boot::runCodeIgniter(Object(CodeIgniter\CodeIgniter))
10 FCPATH\index.php(59): CodeIgniter\Boot::bootWeb(Object(Config\Paths))
DEBUG - 2025-11-06 03:07:07 --> Session: Class initialized using 'CodeIgniter\Session\Handlers\FileHandler' driver.
DEBUG - 2025-11-06 03:07:09 --> Session: Class initialized using 'CodeIgniter\Session\Handlers\FileHandler' driver.
WARNING - 2025-11-06 03:07:09 --> [DEPRECATED] Optional parameter $filters declared before required parameter $id_dep is implicitly treated as a required parameter in APPPATH\Models\Model_arsip.php on line 303.
 1 SYSTEMPATH\Autoloader\Autoloader.php(315): include_once('C:\\xampp\\htdocs\\e-arsip_ci4\\system\\Debug\\Exceptions.php')
 2 SYSTEMPATH\Autoloader\Autoloader.php(295): CodeIgniter\Autoloader\Autoloader->includeFile('C:\\xampp\\htdocs\\e-arsip_ci4\\app\\Models\\Model_arsip.php')
 3 SYSTEMPATH\Autoloader\Autoloader.php(271): CodeIgniter\Autoloader\Autoloader->loadInNamespace('App\\Models\\Model_arsip')
 4 APPPATH\Controllers\Arsip.php(26): CodeIgniter\Autoloader\Autoloader->loadClass('App\\Models\\Model_arsip')
 5 SYSTEMPATH\CodeIgniter.php(903): App\Controllers\Arsip->__construct()
 6 SYSTEMPATH\CodeIgniter.php(498): CodeIgniter\CodeIgniter->createController()
 7 SYSTEMPATH\CodeIgniter.php(354): CodeIgniter\CodeIgniter->handleRequest(null, Object(Config\Cache), false)
 8 SYSTEMPATH\Boot.php(363): CodeIgniter\CodeIgniter->run()
 9 SYSTEMPATH\Boot.php(68): CodeIgniter\Boot::runCodeIgniter(Object(CodeIgniter\CodeIgniter))
10 FCPATH\index.php(59): CodeIgniter\Boot::bootWeb(Object(Config\Paths))
DEBUG - 2025-11-06 03:07:52 --> Session: Class initialized using 'CodeIgniter\Session\Handlers\FileHandler' driver.
WARNING - 2025-11-06 03:07:52 --> [DEPRECATED] Optional parameter $filters declared before required parameter $id_dep is implicitly treated as a required parameter in APPPATH\Models\Model_arsip.php on line 303.
 1 SYSTEMPATH\Autoloader\Autoloader.php(315): include_once('C:\\xampp\\htdocs\\e-arsip_ci4\\system\\Debug\\Exceptions.php')
 2 SYSTEMPATH\Autoloader\Autoloader.php(295): CodeIgniter\Autoloader\Autoloader->includeFile('C:\\xampp\\htdocs\\e-arsip_ci4\\app\\Models\\Model_arsip.php')
 3 SYSTEMPATH\Autoloader\Autoloader.php(271): CodeIgniter\Autoloader\Autoloader->loadInNamespace('App\\Models\\Model_arsip')
 4 APPPATH\Controllers\Kategori.php(21): CodeIgniter\Autoloader\Autoloader->loadClass('App\\Models\\Model_arsip')
 5 SYSTEMPATH\CodeIgniter.php(903): App\Controllers\Kategori->__construct()
 6 SYSTEMPATH\CodeIgniter.php(498): CodeIgniter\CodeIgniter->createController()
 7 SYSTEMPATH\CodeIgniter.php(354): CodeIgniter\CodeIgniter->handleRequest(null, Object(Config\Cache), false)
 8 SYSTEMPATH\Boot.php(363): CodeIgniter\CodeIgniter->run()
 9 SYSTEMPATH\Boot.php(68): CodeIgniter\Boot::runCodeIgniter(Object(CodeIgniter\CodeIgniter))
10 FCPATH\index.php(59): CodeIgniter\Boot::bootWeb(Object(Config\Paths))
DEBUG - 2025-11-06 03:08:45 --> Session: Class initialized using 'CodeIgniter\Session\Handlers\FileHandler' driver.
WARNING - 2025-11-06 03:08:45 --> [DEPRECATED] Optional parameter $filters declared before required parameter $id_dep is implicitly treated as a required parameter in APPPATH\Models\Model_arsip.php on line 303.
 1 SYSTEMPATH\Autoloader\Autoloader.php(315): include_once('C:\\xampp\\htdocs\\e-arsip_ci4\\system\\Debug\\Exceptions.php')
 2 SYSTEMPATH\Autoloader\Autoloader.php(295): CodeIgniter\Autoloader\Autoloader->includeFile('C:\\xampp\\htdocs\\e-arsip_ci4\\app\\Models\\Model_arsip.php')
 3 SYSTEMPATH\Autoloader\Autoloader.php(271): CodeIgniter\Autoloader\Autoloader->loadInNamespace('App\\Models\\Model_arsip')
 4 APPPATH\Controllers\Arsip.php(26): CodeIgniter\Autoloader\Autoloader->loadClass('App\\Models\\Model_arsip')
 5 SYSTEMPATH\CodeIgniter.php(903): App\Controllers\Arsip->__construct()
 6 SYSTEMPATH\CodeIgniter.php(498): CodeIgniter\CodeIgniter->createController()
 7 SYSTEMPATH\CodeIgniter.php(354): CodeIgniter\CodeIgniter->handleRequest(null, Object(Config\Cache), false)
 8 SYSTEMPATH\Boot.php(363): CodeIgniter\CodeIgniter->run()
 9 SYSTEMPATH\Boot.php(68): CodeIgniter\Boot::runCodeIgniter(Object(CodeIgniter\CodeIgniter))
10 FCPATH\index.php(59): CodeIgniter\Boot::bootWeb(Object(Config\Paths))
DEBUG - 2025-11-06 03:09:03 --> Session: Class initialized using 'CodeIgniter\Session\Handlers\FileHandler' driver.
WARNING - 2025-11-06 03:09:03 --> [DEPRECATED] Optional parameter $filters declared before required parameter $id_dep is implicitly treated as a required parameter in APPPATH\Models\Model_arsip.php on line 303.
 1 SYSTEMPATH\Autoloader\Autoloader.php(315): include_once('C:\\xampp\\htdocs\\e-arsip_ci4\\system\\Debug\\Exceptions.php')
 2 SYSTEMPATH\Autoloader\Autoloader.php(295): CodeIgniter\Autoloader\Autoloader->includeFile('C:\\xampp\\htdocs\\e-arsip_ci4\\app\\Models\\Model_arsip.php')
 3 SYSTEMPATH\Autoloader\Autoloader.php(271): CodeIgniter\Autoloader\Autoloader->loadInNamespace('App\\Models\\Model_arsip')
 4 APPPATH\Controllers\Kategori.php(21): CodeIgniter\Autoloader\Autoloader->loadClass('App\\Models\\Model_arsip')
 5 SYSTEMPATH\CodeIgniter.php(903): App\Controllers\Kategori->__construct()
 6 SYSTEMPATH\CodeIgniter.php(498): CodeIgniter\CodeIgniter->createController()
 7 SYSTEMPATH\CodeIgniter.php(354): CodeIgniter\CodeIgniter->handleRequest(null, Object(Config\Cache), false)
 8 SYSTEMPATH\Boot.php(363): CodeIgniter\CodeIgniter->run()
 9 SYSTEMPATH\Boot.php(68): CodeIgniter\Boot::runCodeIgniter(Object(CodeIgniter\CodeIgniter))
10 FCPATH\index.php(59): CodeIgniter\Boot::bootWeb(Object(Config\Paths))
DEBUG - 2025-11-06 03:09:04 --> Session: Class initialized using 'CodeIgniter\Session\Handlers\FileHandler' driver.
WARNING - 2025-11-06 03:09:04 --> [DEPRECATED] Optional parameter $filters declared before required parameter $id_dep is implicitly treated as a required parameter in APPPATH\Models\Model_arsip.php on line 303.
 1 SYSTEMPATH\Autoloader\Autoloader.php(315): include_once('C:\\xampp\\htdocs\\e-arsip_ci4\\system\\Debug\\Exceptions.php')
 2 SYSTEMPATH\Autoloader\Autoloader.php(295): CodeIgniter\Autoloader\Autoloader->includeFile('C:\\xampp\\htdocs\\e-arsip_ci4\\app\\Models\\Model_arsip.php')
 3 SYSTEMPATH\Autoloader\Autoloader.php(271): CodeIgniter\Autoloader\Autoloader->loadInNamespace('App\\Models\\Model_arsip')
 4 APPPATH\Controllers\Cari.php(20): CodeIgniter\Autoloader\Autoloader->loadClass('App\\Models\\Model_arsip')
 5 SYSTEMPATH\CodeIgniter.php(903): App\Controllers\Cari->__construct()
 6 SYSTEMPATH\CodeIgniter.php(498): CodeIgniter\CodeIgniter->createController()
 7 SYSTEMPATH\CodeIgniter.php(354): CodeIgniter\CodeIgniter->handleRequest(null, Object(Config\Cache), false)
 8 SYSTEMPATH\Boot.php(363): CodeIgniter\CodeIgniter->run()
 9 SYSTEMPATH\Boot.php(68): CodeIgniter\Boot::runCodeIgniter(Object(CodeIgniter\CodeIgniter))
10 FCPATH\index.php(59): CodeIgniter\Boot::bootWeb(Object(Config\Paths))
DEBUG - 2025-11-06 03:09:06 --> Session: Class initialized using 'CodeIgniter\Session\Handlers\FileHandler' driver.
WARNING - 2025-11-06 03:09:06 --> [DEPRECATED] Optional parameter $filters declared before required parameter $id_dep is implicitly treated as a required parameter in APPPATH\Models\Model_arsip.php on line 303.
 1 SYSTEMPATH\Autoloader\Autoloader.php(315): include_once('C:\\xampp\\htdocs\\e-arsip_ci4\\system\\Debug\\Exceptions.php')
 2 SYSTEMPATH\Autoloader\Autoloader.php(295): CodeIgniter\Autoloader\Autoloader->includeFile('C:\\xampp\\htdocs\\e-arsip_ci4\\app\\Models\\Model_arsip.php')
 3 SYSTEMPATH\Autoloader\Autoloader.php(271): CodeIgniter\Autoloader\Autoloader->loadInNamespace('App\\Models\\Model_arsip')
 4 APPPATH\Controllers\Arsip.php(26): CodeIgniter\Autoloader\Autoloader->loadClass('App\\Models\\Model_arsip')
 5 SYSTEMPATH\CodeIgniter.php(903): App\Controllers\Arsip->__construct()
 6 SYSTEMPATH\CodeIgniter.php(498): CodeIgniter\CodeIgniter->createController()
 7 SYSTEMPATH\CodeIgniter.php(354): CodeIgniter\CodeIgniter->handleRequest(null, Object(Config\Cache), false)
 8 SYSTEMPATH\Boot.php(363): CodeIgniter\CodeIgniter->run()
 9 SYSTEMPATH\Boot.php(68): CodeIgniter\Boot::runCodeIgniter(Object(CodeIgniter\CodeIgniter))
10 FCPATH\index.php(59): CodeIgniter\Boot::bootWeb(Object(Config\Paths))
DEBUG - 2025-11-06 03:09:36 --> Session: Class initialized using 'CodeIgniter\Session\Handlers\FileHandler' driver.
WARNING - 2025-11-06 03:09:36 --> [DEPRECATED] Optional parameter $filters declared before required parameter $id_dep is implicitly treated as a required parameter in APPPATH\Models\Model_arsip.php on line 303.
 1 SYSTEMPATH\Autoloader\Autoloader.php(315): include_once('C:\\xampp\\htdocs\\e-arsip_ci4\\system\\Debug\\Exceptions.php')
 2 SYSTEMPATH\Autoloader\Autoloader.php(295): CodeIgniter\Autoloader\Autoloader->includeFile('C:\\xampp\\htdocs\\e-arsip_ci4\\app\\Models\\Model_arsip.php')
 3 SYSTEMPATH\Autoloader\Autoloader.php(271): CodeIgniter\Autoloader\Autoloader->loadInNamespace('App\\Models\\Model_arsip')
 4 APPPATH\Controllers\Arsip.php(26): CodeIgniter\Autoloader\Autoloader->loadClass('App\\Models\\Model_arsip')
 5 SYSTEMPATH\CodeIgniter.php(903): App\Controllers\Arsip->__construct()
 6 SYSTEMPATH\CodeIgniter.php(498): CodeIgniter\CodeIgniter->createController()
 7 SYSTEMPATH\CodeIgniter.php(354): CodeIgniter\CodeIgniter->handleRequest(null, Object(Config\Cache), false)
 8 SYSTEMPATH\Boot.php(363): CodeIgniter\CodeIgniter->run()
 9 SYSTEMPATH\Boot.php(68): CodeIgniter\Boot::runCodeIgniter(Object(CodeIgniter\CodeIgniter))
10 FCPATH\index.php(59): CodeIgniter\Boot::bootWeb(Object(Config\Paths))
DEBUG - 2025-11-06 03:09:37 --> Session: Class initialized using 'CodeIgniter\Session\Handlers\FileHandler' driver.
WARNING - 2025-11-06 03:09:37 --> [DEPRECATED] Optional parameter $filters declared before required parameter $id_dep is implicitly treated as a required parameter in APPPATH\Models\Model_arsip.php on line 303.
 1 SYSTEMPATH\Autoloader\Autoloader.php(315): include_once('C:\\xampp\\htdocs\\e-arsip_ci4\\system\\Debug\\Exceptions.php')
 2 SYSTEMPATH\Autoloader\Autoloader.php(295): CodeIgniter\Autoloader\Autoloader->includeFile('C:\\xampp\\htdocs\\e-arsip_ci4\\app\\Models\\Model_arsip.php')
 3 SYSTEMPATH\Autoloader\Autoloader.php(271): CodeIgniter\Autoloader\Autoloader->loadInNamespace('App\\Models\\Model_arsip')
 4 APPPATH\Controllers\Kategori.php(21): CodeIgniter\Autoloader\Autoloader->loadClass('App\\Models\\Model_arsip')
 5 SYSTEMPATH\CodeIgniter.php(903): App\Controllers\Kategori->__construct()
 6 SYSTEMPATH\CodeIgniter.php(498): CodeIgniter\CodeIgniter->createController()
 7 SYSTEMPATH\CodeIgniter.php(354): CodeIgniter\CodeIgniter->handleRequest(null, Object(Config\Cache), false)
 8 SYSTEMPATH\Boot.php(363): CodeIgniter\CodeIgniter->run()
 9 SYSTEMPATH\Boot.php(68): CodeIgniter\Boot::runCodeIgniter(Object(CodeIgniter\CodeIgniter))
10 FCPATH\index.php(59): CodeIgniter\Boot::bootWeb(Object(Config\Paths))
DEBUG - 2025-11-06 03:09:39 --> Session: Class initialized using 'CodeIgniter\Session\Handlers\FileHandler' driver.
WARNING - 2025-11-06 03:09:39 --> [DEPRECATED] Optional parameter $filters declared before required parameter $id_dep is implicitly treated as a required parameter in APPPATH\Models\Model_arsip.php on line 303.
 1 SYSTEMPATH\Autoloader\Autoloader.php(315): include_once('C:\\xampp\\htdocs\\e-arsip_ci4\\system\\Debug\\Exceptions.php')
 2 SYSTEMPATH\Autoloader\Autoloader.php(295): CodeIgniter\Autoloader\Autoloader->includeFile('C:\\xampp\\htdocs\\e-arsip_ci4\\app\\Models\\Model_arsip.php')
 3 SYSTEMPATH\Autoloader\Autoloader.php(271): CodeIgniter\Autoloader\Autoloader->loadInNamespace('App\\Models\\Model_arsip')
 4 APPPATH\Controllers\Cari.php(20): CodeIgniter\Autoloader\Autoloader->loadClass('App\\Models\\Model_arsip')
 5 SYSTEMPATH\CodeIgniter.php(903): App\Controllers\Cari->__construct()
 6 SYSTEMPATH\CodeIgniter.php(498): CodeIgniter\CodeIgniter->createController()
 7 SYSTEMPATH\CodeIgniter.php(354): CodeIgniter\CodeIgniter->handleRequest(null, Object(Config\Cache), false)
 8 SYSTEMPATH\Boot.php(363): CodeIgniter\CodeIgniter->run()
 9 SYSTEMPATH\Boot.php(68): CodeIgniter\Boot::runCodeIgniter(Object(CodeIgniter\CodeIgniter))
10 FCPATH\index.php(59): CodeIgniter\Boot::bootWeb(Object(Config\Paths))
DEBUG - 2025-11-06 03:09:41 --> Session: Class initialized using 'CodeIgniter\Session\Handlers\FileHandler' driver.
WARNING - 2025-11-06 03:09:41 --> [DEPRECATED] Optional parameter $filters declared before required parameter $id_dep is implicitly treated as a required parameter in APPPATH\Models\Model_arsip.php on line 303.
 1 SYSTEMPATH\Autoloader\Autoloader.php(315): include_once('C:\\xampp\\htdocs\\e-arsip_ci4\\system\\Debug\\Exceptions.php')
 2 SYSTEMPATH\Autoloader\Autoloader.php(295): CodeIgniter\Autoloader\Autoloader->includeFile('C:\\xampp\\htdocs\\e-arsip_ci4\\app\\Models\\Model_arsip.php')
 3 SYSTEMPATH\Autoloader\Autoloader.php(271): CodeIgniter\Autoloader\Autoloader->loadInNamespace('App\\Models\\Model_arsip')
 4 APPPATH\Controllers\Arsip.php(26): CodeIgniter\Autoloader\Autoloader->loadClass('App\\Models\\Model_arsip')
 5 SYSTEMPATH\CodeIgniter.php(903): App\Controllers\Arsip->__construct()
 6 SYSTEMPATH\CodeIgniter.php(498): CodeIgniter\CodeIgniter->createController()
 7 SYSTEMPATH\CodeIgniter.php(354): CodeIgniter\CodeIgniter->handleRequest(null, Object(Config\Cache), false)
 8 SYSTEMPATH\Boot.php(363): CodeIgniter\CodeIgniter->run()
 9 SYSTEMPATH\Boot.php(68): CodeIgniter\Boot::runCodeIgniter(Object(CodeIgniter\CodeIgniter))
10 FCPATH\index.php(59): CodeIgniter\Boot::bootWeb(Object(Config\Paths))
DEBUG - 2025-11-06 03:09:48 --> Session: Class initialized using 'CodeIgniter\Session\Handlers\FileHandler' driver.
WARNING - 2025-11-06 03:09:48 --> [DEPRECATED] Optional parameter $filters declared before required parameter $id_dep is implicitly treated as a required parameter in APPPATH\Models\Model_arsip.php on line 303.
 1 SYSTEMPATH\Autoloader\Autoloader.php(315): include_once('C:\\xampp\\htdocs\\e-arsip_ci4\\system\\Debug\\Exceptions.php')
 2 SYSTEMPATH\Autoloader\Autoloader.php(295): CodeIgniter\Autoloader\Autoloader->includeFile('C:\\xampp\\htdocs\\e-arsip_ci4\\app\\Models\\Model_arsip.php')
 3 SYSTEMPATH\Autoloader\Autoloader.php(271): CodeIgniter\Autoloader\Autoloader->loadInNamespace('App\\Models\\Model_arsip')
 4 APPPATH\Controllers\Arsip.php(26): CodeIgniter\Autoloader\Autoloader->loadClass('App\\Models\\Model_arsip')
 5 SYSTEMPATH\CodeIgniter.php(903): App\Controllers\Arsip->__construct()
 6 SYSTEMPATH\CodeIgniter.php(498): CodeIgniter\CodeIgniter->createController()
 7 SYSTEMPATH\CodeIgniter.php(354): CodeIgniter\CodeIgniter->handleRequest(null, Object(Config\Cache), false)
 8 SYSTEMPATH\Boot.php(363): CodeIgniter\CodeIgniter->run()
 9 SYSTEMPATH\Boot.php(68): CodeIgniter\Boot::runCodeIgniter(Object(CodeIgniter\CodeIgniter))
10 FCPATH\index.php(59): CodeIgniter\Boot::bootWeb(Object(Config\Paths))
DEBUG - 2025-11-06 03:11:32 --> Session: Class initialized using 'CodeIgniter\Session\Handlers\FileHandler' driver.
DEBUG - 2025-11-06 03:11:38 --> Session: Class initialized using 'CodeIgniter\Session\Handlers\FileHandler' driver.
WARNING - 2025-11-06 03:11:38 --> [DEPRECATED] Optional parameter $filters declared before required parameter $id_dep is implicitly treated as a required parameter in APPPATH\Models\Model_arsip.php on line 303.
 1 SYSTEMPATH\Autoloader\Autoloader.php(315): include_once('C:\\xampp\\htdocs\\e-arsip_ci4\\system\\Debug\\Exceptions.php')
 2 SYSTEMPATH\Autoloader\Autoloader.php(295): CodeIgniter\Autoloader\Autoloader->includeFile('C:\\xampp\\htdocs\\e-arsip_ci4\\app\\Models\\Model_arsip.php')
 3 SYSTEMPATH\Autoloader\Autoloader.php(271): CodeIgniter\Autoloader\Autoloader->loadInNamespace('App\\Models\\Model_arsip')
 4 APPPATH\Controllers\Cari.php(20): CodeIgniter\Autoloader\Autoloader->loadClass('App\\Models\\Model_arsip')
 5 SYSTEMPATH\CodeIgniter.php(903): App\Controllers\Cari->__construct()
 6 SYSTEMPATH\CodeIgniter.php(498): CodeIgniter\CodeIgniter->createController()
 7 SYSTEMPATH\CodeIgniter.php(354): CodeIgniter\CodeIgniter->handleRequest(null, Object(Config\Cache), false)
 8 SYSTEMPATH\Boot.php(363): CodeIgniter\CodeIgniter->run()
 9 SYSTEMPATH\Boot.php(68): CodeIgniter\Boot::runCodeIgniter(Object(CodeIgniter\CodeIgniter))
10 FCPATH\index.php(59): CodeIgniter\Boot::bootWeb(Object(Config\Paths))
DEBUG - 2025-11-06 03:11:40 --> Session: Class initialized using 'CodeIgniter\Session\Handlers\FileHandler' driver.
DEBUG - 2025-11-06 03:11:40 --> Session: Class initialized using 'CodeIgniter\Session\Handlers\FileHandler' driver.
DEBUG - 2025-11-06 03:11:44 --> Session: Class initialized using 'CodeIgniter\Session\Handlers\FileHandler' driver.
DEBUG - 2025-11-06 03:11:45 --> Session: Class initialized using 'CodeIgniter\Session\Handlers\FileHandler' driver.
DEBUG - 2025-11-06 03:12:11 --> Session: Class initialized using 'CodeIgniter\Session\Handlers\FileHandler' driver.
WARNING - 2025-11-06 03:12:11 --> [DEPRECATED] Optional parameter $filters declared before required parameter $id_dep is implicitly treated as a required parameter in APPPATH\Models\Model_arsip.php on line 303.
 1 SYSTEMPATH\Autoloader\Autoloader.php(315): include_once('C:\\xampp\\htdocs\\e-arsip_ci4\\system\\Debug\\Exceptions.php')
 2 SYSTEMPATH\Autoloader\Autoloader.php(295): CodeIgniter\Autoloader\Autoloader->includeFile('C:\\xampp\\htdocs\\e-arsip_ci4\\app\\Models\\Model_arsip.php')
 3 SYSTEMPATH\Autoloader\Autoloader.php(271): CodeIgniter\Autoloader\Autoloader->loadInNamespace('App\\Models\\Model_arsip')
 4 APPPATH\Controllers\Kategori.php(21): CodeIgniter\Autoloader\Autoloader->loadClass('App\\Models\\Model_arsip')
 5 SYSTEMPATH\CodeIgniter.php(903): App\Controllers\Kategori->__construct()
 6 SYSTEMPATH\CodeIgniter.php(498): CodeIgniter\CodeIgniter->createController()
 7 SYSTEMPATH\CodeIgniter.php(354): CodeIgniter\CodeIgniter->handleRequest(null, Object(Config\Cache), false)
 8 SYSTEMPATH\Boot.php(363): CodeIgniter\CodeIgniter->run()
 9 SYSTEMPATH\Boot.php(68): CodeIgniter\Boot::runCodeIgniter(Object(CodeIgniter\CodeIgniter))
10 FCPATH\index.php(59): CodeIgniter\Boot::bootWeb(Object(Config\Paths))
DEBUG - 2025-11-06 03:12:11 --> Session: Class initialized using 'CodeIgniter\Session\Handlers\FileHandler' driver.
WARNING - 2025-11-06 03:12:11 --> [DEPRECATED] Optional parameter $filters declared before required parameter $id_dep is implicitly treated as a required parameter in APPPATH\Models\Model_arsip.php on line 303.
 1 SYSTEMPATH\Autoloader\Autoloader.php(315): include_once('C:\\xampp\\htdocs\\e-arsip_ci4\\system\\Debug\\Exceptions.php')
 2 SYSTEMPATH\Autoloader\Autoloader.php(295): CodeIgniter\Autoloader\Autoloader->includeFile('C:\\xampp\\htdocs\\e-arsip_ci4\\app\\Models\\Model_arsip.php')
 3 SYSTEMPATH\Autoloader\Autoloader.php(271): CodeIgniter\Autoloader\Autoloader->loadInNamespace('App\\Models\\Model_arsip')
 4 APPPATH\Controllers\Kategori.php(21): CodeIgniter\Autoloader\Autoloader->loadClass('App\\Models\\Model_arsip')
 5 SYSTEMPATH\CodeIgniter.php(903): App\Controllers\Kategori->__construct()
 6 SYSTEMPATH\CodeIgniter.php(498): CodeIgniter\CodeIgniter->createController()
 7 SYSTEMPATH\CodeIgniter.php(354): CodeIgniter\CodeIgniter->handleRequest(null, Object(Config\Cache), false)
 8 SYSTEMPATH\Boot.php(363): CodeIgniter\CodeIgniter->run()
 9 SYSTEMPATH\Boot.php(68): CodeIgniter\Boot::runCodeIgniter(Object(CodeIgniter\CodeIgniter))
10 FCPATH\index.php(59): CodeIgniter\Boot::bootWeb(Object(Config\Paths))
DEBUG - 2025-11-06 03:12:12 --> Session: Class initialized using 'CodeIgniter\Session\Handlers\FileHandler' driver.
WARNING - 2025-11-06 03:12:12 --> [DEPRECATED] Optional parameter $filters declared before required parameter $id_dep is implicitly treated as a required parameter in APPPATH\Models\Model_arsip.php on line 303.
 1 SYSTEMPATH\Autoloader\Autoloader.php(315): include_once('C:\\xampp\\htdocs\\e-arsip_ci4\\system\\Debug\\Exceptions.php')
 2 SYSTEMPATH\Autoloader\Autoloader.php(295): CodeIgniter\Autoloader\Autoloader->includeFile('C:\\xampp\\htdocs\\e-arsip_ci4\\app\\Models\\Model_arsip.php')
 3 SYSTEMPATH\Autoloader\Autoloader.php(271): CodeIgniter\Autoloader\Autoloader->loadInNamespace('App\\Models\\Model_arsip')
 4 APPPATH\Controllers\Kategori.php(21): CodeIgniter\Autoloader\Autoloader->loadClass('App\\Models\\Model_arsip')
 5 SYSTEMPATH\CodeIgniter.php(903): App\Controllers\Kategori->__construct()
 6 SYSTEMPATH\CodeIgniter.php(498): CodeIgniter\CodeIgniter->createController()
 7 SYSTEMPATH\CodeIgniter.php(354): CodeIgniter\CodeIgniter->handleRequest(null, Object(Config\Cache), false)
 8 SYSTEMPATH\Boot.php(363): CodeIgniter\CodeIgniter->run()
 9 SYSTEMPATH\Boot.php(68): CodeIgniter\Boot::runCodeIgniter(Object(CodeIgniter\CodeIgniter))
10 FCPATH\index.php(59): CodeIgniter\Boot::bootWeb(Object(Config\Paths))
DEBUG - 2025-11-06 03:12:13 --> Session: Class initialized using 'CodeIgniter\Session\Handlers\FileHandler' driver.
WARNING - 2025-11-06 03:12:13 --> [DEPRECATED] Optional parameter $filters declared before required parameter $id_dep is implicitly treated as a required parameter in APPPATH\Models\Model_arsip.php on line 303.
 1 SYSTEMPATH\Autoloader\Autoloader.php(315): include_once('C:\\xampp\\htdocs\\e-arsip_ci4\\system\\Debug\\Exceptions.php')
 2 SYSTEMPATH\Autoloader\Autoloader.php(295): CodeIgniter\Autoloader\Autoloader->includeFile('C:\\xampp\\htdocs\\e-arsip_ci4\\app\\Models\\Model_arsip.php')
 3 SYSTEMPATH\Autoloader\Autoloader.php(271): CodeIgniter\Autoloader\Autoloader->loadInNamespace('App\\Models\\Model_arsip')
 4 APPPATH\Controllers\Arsip.php(26): CodeIgniter\Autoloader\Autoloader->loadClass('App\\Models\\Model_arsip')
 5 SYSTEMPATH\CodeIgniter.php(903): App\Controllers\Arsip->__construct()
 6 SYSTEMPATH\CodeIgniter.php(498): CodeIgniter\CodeIgniter->createController()
 7 SYSTEMPATH\CodeIgniter.php(354): CodeIgniter\CodeIgniter->handleRequest(null, Object(Config\Cache), false)
 8 SYSTEMPATH\Boot.php(363): CodeIgniter\CodeIgniter->run()
 9 SYSTEMPATH\Boot.php(68): CodeIgniter\Boot::runCodeIgniter(Object(CodeIgniter\CodeIgniter))
10 FCPATH\index.php(59): CodeIgniter\Boot::bootWeb(Object(Config\Paths))
DEBUG - 2025-11-06 03:12:20 --> Session: Class initialized using 'CodeIgniter\Session\Handlers\FileHandler' driver.
WARNING - 2025-11-06 03:12:20 --> [DEPRECATED] Optional parameter $filters declared before required parameter $id_dep is implicitly treated as a required parameter in APPPATH\Models\Model_arsip.php on line 303.
 1 SYSTEMPATH\Autoloader\Autoloader.php(315): include_once('C:\\xampp\\htdocs\\e-arsip_ci4\\system\\Debug\\Exceptions.php')
 2 SYSTEMPATH\Autoloader\Autoloader.php(295): CodeIgniter\Autoloader\Autoloader->includeFile('C:\\xampp\\htdocs\\e-arsip_ci4\\app\\Models\\Model_arsip.php')
 3 SYSTEMPATH\Autoloader\Autoloader.php(271): CodeIgniter\Autoloader\Autoloader->loadInNamespace('App\\Models\\Model_arsip')
 4 APPPATH\Controllers\Kategori.php(21): CodeIgniter\Autoloader\Autoloader->loadClass('App\\Models\\Model_arsip')
 5 SYSTEMPATH\CodeIgniter.php(903): App\Controllers\Kategori->__construct()
 6 SYSTEMPATH\CodeIgniter.php(498): CodeIgniter\CodeIgniter->createController()
 7 SYSTEMPATH\CodeIgniter.php(354): CodeIgniter\CodeIgniter->handleRequest(null, Object(Config\Cache), false)
 8 SYSTEMPATH\Boot.php(363): CodeIgniter\CodeIgniter->run()
 9 SYSTEMPATH\Boot.php(68): CodeIgniter\Boot::runCodeIgniter(Object(CodeIgniter\CodeIgniter))
10 FCPATH\index.php(59): CodeIgniter\Boot::bootWeb(Object(Config\Paths))
DEBUG - 2025-11-06 03:12:22 --> Session: Class initialized using 'CodeIgniter\Session\Handlers\FileHandler' driver.
WARNING - 2025-11-06 03:12:22 --> [DEPRECATED] Optional parameter $filters declared before required parameter $id_dep is implicitly treated as a required parameter in APPPATH\Models\Model_arsip.php on line 303.
 1 SYSTEMPATH\Autoloader\Autoloader.php(315): include_once('C:\\xampp\\htdocs\\e-arsip_ci4\\system\\Debug\\Exceptions.php')
 2 SYSTEMPATH\Autoloader\Autoloader.php(295): CodeIgniter\Autoloader\Autoloader->includeFile('C:\\xampp\\htdocs\\e-arsip_ci4\\app\\Models\\Model_arsip.php')
 3 SYSTEMPATH\Autoloader\Autoloader.php(271): CodeIgniter\Autoloader\Autoloader->loadInNamespace('App\\Models\\Model_arsip')
 4 APPPATH\Controllers\Arsip.php(26): CodeIgniter\Autoloader\Autoloader->loadClass('App\\Models\\Model_arsip')
 5 SYSTEMPATH\CodeIgniter.php(903): App\Controllers\Arsip->__construct()
 6 SYSTEMPATH\CodeIgniter.php(498): CodeIgniter\CodeIgniter->createController()
 7 SYSTEMPATH\CodeIgniter.php(354): CodeIgniter\CodeIgniter->handleRequest(null, Object(Config\Cache), false)
 8 SYSTEMPATH\Boot.php(363): CodeIgniter\CodeIgniter->run()
 9 SYSTEMPATH\Boot.php(68): CodeIgniter\Boot::runCodeIgniter(Object(CodeIgniter\CodeIgniter))
10 FCPATH\index.php(59): CodeIgniter\Boot::bootWeb(Object(Config\Paths))
DEBUG - 2025-11-06 03:12:26 --> Session: Class initialized using 'CodeIgniter\Session\Handlers\FileHandler' driver.
WARNING - 2025-11-06 03:12:26 --> [DEPRECATED] Optional parameter $filters declared before required parameter $id_dep is implicitly treated as a required parameter in APPPATH\Models\Model_arsip.php on line 303.
 1 SYSTEMPATH\Autoloader\Autoloader.php(315): include_once('C:\\xampp\\htdocs\\e-arsip_ci4\\system\\Debug\\Exceptions.php')
 2 SYSTEMPATH\Autoloader\Autoloader.php(295): CodeIgniter\Autoloader\Autoloader->includeFile('C:\\xampp\\htdocs\\e-arsip_ci4\\app\\Models\\Model_arsip.php')
 3 SYSTEMPATH\Autoloader\Autoloader.php(271): CodeIgniter\Autoloader\Autoloader->loadInNamespace('App\\Models\\Model_arsip')
 4 APPPATH\Controllers\Kategori.php(21): CodeIgniter\Autoloader\Autoloader->loadClass('App\\Models\\Model_arsip')
 5 SYSTEMPATH\CodeIgniter.php(903): App\Controllers\Kategori->__construct()
 6 SYSTEMPATH\CodeIgniter.php(498): CodeIgniter\CodeIgniter->createController()
 7 SYSTEMPATH\CodeIgniter.php(354): CodeIgniter\CodeIgniter->handleRequest(null, Object(Config\Cache), false)
 8 SYSTEMPATH\Boot.php(363): CodeIgniter\CodeIgniter->run()
 9 SYSTEMPATH\Boot.php(68): CodeIgniter\Boot::runCodeIgniter(Object(CodeIgniter\CodeIgniter))
10 FCPATH\index.php(59): CodeIgniter\Boot::bootWeb(Object(Config\Paths))
DEBUG - 2025-11-06 03:12:28 --> Session: Class initialized using 'CodeIgniter\Session\Handlers\FileHandler' driver.
DEBUG - 2025-11-06 03:12:28 --> Session: Class initialized using 'CodeIgniter\Session\Handlers\FileHandler' driver.
DEBUG - 2025-11-06 03:12:43 --> Session: Class initialized using 'CodeIgniter\Session\Handlers\FileHandler' driver.
DEBUG - 2025-11-06 03:12:43 --> Session: Class initialized using 'CodeIgniter\Session\Handlers\FileHandler' driver.
WARNING - 2025-11-06 03:12:43 --> [DEPRECATED] Optional parameter $filters declared before required parameter $id_dep is implicitly treated as a required parameter in APPPATH\Models\Model_arsip.php on line 303.
 1 SYSTEMPATH\Autoloader\Autoloader.php(315): include_once('C:\\xampp\\htdocs\\e-arsip_ci4\\system\\Debug\\Exceptions.php')
 2 SYSTEMPATH\Autoloader\Autoloader.php(295): CodeIgniter\Autoloader\Autoloader->includeFile('C:\\xampp\\htdocs\\e-arsip_ci4\\app\\Models\\Model_arsip.php')
 3 SYSTEMPATH\Autoloader\Autoloader.php(271): CodeIgniter\Autoloader\Autoloader->loadInNamespace('App\\Models\\Model_arsip')
 4 APPPATH\Controllers\Home.php(23): CodeIgniter\Autoloader\Autoloader->loadClass('App\\Models\\Model_arsip')
 5 SYSTEMPATH\CodeIgniter.php(903): App\Controllers\Home->__construct()
 6 SYSTEMPATH\CodeIgniter.php(498): CodeIgniter\CodeIgniter->createController()
 7 SYSTEMPATH\CodeIgniter.php(354): CodeIgniter\CodeIgniter->handleRequest(null, Object(Config\Cache), false)
 8 SYSTEMPATH\Boot.php(363): CodeIgniter\CodeIgniter->run()
 9 SYSTEMPATH\Boot.php(68): CodeIgniter\Boot::runCodeIgniter(Object(CodeIgniter\CodeIgniter))
10 FCPATH\index.php(59): CodeIgniter\Boot::bootWeb(Object(Config\Paths))
DEBUG - 2025-11-06 03:12:44 --> Session: Class initialized using 'CodeIgniter\Session\Handlers\FileHandler' driver.
WARNING - 2025-11-06 03:12:44 --> [DEPRECATED] Optional parameter $filters declared before required parameter $id_dep is implicitly treated as a required parameter in APPPATH\Models\Model_arsip.php on line 303.
 1 SYSTEMPATH\Autoloader\Autoloader.php(315): include_once('C:\\xampp\\htdocs\\e-arsip_ci4\\system\\Debug\\Exceptions.php')
 2 SYSTEMPATH\Autoloader\Autoloader.php(295): CodeIgniter\Autoloader\Autoloader->includeFile('C:\\xampp\\htdocs\\e-arsip_ci4\\app\\Models\\Model_arsip.php')
 3 SYSTEMPATH\Autoloader\Autoloader.php(271): CodeIgniter\Autoloader\Autoloader->loadInNamespace('App\\Models\\Model_arsip')
 4 APPPATH\Controllers\Arsip.php(26): CodeIgniter\Autoloader\Autoloader->loadClass('App\\Models\\Model_arsip')
 5 SYSTEMPATH\CodeIgniter.php(903): App\Controllers\Arsip->__construct()
 6 SYSTEMPATH\CodeIgniter.php(498): CodeIgniter\CodeIgniter->createController()
 7 SYSTEMPATH\CodeIgniter.php(354): CodeIgniter\CodeIgniter->handleRequest(null, Object(Config\Cache), false)
 8 SYSTEMPATH\Boot.php(363): CodeIgniter\CodeIgniter->run()
 9 SYSTEMPATH\Boot.php(68): CodeIgniter\Boot::runCodeIgniter(Object(CodeIgniter\CodeIgniter))
10 FCPATH\index.php(59): CodeIgniter\Boot::bootWeb(Object(Config\Paths))
DEBUG - 2025-11-06 03:12:45 --> Session: Class initialized using 'CodeIgniter\Session\Handlers\FileHandler' driver.
WARNING - 2025-11-06 03:12:45 --> [DEPRECATED] Optional parameter $filters declared before required parameter $id_dep is implicitly treated as a required parameter in APPPATH\Models\Model_arsip.php on line 303.
 1 SYSTEMPATH\Autoloader\Autoloader.php(315): include_once('C:\\xampp\\htdocs\\e-arsip_ci4\\system\\Debug\\Exceptions.php')
 2 SYSTEMPATH\Autoloader\Autoloader.php(295): CodeIgniter\Autoloader\Autoloader->includeFile('C:\\xampp\\htdocs\\e-arsip_ci4\\app\\Models\\Model_arsip.php')
 3 SYSTEMPATH\Autoloader\Autoloader.php(271): CodeIgniter\Autoloader\Autoloader->loadInNamespace('App\\Models\\Model_arsip')
 4 APPPATH\Controllers\Cari.php(20): CodeIgniter\Autoloader\Autoloader->loadClass('App\\Models\\Model_arsip')
 5 SYSTEMPATH\CodeIgniter.php(903): App\Controllers\Cari->__construct()
 6 SYSTEMPATH\CodeIgniter.php(498): CodeIgniter\CodeIgniter->createController()
 7 SYSTEMPATH\CodeIgniter.php(354): CodeIgniter\CodeIgniter->handleRequest(null, Object(Config\Cache), false)
 8 SYSTEMPATH\Boot.php(363): CodeIgniter\CodeIgniter->run()
 9 SYSTEMPATH\Boot.php(68): CodeIgniter\Boot::runCodeIgniter(Object(CodeIgniter\CodeIgniter))
10 FCPATH\index.php(59): CodeIgniter\Boot::bootWeb(Object(Config\Paths))
DEBUG - 2025-11-06 03:12:47 --> Session: Class initialized using 'CodeIgniter\Session\Handlers\FileHandler' driver.
WARNING - 2025-11-06 03:12:47 --> [DEPRECATED] Optional parameter $filters declared before required parameter $id_dep is implicitly treated as a required parameter in APPPATH\Models\Model_arsip.php on line 303.
 1 SYSTEMPATH\Autoloader\Autoloader.php(315): include_once('C:\\xampp\\htdocs\\e-arsip_ci4\\system\\Debug\\Exceptions.php')
 2 SYSTEMPATH\Autoloader\Autoloader.php(295): CodeIgniter\Autoloader\Autoloader->includeFile('C:\\xampp\\htdocs\\e-arsip_ci4\\app\\Models\\Model_arsip.php')
 3 SYSTEMPATH\Autoloader\Autoloader.php(271): CodeIgniter\Autoloader\Autoloader->loadInNamespace('App\\Models\\Model_arsip')
 4 APPPATH\Controllers\Arsip.php(26): CodeIgniter\Autoloader\Autoloader->loadClass('App\\Models\\Model_arsip')
 5 SYSTEMPATH\CodeIgniter.php(903): App\Controllers\Arsip->__construct()
 6 SYSTEMPATH\CodeIgniter.php(498): CodeIgniter\CodeIgniter->createController()
 7 SYSTEMPATH\CodeIgniter.php(354): CodeIgniter\CodeIgniter->handleRequest(null, Object(Config\Cache), false)
 8 SYSTEMPATH\Boot.php(363): CodeIgniter\CodeIgniter->run()
 9 SYSTEMPATH\Boot.php(68): CodeIgniter\Boot::runCodeIgniter(Object(CodeIgniter\CodeIgniter))
10 FCPATH\index.php(59): CodeIgniter\Boot::bootWeb(Object(Config\Paths))
DEBUG - 2025-11-06 03:13:57 --> Session: Class initialized using 'CodeIgniter\Session\Handlers\FileHandler' driver.
DEBUG - 2025-11-06 03:13:57 --> Session: Class initialized using 'CodeIgniter\Session\Handlers\FileHandler' driver.
DEBUG - 2025-11-06 03:15:20 --> Session: Class initialized using 'CodeIgniter\Session\Handlers\FileHandler' driver.
DEBUG - 2025-11-06 03:15:20 --> Session: Class initialized using 'CodeIgniter\Session\Handlers\FileHandler' driver.
DEBUG - 2025-11-06 03:16:09 --> Session: Class initialized using 'CodeIgniter\Session\Handlers\FileHandler' driver.
DEBUG - 2025-11-06 03:16:09 --> Session: Class initialized using 'CodeIgniter\Session\Handlers\FileHandler' driver.
DEBUG - 2025-11-06 03:16:18 --> Session: Class initialized using 'CodeIgniter\Session\Handlers\FileHandler' driver.
DEBUG - 2025-11-06 03:16:18 --> Session: Class initialized using 'CodeIgniter\Session\Handlers\FileHandler' driver.
DEBUG - 2025-11-06 03:16:44 --> Session: Class initialized using 'CodeIgniter\Session\Handlers\FileHandler' driver.
DEBUG - 2025-11-06 03:16:44 --> Session: Class initialized using 'CodeIgniter\Session\Handlers\FileHandler' driver.
WARNING - 2025-11-06 03:16:44 --> [DEPRECATED] Optional parameter $filters declared before required parameter $id_dep is implicitly treated as a required parameter in APPPATH\Models\Model_arsip.php on line 303.
 1 SYSTEMPATH\Autoloader\Autoloader.php(315): include_once('C:\\xampp\\htdocs\\e-arsip_ci4\\system\\Debug\\Exceptions.php')
 2 SYSTEMPATH\Autoloader\Autoloader.php(295): CodeIgniter\Autoloader\Autoloader->includeFile('C:\\xampp\\htdocs\\e-arsip_ci4\\app\\Models\\Model_arsip.php')
 3 SYSTEMPATH\Autoloader\Autoloader.php(271): CodeIgniter\Autoloader\Autoloader->loadInNamespace('App\\Models\\Model_arsip')
 4 APPPATH\Controllers\Home.php(23): CodeIgniter\Autoloader\Autoloader->loadClass('App\\Models\\Model_arsip')
 5 SYSTEMPATH\CodeIgniter.php(903): App\Controllers\Home->__construct()
 6 SYSTEMPATH\CodeIgniter.php(498): CodeIgniter\CodeIgniter->createController()
 7 SYSTEMPATH\CodeIgniter.php(354): CodeIgniter\CodeIgniter->handleRequest(null, Object(Config\Cache), false)
 8 SYSTEMPATH\Boot.php(363): CodeIgniter\CodeIgniter->run()
 9 SYSTEMPATH\Boot.php(68): CodeIgniter\Boot::runCodeIgniter(Object(CodeIgniter\CodeIgniter))
10 FCPATH\index.php(59): CodeIgniter\Boot::bootWeb(Object(Config\Paths))
DEBUG - 2025-11-06 03:16:49 --> Session: Class initialized using 'CodeIgniter\Session\Handlers\FileHandler' driver.
WARNING - 2025-11-06 03:16:49 --> [DEPRECATED] Optional parameter $filters declared before required parameter $id_dep is implicitly treated as a required parameter in APPPATH\Models\Model_arsip.php on line 303.
 1 SYSTEMPATH\Autoloader\Autoloader.php(315): include_once('C:\\xampp\\htdocs\\e-arsip_ci4\\system\\Debug\\Exceptions.php')
 2 SYSTEMPATH\Autoloader\Autoloader.php(295): CodeIgniter\Autoloader\Autoloader->includeFile('C:\\xampp\\htdocs\\e-arsip_ci4\\app\\Models\\Model_arsip.php')
 3 SYSTEMPATH\Autoloader\Autoloader.php(271): CodeIgniter\Autoloader\Autoloader->loadInNamespace('App\\Models\\Model_arsip')
 4 APPPATH\Controllers\Cari.php(20): CodeIgniter\Autoloader\Autoloader->loadClass('App\\Models\\Model_arsip')
 5 SYSTEMPATH\CodeIgniter.php(903): App\Controllers\Cari->__construct()
 6 SYSTEMPATH\CodeIgniter.php(498): CodeIgniter\CodeIgniter->createController()
 7 SYSTEMPATH\CodeIgniter.php(354): CodeIgniter\CodeIgniter->handleRequest(null, Object(Config\Cache), false)
 8 SYSTEMPATH\Boot.php(363): CodeIgniter\CodeIgniter->run()
 9 SYSTEMPATH\Boot.php(68): CodeIgniter\Boot::runCodeIgniter(Object(CodeIgniter\CodeIgniter))
10 FCPATH\index.php(59): CodeIgniter\Boot::bootWeb(Object(Config\Paths))
DEBUG - 2025-11-06 03:17:07 --> Session: Class initialized using 'CodeIgniter\Session\Handlers\FileHandler' driver.
WARNING - 2025-11-06 03:17:07 --> [DEPRECATED] Optional parameter $filters declared before required parameter $id_dep is implicitly treated as a required parameter in APPPATH\Models\Model_arsip.php on line 303.
 1 SYSTEMPATH\Autoloader\Autoloader.php(315): include_once('C:\\xampp\\htdocs\\e-arsip_ci4\\system\\Debug\\Exceptions.php')
 2 SYSTEMPATH\Autoloader\Autoloader.php(295): CodeIgniter\Autoloader\Autoloader->includeFile('C:\\xampp\\htdocs\\e-arsip_ci4\\app\\Models\\Model_arsip.php')
 3 SYSTEMPATH\Autoloader\Autoloader.php(271): CodeIgniter\Autoloader\Autoloader->loadInNamespace('App\\Models\\Model_arsip')
 4 APPPATH\Controllers\Arsip.php(26): CodeIgniter\Autoloader\Autoloader->loadClass('App\\Models\\Model_arsip')
 5 SYSTEMPATH\CodeIgniter.php(903): App\Controllers\Arsip->__construct()
 6 SYSTEMPATH\CodeIgniter.php(498): CodeIgniter\CodeIgniter->createController()
 7 SYSTEMPATH\CodeIgniter.php(354): CodeIgniter\CodeIgniter->handleRequest(null, Object(Config\Cache), false)
 8 SYSTEMPATH\Boot.php(363): CodeIgniter\CodeIgniter->run()
 9 SYSTEMPATH\Boot.php(68): CodeIgniter\Boot::runCodeIgniter(Object(CodeIgniter\CodeIgniter))
10 FCPATH\index.php(59): CodeIgniter\Boot::bootWeb(Object(Config\Paths))
DEBUG - 2025-11-06 03:17:13 --> Session: Class initialized using 'CodeIgniter\Session\Handlers\FileHandler' driver.
WARNING - 2025-11-06 03:17:13 --> [DEPRECATED] Optional parameter $filters declared before required parameter $id_dep is implicitly treated as a required parameter in APPPATH\Models\Model_arsip.php on line 303.
 1 SYSTEMPATH\Autoloader\Autoloader.php(315): include_once('C:\\xampp\\htdocs\\e-arsip_ci4\\system\\Debug\\Exceptions.php')
 2 SYSTEMPATH\Autoloader\Autoloader.php(295): CodeIgniter\Autoloader\Autoloader->includeFile('C:\\xampp\\htdocs\\e-arsip_ci4\\app\\Models\\Model_arsip.php')
 3 SYSTEMPATH\Autoloader\Autoloader.php(271): CodeIgniter\Autoloader\Autoloader->loadInNamespace('App\\Models\\Model_arsip')
 4 APPPATH\Controllers\Kategori.php(21): CodeIgniter\Autoloader\Autoloader->loadClass('App\\Models\\Model_arsip')
 5 SYSTEMPATH\CodeIgniter.php(903): App\Controllers\Kategori->__construct()
 6 SYSTEMPATH\CodeIgniter.php(498): CodeIgniter\CodeIgniter->createController()
 7 SYSTEMPATH\CodeIgniter.php(354): CodeIgniter\CodeIgniter->handleRequest(null, Object(Config\Cache), false)
 8 SYSTEMPATH\Boot.php(363): CodeIgniter\CodeIgniter->run()
 9 SYSTEMPATH\Boot.php(68): CodeIgniter\Boot::runCodeIgniter(Object(CodeIgniter\CodeIgniter))
10 FCPATH\index.php(59): CodeIgniter\Boot::bootWeb(Object(Config\Paths))
DEBUG - 2025-11-06 03:17:15 --> Session: Class initialized using 'CodeIgniter\Session\Handlers\FileHandler' driver.
WARNING - 2025-11-06 03:17:15 --> [DEPRECATED] Optional parameter $filters declared before required parameter $id_dep is implicitly treated as a required parameter in APPPATH\Models\Model_arsip.php on line 303.
 1 SYSTEMPATH\Autoloader\Autoloader.php(315): include_once('C:\\xampp\\htdocs\\e-arsip_ci4\\system\\Debug\\Exceptions.php')
 2 SYSTEMPATH\Autoloader\Autoloader.php(295): CodeIgniter\Autoloader\Autoloader->includeFile('C:\\xampp\\htdocs\\e-arsip_ci4\\app\\Models\\Model_arsip.php')
 3 SYSTEMPATH\Autoloader\Autoloader.php(271): CodeIgniter\Autoloader\Autoloader->loadInNamespace('App\\Models\\Model_arsip')
 4 APPPATH\Controllers\Kategori.php(21): CodeIgniter\Autoloader\Autoloader->loadClass('App\\Models\\Model_arsip')
 5 SYSTEMPATH\CodeIgniter.php(903): App\Controllers\Kategori->__construct()
 6 SYSTEMPATH\CodeIgniter.php(498): CodeIgniter\CodeIgniter->createController()
 7 SYSTEMPATH\CodeIgniter.php(354): CodeIgniter\CodeIgniter->handleRequest(null, Object(Config\Cache), false)
 8 SYSTEMPATH\Boot.php(363): CodeIgniter\CodeIgniter->run()
 9 SYSTEMPATH\Boot.php(68): CodeIgniter\Boot::runCodeIgniter(Object(CodeIgniter\CodeIgniter))
10 FCPATH\index.php(59): CodeIgniter\Boot::bootWeb(Object(Config\Paths))
DEBUG - 2025-11-06 03:17:15 --> Session: Class initialized using 'CodeIgniter\Session\Handlers\FileHandler' driver.
WARNING - 2025-11-06 03:17:15 --> [DEPRECATED] Optional parameter $filters declared before required parameter $id_dep is implicitly treated as a required parameter in APPPATH\Models\Model_arsip.php on line 303.
 1 SYSTEMPATH\Autoloader\Autoloader.php(315): include_once('C:\\xampp\\htdocs\\e-arsip_ci4\\system\\Debug\\Exceptions.php')
 2 SYSTEMPATH\Autoloader\Autoloader.php(295): CodeIgniter\Autoloader\Autoloader->includeFile('C:\\xampp\\htdocs\\e-arsip_ci4\\app\\Models\\Model_arsip.php')
 3 SYSTEMPATH\Autoloader\Autoloader.php(271): CodeIgniter\Autoloader\Autoloader->loadInNamespace('App\\Models\\Model_arsip')
 4 APPPATH\Controllers\Cari.php(20): CodeIgniter\Autoloader\Autoloader->loadClass('App\\Models\\Model_arsip')
 5 SYSTEMPATH\CodeIgniter.php(903): App\Controllers\Cari->__construct()
 6 SYSTEMPATH\CodeIgniter.php(498): CodeIgniter\CodeIgniter->createController()
 7 SYSTEMPATH\CodeIgniter.php(354): CodeIgniter\CodeIgniter->handleRequest(null, Object(Config\Cache), false)
 8 SYSTEMPATH\Boot.php(363): CodeIgniter\CodeIgniter->run()
 9 SYSTEMPATH\Boot.php(68): CodeIgniter\Boot::runCodeIgniter(Object(CodeIgniter\CodeIgniter))
10 FCPATH\index.php(59): CodeIgniter\Boot::bootWeb(Object(Config\Paths))
DEBUG - 2025-11-06 03:19:00 --> Session: Class initialized using 'CodeIgniter\Session\Handlers\FileHandler' driver.
DEBUG - 2025-11-06 03:21:49 --> Session: Class initialized using 'CodeIgniter\Session\Handlers\FileHandler' driver.
DEBUG - 2025-11-06 03:21:50 --> Session: Class initialized using 'CodeIgniter\Session\Handlers\FileHandler' driver.
DEBUG - 2025-11-06 03:21:50 --> Session: Class initialized using 'CodeIgniter\Session\Handlers\FileHandler' driver.
DEBUG - 2025-11-06 03:21:51 --> Session: Class initialized using 'CodeIgniter\Session\Handlers\FileHandler' driver.
DEBUG - 2025-11-06 03:21:56 --> Session: Class initialized using 'CodeIgniter\Session\Handlers\FileHandler' driver.
DEBUG - 2025-11-06 03:21:57 --> Session: Class initialized using 'CodeIgniter\Session\Handlers\FileHandler' driver.
WARNING - 2025-11-06 03:21:57 --> [DEPRECATED] Optional parameter $filters declared before required parameter $id_dep is implicitly treated as a required parameter in APPPATH\Models\Model_arsip.php on line 303.
 1 SYSTEMPATH\Autoloader\Autoloader.php(315): include_once('C:\\xampp\\htdocs\\e-arsip_ci4\\system\\Debug\\Exceptions.php')
 2 SYSTEMPATH\Autoloader\Autoloader.php(295): CodeIgniter\Autoloader\Autoloader->includeFile('C:\\xampp\\htdocs\\e-arsip_ci4\\app\\Models\\Model_arsip.php')
 3 SYSTEMPATH\Autoloader\Autoloader.php(271): CodeIgniter\Autoloader\Autoloader->loadInNamespace('App\\Models\\Model_arsip')
 4 APPPATH\Controllers\Home.php(23): CodeIgniter\Autoloader\Autoloader->loadClass('App\\Models\\Model_arsip')
 5 SYSTEMPATH\CodeIgniter.php(903): App\Controllers\Home->__construct()
 6 SYSTEMPATH\CodeIgniter.php(498): CodeIgniter\CodeIgniter->createController()
 7 SYSTEMPATH\CodeIgniter.php(354): CodeIgniter\CodeIgniter->handleRequest(null, Object(Config\Cache), false)
 8 SYSTEMPATH\Boot.php(363): CodeIgniter\CodeIgniter->run()
 9 SYSTEMPATH\Boot.php(68): CodeIgniter\Boot::runCodeIgniter(Object(CodeIgniter\CodeIgniter))
10 FCPATH\index.php(59): CodeIgniter\Boot::bootWeb(Object(Config\Paths))
DEBUG - 2025-11-06 03:21:59 --> Session: Class initialized using 'CodeIgniter\Session\Handlers\FileHandler' driver.
DEBUG - 2025-11-06 03:21:59 --> Session: Class initialized using 'CodeIgniter\Session\Handlers\FileHandler' driver.
DEBUG - 2025-11-06 03:22:00 --> Session: Class initialized using 'CodeIgniter\Session\Handlers\FileHandler' driver.
DEBUG - 2025-11-06 03:22:01 --> Session: Class initialized using 'CodeIgniter\Session\Handlers\FileHandler' driver.
DEBUG - 2025-11-06 03:22:01 --> Session: Class initialized using 'CodeIgniter\Session\Handlers\FileHandler' driver.
DEBUG - 2025-11-06 03:22:02 --> Session: Class initialized using 'CodeIgniter\Session\Handlers\FileHandler' driver.
DEBUG - 2025-11-06 03:22:04 --> Session: Class initialized using 'CodeIgniter\Session\Handlers\FileHandler' driver.
DEBUG - 2025-11-06 03:22:05 --> Session: Class initialized using 'CodeIgniter\Session\Handlers\FileHandler' driver.
DEBUG - 2025-11-06 03:22:07 --> Session: Class initialized using 'CodeIgniter\Session\Handlers\FileHandler' driver.
DEBUG - 2025-11-06 03:22:08 --> Session: Class initialized using 'CodeIgniter\Session\Handlers\FileHandler' driver.
DEBUG - 2025-11-06 03:22:09 --> Session: Class initialized using 'CodeIgniter\Session\Handlers\FileHandler' driver.
DEBUG - 2025-11-06 03:22:10 --> Session: Class initialized using 'CodeIgniter\Session\Handlers\FileHandler' driver.
DEBUG - 2025-11-06 03:22:12 --> Session: Class initialized using 'CodeIgniter\Session\Handlers\FileHandler' driver.
DEBUG - 2025-11-06 03:22:13 --> Session: Class initialized using 'CodeIgniter\Session\Handlers\FileHandler' driver.
DEBUG - 2025-11-06 03:22:14 --> Session: Class initialized using 'CodeIgniter\Session\Handlers\FileHandler' driver.
DEBUG - 2025-11-06 03:22:15 --> Session: Class initialized using 'CodeIgniter\Session\Handlers\FileHandler' driver.
DEBUG - 2025-11-06 03:22:16 --> Session: Class initialized using 'CodeIgniter\Session\Handlers\FileHandler' driver.
DEBUG - 2025-11-06 03:22:18 --> Session: Class initialized using 'CodeIgniter\Session\Handlers\FileHandler' driver.
DEBUG - 2025-11-06 03:22:19 --> Session: Class initialized using 'CodeIgniter\Session\Handlers\FileHandler' driver.
DEBUG - 2025-11-06 03:22:20 --> Session: Class initialized using 'CodeIgniter\Session\Handlers\FileHandler' driver.
DEBUG - 2025-11-06 03:22:21 --> Session: Class initialized using 'CodeIgniter\Session\Handlers\FileHandler' driver.
DEBUG - 2025-11-06 03:22:22 --> Session: Class initialized using 'CodeIgniter\Session\Handlers\FileHandler' driver.
DEBUG - 2025-11-06 03:22:24 --> Session: Class initialized using 'CodeIgniter\Session\Handlers\FileHandler' driver.
DEBUG - 2025-11-06 03:22:25 --> Session: Class initialized using 'CodeIgniter\Session\Handlers\FileHandler' driver.
DEBUG - 2025-11-06 03:22:26 --> Session: Class initialized using 'CodeIgniter\Session\Handlers\FileHandler' driver.
DEBUG - 2025-11-06 03:22:27 --> Session: Class initialized using 'CodeIgniter\Session\Handlers\FileHandler' driver.
DEBUG - 2025-11-06 03:22:28 --> Session: Class initialized using 'CodeIgniter\Session\Handlers\FileHandler' driver.
DEBUG - 2025-11-06 03:22:30 --> Session: Class initialized using 'CodeIgniter\Session\Handlers\FileHandler' driver.
DEBUG - 2025-11-06 03:22:31 --> Session: Class initialized using 'CodeIgniter\Session\Handlers\FileHandler' driver.
DEBUG - 2025-11-06 03:22:32 --> Session: Class initialized using 'CodeIgniter\Session\Handlers\FileHandler' driver.
DEBUG - 2025-11-06 03:22:33 --> Session: Class initialized using 'CodeIgniter\Session\Handlers\FileHandler' driver.
DEBUG - 2025-11-06 03:22:34 --> Session: Class initialized using 'CodeIgniter\Session\Handlers\FileHandler' driver.
DEBUG - 2025-11-06 03:22:36 --> Session: Class initialized using 'CodeIgniter\Session\Handlers\FileHandler' driver.
DEBUG - 2025-11-06 03:22:37 --> Session: Class initialized using 'CodeIgniter\Session\Handlers\FileHandler' driver.
DEBUG - 2025-11-06 03:22:38 --> Session: Class initialized using 'CodeIgniter\Session\Handlers\FileHandler' driver.
DEBUG - 2025-11-06 03:22:39 --> Session: Class initialized using 'CodeIgniter\Session\Handlers\FileHandler' driver.
DEBUG - 2025-11-06 03:22:40 --> Session: Class initialized using 'CodeIgniter\Session\Handlers\FileHandler' driver.
DEBUG - 2025-11-06 03:22:41 --> Session: Class initialized using 'CodeIgniter\Session\Handlers\FileHandler' driver.
DEBUG - 2025-11-06 03:23:11 --> Session: Class initialized using 'CodeIgniter\Session\Handlers\FileHandler' driver.
WARNING - 2025-11-06 03:23:11 --> [DEPRECATED] Optional parameter $filters declared before required parameter $id_dep is implicitly treated as a required parameter in APPPATH\Models\Model_arsip.php on line 303.
 1 SYSTEMPATH\Autoloader\Autoloader.php(315): include_once('C:\\xampp\\htdocs\\e-arsip_ci4\\system\\Debug\\Exceptions.php')
 2 SYSTEMPATH\Autoloader\Autoloader.php(295): CodeIgniter\Autoloader\Autoloader->includeFile('C:\\xampp\\htdocs\\e-arsip_ci4\\app\\Models\\Model_arsip.php')
 3 SYSTEMPATH\Autoloader\Autoloader.php(271): CodeIgniter\Autoloader\Autoloader->loadInNamespace('App\\Models\\Model_arsip')
 4 APPPATH\Controllers\Home.php(23): CodeIgniter\Autoloader\Autoloader->loadClass('App\\Models\\Model_arsip')
 5 SYSTEMPATH\CodeIgniter.php(903): App\Controllers\Home->__construct()
 6 SYSTEMPATH\CodeIgniter.php(498): CodeIgniter\CodeIgniter->createController()
 7 SYSTEMPATH\CodeIgniter.php(354): CodeIgniter\CodeIgniter->handleRequest(null, Object(Config\Cache), false)
 8 SYSTEMPATH\Boot.php(363): CodeIgniter\CodeIgniter->run()
 9 SYSTEMPATH\Boot.php(68): CodeIgniter\Boot::runCodeIgniter(Object(CodeIgniter\CodeIgniter))
10 FCPATH\index.php(59): CodeIgniter\Boot::bootWeb(Object(Config\Paths))
DEBUG - 2025-11-06 03:23:12 --> Session: Class initialized using 'CodeIgniter\Session\Handlers\FileHandler' driver.
WARNING - 2025-11-06 03:23:12 --> [DEPRECATED] Optional parameter $filters declared before required parameter $id_dep is implicitly treated as a required parameter in APPPATH\Models\Model_arsip.php on line 303.
 1 SYSTEMPATH\Autoloader\Autoloader.php(315): include_once('C:\\xampp\\htdocs\\e-arsip_ci4\\system\\Debug\\Exceptions.php')
 2 SYSTEMPATH\Autoloader\Autoloader.php(295): CodeIgniter\Autoloader\Autoloader->includeFile('C:\\xampp\\htdocs\\e-arsip_ci4\\app\\Models\\Model_arsip.php')
 3 SYSTEMPATH\Autoloader\Autoloader.php(271): CodeIgniter\Autoloader\Autoloader->loadInNamespace('App\\Models\\Model_arsip')
 4 APPPATH\Controllers\Home.php(23): CodeIgniter\Autoloader\Autoloader->loadClass('App\\Models\\Model_arsip')
 5 SYSTEMPATH\CodeIgniter.php(903): App\Controllers\Home->__construct()
 6 SYSTEMPATH\CodeIgniter.php(498): CodeIgniter\CodeIgniter->createController()
 7 SYSTEMPATH\CodeIgniter.php(354): CodeIgniter\CodeIgniter->handleRequest(null, Object(Config\Cache), false)
 8 SYSTEMPATH\Boot.php(363): CodeIgniter\CodeIgniter->run()
 9 SYSTEMPATH\Boot.php(68): CodeIgniter\Boot::runCodeIgniter(Object(CodeIgniter\CodeIgniter))
10 FCPATH\index.php(59): CodeIgniter\Boot::bootWeb(Object(Config\Paths))
DEBUG - 2025-11-06 03:24:24 --> Session: Class initialized using 'CodeIgniter\Session\Handlers\FileHandler' driver.
DEBUG - 2025-11-06 03:24:57 --> Session: Class initialized using 'CodeIgniter\Session\Handlers\FileHandler' driver.
DEBUG - 2025-11-06 03:27:30 --> Session: Class initialized using 'CodeIgniter\Session\Handlers\FileHandler' driver.
DEBUG - 2025-11-06 03:27:31 --> Session: Class initialized using 'CodeIgniter\Session\Handlers\FileHandler' driver.
DEBUG - 2025-11-06 03:27:35 --> Session: Class initialized using 'CodeIgniter\Session\Handlers\FileHandler' driver.
WARNING - 2025-11-06 03:27:35 --> [DEPRECATED] Optional parameter $filters declared before required parameter $id_dep is implicitly treated as a required parameter in APPPATH\Models\Model_arsip.php on line 303.
 1 SYSTEMPATH\Autoloader\Autoloader.php(315): include_once('C:\\xampp\\htdocs\\e-arsip_ci4\\system\\Debug\\Exceptions.php')
 2 SYSTEMPATH\Autoloader\Autoloader.php(295): CodeIgniter\Autoloader\Autoloader->includeFile('C:\\xampp\\htdocs\\e-arsip_ci4\\app\\Models\\Model_arsip.php')
 3 SYSTEMPATH\Autoloader\Autoloader.php(271): CodeIgniter\Autoloader\Autoloader->loadInNamespace('App\\Models\\Model_arsip')
 4 APPPATH\Controllers\Kategori.php(21): CodeIgniter\Autoloader\Autoloader->loadClass('App\\Models\\Model_arsip')
 5 SYSTEMPATH\CodeIgniter.php(903): App\Controllers\Kategori->__construct()
 6 SYSTEMPATH\CodeIgniter.php(498): CodeIgniter\CodeIgniter->createController()
 7 SYSTEMPATH\CodeIgniter.php(354): CodeIgniter\CodeIgniter->handleRequest(null, Object(Config\Cache), false)
 8 SYSTEMPATH\Boot.php(363): CodeIgniter\CodeIgniter->run()
 9 SYSTEMPATH\Boot.php(68): CodeIgniter\Boot::runCodeIgniter(Object(CodeIgniter\CodeIgniter))
10 FCPATH\index.php(59): CodeIgniter\Boot::bootWeb(Object(Config\Paths))
DEBUG - 2025-11-06 03:27:35 --> Session: Class initialized using 'CodeIgniter\Session\Handlers\FileHandler' driver.
WARNING - 2025-11-06 03:27:35 --> [DEPRECATED] Optional parameter $filters declared before required parameter $id_dep is implicitly treated as a required parameter in APPPATH\Models\Model_arsip.php on line 303.
 1 SYSTEMPATH\Autoloader\Autoloader.php(315): include_once('C:\\xampp\\htdocs\\e-arsip_ci4\\system\\Debug\\Exceptions.php')
 2 SYSTEMPATH\Autoloader\Autoloader.php(295): CodeIgniter\Autoloader\Autoloader->includeFile('C:\\xampp\\htdocs\\e-arsip_ci4\\app\\Models\\Model_arsip.php')
 3 SYSTEMPATH\Autoloader\Autoloader.php(271): CodeIgniter\Autoloader\Autoloader->loadInNamespace('App\\Models\\Model_arsip')
 4 APPPATH\Controllers\Arsip.php(26): CodeIgniter\Autoloader\Autoloader->loadClass('App\\Models\\Model_arsip')
 5 SYSTEMPATH\CodeIgniter.php(903): App\Controllers\Arsip->__construct()
 6 SYSTEMPATH\CodeIgniter.php(498): CodeIgniter\CodeIgniter->createController()
 7 SYSTEMPATH\CodeIgniter.php(354): CodeIgniter\CodeIgniter->handleRequest(null, Object(Config\Cache), false)
 8 SYSTEMPATH\Boot.php(363): CodeIgniter\CodeIgniter->run()
 9 SYSTEMPATH\Boot.php(68): CodeIgniter\Boot::runCodeIgniter(Object(CodeIgniter\CodeIgniter))
10 FCPATH\index.php(59): CodeIgniter\Boot::bootWeb(Object(Config\Paths))
DEBUG - 2025-11-06 03:29:58 --> Session: Class initialized using 'CodeIgniter\Session\Handlers\FileHandler' driver.
WARNING - 2025-11-06 03:29:58 --> [DEPRECATED] Optional parameter $filters declared before required parameter $id_dep is implicitly treated as a required parameter in APPPATH\Models\Model_arsip.php on line 303.
 1 SYSTEMPATH\Autoloader\Autoloader.php(315): include_once('C:\\xampp\\htdocs\\e-arsip_ci4\\system\\Debug\\Exceptions.php')
 2 SYSTEMPATH\Autoloader\Autoloader.php(295): CodeIgniter\Autoloader\Autoloader->includeFile('C:\\xampp\\htdocs\\e-arsip_ci4\\app\\Models\\Model_arsip.php')
 3 SYSTEMPATH\Autoloader\Autoloader.php(271): CodeIgniter\Autoloader\Autoloader->loadInNamespace('App\\Models\\Model_arsip')
 4 APPPATH\Controllers\Cari.php(20): CodeIgniter\Autoloader\Autoloader->loadClass('App\\Models\\Model_arsip')
 5 SYSTEMPATH\CodeIgniter.php(903): App\Controllers\Cari->__construct()
 6 SYSTEMPATH\CodeIgniter.php(498): CodeIgniter\CodeIgniter->createController()
 7 SYSTEMPATH\CodeIgniter.php(354): CodeIgniter\CodeIgniter->handleRequest(null, Object(Config\Cache), false)
 8 SYSTEMPATH\Boot.php(363): CodeIgniter\CodeIgniter->run()
 9 SYSTEMPATH\Boot.php(68): CodeIgniter\Boot::runCodeIgniter(Object(CodeIgniter\CodeIgniter))
10 FCPATH\index.php(59): CodeIgniter\Boot::bootWeb(Object(Config\Paths))
DEBUG - 2025-11-06 03:31:13 --> Session: Class initialized using 'CodeIgniter\Session\Handlers\FileHandler' driver.
WARNING - 2025-11-06 03:31:13 --> [DEPRECATED] Optional parameter $filters declared before required parameter $id_dep is implicitly treated as a required parameter in APPPATH\Models\Model_arsip.php on line 303.
 1 SYSTEMPATH\Autoloader\Autoloader.php(315): include_once('C:\\xampp\\htdocs\\e-arsip_ci4\\system\\Debug\\Exceptions.php')
 2 SYSTEMPATH\Autoloader\Autoloader.php(295): CodeIgniter\Autoloader\Autoloader->includeFile('C:\\xampp\\htdocs\\e-arsip_ci4\\app\\Models\\Model_arsip.php')
 3 SYSTEMPATH\Autoloader\Autoloader.php(271): CodeIgniter\Autoloader\Autoloader->loadInNamespace('App\\Models\\Model_arsip')
 4 APPPATH\Controllers\Arsip.php(26): CodeIgniter\Autoloader\Autoloader->loadClass('App\\Models\\Model_arsip')
 5 SYSTEMPATH\CodeIgniter.php(903): App\Controllers\Arsip->__construct()
 6 SYSTEMPATH\CodeIgniter.php(498): CodeIgniter\CodeIgniter->createController()
 7 SYSTEMPATH\CodeIgniter.php(354): CodeIgniter\CodeIgniter->handleRequest(null, Object(Config\Cache), false)
 8 SYSTEMPATH\Boot.php(363): CodeIgniter\CodeIgniter->run()
 9 SYSTEMPATH\Boot.php(68): CodeIgniter\Boot::runCodeIgniter(Object(CodeIgniter\CodeIgniter))
10 FCPATH\index.php(59): CodeIgniter\Boot::bootWeb(Object(Config\Paths))
DEBUG - 2025-11-06 03:31:20 --> Session: Class initialized using 'CodeIgniter\Session\Handlers\FileHandler' driver.
WARNING - 2025-11-06 03:31:20 --> [DEPRECATED] Optional parameter $filters declared before required parameter $id_dep is implicitly treated as a required parameter in APPPATH\Models\Model_arsip.php on line 303.
 1 SYSTEMPATH\Autoloader\Autoloader.php(315): include_once('C:\\xampp\\htdocs\\e-arsip_ci4\\system\\Debug\\Exceptions.php')
 2 SYSTEMPATH\Autoloader\Autoloader.php(295): CodeIgniter\Autoloader\Autoloader->includeFile('C:\\xampp\\htdocs\\e-arsip_ci4\\app\\Models\\Model_arsip.php')
 3 SYSTEMPATH\Autoloader\Autoloader.php(271): CodeIgniter\Autoloader\Autoloader->loadInNamespace('App\\Models\\Model_arsip')
 4 APPPATH\Controllers\Cari.php(20): CodeIgniter\Autoloader\Autoloader->loadClass('App\\Models\\Model_arsip')
 5 SYSTEMPATH\CodeIgniter.php(903): App\Controllers\Cari->__construct()
 6 SYSTEMPATH\CodeIgniter.php(498): CodeIgniter\CodeIgniter->createController()
 7 SYSTEMPATH\CodeIgniter.php(354): CodeIgniter\CodeIgniter->handleRequest(null, Object(Config\Cache), false)
 8 SYSTEMPATH\Boot.php(363): CodeIgniter\CodeIgniter->run()
 9 SYSTEMPATH\Boot.php(68): CodeIgniter\Boot::runCodeIgniter(Object(CodeIgniter\CodeIgniter))
10 FCPATH\index.php(59): CodeIgniter\Boot::bootWeb(Object(Config\Paths))
DEBUG - 2025-11-06 03:34:56 --> Session: Class initialized using 'CodeIgniter\Session\Handlers\FileHandler' driver.
DEBUG - 2025-11-06 03:34:56 --> Session: Class initialized using 'CodeIgniter\Session\Handlers\FileHandler' driver.
WARNING - 2025-11-06 03:34:56 --> [DEPRECATED] Optional parameter $filters declared before required parameter $id_dep is implicitly treated as a required parameter in APPPATH\Models\Model_arsip.php on line 303.
 1 SYSTEMPATH\Autoloader\Autoloader.php(315): include_once('C:\\xampp\\htdocs\\e-arsip_ci4\\system\\Debug\\Exceptions.php')
 2 SYSTEMPATH\Autoloader\Autoloader.php(295): CodeIgniter\Autoloader\Autoloader->includeFile('C:\\xampp\\htdocs\\e-arsip_ci4\\app\\Models\\Model_arsip.php')
 3 SYSTEMPATH\Autoloader\Autoloader.php(271): CodeIgniter\Autoloader\Autoloader->loadInNamespace('App\\Models\\Model_arsip')
 4 APPPATH\Controllers\Home.php(23): CodeIgniter\Autoloader\Autoloader->loadClass('App\\Models\\Model_arsip')
 5 SYSTEMPATH\CodeIgniter.php(903): App\Controllers\Home->__construct()
 6 SYSTEMPATH\CodeIgniter.php(498): CodeIgniter\CodeIgniter->createController()
 7 SYSTEMPATH\CodeIgniter.php(354): CodeIgniter\CodeIgniter->handleRequest(null, Object(Config\Cache), false)
 8 SYSTEMPATH\Boot.php(363): CodeIgniter\CodeIgniter->run()
 9 SYSTEMPATH\Boot.php(68): CodeIgniter\Boot::runCodeIgniter(Object(CodeIgniter\CodeIgniter))
10 FCPATH\index.php(59): CodeIgniter\Boot::bootWeb(Object(Config\Paths))
DEBUG - 2025-11-06 03:35:07 --> Session: Class initialized using 'CodeIgniter\Session\Handlers\FileHandler' driver.
WARNING - 2025-11-06 03:35:07 --> [DEPRECATED] Optional parameter $filters declared before required parameter $id_dep is implicitly treated as a required parameter in APPPATH\Models\Model_arsip.php on line 303.
 1 SYSTEMPATH\Autoloader\Autoloader.php(315): include_once('C:\\xampp\\htdocs\\e-arsip_ci4\\system\\Debug\\Exceptions.php')
 2 SYSTEMPATH\Autoloader\Autoloader.php(295): CodeIgniter\Autoloader\Autoloader->includeFile('C:\\xampp\\htdocs\\e-arsip_ci4\\app\\Models\\Model_arsip.php')
 3 SYSTEMPATH\Autoloader\Autoloader.php(271): CodeIgniter\Autoloader\Autoloader->loadInNamespace('App\\Models\\Model_arsip')
 4 APPPATH\Controllers\Cari.php(20): CodeIgniter\Autoloader\Autoloader->loadClass('App\\Models\\Model_arsip')
 5 SYSTEMPATH\CodeIgniter.php(903): App\Controllers\Cari->__construct()
 6 SYSTEMPATH\CodeIgniter.php(498): CodeIgniter\CodeIgniter->createController()
 7 SYSTEMPATH\CodeIgniter.php(354): CodeIgniter\CodeIgniter->handleRequest(null, Object(Config\Cache), false)
 8 SYSTEMPATH\Boot.php(363): CodeIgniter\CodeIgniter->run()
 9 SYSTEMPATH\Boot.php(68): CodeIgniter\Boot::runCodeIgniter(Object(CodeIgniter\CodeIgniter))
10 FCPATH\index.php(59): CodeIgniter\Boot::bootWeb(Object(Config\Paths))
DEBUG - 2025-11-06 03:37:49 --> Session: Class initialized using 'CodeIgniter\Session\Handlers\FileHandler' driver.
WARNING - 2025-11-06 03:37:49 --> [DEPRECATED] Optional parameter $filters declared before required parameter $id_dep is implicitly treated as a required parameter in APPPATH\Models\Model_arsip.php on line 303.
 1 SYSTEMPATH\Autoloader\Autoloader.php(315): include_once('C:\\xampp\\htdocs\\e-arsip_ci4\\system\\Debug\\Exceptions.php')
 2 SYSTEMPATH\Autoloader\Autoloader.php(295): CodeIgniter\Autoloader\Autoloader->includeFile('C:\\xampp\\htdocs\\e-arsip_ci4\\app\\Models\\Model_arsip.php')
 3 SYSTEMPATH\Autoloader\Autoloader.php(271): CodeIgniter\Autoloader\Autoloader->loadInNamespace('App\\Models\\Model_arsip')
 4 APPPATH\Controllers\Cari.php(20): CodeIgniter\Autoloader\Autoloader->loadClass('App\\Models\\Model_arsip')
 5 SYSTEMPATH\CodeIgniter.php(903): App\Controllers\Cari->__construct()
 6 SYSTEMPATH\CodeIgniter.php(498): CodeIgniter\CodeIgniter->createController()
 7 SYSTEMPATH\CodeIgniter.php(354): CodeIgniter\CodeIgniter->handleRequest(null, Object(Config\Cache), false)
 8 SYSTEMPATH\Boot.php(363): CodeIgniter\CodeIgniter->run()
 9 SYSTEMPATH\Boot.php(68): CodeIgniter\Boot::runCodeIgniter(Object(CodeIgniter\CodeIgniter))
10 FCPATH\index.php(59): CodeIgniter\Boot::bootWeb(Object(Config\Paths))
DEBUG - 2025-11-06 03:37:59 --> Session: Class initialized using 'CodeIgniter\Session\Handlers\FileHandler' driver.
DEBUG - 2025-11-06 03:38:11 --> Session: Class initialized using 'CodeIgniter\Session\Handlers\FileHandler' driver.
DEBUG - 2025-11-06 03:38:30 --> Session: Class initialized using 'CodeIgniter\Session\Handlers\FileHandler' driver.
DEBUG - 2025-11-06 03:38:30 --> Session: Class initialized using 'CodeIgniter\Session\Handlers\FileHandler' driver.
WARNING - 2025-11-06 03:38:30 --> [DEPRECATED] Optional parameter $filters declared before required parameter $id_dep is implicitly treated as a required parameter in APPPATH\Models\Model_arsip.php on line 303.
 1 SYSTEMPATH\Autoloader\Autoloader.php(315): include_once('C:\\xampp\\htdocs\\e-arsip_ci4\\system\\Debug\\Exceptions.php')
 2 SYSTEMPATH\Autoloader\Autoloader.php(295): CodeIgniter\Autoloader\Autoloader->includeFile('C:\\xampp\\htdocs\\e-arsip_ci4\\app\\Models\\Model_arsip.php')
 3 SYSTEMPATH\Autoloader\Autoloader.php(271): CodeIgniter\Autoloader\Autoloader->loadInNamespace('App\\Models\\Model_arsip')
 4 APPPATH\Controllers\Home.php(23): CodeIgniter\Autoloader\Autoloader->loadClass('App\\Models\\Model_arsip')
 5 SYSTEMPATH\CodeIgniter.php(903): App\Controllers\Home->__construct()
 6 SYSTEMPATH\CodeIgniter.php(498): CodeIgniter\CodeIgniter->createController()
 7 SYSTEMPATH\CodeIgniter.php(354): CodeIgniter\CodeIgniter->handleRequest(null, Object(Config\Cache), false)
 8 SYSTEMPATH\Boot.php(363): CodeIgniter\CodeIgniter->run()
 9 SYSTEMPATH\Boot.php(68): CodeIgniter\Boot::runCodeIgniter(Object(CodeIgniter\CodeIgniter))
10 FCPATH\index.php(59): CodeIgniter\Boot::bootWeb(Object(Config\Paths))
DEBUG - 2025-11-06 03:38:36 --> Session: Class initialized using 'CodeIgniter\Session\Handlers\FileHandler' driver.
DEBUG - 2025-11-06 03:38:37 --> Session: Class initialized using 'CodeIgniter\Session\Handlers\FileHandler' driver.
DEBUG - 2025-11-06 03:38:38 --> Session: Class initialized using 'CodeIgniter\Session\Handlers\FileHandler' driver.
WARNING - 2025-11-06 03:38:38 --> [DEPRECATED] Optional parameter $filters declared before required parameter $id_dep is implicitly treated as a required parameter in APPPATH\Models\Model_arsip.php on line 303.
 1 SYSTEMPATH\Autoloader\Autoloader.php(315): include_once('C:\\xampp\\htdocs\\e-arsip_ci4\\system\\Debug\\Exceptions.php')
 2 SYSTEMPATH\Autoloader\Autoloader.php(295): CodeIgniter\Autoloader\Autoloader->includeFile('C:\\xampp\\htdocs\\e-arsip_ci4\\app\\Models\\Model_arsip.php')
 3 SYSTEMPATH\Autoloader\Autoloader.php(271): CodeIgniter\Autoloader\Autoloader->loadInNamespace('App\\Models\\Model_arsip')
 4 APPPATH\Controllers\Arsip.php(26): CodeIgniter\Autoloader\Autoloader->loadClass('App\\Models\\Model_arsip')
 5 SYSTEMPATH\CodeIgniter.php(903): App\Controllers\Arsip->__construct()
 6 SYSTEMPATH\CodeIgniter.php(498): CodeIgniter\CodeIgniter->createController()
 7 SYSTEMPATH\CodeIgniter.php(354): CodeIgniter\CodeIgniter->handleRequest(null, Object(Config\Cache), false)
 8 SYSTEMPATH\Boot.php(363): CodeIgniter\CodeIgniter->run()
 9 SYSTEMPATH\Boot.php(68): CodeIgniter\Boot::runCodeIgniter(Object(CodeIgniter\CodeIgniter))
10 FCPATH\index.php(59): CodeIgniter\Boot::bootWeb(Object(Config\Paths))
DEBUG - 2025-11-06 03:38:38 --> Session: Class initialized using 'CodeIgniter\Session\Handlers\FileHandler' driver.
WARNING - 2025-11-06 03:38:38 --> [DEPRECATED] Optional parameter $filters declared before required parameter $id_dep is implicitly treated as a required parameter in APPPATH\Models\Model_arsip.php on line 303.
 1 SYSTEMPATH\Autoloader\Autoloader.php(315): include_once('C:\\xampp\\htdocs\\e-arsip_ci4\\system\\Debug\\Exceptions.php')
 2 SYSTEMPATH\Autoloader\Autoloader.php(295): CodeIgniter\Autoloader\Autoloader->includeFile('C:\\xampp\\htdocs\\e-arsip_ci4\\app\\Models\\Model_arsip.php')
 3 SYSTEMPATH\Autoloader\Autoloader.php(271): CodeIgniter\Autoloader\Autoloader->loadInNamespace('App\\Models\\Model_arsip')
 4 APPPATH\Controllers\Kategori.php(21): CodeIgniter\Autoloader\Autoloader->loadClass('App\\Models\\Model_arsip')
 5 SYSTEMPATH\CodeIgniter.php(903): App\Controllers\Kategori->__construct()
 6 SYSTEMPATH\CodeIgniter.php(498): CodeIgniter\CodeIgniter->createController()
 7 SYSTEMPATH\CodeIgniter.php(354): CodeIgniter\CodeIgniter->handleRequest(null, Object(Config\Cache), false)
 8 SYSTEMPATH\Boot.php(363): CodeIgniter\CodeIgniter->run()
 9 SYSTEMPATH\Boot.php(68): CodeIgniter\Boot::runCodeIgniter(Object(CodeIgniter\CodeIgniter))
10 FCPATH\index.php(59): CodeIgniter\Boot::bootWeb(Object(Config\Paths))
DEBUG - 2025-11-06 03:38:39 --> Session: Class initialized using 'CodeIgniter\Session\Handlers\FileHandler' driver.
WARNING - 2025-11-06 03:38:39 --> [DEPRECATED] Optional parameter $filters declared before required parameter $id_dep is implicitly treated as a required parameter in APPPATH\Models\Model_arsip.php on line 303.
 1 SYSTEMPATH\Autoloader\Autoloader.php(315): include_once('C:\\xampp\\htdocs\\e-arsip_ci4\\system\\Debug\\Exceptions.php')
 2 SYSTEMPATH\Autoloader\Autoloader.php(295): CodeIgniter\Autoloader\Autoloader->includeFile('C:\\xampp\\htdocs\\e-arsip_ci4\\app\\Models\\Model_arsip.php')
 3 SYSTEMPATH\Autoloader\Autoloader.php(271): CodeIgniter\Autoloader\Autoloader->loadInNamespace('App\\Models\\Model_arsip')
 4 APPPATH\Controllers\Cari.php(20): CodeIgniter\Autoloader\Autoloader->loadClass('App\\Models\\Model_arsip')
 5 SYSTEMPATH\CodeIgniter.php(903): App\Controllers\Cari->__construct()
 6 SYSTEMPATH\CodeIgniter.php(498): CodeIgniter\CodeIgniter->createController()
 7 SYSTEMPATH\CodeIgniter.php(354): CodeIgniter\CodeIgniter->handleRequest(null, Object(Config\Cache), false)
 8 SYSTEMPATH\Boot.php(363): CodeIgniter\CodeIgniter->run()
 9 SYSTEMPATH\Boot.php(68): CodeIgniter\Boot::runCodeIgniter(Object(CodeIgniter\CodeIgniter))
10 FCPATH\index.php(59): CodeIgniter\Boot::bootWeb(Object(Config\Paths))
DEBUG - 2025-11-06 03:38:39 --> Session: Class initialized using 'CodeIgniter\Session\Handlers\FileHandler' driver.
WARNING - 2025-11-06 03:38:39 --> [DEPRECATED] Optional parameter $filters declared before required parameter $id_dep is implicitly treated as a required parameter in APPPATH\Models\Model_arsip.php on line 303.
 1 SYSTEMPATH\Autoloader\Autoloader.php(315): include_once('C:\\xampp\\htdocs\\e-arsip_ci4\\system\\Debug\\Exceptions.php')
 2 SYSTEMPATH\Autoloader\Autoloader.php(295): CodeIgniter\Autoloader\Autoloader->includeFile('C:\\xampp\\htdocs\\e-arsip_ci4\\app\\Models\\Model_arsip.php')
 3 SYSTEMPATH\Autoloader\Autoloader.php(271): CodeIgniter\Autoloader\Autoloader->loadInNamespace('App\\Models\\Model_arsip')
 4 APPPATH\Controllers\Cari.php(20): CodeIgniter\Autoloader\Autoloader->loadClass('App\\Models\\Model_arsip')
 5 SYSTEMPATH\CodeIgniter.php(903): App\Controllers\Cari->__construct()
 6 SYSTEMPATH\CodeIgniter.php(498): CodeIgniter\CodeIgniter->createController()
 7 SYSTEMPATH\CodeIgniter.php(354): CodeIgniter\CodeIgniter->handleRequest(null, Object(Config\Cache), false)
 8 SYSTEMPATH\Boot.php(363): CodeIgniter\CodeIgniter->run()
 9 SYSTEMPATH\Boot.php(68): CodeIgniter\Boot::runCodeIgniter(Object(CodeIgniter\CodeIgniter))
10 FCPATH\index.php(59): CodeIgniter\Boot::bootWeb(Object(Config\Paths))
DEBUG - 2025-11-06 03:38:40 --> Session: Class initialized using 'CodeIgniter\Session\Handlers\FileHandler' driver.
DEBUG - 2025-11-06 03:38:40 --> Session: Class initialized using 'CodeIgniter\Session\Handlers\FileHandler' driver.
DEBUG - 2025-11-06 03:38:41 --> Session: Class initialized using 'CodeIgniter\Session\Handlers\FileHandler' driver.
DEBUG - 2025-11-06 03:38:41 --> Session: Class initialized using 'CodeIgniter\Session\Handlers\FileHandler' driver.
DEBUG - 2025-11-06 03:38:42 --> Session: Class initialized using 'CodeIgniter\Session\Handlers\FileHandler' driver.
DEBUG - 2025-11-06 03:38:42 --> Session: Class initialized using 'CodeIgniter\Session\Handlers\FileHandler' driver.
WARNING - 2025-11-06 03:38:42 --> [DEPRECATED] Optional parameter $filters declared before required parameter $id_dep is implicitly treated as a required parameter in APPPATH\Models\Model_arsip.php on line 303.
 1 SYSTEMPATH\Autoloader\Autoloader.php(315): include_once('C:\\xampp\\htdocs\\e-arsip_ci4\\system\\Debug\\Exceptions.php')
 2 SYSTEMPATH\Autoloader\Autoloader.php(295): CodeIgniter\Autoloader\Autoloader->includeFile('C:\\xampp\\htdocs\\e-arsip_ci4\\app\\Models\\Model_arsip.php')
 3 SYSTEMPATH\Autoloader\Autoloader.php(271): CodeIgniter\Autoloader\Autoloader->loadInNamespace('App\\Models\\Model_arsip')
 4 APPPATH\Controllers\Cari.php(20): CodeIgniter\Autoloader\Autoloader->loadClass('App\\Models\\Model_arsip')
 5 SYSTEMPATH\CodeIgniter.php(903): App\Controllers\Cari->__construct()
 6 SYSTEMPATH\CodeIgniter.php(498): CodeIgniter\CodeIgniter->createController()
 7 SYSTEMPATH\CodeIgniter.php(354): CodeIgniter\CodeIgniter->handleRequest(null, Object(Config\Cache), false)
 8 SYSTEMPATH\Boot.php(363): CodeIgniter\CodeIgniter->run()
 9 SYSTEMPATH\Boot.php(68): CodeIgniter\Boot::runCodeIgniter(Object(CodeIgniter\CodeIgniter))
10 FCPATH\index.php(59): CodeIgniter\Boot::bootWeb(Object(Config\Paths))
DEBUG - 2025-11-06 03:38:43 --> Session: Class initialized using 'CodeIgniter\Session\Handlers\FileHandler' driver.
WARNING - 2025-11-06 03:38:43 --> [DEPRECATED] Optional parameter $filters declared before required parameter $id_dep is implicitly treated as a required parameter in APPPATH\Models\Model_arsip.php on line 303.
 1 SYSTEMPATH\Autoloader\Autoloader.php(315): include_once('C:\\xampp\\htdocs\\e-arsip_ci4\\system\\Debug\\Exceptions.php')
 2 SYSTEMPATH\Autoloader\Autoloader.php(295): CodeIgniter\Autoloader\Autoloader->includeFile('C:\\xampp\\htdocs\\e-arsip_ci4\\app\\Models\\Model_arsip.php')
 3 SYSTEMPATH\Autoloader\Autoloader.php(271): CodeIgniter\Autoloader\Autoloader->loadInNamespace('App\\Models\\Model_arsip')
 4 APPPATH\Controllers\Home.php(23): CodeIgniter\Autoloader\Autoloader->loadClass('App\\Models\\Model_arsip')
 5 SYSTEMPATH\CodeIgniter.php(903): App\Controllers\Home->__construct()
 6 SYSTEMPATH\CodeIgniter.php(498): CodeIgniter\CodeIgniter->createController()
 7 SYSTEMPATH\CodeIgniter.php(354): CodeIgniter\CodeIgniter->handleRequest(null, Object(Config\Cache), false)
 8 SYSTEMPATH\Boot.php(363): CodeIgniter\CodeIgniter->run()
 9 SYSTEMPATH\Boot.php(68): CodeIgniter\Boot::runCodeIgniter(Object(CodeIgniter\CodeIgniter))
10 FCPATH\index.php(59): CodeIgniter\Boot::bootWeb(Object(Config\Paths))
DEBUG - 2025-11-06 03:38:44 --> Session: Class initialized using 'CodeIgniter\Session\Handlers\FileHandler' driver.
DEBUG - 2025-11-06 03:38:44 --> Session: Class initialized using 'CodeIgniter\Session\Handlers\FileHandler' driver.
DEBUG - 2025-11-06 03:38:48 --> Session: Class initialized using 'CodeIgniter\Session\Handlers\FileHandler' driver.
DEBUG - 2025-11-06 03:38:49 --> Session: Class initialized using 'CodeIgniter\Session\Handlers\FileHandler' driver.
WARNING - 2025-11-06 03:38:49 --> [DEPRECATED] Optional parameter $filters declared before required parameter $id_dep is implicitly treated as a required parameter in APPPATH\Models\Model_arsip.php on line 303.
 1 SYSTEMPATH\Autoloader\Autoloader.php(315): include_once('C:\\xampp\\htdocs\\e-arsip_ci4\\system\\Debug\\Exceptions.php')
 2 SYSTEMPATH\Autoloader\Autoloader.php(295): CodeIgniter\Autoloader\Autoloader->includeFile('C:\\xampp\\htdocs\\e-arsip_ci4\\app\\Models\\Model_arsip.php')
 3 SYSTEMPATH\Autoloader\Autoloader.php(271): CodeIgniter\Autoloader\Autoloader->loadInNamespace('App\\Models\\Model_arsip')
 4 APPPATH\Controllers\Cari.php(20): CodeIgniter\Autoloader\Autoloader->loadClass('App\\Models\\Model_arsip')
 5 SYSTEMPATH\CodeIgniter.php(903): App\Controllers\Cari->__construct()
 6 SYSTEMPATH\CodeIgniter.php(498): CodeIgniter\CodeIgniter->createController()
 7 SYSTEMPATH\CodeIgniter.php(354): CodeIgniter\CodeIgniter->handleRequest(null, Object(Config\Cache), false)
 8 SYSTEMPATH\Boot.php(363): CodeIgniter\CodeIgniter->run()
 9 SYSTEMPATH\Boot.php(68): CodeIgniter\Boot::runCodeIgniter(Object(CodeIgniter\CodeIgniter))
10 FCPATH\index.php(59): CodeIgniter\Boot::bootWeb(Object(Config\Paths))
DEBUG - 2025-11-06 03:38:49 --> Session: Class initialized using 'CodeIgniter\Session\Handlers\FileHandler' driver.
WARNING - 2025-11-06 03:38:49 --> [DEPRECATED] Optional parameter $filters declared before required parameter $id_dep is implicitly treated as a required parameter in APPPATH\Models\Model_arsip.php on line 303.
 1 SYSTEMPATH\Autoloader\Autoloader.php(315): include_once('C:\\xampp\\htdocs\\e-arsip_ci4\\system\\Debug\\Exceptions.php')
 2 SYSTEMPATH\Autoloader\Autoloader.php(295): CodeIgniter\Autoloader\Autoloader->includeFile('C:\\xampp\\htdocs\\e-arsip_ci4\\app\\Models\\Model_arsip.php')
 3 SYSTEMPATH\Autoloader\Autoloader.php(271): CodeIgniter\Autoloader\Autoloader->loadInNamespace('App\\Models\\Model_arsip')
 4 APPPATH\Controllers\Cari.php(20): CodeIgniter\Autoloader\Autoloader->loadClass('App\\Models\\Model_arsip')
 5 SYSTEMPATH\CodeIgniter.php(903): App\Controllers\Cari->__construct()
 6 SYSTEMPATH\CodeIgniter.php(498): CodeIgniter\CodeIgniter->createController()
 7 SYSTEMPATH\CodeIgniter.php(354): CodeIgniter\CodeIgniter->handleRequest(null, Object(Config\Cache), false)
 8 SYSTEMPATH\Boot.php(363): CodeIgniter\CodeIgniter->run()
 9 SYSTEMPATH\Boot.php(68): CodeIgniter\Boot::runCodeIgniter(Object(CodeIgniter\CodeIgniter))
10 FCPATH\index.php(59): CodeIgniter\Boot::bootWeb(Object(Config\Paths))
DEBUG - 2025-11-06 03:38:49 --> Session: Class initialized using 'CodeIgniter\Session\Handlers\FileHandler' driver.
WARNING - 2025-11-06 03:38:49 --> [DEPRECATED] Optional parameter $filters declared before required parameter $id_dep is implicitly treated as a required parameter in APPPATH\Models\Model_arsip.php on line 303.
 1 SYSTEMPATH\Autoloader\Autoloader.php(315): include_once('C:\\xampp\\htdocs\\e-arsip_ci4\\system\\Debug\\Exceptions.php')
 2 SYSTEMPATH\Autoloader\Autoloader.php(295): CodeIgniter\Autoloader\Autoloader->includeFile('C:\\xampp\\htdocs\\e-arsip_ci4\\app\\Models\\Model_arsip.php')
 3 SYSTEMPATH\Autoloader\Autoloader.php(271): CodeIgniter\Autoloader\Autoloader->loadInNamespace('App\\Models\\Model_arsip')
 4 APPPATH\Controllers\Cari.php(20): CodeIgniter\Autoloader\Autoloader->loadClass('App\\Models\\Model_arsip')
 5 SYSTEMPATH\CodeIgniter.php(903): App\Controllers\Cari->__construct()
 6 SYSTEMPATH\CodeIgniter.php(498): CodeIgniter\CodeIgniter->createController()
 7 SYSTEMPATH\CodeIgniter.php(354): CodeIgniter\CodeIgniter->handleRequest(null, Object(Config\Cache), false)
 8 SYSTEMPATH\Boot.php(363): CodeIgniter\CodeIgniter->run()
 9 SYSTEMPATH\Boot.php(68): CodeIgniter\Boot::runCodeIgniter(Object(CodeIgniter\CodeIgniter))
10 FCPATH\index.php(59): CodeIgniter\Boot::bootWeb(Object(Config\Paths))
DEBUG - 2025-11-06 03:38:50 --> Session: Class initialized using 'CodeIgniter\Session\Handlers\FileHandler' driver.
WARNING - 2025-11-06 03:38:50 --> [DEPRECATED] Optional parameter $filters declared before required parameter $id_dep is implicitly treated as a required parameter in APPPATH\Models\Model_arsip.php on line 303.
 1 SYSTEMPATH\Autoloader\Autoloader.php(315): include_once('C:\\xampp\\htdocs\\e-arsip_ci4\\system\\Debug\\Exceptions.php')
 2 SYSTEMPATH\Autoloader\Autoloader.php(295): CodeIgniter\Autoloader\Autoloader->includeFile('C:\\xampp\\htdocs\\e-arsip_ci4\\app\\Models\\Model_arsip.php')
 3 SYSTEMPATH\Autoloader\Autoloader.php(271): CodeIgniter\Autoloader\Autoloader->loadInNamespace('App\\Models\\Model_arsip')
 4 APPPATH\Controllers\Cari.php(20): CodeIgniter\Autoloader\Autoloader->loadClass('App\\Models\\Model_arsip')
 5 SYSTEMPATH\CodeIgniter.php(903): App\Controllers\Cari->__construct()
 6 SYSTEMPATH\CodeIgniter.php(498): CodeIgniter\CodeIgniter->createController()
 7 SYSTEMPATH\CodeIgniter.php(354): CodeIgniter\CodeIgniter->handleRequest(null, Object(Config\Cache), false)
 8 SYSTEMPATH\Boot.php(363): CodeIgniter\CodeIgniter->run()
 9 SYSTEMPATH\Boot.php(68): CodeIgniter\Boot::runCodeIgniter(Object(CodeIgniter\CodeIgniter))
10 FCPATH\index.php(59): CodeIgniter\Boot::bootWeb(Object(Config\Paths))
DEBUG - 2025-11-06 03:38:50 --> Session: Class initialized using 'CodeIgniter\Session\Handlers\FileHandler' driver.
WARNING - 2025-11-06 03:38:50 --> [DEPRECATED] Optional parameter $filters declared before required parameter $id_dep is implicitly treated as a required parameter in APPPATH\Models\Model_arsip.php on line 303.
 1 SYSTEMPATH\Autoloader\Autoloader.php(315): include_once('C:\\xampp\\htdocs\\e-arsip_ci4\\system\\Debug\\Exceptions.php')
 2 SYSTEMPATH\Autoloader\Autoloader.php(295): CodeIgniter\Autoloader\Autoloader->includeFile('C:\\xampp\\htdocs\\e-arsip_ci4\\app\\Models\\Model_arsip.php')
 3 SYSTEMPATH\Autoloader\Autoloader.php(271): CodeIgniter\Autoloader\Autoloader->loadInNamespace('App\\Models\\Model_arsip')
 4 APPPATH\Controllers\Cari.php(20): CodeIgniter\Autoloader\Autoloader->loadClass('App\\Models\\Model_arsip')
 5 SYSTEMPATH\CodeIgniter.php(903): App\Controllers\Cari->__construct()
 6 SYSTEMPATH\CodeIgniter.php(498): CodeIgniter\CodeIgniter->createController()
 7 SYSTEMPATH\CodeIgniter.php(354): CodeIgniter\CodeIgniter->handleRequest(null, Object(Config\Cache), false)
 8 SYSTEMPATH\Boot.php(363): CodeIgniter\CodeIgniter->run()
 9 SYSTEMPATH\Boot.php(68): CodeIgniter\Boot::runCodeIgniter(Object(CodeIgniter\CodeIgniter))
10 FCPATH\index.php(59): CodeIgniter\Boot::bootWeb(Object(Config\Paths))
DEBUG - 2025-11-06 03:38:52 --> Session: Class initialized using 'CodeIgniter\Session\Handlers\FileHandler' driver.
DEBUG - 2025-11-06 03:38:56 --> Session: Class initialized using 'CodeIgniter\Session\Handlers\FileHandler' driver.
WARNING - 2025-11-06 03:38:56 --> [DEPRECATED] Optional parameter $filters declared before required parameter $id_dep is implicitly treated as a required parameter in APPPATH\Models\Model_arsip.php on line 303.
 1 SYSTEMPATH\Autoloader\Autoloader.php(315): include_once('C:\\xampp\\htdocs\\e-arsip_ci4\\system\\Debug\\Exceptions.php')
 2 SYSTEMPATH\Autoloader\Autoloader.php(295): CodeIgniter\Autoloader\Autoloader->includeFile('C:\\xampp\\htdocs\\e-arsip_ci4\\app\\Models\\Model_arsip.php')
 3 SYSTEMPATH\Autoloader\Autoloader.php(271): CodeIgniter\Autoloader\Autoloader->loadInNamespace('App\\Models\\Model_arsip')
 4 APPPATH\Controllers\Home.php(23): CodeIgniter\Autoloader\Autoloader->loadClass('App\\Models\\Model_arsip')
 5 SYSTEMPATH\CodeIgniter.php(903): App\Controllers\Home->__construct()
 6 SYSTEMPATH\CodeIgniter.php(498): CodeIgniter\CodeIgniter->createController()
 7 SYSTEMPATH\CodeIgniter.php(354): CodeIgniter\CodeIgniter->handleRequest(null, Object(Config\Cache), false)
 8 SYSTEMPATH\Boot.php(363): CodeIgniter\CodeIgniter->run()
 9 SYSTEMPATH\Boot.php(68): CodeIgniter\Boot::runCodeIgniter(Object(CodeIgniter\CodeIgniter))
10 FCPATH\index.php(59): CodeIgniter\Boot::bootWeb(Object(Config\Paths))
DEBUG - 2025-11-06 03:39:01 --> Session: Class initialized using 'CodeIgniter\Session\Handlers\FileHandler' driver.
DEBUG - 2025-11-06 03:39:01 --> Session: Class initialized using 'CodeIgniter\Session\Handlers\FileHandler' driver.
DEBUG - 2025-11-06 03:39:10 --> Session: Class initialized using 'CodeIgniter\Session\Handlers\FileHandler' driver.
DEBUG - 2025-11-06 03:39:10 --> Session: Class initialized using 'CodeIgniter\Session\Handlers\FileHandler' driver.
WARNING - 2025-11-06 03:39:10 --> [DEPRECATED] Optional parameter $filters declared before required parameter $id_dep is implicitly treated as a required parameter in APPPATH\Models\Model_arsip.php on line 303.
 1 SYSTEMPATH\Autoloader\Autoloader.php(315): include_once('C:\\xampp\\htdocs\\e-arsip_ci4\\system\\Debug\\Exceptions.php')
 2 SYSTEMPATH\Autoloader\Autoloader.php(295): CodeIgniter\Autoloader\Autoloader->includeFile('C:\\xampp\\htdocs\\e-arsip_ci4\\app\\Models\\Model_arsip.php')
 3 SYSTEMPATH\Autoloader\Autoloader.php(271): CodeIgniter\Autoloader\Autoloader->loadInNamespace('App\\Models\\Model_arsip')
 4 APPPATH\Controllers\Home.php(23): CodeIgniter\Autoloader\Autoloader->loadClass('App\\Models\\Model_arsip')
 5 SYSTEMPATH\CodeIgniter.php(903): App\Controllers\Home->__construct()
 6 SYSTEMPATH\CodeIgniter.php(498): CodeIgniter\CodeIgniter->createController()
 7 SYSTEMPATH\CodeIgniter.php(354): CodeIgniter\CodeIgniter->handleRequest(null, Object(Config\Cache), false)
 8 SYSTEMPATH\Boot.php(363): CodeIgniter\CodeIgniter->run()
 9 SYSTEMPATH\Boot.php(68): CodeIgniter\Boot::runCodeIgniter(Object(CodeIgniter\CodeIgniter))
10 FCPATH\index.php(59): CodeIgniter\Boot::bootWeb(Object(Config\Paths))
DEBUG - 2025-11-06 03:39:19 --> Session: Class initialized using 'CodeIgniter\Session\Handlers\FileHandler' driver.
DEBUG - 2025-11-06 03:39:19 --> Session: Class initialized using 'CodeIgniter\Session\Handlers\FileHandler' driver.
DEBUG - 2025-11-06 03:39:27 --> Session: Class initialized using 'CodeIgniter\Session\Handlers\FileHandler' driver.
DEBUG - 2025-11-06 03:39:27 --> Session: Class initialized using 'CodeIgniter\Session\Handlers\FileHandler' driver.
WARNING - 2025-11-06 03:39:27 --> [DEPRECATED] Optional parameter $filters declared before required parameter $id_dep is implicitly treated as a required parameter in APPPATH\Models\Model_arsip.php on line 303.
 1 SYSTEMPATH\Autoloader\Autoloader.php(315): include_once('C:\\xampp\\htdocs\\e-arsip_ci4\\system\\Debug\\Exceptions.php')
 2 SYSTEMPATH\Autoloader\Autoloader.php(295): CodeIgniter\Autoloader\Autoloader->includeFile('C:\\xampp\\htdocs\\e-arsip_ci4\\app\\Models\\Model_arsip.php')
 3 SYSTEMPATH\Autoloader\Autoloader.php(271): CodeIgniter\Autoloader\Autoloader->loadInNamespace('App\\Models\\Model_arsip')
 4 APPPATH\Controllers\Home.php(23): CodeIgniter\Autoloader\Autoloader->loadClass('App\\Models\\Model_arsip')
 5 SYSTEMPATH\CodeIgniter.php(903): App\Controllers\Home->__construct()
 6 SYSTEMPATH\CodeIgniter.php(498): CodeIgniter\CodeIgniter->createController()
 7 SYSTEMPATH\CodeIgniter.php(354): CodeIgniter\CodeIgniter->handleRequest(null, Object(Config\Cache), false)
 8 SYSTEMPATH\Boot.php(363): CodeIgniter\CodeIgniter->run()
 9 SYSTEMPATH\Boot.php(68): CodeIgniter\Boot::runCodeIgniter(Object(CodeIgniter\CodeIgniter))
10 FCPATH\index.php(59): CodeIgniter\Boot::bootWeb(Object(Config\Paths))
DEBUG - 2025-11-06 03:39:29 --> Session: Class initialized using 'CodeIgniter\Session\Handlers\FileHandler' driver.
WARNING - 2025-11-06 03:39:29 --> [DEPRECATED] Optional parameter $filters declared before required parameter $id_dep is implicitly treated as a required parameter in APPPATH\Models\Model_arsip.php on line 303.
 1 SYSTEMPATH\Autoloader\Autoloader.php(315): include_once('C:\\xampp\\htdocs\\e-arsip_ci4\\system\\Debug\\Exceptions.php')
 2 SYSTEMPATH\Autoloader\Autoloader.php(295): CodeIgniter\Autoloader\Autoloader->includeFile('C:\\xampp\\htdocs\\e-arsip_ci4\\app\\Models\\Model_arsip.php')
 3 SYSTEMPATH\Autoloader\Autoloader.php(271): CodeIgniter\Autoloader\Autoloader->loadInNamespace('App\\Models\\Model_arsip')
 4 APPPATH\Controllers\Cari.php(20): CodeIgniter\Autoloader\Autoloader->loadClass('App\\Models\\Model_arsip')
 5 SYSTEMPATH\CodeIgniter.php(903): App\Controllers\Cari->__construct()
 6 SYSTEMPATH\CodeIgniter.php(498): CodeIgniter\CodeIgniter->createController()
 7 SYSTEMPATH\CodeIgniter.php(354): CodeIgniter\CodeIgniter->handleRequest(null, Object(Config\Cache), false)
 8 SYSTEMPATH\Boot.php(363): CodeIgniter\CodeIgniter->run()
 9 SYSTEMPATH\Boot.php(68): CodeIgniter\Boot::runCodeIgniter(Object(CodeIgniter\CodeIgniter))
10 FCPATH\index.php(59): CodeIgniter\Boot::bootWeb(Object(Config\Paths))
DEBUG - 2025-11-06 03:39:30 --> Session: Class initialized using 'CodeIgniter\Session\Handlers\FileHandler' driver.
DEBUG - 2025-11-06 03:39:31 --> AUDIT DEBUG -> id_user: 42, username: dwiky_keu
DEBUG - 2025-11-06 03:39:31 --> Session: Class initialized using 'CodeIgniter\Session\Handlers\FileHandler' driver.
WARNING - 2025-11-06 03:39:31 --> [DEPRECATED] Optional parameter $filters declared before required parameter $id_dep is implicitly treated as a required parameter in APPPATH\Models\Model_arsip.php on line 303.
 1 SYSTEMPATH\Autoloader\Autoloader.php(315): include_once('C:\\xampp\\htdocs\\e-arsip_ci4\\system\\Debug\\Exceptions.php')
 2 SYSTEMPATH\Autoloader\Autoloader.php(295): CodeIgniter\Autoloader\Autoloader->includeFile('C:\\xampp\\htdocs\\e-arsip_ci4\\app\\Models\\Model_arsip.php')
 3 SYSTEMPATH\Autoloader\Autoloader.php(271): CodeIgniter\Autoloader\Autoloader->loadInNamespace('App\\Models\\Model_arsip')
 4 APPPATH\Controllers\Home.php(23): CodeIgniter\Autoloader\Autoloader->loadClass('App\\Models\\Model_arsip')
 5 SYSTEMPATH\CodeIgniter.php(903): App\Controllers\Home->__construct()
 6 SYSTEMPATH\CodeIgniter.php(498): CodeIgniter\CodeIgniter->createController()
 7 SYSTEMPATH\CodeIgniter.php(354): CodeIgniter\CodeIgniter->handleRequest(null, Object(Config\Cache), false)
 8 SYSTEMPATH\Boot.php(363): CodeIgniter\CodeIgniter->run()
 9 SYSTEMPATH\Boot.php(68): CodeIgniter\Boot::runCodeIgniter(Object(CodeIgniter\CodeIgniter))
10 FCPATH\index.php(59): CodeIgniter\Boot::bootWeb(Object(Config\Paths))
DEBUG - 2025-11-06 03:39:34 --> Session: Class initialized using 'CodeIgniter\Session\Handlers\FileHandler' driver.
WARNING - 2025-11-06 03:39:34 --> [DEPRECATED] Optional parameter $filters declared before required parameter $id_dep is implicitly treated as a required parameter in APPPATH\Models\Model_arsip.php on line 303.
 1 SYSTEMPATH\Autoloader\Autoloader.php(315): include_once('C:\\xampp\\htdocs\\e-arsip_ci4\\system\\Debug\\Exceptions.php')
 2 SYSTEMPATH\Autoloader\Autoloader.php(295): CodeIgniter\Autoloader\Autoloader->includeFile('C:\\xampp\\htdocs\\e-arsip_ci4\\app\\Models\\Model_arsip.php')
 3 SYSTEMPATH\Autoloader\Autoloader.php(271): CodeIgniter\Autoloader\Autoloader->loadInNamespace('App\\Models\\Model_arsip')
 4 APPPATH\Controllers\Cari.php(20): CodeIgniter\Autoloader\Autoloader->loadClass('App\\Models\\Model_arsip')
 5 SYSTEMPATH\CodeIgniter.php(903): App\Controllers\Cari->__construct()
 6 SYSTEMPATH\CodeIgniter.php(498): CodeIgniter\CodeIgniter->createController()
 7 SYSTEMPATH\CodeIgniter.php(354): CodeIgniter\CodeIgniter->handleRequest(null, Object(Config\Cache), false)
 8 SYSTEMPATH\Boot.php(363): CodeIgniter\CodeIgniter->run()
 9 SYSTEMPATH\Boot.php(68): CodeIgniter\Boot::runCodeIgniter(Object(CodeIgniter\CodeIgniter))
10 FCPATH\index.php(59): CodeIgniter\Boot::bootWeb(Object(Config\Paths))
DEBUG - 2025-11-06 03:39:36 --> Session: Class initialized using 'CodeIgniter\Session\Handlers\FileHandler' driver.
DEBUG - 2025-11-06 03:39:37 --> Session: Class initialized using 'CodeIgniter\Session\Handlers\FileHandler' driver.
DEBUG - 2025-11-06 03:39:37 --> Session: Class initialized using 'CodeIgniter\Session\Handlers\FileHandler' driver.
WARNING - 2025-11-06 03:39:37 --> [DEPRECATED] Optional parameter $filters declared before required parameter $id_dep is implicitly treated as a required parameter in APPPATH\Models\Model_arsip.php on line 303.
 1 SYSTEMPATH\Autoloader\Autoloader.php(315): include_once('C:\\xampp\\htdocs\\e-arsip_ci4\\system\\Debug\\Exceptions.php')
 2 SYSTEMPATH\Autoloader\Autoloader.php(295): CodeIgniter\Autoloader\Autoloader->includeFile('C:\\xampp\\htdocs\\e-arsip_ci4\\app\\Models\\Model_arsip.php')
 3 SYSTEMPATH\Autoloader\Autoloader.php(271): CodeIgniter\Autoloader\Autoloader->loadInNamespace('App\\Models\\Model_arsip')
 4 APPPATH\Controllers\Cari.php(20): CodeIgniter\Autoloader\Autoloader->loadClass('App\\Models\\Model_arsip')
 5 SYSTEMPATH\CodeIgniter.php(903): App\Controllers\Cari->__construct()
 6 SYSTEMPATH\CodeIgniter.php(498): CodeIgniter\CodeIgniter->createController()
 7 SYSTEMPATH\CodeIgniter.php(354): CodeIgniter\CodeIgniter->handleRequest(null, Object(Config\Cache), false)
 8 SYSTEMPATH\Boot.php(363): CodeIgniter\CodeIgniter->run()
 9 SYSTEMPATH\Boot.php(68): CodeIgniter\Boot::runCodeIgniter(Object(CodeIgniter\CodeIgniter))
10 FCPATH\index.php(59): CodeIgniter\Boot::bootWeb(Object(Config\Paths))
DEBUG - 2025-11-06 03:39:45 --> Session: Class initialized using 'CodeIgniter\Session\Handlers\FileHandler' driver.
DEBUG - 2025-11-06 03:39:45 --> Session: Class initialized using 'CodeIgniter\Session\Handlers\FileHandler' driver.
WARNING - 2025-11-06 03:39:45 --> [DEPRECATED] Optional parameter $filters declared before required parameter $id_dep is implicitly treated as a required parameter in APPPATH\Models\Model_arsip.php on line 303.
 1 SYSTEMPATH\Autoloader\Autoloader.php(315): include_once('C:\\xampp\\htdocs\\e-arsip_ci4\\system\\Debug\\Exceptions.php')
 2 SYSTEMPATH\Autoloader\Autoloader.php(295): CodeIgniter\Autoloader\Autoloader->includeFile('C:\\xampp\\htdocs\\e-arsip_ci4\\app\\Models\\Model_arsip.php')
 3 SYSTEMPATH\Autoloader\Autoloader.php(271): CodeIgniter\Autoloader\Autoloader->loadInNamespace('App\\Models\\Model_arsip')
 4 APPPATH\Controllers\Home.php(23): CodeIgniter\Autoloader\Autoloader->loadClass('App\\Models\\Model_arsip')
 5 SYSTEMPATH\CodeIgniter.php(903): App\Controllers\Home->__construct()
 6 SYSTEMPATH\CodeIgniter.php(498): CodeIgniter\CodeIgniter->createController()
 7 SYSTEMPATH\CodeIgniter.php(354): CodeIgniter\CodeIgniter->handleRequest(null, Object(Config\Cache), false)
 8 SYSTEMPATH\Boot.php(363): CodeIgniter\CodeIgniter->run()
 9 SYSTEMPATH\Boot.php(68): CodeIgniter\Boot::runCodeIgniter(Object(CodeIgniter\CodeIgniter))
10 FCPATH\index.php(59): CodeIgniter\Boot::bootWeb(Object(Config\Paths))
DEBUG - 2025-11-06 03:39:48 --> Session: Class initialized using 'CodeIgniter\Session\Handlers\FileHandler' driver.
DEBUG - 2025-11-06 03:39:48 --> Session: Class initialized using 'CodeIgniter\Session\Handlers\FileHandler' driver.
DEBUG - 2025-11-06 03:39:51 --> Session: Class initialized using 'CodeIgniter\Session\Handlers\FileHandler' driver.
DEBUG - 2025-11-06 03:39:52 --> Session: Class initialized using 'CodeIgniter\Session\Handlers\FileHandler' driver.
WARNING - 2025-11-06 03:39:52 --> [DEPRECATED] Optional parameter $filters declared before required parameter $id_dep is implicitly treated as a required parameter in APPPATH\Models\Model_arsip.php on line 303.
 1 SYSTEMPATH\Autoloader\Autoloader.php(315): include_once('C:\\xampp\\htdocs\\e-arsip_ci4\\system\\Debug\\Exceptions.php')
 2 SYSTEMPATH\Autoloader\Autoloader.php(295): CodeIgniter\Autoloader\Autoloader->includeFile('C:\\xampp\\htdocs\\e-arsip_ci4\\app\\Models\\Model_arsip.php')
 3 SYSTEMPATH\Autoloader\Autoloader.php(271): CodeIgniter\Autoloader\Autoloader->loadInNamespace('App\\Models\\Model_arsip')
 4 APPPATH\Controllers\Home.php(23): CodeIgniter\Autoloader\Autoloader->loadClass('App\\Models\\Model_arsip')
 5 SYSTEMPATH\CodeIgniter.php(903): App\Controllers\Home->__construct()
 6 SYSTEMPATH\CodeIgniter.php(498): CodeIgniter\CodeIgniter->createController()
 7 SYSTEMPATH\CodeIgniter.php(354): CodeIgniter\CodeIgniter->handleRequest(null, Object(Config\Cache), false)
 8 SYSTEMPATH\Boot.php(363): CodeIgniter\CodeIgniter->run()
 9 SYSTEMPATH\Boot.php(68): CodeIgniter\Boot::runCodeIgniter(Object(CodeIgniter\CodeIgniter))
10 FCPATH\index.php(59): CodeIgniter\Boot::bootWeb(Object(Config\Paths))
DEBUG - 2025-11-06 03:39:59 --> Session: Class initialized using 'CodeIgniter\Session\Handlers\FileHandler' driver.
DEBUG - 2025-11-06 03:39:59 --> Session: Class initialized using 'CodeIgniter\Session\Handlers\FileHandler' driver.
DEBUG - 2025-11-06 03:40:14 --> Session: Class initialized using 'CodeIgniter\Session\Handlers\FileHandler' driver.
WARNING - 2025-11-06 03:40:14 --> [DEPRECATED] Optional parameter $filters declared before required parameter $id_dep is implicitly treated as a required parameter in APPPATH\Models\Model_arsip.php on line 303.
 1 SYSTEMPATH\Autoloader\Autoloader.php(315): include_once('C:\\xampp\\htdocs\\e-arsip_ci4\\system\\Debug\\Exceptions.php')
 2 SYSTEMPATH\Autoloader\Autoloader.php(295): CodeIgniter\Autoloader\Autoloader->includeFile('C:\\xampp\\htdocs\\e-arsip_ci4\\app\\Models\\Model_arsip.php')
 3 SYSTEMPATH\Autoloader\Autoloader.php(271): CodeIgniter\Autoloader\Autoloader->loadInNamespace('App\\Models\\Model_arsip')
 4 APPPATH\Controllers\Cari.php(20): CodeIgniter\Autoloader\Autoloader->loadClass('App\\Models\\Model_arsip')
 5 SYSTEMPATH\CodeIgniter.php(903): App\Controllers\Cari->__construct()
 6 SYSTEMPATH\CodeIgniter.php(498): CodeIgniter\CodeIgniter->createController()
 7 SYSTEMPATH\CodeIgniter.php(354): CodeIgniter\CodeIgniter->handleRequest(null, Object(Config\Cache), false)
 8 SYSTEMPATH\Boot.php(363): CodeIgniter\CodeIgniter->run()
 9 SYSTEMPATH\Boot.php(68): CodeIgniter\Boot::runCodeIgniter(Object(CodeIgniter\CodeIgniter))
10 FCPATH\index.php(59): CodeIgniter\Boot::bootWeb(Object(Config\Paths))
DEBUG - 2025-11-06 03:40:19 --> Session: Class initialized using 'CodeIgniter\Session\Handlers\FileHandler' driver.
WARNING - 2025-11-06 03:40:19 --> [DEPRECATED] Optional parameter $filters declared before required parameter $id_dep is implicitly treated as a required parameter in APPPATH\Models\Model_arsip.php on line 303.
 1 SYSTEMPATH\Autoloader\Autoloader.php(315): include_once('C:\\xampp\\htdocs\\e-arsip_ci4\\system\\Debug\\Exceptions.php')
 2 SYSTEMPATH\Autoloader\Autoloader.php(295): CodeIgniter\Autoloader\Autoloader->includeFile('C:\\xampp\\htdocs\\e-arsip_ci4\\app\\Models\\Model_arsip.php')
 3 SYSTEMPATH\Autoloader\Autoloader.php(271): CodeIgniter\Autoloader\Autoloader->loadInNamespace('App\\Models\\Model_arsip')
 4 APPPATH\Controllers\Cari.php(20): CodeIgniter\Autoloader\Autoloader->loadClass('App\\Models\\Model_arsip')
 5 SYSTEMPATH\CodeIgniter.php(903): App\Controllers\Cari->__construct()
 6 SYSTEMPATH\CodeIgniter.php(498): CodeIgniter\CodeIgniter->createController()
 7 SYSTEMPATH\CodeIgniter.php(354): CodeIgniter\CodeIgniter->handleRequest(null, Object(Config\Cache), false)
 8 SYSTEMPATH\Boot.php(363): CodeIgniter\CodeIgniter->run()
 9 SYSTEMPATH\Boot.php(68): CodeIgniter\Boot::runCodeIgniter(Object(CodeIgniter\CodeIgniter))
10 FCPATH\index.php(59): CodeIgniter\Boot::bootWeb(Object(Config\Paths))
DEBUG - 2025-11-06 03:40:21 --> Session: Class initialized using 'CodeIgniter\Session\Handlers\FileHandler' driver.
WARNING - 2025-11-06 03:40:21 --> [DEPRECATED] Optional parameter $filters declared before required parameter $id_dep is implicitly treated as a required parameter in APPPATH\Models\Model_arsip.php on line 303.
 1 SYSTEMPATH\Autoloader\Autoloader.php(315): include_once('C:\\xampp\\htdocs\\e-arsip_ci4\\system\\Debug\\Exceptions.php')
 2 SYSTEMPATH\Autoloader\Autoloader.php(295): CodeIgniter\Autoloader\Autoloader->includeFile('C:\\xampp\\htdocs\\e-arsip_ci4\\app\\Models\\Model_arsip.php')
 3 SYSTEMPATH\Autoloader\Autoloader.php(271): CodeIgniter\Autoloader\Autoloader->loadInNamespace('App\\Models\\Model_arsip')
 4 APPPATH\Controllers\Cari.php(20): CodeIgniter\Autoloader\Autoloader->loadClass('App\\Models\\Model_arsip')
 5 SYSTEMPATH\CodeIgniter.php(903): App\Controllers\Cari->__construct()
 6 SYSTEMPATH\CodeIgniter.php(498): CodeIgniter\CodeIgniter->createController()
 7 SYSTEMPATH\CodeIgniter.php(354): CodeIgniter\CodeIgniter->handleRequest(null, Object(Config\Cache), false)
 8 SYSTEMPATH\Boot.php(363): CodeIgniter\CodeIgniter->run()
 9 SYSTEMPATH\Boot.php(68): CodeIgniter\Boot::runCodeIgniter(Object(CodeIgniter\CodeIgniter))
10 FCPATH\index.php(59): CodeIgniter\Boot::bootWeb(Object(Config\Paths))
DEBUG - 2025-11-06 03:40:24 --> Session: Class initialized using 'CodeIgniter\Session\Handlers\FileHandler' driver.
WARNING - 2025-11-06 03:40:24 --> [DEPRECATED] Optional parameter $filters declared before required parameter $id_dep is implicitly treated as a required parameter in APPPATH\Models\Model_arsip.php on line 303.
 1 SYSTEMPATH\Autoloader\Autoloader.php(315): include_once('C:\\xampp\\htdocs\\e-arsip_ci4\\system\\Debug\\Exceptions.php')
 2 SYSTEMPATH\Autoloader\Autoloader.php(295): CodeIgniter\Autoloader\Autoloader->includeFile('C:\\xampp\\htdocs\\e-arsip_ci4\\app\\Models\\Model_arsip.php')
 3 SYSTEMPATH\Autoloader\Autoloader.php(271): CodeIgniter\Autoloader\Autoloader->loadInNamespace('App\\Models\\Model_arsip')
 4 APPPATH\Controllers\Cari.php(20): CodeIgniter\Autoloader\Autoloader->loadClass('App\\Models\\Model_arsip')
 5 SYSTEMPATH\CodeIgniter.php(903): App\Controllers\Cari->__construct()
 6 SYSTEMPATH\CodeIgniter.php(498): CodeIgniter\CodeIgniter->createController()
 7 SYSTEMPATH\CodeIgniter.php(354): CodeIgniter\CodeIgniter->handleRequest(null, Object(Config\Cache), false)
 8 SYSTEMPATH\Boot.php(363): CodeIgniter\CodeIgniter->run()
 9 SYSTEMPATH\Boot.php(68): CodeIgniter\Boot::runCodeIgniter(Object(CodeIgniter\CodeIgniter))
10 FCPATH\index.php(59): CodeIgniter\Boot::bootWeb(Object(Config\Paths))
DEBUG - 2025-11-06 03:40:25 --> Session: Class initialized using 'CodeIgniter\Session\Handlers\FileHandler' driver.
DEBUG - 2025-11-06 03:40:25 --> AUDIT DEBUG -> id_user: 42, username: dwiky_keu
DEBUG - 2025-11-06 03:40:25 --> Session: Class initialized using 'CodeIgniter\Session\Handlers\FileHandler' driver.
WARNING - 2025-11-06 03:40:25 --> [DEPRECATED] Optional parameter $filters declared before required parameter $id_dep is implicitly treated as a required parameter in APPPATH\Models\Model_arsip.php on line 303.
 1 SYSTEMPATH\Autoloader\Autoloader.php(315): include_once('C:\\xampp\\htdocs\\e-arsip_ci4\\system\\Debug\\Exceptions.php')
 2 SYSTEMPATH\Autoloader\Autoloader.php(295): CodeIgniter\Autoloader\Autoloader->includeFile('C:\\xampp\\htdocs\\e-arsip_ci4\\app\\Models\\Model_arsip.php')
 3 SYSTEMPATH\Autoloader\Autoloader.php(271): CodeIgniter\Autoloader\Autoloader->loadInNamespace('App\\Models\\Model_arsip')
 4 APPPATH\Controllers\Home.php(23): CodeIgniter\Autoloader\Autoloader->loadClass('App\\Models\\Model_arsip')
 5 SYSTEMPATH\CodeIgniter.php(903): App\Controllers\Home->__construct()
 6 SYSTEMPATH\CodeIgniter.php(498): CodeIgniter\CodeIgniter->createController()
 7 SYSTEMPATH\CodeIgniter.php(354): CodeIgniter\CodeIgniter->handleRequest(null, Object(Config\Cache), false)
 8 SYSTEMPATH\Boot.php(363): CodeIgniter\CodeIgniter->run()
 9 SYSTEMPATH\Boot.php(68): CodeIgniter\Boot::runCodeIgniter(Object(CodeIgniter\CodeIgniter))
10 FCPATH\index.php(59): CodeIgniter\Boot::bootWeb(Object(Config\Paths))
DEBUG - 2025-11-06 03:40:27 --> Session: Class initialized using 'CodeIgniter\Session\Handlers\FileHandler' driver.
DEBUG - 2025-11-06 03:40:27 --> Session: Class initialized using 'CodeIgniter\Session\Handlers\FileHandler' driver.
DEBUG - 2025-11-06 03:40:27 --> Session: Class initialized using 'CodeIgniter\Session\Handlers\FileHandler' driver.
WARNING - 2025-11-06 03:40:27 --> [DEPRECATED] Optional parameter $filters declared before required parameter $id_dep is implicitly treated as a required parameter in APPPATH\Models\Model_arsip.php on line 303.
 1 SYSTEMPATH\Autoloader\Autoloader.php(315): include_once('C:\\xampp\\htdocs\\e-arsip_ci4\\system\\Debug\\Exceptions.php')
 2 SYSTEMPATH\Autoloader\Autoloader.php(295): CodeIgniter\Autoloader\Autoloader->includeFile('C:\\xampp\\htdocs\\e-arsip_ci4\\app\\Models\\Model_arsip.php')
 3 SYSTEMPATH\Autoloader\Autoloader.php(271): CodeIgniter\Autoloader\Autoloader->loadInNamespace('App\\Models\\Model_arsip')
 4 APPPATH\Controllers\Cari.php(20): CodeIgniter\Autoloader\Autoloader->loadClass('App\\Models\\Model_arsip')
 5 SYSTEMPATH\CodeIgniter.php(903): App\Controllers\Cari->__construct()
 6 SYSTEMPATH\CodeIgniter.php(498): CodeIgniter\CodeIgniter->createController()
 7 SYSTEMPATH\CodeIgniter.php(354): CodeIgniter\CodeIgniter->handleRequest(null, Object(Config\Cache), false)
 8 SYSTEMPATH\Boot.php(363): CodeIgniter\CodeIgniter->run()
 9 SYSTEMPATH\Boot.php(68): CodeIgniter\Boot::runCodeIgniter(Object(CodeIgniter\CodeIgniter))
10 FCPATH\index.php(59): CodeIgniter\Boot::bootWeb(Object(Config\Paths))
DEBUG - 2025-11-06 03:40:45 --> Session: Class initialized using 'CodeIgniter\Session\Handlers\FileHandler' driver.
WARNING - 2025-11-06 03:40:45 --> [DEPRECATED] Optional parameter $filters declared before required parameter $id_dep is implicitly treated as a required parameter in APPPATH\Models\Model_arsip.php on line 303.
 1 SYSTEMPATH\Autoloader\Autoloader.php(315): include_once('C:\\xampp\\htdocs\\e-arsip_ci4\\system\\Debug\\Exceptions.php')
 2 SYSTEMPATH\Autoloader\Autoloader.php(295): CodeIgniter\Autoloader\Autoloader->includeFile('C:\\xampp\\htdocs\\e-arsip_ci4\\app\\Models\\Model_arsip.php')
 3 SYSTEMPATH\Autoloader\Autoloader.php(271): CodeIgniter\Autoloader\Autoloader->loadInNamespace('App\\Models\\Model_arsip')
 4 APPPATH\Controllers\Cari.php(20): CodeIgniter\Autoloader\Autoloader->loadClass('App\\Models\\Model_arsip')
 5 SYSTEMPATH\CodeIgniter.php(903): App\Controllers\Cari->__construct()
 6 SYSTEMPATH\CodeIgniter.php(498): CodeIgniter\CodeIgniter->createController()
 7 SYSTEMPATH\CodeIgniter.php(354): CodeIgniter\CodeIgniter->handleRequest(null, Object(Config\Cache), false)
 8 SYSTEMPATH\Boot.php(363): CodeIgniter\CodeIgniter->run()
 9 SYSTEMPATH\Boot.php(68): CodeIgniter\Boot::runCodeIgniter(Object(CodeIgniter\CodeIgniter))
10 FCPATH\index.php(59): CodeIgniter\Boot::bootWeb(Object(Config\Paths))
DEBUG - 2025-11-06 03:40:46 --> Session: Class initialized using 'CodeIgniter\Session\Handlers\FileHandler' driver.
WARNING - 2025-11-06 03:40:46 --> [DEPRECATED] Optional parameter $filters declared before required parameter $id_dep is implicitly treated as a required parameter in APPPATH\Models\Model_arsip.php on line 303.
 1 SYSTEMPATH\Autoloader\Autoloader.php(315): include_once('C:\\xampp\\htdocs\\e-arsip_ci4\\system\\Debug\\Exceptions.php')
 2 SYSTEMPATH\Autoloader\Autoloader.php(295): CodeIgniter\Autoloader\Autoloader->includeFile('C:\\xampp\\htdocs\\e-arsip_ci4\\app\\Models\\Model_arsip.php')
 3 SYSTEMPATH\Autoloader\Autoloader.php(271): CodeIgniter\Autoloader\Autoloader->loadInNamespace('App\\Models\\Model_arsip')
 4 APPPATH\Controllers\Cari.php(20): CodeIgniter\Autoloader\Autoloader->loadClass('App\\Models\\Model_arsip')
 5 SYSTEMPATH\CodeIgniter.php(903): App\Controllers\Cari->__construct()
 6 SYSTEMPATH\CodeIgniter.php(498): CodeIgniter\CodeIgniter->createController()
 7 SYSTEMPATH\CodeIgniter.php(354): CodeIgniter\CodeIgniter->handleRequest(null, Object(Config\Cache), false)
 8 SYSTEMPATH\Boot.php(363): CodeIgniter\CodeIgniter->run()
 9 SYSTEMPATH\Boot.php(68): CodeIgniter\Boot::runCodeIgniter(Object(CodeIgniter\CodeIgniter))
10 FCPATH\index.php(59): CodeIgniter\Boot::bootWeb(Object(Config\Paths))
DEBUG - 2025-11-06 03:40:47 --> Session: Class initialized using 'CodeIgniter\Session\Handlers\FileHandler' driver.
WARNING - 2025-11-06 03:40:47 --> [DEPRECATED] Optional parameter $filters declared before required parameter $id_dep is implicitly treated as a required parameter in APPPATH\Models\Model_arsip.php on line 303.
 1 SYSTEMPATH\Autoloader\Autoloader.php(315): include_once('C:\\xampp\\htdocs\\e-arsip_ci4\\system\\Debug\\Exceptions.php')
 2 SYSTEMPATH\Autoloader\Autoloader.php(295): CodeIgniter\Autoloader\Autoloader->includeFile('C:\\xampp\\htdocs\\e-arsip_ci4\\app\\Models\\Model_arsip.php')
 3 SYSTEMPATH\Autoloader\Autoloader.php(271): CodeIgniter\Autoloader\Autoloader->loadInNamespace('App\\Models\\Model_arsip')
 4 APPPATH\Controllers\Cari.php(20): CodeIgniter\Autoloader\Autoloader->loadClass('App\\Models\\Model_arsip')
 5 SYSTEMPATH\CodeIgniter.php(903): App\Controllers\Cari->__construct()
 6 SYSTEMPATH\CodeIgniter.php(498): CodeIgniter\CodeIgniter->createController()
 7 SYSTEMPATH\CodeIgniter.php(354): CodeIgniter\CodeIgniter->handleRequest(null, Object(Config\Cache), false)
 8 SYSTEMPATH\Boot.php(363): CodeIgniter\CodeIgniter->run()
 9 SYSTEMPATH\Boot.php(68): CodeIgniter\Boot::runCodeIgniter(Object(CodeIgniter\CodeIgniter))
10 FCPATH\index.php(59): CodeIgniter\Boot::bootWeb(Object(Config\Paths))
DEBUG - 2025-11-06 03:41:05 --> Session: Class initialized using 'CodeIgniter\Session\Handlers\FileHandler' driver.
WARNING - 2025-11-06 03:41:05 --> [DEPRECATED] Optional parameter $filters declared before required parameter $id_dep is implicitly treated as a required parameter in APPPATH\Models\Model_arsip.php on line 303.
 1 SYSTEMPATH\Autoloader\Autoloader.php(315): include_once('C:\\xampp\\htdocs\\e-arsip_ci4\\system\\Debug\\Exceptions.php')
 2 SYSTEMPATH\Autoloader\Autoloader.php(295): CodeIgniter\Autoloader\Autoloader->includeFile('C:\\xampp\\htdocs\\e-arsip_ci4\\app\\Models\\Model_arsip.php')
 3 SYSTEMPATH\Autoloader\Autoloader.php(271): CodeIgniter\Autoloader\Autoloader->loadInNamespace('App\\Models\\Model_arsip')
 4 APPPATH\Controllers\Cari.php(20): CodeIgniter\Autoloader\Autoloader->loadClass('App\\Models\\Model_arsip')
 5 SYSTEMPATH\CodeIgniter.php(903): App\Controllers\Cari->__construct()
 6 SYSTEMPATH\CodeIgniter.php(498): CodeIgniter\CodeIgniter->createController()
 7 SYSTEMPATH\CodeIgniter.php(354): CodeIgniter\CodeIgniter->handleRequest(null, Object(Config\Cache), false)
 8 SYSTEMPATH\Boot.php(363): CodeIgniter\CodeIgniter->run()
 9 SYSTEMPATH\Boot.php(68): CodeIgniter\Boot::runCodeIgniter(Object(CodeIgniter\CodeIgniter))
10 FCPATH\index.php(59): CodeIgniter\Boot::bootWeb(Object(Config\Paths))
DEBUG - 2025-11-06 03:43:19 --> Session: Class initialized using 'CodeIgniter\Session\Handlers\FileHandler' driver.
WARNING - 2025-11-06 03:43:19 --> [DEPRECATED] Optional parameter $filters declared before required parameter $id_dep is implicitly treated as a required parameter in APPPATH\Models\Model_arsip.php on line 303.
 1 SYSTEMPATH\Autoloader\Autoloader.php(315): include_once('C:\\xampp\\htdocs\\e-arsip_ci4\\system\\Debug\\Exceptions.php')
 2 SYSTEMPATH\Autoloader\Autoloader.php(295): CodeIgniter\Autoloader\Autoloader->includeFile('C:\\xampp\\htdocs\\e-arsip_ci4\\app\\Models\\Model_arsip.php')
 3 SYSTEMPATH\Autoloader\Autoloader.php(271): CodeIgniter\Autoloader\Autoloader->loadInNamespace('App\\Models\\Model_arsip')
 4 APPPATH\Controllers\Cari.php(20): CodeIgniter\Autoloader\Autoloader->loadClass('App\\Models\\Model_arsip')
 5 SYSTEMPATH\CodeIgniter.php(903): App\Controllers\Cari->__construct()
 6 SYSTEMPATH\CodeIgniter.php(498): CodeIgniter\CodeIgniter->createController()
 7 SYSTEMPATH\CodeIgniter.php(354): CodeIgniter\CodeIgniter->handleRequest(null, Object(Config\Cache), false)
 8 SYSTEMPATH\Boot.php(363): CodeIgniter\CodeIgniter->run()
 9 SYSTEMPATH\Boot.php(68): CodeIgniter\Boot::runCodeIgniter(Object(CodeIgniter\CodeIgniter))
10 FCPATH\index.php(59): CodeIgniter\Boot::bootWeb(Object(Config\Paths))
CRITICAL - 2025-11-06 03:43:19 --> ErrorException: Undefined variable $pathFile
[Method: GET, Route: cari]
in APPPATH\Views\pages\cari.php on line 95.
 1 APPPATH\Views\pages\cari.php(95): CodeIgniter\Debug\Exceptions->errorHandler(2, 'Undefined variable $pathFile', 'C:\\xampp\\htdocs\\e-arsip_ci4\\app\\Views\\pages\\cari.php', 95)
 2 SYSTEMPATH\View\View.php(226): include('C:\\xampp\\htdocs\\e-arsip_ci4\\app\\Views\\pages\\cari.php')
 3 SYSTEMPATH\View\View.php(229): CodeIgniter\View\View->CodeIgniter\View\{closure}()
 4 SYSTEMPATH\Common.php(1167): CodeIgniter\View\View->render('pages/cari', [], true)
 5 APPPATH\Controllers\Cari.php(34): view('pages/cari', [...])
 6 SYSTEMPATH\CodeIgniter.php(933): App\Controllers\Cari->index()
 7 SYSTEMPATH\CodeIgniter.php(507): CodeIgniter\CodeIgniter->runController(Object(App\Controllers\Cari))
 8 SYSTEMPATH\CodeIgniter.php(354): CodeIgniter\CodeIgniter->handleRequest(null, Object(Config\Cache), false)
 9 SYSTEMPATH\Boot.php(363): CodeIgniter\CodeIgniter->run()
10 SYSTEMPATH\Boot.php(68): CodeIgniter\Boot::runCodeIgniter(Object(CodeIgniter\CodeIgniter))
11 FCPATH\index.php(59): CodeIgniter\Boot::bootWeb(Object(Config\Paths))
DEBUG - 2025-11-06 03:44:16 --> Session: Class initialized using 'CodeIgniter\Session\Handlers\FileHandler' driver.
WARNING - 2025-11-06 03:44:16 --> [DEPRECATED] Optional parameter $filters declared before required parameter $id_dep is implicitly treated as a required parameter in APPPATH\Models\Model_arsip.php on line 303.
 1 SYSTEMPATH\Autoloader\Autoloader.php(315): include_once('C:\\xampp\\htdocs\\e-arsip_ci4\\system\\Debug\\Exceptions.php')
 2 SYSTEMPATH\Autoloader\Autoloader.php(295): CodeIgniter\Autoloader\Autoloader->includeFile('C:\\xampp\\htdocs\\e-arsip_ci4\\app\\Models\\Model_arsip.php')
 3 SYSTEMPATH\Autoloader\Autoloader.php(271): CodeIgniter\Autoloader\Autoloader->loadInNamespace('App\\Models\\Model_arsip')
 4 APPPATH\Controllers\Cari.php(20): CodeIgniter\Autoloader\Autoloader->loadClass('App\\Models\\Model_arsip')
 5 SYSTEMPATH\CodeIgniter.php(903): App\Controllers\Cari->__construct()
 6 SYSTEMPATH\CodeIgniter.php(498): CodeIgniter\CodeIgniter->createController()
 7 SYSTEMPATH\CodeIgniter.php(354): CodeIgniter\CodeIgniter->handleRequest(null, Object(Config\Cache), false)
 8 SYSTEMPATH\Boot.php(363): CodeIgniter\CodeIgniter->run()
 9 SYSTEMPATH\Boot.php(68): CodeIgniter\Boot::runCodeIgniter(Object(CodeIgniter\CodeIgniter))
10 FCPATH\index.php(59): CodeIgniter\Boot::bootWeb(Object(Config\Paths))
DEBUG - 2025-11-06 03:44:28 --> Session: Class initialized using 'CodeIgniter\Session\Handlers\FileHandler' driver.
WARNING - 2025-11-06 03:44:28 --> [DEPRECATED] Optional parameter $filters declared before required parameter $id_dep is implicitly treated as a required parameter in APPPATH\Models\Model_arsip.php on line 303.
 1 SYSTEMPATH\Autoloader\Autoloader.php(315): include_once('C:\\xampp\\htdocs\\e-arsip_ci4\\system\\Debug\\Exceptions.php')
 2 SYSTEMPATH\Autoloader\Autoloader.php(295): CodeIgniter\Autoloader\Autoloader->includeFile('C:\\xampp\\htdocs\\e-arsip_ci4\\app\\Models\\Model_arsip.php')
 3 SYSTEMPATH\Autoloader\Autoloader.php(271): CodeIgniter\Autoloader\Autoloader->loadInNamespace('App\\Models\\Model_arsip')
 4 APPPATH\Controllers\Cari.php(20): CodeIgniter\Autoloader\Autoloader->loadClass('App\\Models\\Model_arsip')
 5 SYSTEMPATH\CodeIgniter.php(903): App\Controllers\Cari->__construct()
 6 SYSTEMPATH\CodeIgniter.php(498): CodeIgniter\CodeIgniter->createController()
 7 SYSTEMPATH\CodeIgniter.php(354): CodeIgniter\CodeIgniter->handleRequest(null, Object(Config\Cache), false)
 8 SYSTEMPATH\Boot.php(363): CodeIgniter\CodeIgniter->run()
 9 SYSTEMPATH\Boot.php(68): CodeIgniter\Boot::runCodeIgniter(Object(CodeIgniter\CodeIgniter))
10 FCPATH\index.php(59): CodeIgniter\Boot::bootWeb(Object(Config\Paths))
DEBUG - 2025-11-06 03:44:29 --> Session: Class initialized using 'CodeIgniter\Session\Handlers\FileHandler' driver.
WARNING - 2025-11-06 03:44:29 --> [DEPRECATED] Optional parameter $filters declared before required parameter $id_dep is implicitly treated as a required parameter in APPPATH\Models\Model_arsip.php on line 303.
 1 SYSTEMPATH\Autoloader\Autoloader.php(315): include_once('C:\\xampp\\htdocs\\e-arsip_ci4\\system\\Debug\\Exceptions.php')
 2 SYSTEMPATH\Autoloader\Autoloader.php(295): CodeIgniter\Autoloader\Autoloader->includeFile('C:\\xampp\\htdocs\\e-arsip_ci4\\app\\Models\\Model_arsip.php')
 3 SYSTEMPATH\Autoloader\Autoloader.php(271): CodeIgniter\Autoloader\Autoloader->loadInNamespace('App\\Models\\Model_arsip')
 4 APPPATH\Controllers\Cari.php(20): CodeIgniter\Autoloader\Autoloader->loadClass('App\\Models\\Model_arsip')
 5 SYSTEMPATH\CodeIgniter.php(903): App\Controllers\Cari->__construct()
 6 SYSTEMPATH\CodeIgniter.php(498): CodeIgniter\CodeIgniter->createController()
 7 SYSTEMPATH\CodeIgniter.php(354): CodeIgniter\CodeIgniter->handleRequest(null, Object(Config\Cache), false)
 8 SYSTEMPATH\Boot.php(363): CodeIgniter\CodeIgniter->run()
 9 SYSTEMPATH\Boot.php(68): CodeIgniter\Boot::runCodeIgniter(Object(CodeIgniter\CodeIgniter))
10 FCPATH\index.php(59): CodeIgniter\Boot::bootWeb(Object(Config\Paths))
DEBUG - 2025-11-06 03:54:19 --> Session: Class initialized using 'CodeIgniter\Session\Handlers\FileHandler' driver.
WARNING - 2025-11-06 03:54:19 --> [DEPRECATED] Optional parameter $filters declared before required parameter $id_dep is implicitly treated as a required parameter in APPPATH\Models\Model_arsip.php on line 303.
 1 SYSTEMPATH\Autoloader\Autoloader.php(315): include_once('C:\\xampp\\htdocs\\e-arsip_ci4\\system\\Debug\\Exceptions.php')
 2 SYSTEMPATH\Autoloader\Autoloader.php(295): CodeIgniter\Autoloader\Autoloader->includeFile('C:\\xampp\\htdocs\\e-arsip_ci4\\app\\Models\\Model_arsip.php')
 3 SYSTEMPATH\Autoloader\Autoloader.php(271): CodeIgniter\Autoloader\Autoloader->loadInNamespace('App\\Models\\Model_arsip')
 4 APPPATH\Controllers\Cari.php(20): CodeIgniter\Autoloader\Autoloader->loadClass('App\\Models\\Model_arsip')
 5 SYSTEMPATH\CodeIgniter.php(903): App\Controllers\Cari->__construct()
 6 SYSTEMPATH\CodeIgniter.php(498): CodeIgniter\CodeIgniter->createController()
 7 SYSTEMPATH\CodeIgniter.php(354): CodeIgniter\CodeIgniter->handleRequest(null, Object(Config\Cache), false)
 8 SYSTEMPATH\Boot.php(363): CodeIgniter\CodeIgniter->run()
 9 SYSTEMPATH\Boot.php(68): CodeIgniter\Boot::runCodeIgniter(Object(CodeIgniter\CodeIgniter))
10 FCPATH\index.php(59): CodeIgniter\Boot::bootWeb(Object(Config\Paths))
CRITICAL - 2025-11-06 03:54:19 --> ErrorException: Undefined variable $previewUrl
[Method: GET, Route: cari]
in APPPATH\Views\pages\cari.php on line 92.
 1 APPPATH\Views\pages\cari.php(92): CodeIgniter\Debug\Exceptions->errorHandler(2, 'Undefined variable $previewUrl', 'C:\\xampp\\htdocs\\e-arsip_ci4\\app\\Views\\pages\\cari.php', 92)
 2 SYSTEMPATH\View\View.php(226): include('C:\\xampp\\htdocs\\e-arsip_ci4\\app\\Views\\pages\\cari.php')
 3 SYSTEMPATH\View\View.php(229): CodeIgniter\View\View->CodeIgniter\View\{closure}()
 4 SYSTEMPATH\Common.php(1167): CodeIgniter\View\View->render('pages/cari', [], true)
 5 APPPATH\Controllers\Cari.php(34): view('pages/cari', [...])
 6 SYSTEMPATH\CodeIgniter.php(933): App\Controllers\Cari->index()
 7 SYSTEMPATH\CodeIgniter.php(507): CodeIgniter\CodeIgniter->runController(Object(App\Controllers\Cari))
 8 SYSTEMPATH\CodeIgniter.php(354): CodeIgniter\CodeIgniter->handleRequest(null, Object(Config\Cache), false)
 9 SYSTEMPATH\Boot.php(363): CodeIgniter\CodeIgniter->run()
10 SYSTEMPATH\Boot.php(68): CodeIgniter\Boot::runCodeIgniter(Object(CodeIgniter\CodeIgniter))
11 FCPATH\index.php(59): CodeIgniter\Boot::bootWeb(Object(Config\Paths))
DEBUG - 2025-11-06 03:54:28 --> Session: Class initialized using 'CodeIgniter\Session\Handlers\FileHandler' driver.
WARNING - 2025-11-06 03:54:28 --> [DEPRECATED] Optional parameter $filters declared before required parameter $id_dep is implicitly treated as a required parameter in APPPATH\Models\Model_arsip.php on line 303.
 1 SYSTEMPATH\Autoloader\Autoloader.php(315): include_once('C:\\xampp\\htdocs\\e-arsip_ci4\\system\\Debug\\Exceptions.php')
 2 SYSTEMPATH\Autoloader\Autoloader.php(295): CodeIgniter\Autoloader\Autoloader->includeFile('C:\\xampp\\htdocs\\e-arsip_ci4\\app\\Models\\Model_arsip.php')
 3 SYSTEMPATH\Autoloader\Autoloader.php(271): CodeIgniter\Autoloader\Autoloader->loadInNamespace('App\\Models\\Model_arsip')
 4 APPPATH\Controllers\Cari.php(20): CodeIgniter\Autoloader\Autoloader->loadClass('App\\Models\\Model_arsip')
 5 SYSTEMPATH\CodeIgniter.php(903): App\Controllers\Cari->__construct()
 6 SYSTEMPATH\CodeIgniter.php(498): CodeIgniter\CodeIgniter->createController()
 7 SYSTEMPATH\CodeIgniter.php(354): CodeIgniter\CodeIgniter->handleRequest(null, Object(Config\Cache), false)
 8 SYSTEMPATH\Boot.php(363): CodeIgniter\CodeIgniter->run()
 9 SYSTEMPATH\Boot.php(68): CodeIgniter\Boot::runCodeIgniter(Object(CodeIgniter\CodeIgniter))
10 FCPATH\index.php(59): CodeIgniter\Boot::bootWeb(Object(Config\Paths))
DEBUG - 2025-11-06 03:54:30 --> Session: Class initialized using 'CodeIgniter\Session\Handlers\FileHandler' driver.
WARNING - 2025-11-06 03:54:30 --> [DEPRECATED] Optional parameter $filters declared before required parameter $id_dep is implicitly treated as a required parameter in APPPATH\Models\Model_arsip.php on line 303.
 1 SYSTEMPATH\Autoloader\Autoloader.php(315): include_once('C:\\xampp\\htdocs\\e-arsip_ci4\\system\\Debug\\Exceptions.php')
 2 SYSTEMPATH\Autoloader\Autoloader.php(295): CodeIgniter\Autoloader\Autoloader->includeFile('C:\\xampp\\htdocs\\e-arsip_ci4\\app\\Models\\Model_arsip.php')
 3 SYSTEMPATH\Autoloader\Autoloader.php(271): CodeIgniter\Autoloader\Autoloader->loadInNamespace('App\\Models\\Model_arsip')
 4 APPPATH\Controllers\Cari.php(20): CodeIgniter\Autoloader\Autoloader->loadClass('App\\Models\\Model_arsip')
 5 SYSTEMPATH\CodeIgniter.php(903): App\Controllers\Cari->__construct()
 6 SYSTEMPATH\CodeIgniter.php(498): CodeIgniter\CodeIgniter->createController()
 7 SYSTEMPATH\CodeIgniter.php(354): CodeIgniter\CodeIgniter->handleRequest(null, Object(Config\Cache), false)
 8 SYSTEMPATH\Boot.php(363): CodeIgniter\CodeIgniter->run()
 9 SYSTEMPATH\Boot.php(68): CodeIgniter\Boot::runCodeIgniter(Object(CodeIgniter\CodeIgniter))
10 FCPATH\index.php(59): CodeIgniter\Boot::bootWeb(Object(Config\Paths))
DEBUG - 2025-11-06 03:55:38 --> Session: Class initialized using 'CodeIgniter\Session\Handlers\FileHandler' driver.
WARNING - 2025-11-06 03:55:38 --> [DEPRECATED] Optional parameter $filters declared before required parameter $id_dep is implicitly treated as a required parameter in APPPATH\Models\Model_arsip.php on line 303.
 1 SYSTEMPATH\Autoloader\Autoloader.php(315): include_once('C:\\xampp\\htdocs\\e-arsip_ci4\\system\\Debug\\Exceptions.php')
 2 SYSTEMPATH\Autoloader\Autoloader.php(295): CodeIgniter\Autoloader\Autoloader->includeFile('C:\\xampp\\htdocs\\e-arsip_ci4\\app\\Models\\Model_arsip.php')
 3 SYSTEMPATH\Autoloader\Autoloader.php(271): CodeIgniter\Autoloader\Autoloader->loadInNamespace('App\\Models\\Model_arsip')
 4 APPPATH\Controllers\Cari.php(20): CodeIgniter\Autoloader\Autoloader->loadClass('App\\Models\\Model_arsip')
 5 SYSTEMPATH\CodeIgniter.php(903): App\Controllers\Cari->__construct()
 6 SYSTEMPATH\CodeIgniter.php(498): CodeIgniter\CodeIgniter->createController()
 7 SYSTEMPATH\CodeIgniter.php(354): CodeIgniter\CodeIgniter->handleRequest(null, Object(Config\Cache), false)
 8 SYSTEMPATH\Boot.php(363): CodeIgniter\CodeIgniter->run()
 9 SYSTEMPATH\Boot.php(68): CodeIgniter\Boot::runCodeIgniter(Object(CodeIgniter\CodeIgniter))
10 FCPATH\index.php(59): CodeIgniter\Boot::bootWeb(Object(Config\Paths))
DEBUG - 2025-11-06 03:55:38 --> Session: Class initialized using 'CodeIgniter\Session\Handlers\FileHandler' driver.
WARNING - 2025-11-06 03:55:38 --> [DEPRECATED] Optional parameter $filters declared before required parameter $id_dep is implicitly treated as a required parameter in APPPATH\Models\Model_arsip.php on line 303.
 1 SYSTEMPATH\Autoloader\Autoloader.php(315): include_once('C:\\xampp\\htdocs\\e-arsip_ci4\\system\\Debug\\Exceptions.php')
 2 SYSTEMPATH\Autoloader\Autoloader.php(295): CodeIgniter\Autoloader\Autoloader->includeFile('C:\\xampp\\htdocs\\e-arsip_ci4\\app\\Models\\Model_arsip.php')
 3 SYSTEMPATH\Autoloader\Autoloader.php(271): CodeIgniter\Autoloader\Autoloader->loadInNamespace('App\\Models\\Model_arsip')
 4 APPPATH\Controllers\Cari.php(20): CodeIgniter\Autoloader\Autoloader->loadClass('App\\Models\\Model_arsip')
 5 SYSTEMPATH\CodeIgniter.php(903): App\Controllers\Cari->__construct()
 6 SYSTEMPATH\CodeIgniter.php(498): CodeIgniter\CodeIgniter->createController()
 7 SYSTEMPATH\CodeIgniter.php(354): CodeIgniter\CodeIgniter->handleRequest(null, Object(Config\Cache), false)
 8 SYSTEMPATH\Boot.php(363): CodeIgniter\CodeIgniter->run()
 9 SYSTEMPATH\Boot.php(68): CodeIgniter\Boot::runCodeIgniter(Object(CodeIgniter\CodeIgniter))
10 FCPATH\index.php(59): CodeIgniter\Boot::bootWeb(Object(Config\Paths))
DEBUG - 2025-11-06 03:55:39 --> Session: Class initialized using 'CodeIgniter\Session\Handlers\FileHandler' driver.
WARNING - 2025-11-06 03:55:39 --> [DEPRECATED] Optional parameter $filters declared before required parameter $id_dep is implicitly treated as a required parameter in APPPATH\Models\Model_arsip.php on line 303.
 1 SYSTEMPATH\Autoloader\Autoloader.php(315): include_once('C:\\xampp\\htdocs\\e-arsip_ci4\\system\\Debug\\Exceptions.php')
 2 SYSTEMPATH\Autoloader\Autoloader.php(295): CodeIgniter\Autoloader\Autoloader->includeFile('C:\\xampp\\htdocs\\e-arsip_ci4\\app\\Models\\Model_arsip.php')
 3 SYSTEMPATH\Autoloader\Autoloader.php(271): CodeIgniter\Autoloader\Autoloader->loadInNamespace('App\\Models\\Model_arsip')
 4 APPPATH\Controllers\Cari.php(20): CodeIgniter\Autoloader\Autoloader->loadClass('App\\Models\\Model_arsip')
 5 SYSTEMPATH\CodeIgniter.php(903): App\Controllers\Cari->__construct()
 6 SYSTEMPATH\CodeIgniter.php(498): CodeIgniter\CodeIgniter->createController()
 7 SYSTEMPATH\CodeIgniter.php(354): CodeIgniter\CodeIgniter->handleRequest(null, Object(Config\Cache), false)
 8 SYSTEMPATH\Boot.php(363): CodeIgniter\CodeIgniter->run()
 9 SYSTEMPATH\Boot.php(68): CodeIgniter\Boot::runCodeIgniter(Object(CodeIgniter\CodeIgniter))
10 FCPATH\index.php(59): CodeIgniter\Boot::bootWeb(Object(Config\Paths))
DEBUG - 2025-11-06 03:55:40 --> Session: Class initialized using 'CodeIgniter\Session\Handlers\FileHandler' driver.
WARNING - 2025-11-06 03:55:40 --> [DEPRECATED] Optional parameter $filters declared before required parameter $id_dep is implicitly treated as a required parameter in APPPATH\Models\Model_arsip.php on line 303.
 1 SYSTEMPATH\Autoloader\Autoloader.php(315): include_once('C:\\xampp\\htdocs\\e-arsip_ci4\\system\\Debug\\Exceptions.php')
 2 SYSTEMPATH\Autoloader\Autoloader.php(295): CodeIgniter\Autoloader\Autoloader->includeFile('C:\\xampp\\htdocs\\e-arsip_ci4\\app\\Models\\Model_arsip.php')
 3 SYSTEMPATH\Autoloader\Autoloader.php(271): CodeIgniter\Autoloader\Autoloader->loadInNamespace('App\\Models\\Model_arsip')
 4 APPPATH\Controllers\Cari.php(20): CodeIgniter\Autoloader\Autoloader->loadClass('App\\Models\\Model_arsip')
 5 SYSTEMPATH\CodeIgniter.php(903): App\Controllers\Cari->__construct()
 6 SYSTEMPATH\CodeIgniter.php(498): CodeIgniter\CodeIgniter->createController()
 7 SYSTEMPATH\CodeIgniter.php(354): CodeIgniter\CodeIgniter->handleRequest(null, Object(Config\Cache), false)
 8 SYSTEMPATH\Boot.php(363): CodeIgniter\CodeIgniter->run()
 9 SYSTEMPATH\Boot.php(68): CodeIgniter\Boot::runCodeIgniter(Object(CodeIgniter\CodeIgniter))
10 FCPATH\index.php(59): CodeIgniter\Boot::bootWeb(Object(Config\Paths))
DEBUG - 2025-11-06 03:55:41 --> Session: Class initialized using 'CodeIgniter\Session\Handlers\FileHandler' driver.
WARNING - 2025-11-06 03:55:41 --> [DEPRECATED] Optional parameter $filters declared before required parameter $id_dep is implicitly treated as a required parameter in APPPATH\Models\Model_arsip.php on line 303.
 1 SYSTEMPATH\Autoloader\Autoloader.php(315): include_once('C:\\xampp\\htdocs\\e-arsip_ci4\\system\\Debug\\Exceptions.php')
 2 SYSTEMPATH\Autoloader\Autoloader.php(295): CodeIgniter\Autoloader\Autoloader->includeFile('C:\\xampp\\htdocs\\e-arsip_ci4\\app\\Models\\Model_arsip.php')
 3 SYSTEMPATH\Autoloader\Autoloader.php(271): CodeIgniter\Autoloader\Autoloader->loadInNamespace('App\\Models\\Model_arsip')
 4 APPPATH\Controllers\Cari.php(20): CodeIgniter\Autoloader\Autoloader->loadClass('App\\Models\\Model_arsip')
 5 SYSTEMPATH\CodeIgniter.php(903): App\Controllers\Cari->__construct()
 6 SYSTEMPATH\CodeIgniter.php(498): CodeIgniter\CodeIgniter->createController()
 7 SYSTEMPATH\CodeIgniter.php(354): CodeIgniter\CodeIgniter->handleRequest(null, Object(Config\Cache), false)
 8 SYSTEMPATH\Boot.php(363): CodeIgniter\CodeIgniter->run()
 9 SYSTEMPATH\Boot.php(68): CodeIgniter\Boot::runCodeIgniter(Object(CodeIgniter\CodeIgniter))
10 FCPATH\index.php(59): CodeIgniter\Boot::bootWeb(Object(Config\Paths))
DEBUG - 2025-11-06 03:57:39 --> Session: Class initialized using 'CodeIgniter\Session\Handlers\FileHandler' driver.
WARNING - 2025-11-06 03:57:39 --> [DEPRECATED] Optional parameter $filters declared before required parameter $id_dep is implicitly treated as a required parameter in APPPATH\Models\Model_arsip.php on line 303.
 1 SYSTEMPATH\Autoloader\Autoloader.php(315): include_once('C:\\xampp\\htdocs\\e-arsip_ci4\\system\\Debug\\Exceptions.php')
 2 SYSTEMPATH\Autoloader\Autoloader.php(295): CodeIgniter\Autoloader\Autoloader->includeFile('C:\\xampp\\htdocs\\e-arsip_ci4\\app\\Models\\Model_arsip.php')
 3 SYSTEMPATH\Autoloader\Autoloader.php(271): CodeIgniter\Autoloader\Autoloader->loadInNamespace('App\\Models\\Model_arsip')
 4 APPPATH\Controllers\Cari.php(20): CodeIgniter\Autoloader\Autoloader->loadClass('App\\Models\\Model_arsip')
 5 SYSTEMPATH\CodeIgniter.php(903): App\Controllers\Cari->__construct()
 6 SYSTEMPATH\CodeIgniter.php(498): CodeIgniter\CodeIgniter->createController()
 7 SYSTEMPATH\CodeIgniter.php(354): CodeIgniter\CodeIgniter->handleRequest(null, Object(Config\Cache), false)
 8 SYSTEMPATH\Boot.php(363): CodeIgniter\CodeIgniter->run()
 9 SYSTEMPATH\Boot.php(68): CodeIgniter\Boot::runCodeIgniter(Object(CodeIgniter\CodeIgniter))
10 FCPATH\index.php(59): CodeIgniter\Boot::bootWeb(Object(Config\Paths))
CRITICAL - 2025-11-06 03:57:39 --> ErrorException: Undefined variable $pathFile
[Method: GET, Route: cari]
in APPPATH\Views\pages\cari.php on line 95.
 1 APPPATH\Views\pages\cari.php(95): CodeIgniter\Debug\Exceptions->errorHandler(2, 'Undefined variable $pathFile', 'C:\\xampp\\htdocs\\e-arsip_ci4\\app\\Views\\pages\\cari.php', 95)
 2 SYSTEMPATH\View\View.php(226): include('C:\\xampp\\htdocs\\e-arsip_ci4\\app\\Views\\pages\\cari.php')
 3 SYSTEMPATH\View\View.php(229): CodeIgniter\View\View->CodeIgniter\View\{closure}()
 4 SYSTEMPATH\Common.php(1167): CodeIgniter\View\View->render('pages/cari', [], true)
 5 APPPATH\Controllers\Cari.php(34): view('pages/cari', [...])
 6 SYSTEMPATH\CodeIgniter.php(933): App\Controllers\Cari->index()
 7 SYSTEMPATH\CodeIgniter.php(507): CodeIgniter\CodeIgniter->runController(Object(App\Controllers\Cari))
 8 SYSTEMPATH\CodeIgniter.php(354): CodeIgniter\CodeIgniter->handleRequest(null, Object(Config\Cache), false)
 9 SYSTEMPATH\Boot.php(363): CodeIgniter\CodeIgniter->run()
10 SYSTEMPATH\Boot.php(68): CodeIgniter\Boot::runCodeIgniter(Object(CodeIgniter\CodeIgniter))
11 FCPATH\index.php(59): CodeIgniter\Boot::bootWeb(Object(Config\Paths))
DEBUG - 2025-11-06 03:58:50 --> Session: Class initialized using 'CodeIgniter\Session\Handlers\FileHandler' driver.
WARNING - 2025-11-06 03:58:50 --> [DEPRECATED] Optional parameter $filters declared before required parameter $id_dep is implicitly treated as a required parameter in APPPATH\Models\Model_arsip.php on line 303.
 1 SYSTEMPATH\Autoloader\Autoloader.php(315): include_once('C:\\xampp\\htdocs\\e-arsip_ci4\\system\\Debug\\Exceptions.php')
 2 SYSTEMPATH\Autoloader\Autoloader.php(295): CodeIgniter\Autoloader\Autoloader->includeFile('C:\\xampp\\htdocs\\e-arsip_ci4\\app\\Models\\Model_arsip.php')
 3 SYSTEMPATH\Autoloader\Autoloader.php(271): CodeIgniter\Autoloader\Autoloader->loadInNamespace('App\\Models\\Model_arsip')
 4 APPPATH\Controllers\Cari.php(20): CodeIgniter\Autoloader\Autoloader->loadClass('App\\Models\\Model_arsip')
 5 SYSTEMPATH\CodeIgniter.php(903): App\Controllers\Cari->__construct()
 6 SYSTEMPATH\CodeIgniter.php(498): CodeIgniter\CodeIgniter->createController()
 7 SYSTEMPATH\CodeIgniter.php(354): CodeIgniter\CodeIgniter->handleRequest(null, Object(Config\Cache), false)
 8 SYSTEMPATH\Boot.php(363): CodeIgniter\CodeIgniter->run()
 9 SYSTEMPATH\Boot.php(68): CodeIgniter\Boot::runCodeIgniter(Object(CodeIgniter\CodeIgniter))
10 FCPATH\index.php(59): CodeIgniter\Boot::bootWeb(Object(Config\Paths))
DEBUG - 2025-11-06 03:59:02 --> Session: Class initialized using 'CodeIgniter\Session\Handlers\FileHandler' driver.
WARNING - 2025-11-06 03:59:02 --> [DEPRECATED] Optional parameter $filters declared before required parameter $id_dep is implicitly treated as a required parameter in APPPATH\Models\Model_arsip.php on line 303.
 1 SYSTEMPATH\Autoloader\Autoloader.php(315): include_once('C:\\xampp\\htdocs\\e-arsip_ci4\\system\\Debug\\Exceptions.php')
 2 SYSTEMPATH\Autoloader\Autoloader.php(295): CodeIgniter\Autoloader\Autoloader->includeFile('C:\\xampp\\htdocs\\e-arsip_ci4\\app\\Models\\Model_arsip.php')
 3 SYSTEMPATH\Autoloader\Autoloader.php(271): CodeIgniter\Autoloader\Autoloader->loadInNamespace('App\\Models\\Model_arsip')
 4 APPPATH\Controllers\Cari.php(20): CodeIgniter\Autoloader\Autoloader->loadClass('App\\Models\\Model_arsip')
 5 SYSTEMPATH\CodeIgniter.php(903): App\Controllers\Cari->__construct()
 6 SYSTEMPATH\CodeIgniter.php(498): CodeIgniter\CodeIgniter->createController()
 7 SYSTEMPATH\CodeIgniter.php(354): CodeIgniter\CodeIgniter->handleRequest(null, Object(Config\Cache), false)
 8 SYSTEMPATH\Boot.php(363): CodeIgniter\CodeIgniter->run()
 9 SYSTEMPATH\Boot.php(68): CodeIgniter\Boot::runCodeIgniter(Object(CodeIgniter\CodeIgniter))
10 FCPATH\index.php(59): CodeIgniter\Boot::bootWeb(Object(Config\Paths))
DEBUG - 2025-11-06 03:59:04 --> Session: Class initialized using 'CodeIgniter\Session\Handlers\FileHandler' driver.
WARNING - 2025-11-06 03:59:04 --> [DEPRECATED] Optional parameter $filters declared before required parameter $id_dep is implicitly treated as a required parameter in APPPATH\Models\Model_arsip.php on line 303.
 1 SYSTEMPATH\Autoloader\Autoloader.php(315): include_once('C:\\xampp\\htdocs\\e-arsip_ci4\\system\\Debug\\Exceptions.php')
 2 SYSTEMPATH\Autoloader\Autoloader.php(295): CodeIgniter\Autoloader\Autoloader->includeFile('C:\\xampp\\htdocs\\e-arsip_ci4\\app\\Models\\Model_arsip.php')
 3 SYSTEMPATH\Autoloader\Autoloader.php(271): CodeIgniter\Autoloader\Autoloader->loadInNamespace('App\\Models\\Model_arsip')
 4 APPPATH\Controllers\Cari.php(20): CodeIgniter\Autoloader\Autoloader->loadClass('App\\Models\\Model_arsip')
 5 SYSTEMPATH\CodeIgniter.php(903): App\Controllers\Cari->__construct()
 6 SYSTEMPATH\CodeIgniter.php(498): CodeIgniter\CodeIgniter->createController()
 7 SYSTEMPATH\CodeIgniter.php(354): CodeIgniter\CodeIgniter->handleRequest(null, Object(Config\Cache), false)
 8 SYSTEMPATH\Boot.php(363): CodeIgniter\CodeIgniter->run()
 9 SYSTEMPATH\Boot.php(68): CodeIgniter\Boot::runCodeIgniter(Object(CodeIgniter\CodeIgniter))
10 FCPATH\index.php(59): CodeIgniter\Boot::bootWeb(Object(Config\Paths))
DEBUG - 2025-11-06 03:59:04 --> Session: Class initialized using 'CodeIgniter\Session\Handlers\FileHandler' driver.
WARNING - 2025-11-06 03:59:04 --> [DEPRECATED] Optional parameter $filters declared before required parameter $id_dep is implicitly treated as a required parameter in APPPATH\Models\Model_arsip.php on line 303.
 1 SYSTEMPATH\Autoloader\Autoloader.php(315): include_once('C:\\xampp\\htdocs\\e-arsip_ci4\\system\\Debug\\Exceptions.php')
 2 SYSTEMPATH\Autoloader\Autoloader.php(295): CodeIgniter\Autoloader\Autoloader->includeFile('C:\\xampp\\htdocs\\e-arsip_ci4\\app\\Models\\Model_arsip.php')
 3 SYSTEMPATH\Autoloader\Autoloader.php(271): CodeIgniter\Autoloader\Autoloader->loadInNamespace('App\\Models\\Model_arsip')
 4 APPPATH\Controllers\Cari.php(20): CodeIgniter\Autoloader\Autoloader->loadClass('App\\Models\\Model_arsip')
 5 SYSTEMPATH\CodeIgniter.php(903): App\Controllers\Cari->__construct()
 6 SYSTEMPATH\CodeIgniter.php(498): CodeIgniter\CodeIgniter->createController()
 7 SYSTEMPATH\CodeIgniter.php(354): CodeIgniter\CodeIgniter->handleRequest(null, Object(Config\Cache), false)
 8 SYSTEMPATH\Boot.php(363): CodeIgniter\CodeIgniter->run()
 9 SYSTEMPATH\Boot.php(68): CodeIgniter\Boot::runCodeIgniter(Object(CodeIgniter\CodeIgniter))
10 FCPATH\index.php(59): CodeIgniter\Boot::bootWeb(Object(Config\Paths))
DEBUG - 2025-11-06 03:59:04 --> Session: Class initialized using 'CodeIgniter\Session\Handlers\FileHandler' driver.
WARNING - 2025-11-06 03:59:04 --> [DEPRECATED] Optional parameter $filters declared before required parameter $id_dep is implicitly treated as a required parameter in APPPATH\Models\Model_arsip.php on line 303.
 1 SYSTEMPATH\Autoloader\Autoloader.php(315): include_once('C:\\xampp\\htdocs\\e-arsip_ci4\\system\\Debug\\Exceptions.php')
 2 SYSTEMPATH\Autoloader\Autoloader.php(295): CodeIgniter\Autoloader\Autoloader->includeFile('C:\\xampp\\htdocs\\e-arsip_ci4\\app\\Models\\Model_arsip.php')
 3 SYSTEMPATH\Autoloader\Autoloader.php(271): CodeIgniter\Autoloader\Autoloader->loadInNamespace('App\\Models\\Model_arsip')
 4 APPPATH\Controllers\Cari.php(20): CodeIgniter\Autoloader\Autoloader->loadClass('App\\Models\\Model_arsip')
 5 SYSTEMPATH\CodeIgniter.php(903): App\Controllers\Cari->__construct()
 6 SYSTEMPATH\CodeIgniter.php(498): CodeIgniter\CodeIgniter->createController()
 7 SYSTEMPATH\CodeIgniter.php(354): CodeIgniter\CodeIgniter->handleRequest(null, Object(Config\Cache), false)
 8 SYSTEMPATH\Boot.php(363): CodeIgniter\CodeIgniter->run()
 9 SYSTEMPATH\Boot.php(68): CodeIgniter\Boot::runCodeIgniter(Object(CodeIgniter\CodeIgniter))
10 FCPATH\index.php(59): CodeIgniter\Boot::bootWeb(Object(Config\Paths))
DEBUG - 2025-11-06 03:59:04 --> Session: Class initialized using 'CodeIgniter\Session\Handlers\FileHandler' driver.
WARNING - 2025-11-06 03:59:04 --> [DEPRECATED] Optional parameter $filters declared before required parameter $id_dep is implicitly treated as a required parameter in APPPATH\Models\Model_arsip.php on line 303.
 1 SYSTEMPATH\Autoloader\Autoloader.php(315): include_once('C:\\xampp\\htdocs\\e-arsip_ci4\\system\\Debug\\Exceptions.php')
 2 SYSTEMPATH\Autoloader\Autoloader.php(295): CodeIgniter\Autoloader\Autoloader->includeFile('C:\\xampp\\htdocs\\e-arsip_ci4\\app\\Models\\Model_arsip.php')
 3 SYSTEMPATH\Autoloader\Autoloader.php(271): CodeIgniter\Autoloader\Autoloader->loadInNamespace('App\\Models\\Model_arsip')
 4 APPPATH\Controllers\Cari.php(20): CodeIgniter\Autoloader\Autoloader->loadClass('App\\Models\\Model_arsip')
 5 SYSTEMPATH\CodeIgniter.php(903): App\Controllers\Cari->__construct()
 6 SYSTEMPATH\CodeIgniter.php(498): CodeIgniter\CodeIgniter->createController()
 7 SYSTEMPATH\CodeIgniter.php(354): CodeIgniter\CodeIgniter->handleRequest(null, Object(Config\Cache), false)
 8 SYSTEMPATH\Boot.php(363): CodeIgniter\CodeIgniter->run()
 9 SYSTEMPATH\Boot.php(68): CodeIgniter\Boot::runCodeIgniter(Object(CodeIgniter\CodeIgniter))
10 FCPATH\index.php(59): CodeIgniter\Boot::bootWeb(Object(Config\Paths))
DEBUG - 2025-11-06 03:59:05 --> Session: Class initialized using 'CodeIgniter\Session\Handlers\FileHandler' driver.
WARNING - 2025-11-06 03:59:05 --> [DEPRECATED] Optional parameter $filters declared before required parameter $id_dep is implicitly treated as a required parameter in APPPATH\Models\Model_arsip.php on line 303.
 1 SYSTEMPATH\Autoloader\Autoloader.php(315): include_once('C:\\xampp\\htdocs\\e-arsip_ci4\\system\\Debug\\Exceptions.php')
 2 SYSTEMPATH\Autoloader\Autoloader.php(295): CodeIgniter\Autoloader\Autoloader->includeFile('C:\\xampp\\htdocs\\e-arsip_ci4\\app\\Models\\Model_arsip.php')
 3 SYSTEMPATH\Autoloader\Autoloader.php(271): CodeIgniter\Autoloader\Autoloader->loadInNamespace('App\\Models\\Model_arsip')
 4 APPPATH\Controllers\Cari.php(20): CodeIgniter\Autoloader\Autoloader->loadClass('App\\Models\\Model_arsip')
 5 SYSTEMPATH\CodeIgniter.php(903): App\Controllers\Cari->__construct()
 6 SYSTEMPATH\CodeIgniter.php(498): CodeIgniter\CodeIgniter->createController()
 7 SYSTEMPATH\CodeIgniter.php(354): CodeIgniter\CodeIgniter->handleRequest(null, Object(Config\Cache), false)
 8 SYSTEMPATH\Boot.php(363): CodeIgniter\CodeIgniter->run()
 9 SYSTEMPATH\Boot.php(68): CodeIgniter\Boot::runCodeIgniter(Object(CodeIgniter\CodeIgniter))
10 FCPATH\index.php(59): CodeIgniter\Boot::bootWeb(Object(Config\Paths))
DEBUG - 2025-11-06 03:59:05 --> Session: Class initialized using 'CodeIgniter\Session\Handlers\FileHandler' driver.
WARNING - 2025-11-06 03:59:05 --> [DEPRECATED] Optional parameter $filters declared before required parameter $id_dep is implicitly treated as a required parameter in APPPATH\Models\Model_arsip.php on line 303.
 1 SYSTEMPATH\Autoloader\Autoloader.php(315): include_once('C:\\xampp\\htdocs\\e-arsip_ci4\\system\\Debug\\Exceptions.php')
 2 SYSTEMPATH\Autoloader\Autoloader.php(295): CodeIgniter\Autoloader\Autoloader->includeFile('C:\\xampp\\htdocs\\e-arsip_ci4\\app\\Models\\Model_arsip.php')
 3 SYSTEMPATH\Autoloader\Autoloader.php(271): CodeIgniter\Autoloader\Autoloader->loadInNamespace('App\\Models\\Model_arsip')
 4 APPPATH\Controllers\Cari.php(20): CodeIgniter\Autoloader\Autoloader->loadClass('App\\Models\\Model_arsip')
 5 SYSTEMPATH\CodeIgniter.php(903): App\Controllers\Cari->__construct()
 6 SYSTEMPATH\CodeIgniter.php(498): CodeIgniter\CodeIgniter->createController()
 7 SYSTEMPATH\CodeIgniter.php(354): CodeIgniter\CodeIgniter->handleRequest(null, Object(Config\Cache), false)
 8 SYSTEMPATH\Boot.php(363): CodeIgniter\CodeIgniter->run()
 9 SYSTEMPATH\Boot.php(68): CodeIgniter\Boot::runCodeIgniter(Object(CodeIgniter\CodeIgniter))
10 FCPATH\index.php(59): CodeIgniter\Boot::bootWeb(Object(Config\Paths))
DEBUG - 2025-11-06 03:59:05 --> Session: Class initialized using 'CodeIgniter\Session\Handlers\FileHandler' driver.
WARNING - 2025-11-06 03:59:05 --> [DEPRECATED] Optional parameter $filters declared before required parameter $id_dep is implicitly treated as a required parameter in APPPATH\Models\Model_arsip.php on line 303.
 1 SYSTEMPATH\Autoloader\Autoloader.php(315): include_once('C:\\xampp\\htdocs\\e-arsip_ci4\\system\\Debug\\Exceptions.php')
 2 SYSTEMPATH\Autoloader\Autoloader.php(295): CodeIgniter\Autoloader\Autoloader->includeFile('C:\\xampp\\htdocs\\e-arsip_ci4\\app\\Models\\Model_arsip.php')
 3 SYSTEMPATH\Autoloader\Autoloader.php(271): CodeIgniter\Autoloader\Autoloader->loadInNamespace('App\\Models\\Model_arsip')
 4 APPPATH\Controllers\Cari.php(20): CodeIgniter\Autoloader\Autoloader->loadClass('App\\Models\\Model_arsip')
 5 SYSTEMPATH\CodeIgniter.php(903): App\Controllers\Cari->__construct()
 6 SYSTEMPATH\CodeIgniter.php(498): CodeIgniter\CodeIgniter->createController()
 7 SYSTEMPATH\CodeIgniter.php(354): CodeIgniter\CodeIgniter->handleRequest(null, Object(Config\Cache), false)
 8 SYSTEMPATH\Boot.php(363): CodeIgniter\CodeIgniter->run()
 9 SYSTEMPATH\Boot.php(68): CodeIgniter\Boot::runCodeIgniter(Object(CodeIgniter\CodeIgniter))
10 FCPATH\index.php(59): CodeIgniter\Boot::bootWeb(Object(Config\Paths))
DEBUG - 2025-11-06 03:59:05 --> Session: Class initialized using 'CodeIgniter\Session\Handlers\FileHandler' driver.
WARNING - 2025-11-06 03:59:05 --> [DEPRECATED] Optional parameter $filters declared before required parameter $id_dep is implicitly treated as a required parameter in APPPATH\Models\Model_arsip.php on line 303.
 1 SYSTEMPATH\Autoloader\Autoloader.php(315): include_once('C:\\xampp\\htdocs\\e-arsip_ci4\\system\\Debug\\Exceptions.php')
 2 SYSTEMPATH\Autoloader\Autoloader.php(295): CodeIgniter\Autoloader\Autoloader->includeFile('C:\\xampp\\htdocs\\e-arsip_ci4\\app\\Models\\Model_arsip.php')
 3 SYSTEMPATH\Autoloader\Autoloader.php(271): CodeIgniter\Autoloader\Autoloader->loadInNamespace('App\\Models\\Model_arsip')
 4 APPPATH\Controllers\Cari.php(20): CodeIgniter\Autoloader\Autoloader->loadClass('App\\Models\\Model_arsip')
 5 SYSTEMPATH\CodeIgniter.php(903): App\Controllers\Cari->__construct()
 6 SYSTEMPATH\CodeIgniter.php(498): CodeIgniter\CodeIgniter->createController()
 7 SYSTEMPATH\CodeIgniter.php(354): CodeIgniter\CodeIgniter->handleRequest(null, Object(Config\Cache), false)
 8 SYSTEMPATH\Boot.php(363): CodeIgniter\CodeIgniter->run()
 9 SYSTEMPATH\Boot.php(68): CodeIgniter\Boot::runCodeIgniter(Object(CodeIgniter\CodeIgniter))
10 FCPATH\index.php(59): CodeIgniter\Boot::bootWeb(Object(Config\Paths))
DEBUG - 2025-11-06 03:59:05 --> Session: Class initialized using 'CodeIgniter\Session\Handlers\FileHandler' driver.
WARNING - 2025-11-06 03:59:05 --> [DEPRECATED] Optional parameter $filters declared before required parameter $id_dep is implicitly treated as a required parameter in APPPATH\Models\Model_arsip.php on line 303.
 1 SYSTEMPATH\Autoloader\Autoloader.php(315): include_once('C:\\xampp\\htdocs\\e-arsip_ci4\\system\\Debug\\Exceptions.php')
 2 SYSTEMPATH\Autoloader\Autoloader.php(295): CodeIgniter\Autoloader\Autoloader->includeFile('C:\\xampp\\htdocs\\e-arsip_ci4\\app\\Models\\Model_arsip.php')
 3 SYSTEMPATH\Autoloader\Autoloader.php(271): CodeIgniter\Autoloader\Autoloader->loadInNamespace('App\\Models\\Model_arsip')
 4 APPPATH\Controllers\Cari.php(20): CodeIgniter\Autoloader\Autoloader->loadClass('App\\Models\\Model_arsip')
 5 SYSTEMPATH\CodeIgniter.php(903): App\Controllers\Cari->__construct()
 6 SYSTEMPATH\CodeIgniter.php(498): CodeIgniter\CodeIgniter->createController()
 7 SYSTEMPATH\CodeIgniter.php(354): CodeIgniter\CodeIgniter->handleRequest(null, Object(Config\Cache), false)
 8 SYSTEMPATH\Boot.php(363): CodeIgniter\CodeIgniter->run()
 9 SYSTEMPATH\Boot.php(68): CodeIgniter\Boot::runCodeIgniter(Object(CodeIgniter\CodeIgniter))
10 FCPATH\index.php(59): CodeIgniter\Boot::bootWeb(Object(Config\Paths))
DEBUG - 2025-11-06 03:59:06 --> Session: Class initialized using 'CodeIgniter\Session\Handlers\FileHandler' driver.
WARNING - 2025-11-06 03:59:06 --> [DEPRECATED] Optional parameter $filters declared before required parameter $id_dep is implicitly treated as a required parameter in APPPATH\Models\Model_arsip.php on line 303.
 1 SYSTEMPATH\Autoloader\Autoloader.php(315): include_once('C:\\xampp\\htdocs\\e-arsip_ci4\\system\\Debug\\Exceptions.php')
 2 SYSTEMPATH\Autoloader\Autoloader.php(295): CodeIgniter\Autoloader\Autoloader->includeFile('C:\\xampp\\htdocs\\e-arsip_ci4\\app\\Models\\Model_arsip.php')
 3 SYSTEMPATH\Autoloader\Autoloader.php(271): CodeIgniter\Autoloader\Autoloader->loadInNamespace('App\\Models\\Model_arsip')
 4 APPPATH\Controllers\Cari.php(20): CodeIgniter\Autoloader\Autoloader->loadClass('App\\Models\\Model_arsip')
 5 SYSTEMPATH\CodeIgniter.php(903): App\Controllers\Cari->__construct()
 6 SYSTEMPATH\CodeIgniter.php(498): CodeIgniter\CodeIgniter->createController()
 7 SYSTEMPATH\CodeIgniter.php(354): CodeIgniter\CodeIgniter->handleRequest(null, Object(Config\Cache), false)
 8 SYSTEMPATH\Boot.php(363): CodeIgniter\CodeIgniter->run()
 9 SYSTEMPATH\Boot.php(68): CodeIgniter\Boot::runCodeIgniter(Object(CodeIgniter\CodeIgniter))
10 FCPATH\index.php(59): CodeIgniter\Boot::bootWeb(Object(Config\Paths))
DEBUG - 2025-11-06 03:59:06 --> Session: Class initialized using 'CodeIgniter\Session\Handlers\FileHandler' driver.
WARNING - 2025-11-06 03:59:06 --> [DEPRECATED] Optional parameter $filters declared before required parameter $id_dep is implicitly treated as a required parameter in APPPATH\Models\Model_arsip.php on line 303.
 1 SYSTEMPATH\Autoloader\Autoloader.php(315): include_once('C:\\xampp\\htdocs\\e-arsip_ci4\\system\\Debug\\Exceptions.php')
 2 SYSTEMPATH\Autoloader\Autoloader.php(295): CodeIgniter\Autoloader\Autoloader->includeFile('C:\\xampp\\htdocs\\e-arsip_ci4\\app\\Models\\Model_arsip.php')
 3 SYSTEMPATH\Autoloader\Autoloader.php(271): CodeIgniter\Autoloader\Autoloader->loadInNamespace('App\\Models\\Model_arsip')
 4 APPPATH\Controllers\Cari.php(20): CodeIgniter\Autoloader\Autoloader->loadClass('App\\Models\\Model_arsip')
 5 SYSTEMPATH\CodeIgniter.php(903): App\Controllers\Cari->__construct()
 6 SYSTEMPATH\CodeIgniter.php(498): CodeIgniter\CodeIgniter->createController()
 7 SYSTEMPATH\CodeIgniter.php(354): CodeIgniter\CodeIgniter->handleRequest(null, Object(Config\Cache), false)
 8 SYSTEMPATH\Boot.php(363): CodeIgniter\CodeIgniter->run()
 9 SYSTEMPATH\Boot.php(68): CodeIgniter\Boot::runCodeIgniter(Object(CodeIgniter\CodeIgniter))
10 FCPATH\index.php(59): CodeIgniter\Boot::bootWeb(Object(Config\Paths))
DEBUG - 2025-11-06 03:59:06 --> Session: Class initialized using 'CodeIgniter\Session\Handlers\FileHandler' driver.
WARNING - 2025-11-06 03:59:06 --> [DEPRECATED] Optional parameter $filters declared before required parameter $id_dep is implicitly treated as a required parameter in APPPATH\Models\Model_arsip.php on line 303.
 1 SYSTEMPATH\Autoloader\Autoloader.php(315): include_once('C:\\xampp\\htdocs\\e-arsip_ci4\\system\\Debug\\Exceptions.php')
 2 SYSTEMPATH\Autoloader\Autoloader.php(295): CodeIgniter\Autoloader\Autoloader->includeFile('C:\\xampp\\htdocs\\e-arsip_ci4\\app\\Models\\Model_arsip.php')
 3 SYSTEMPATH\Autoloader\Autoloader.php(271): CodeIgniter\Autoloader\Autoloader->loadInNamespace('App\\Models\\Model_arsip')
 4 APPPATH\Controllers\Cari.php(20): CodeIgniter\Autoloader\Autoloader->loadClass('App\\Models\\Model_arsip')
 5 SYSTEMPATH\CodeIgniter.php(903): App\Controllers\Cari->__construct()
 6 SYSTEMPATH\CodeIgniter.php(498): CodeIgniter\CodeIgniter->createController()
 7 SYSTEMPATH\CodeIgniter.php(354): CodeIgniter\CodeIgniter->handleRequest(null, Object(Config\Cache), false)
 8 SYSTEMPATH\Boot.php(363): CodeIgniter\CodeIgniter->run()
 9 SYSTEMPATH\Boot.php(68): CodeIgniter\Boot::runCodeIgniter(Object(CodeIgniter\CodeIgniter))
10 FCPATH\index.php(59): CodeIgniter\Boot::bootWeb(Object(Config\Paths))
DEBUG - 2025-11-06 03:59:06 --> Session: Class initialized using 'CodeIgniter\Session\Handlers\FileHandler' driver.
WARNING - 2025-11-06 03:59:06 --> [DEPRECATED] Optional parameter $filters declared before required parameter $id_dep is implicitly treated as a required parameter in APPPATH\Models\Model_arsip.php on line 303.
 1 SYSTEMPATH\Autoloader\Autoloader.php(315): include_once('C:\\xampp\\htdocs\\e-arsip_ci4\\system\\Debug\\Exceptions.php')
 2 SYSTEMPATH\Autoloader\Autoloader.php(295): CodeIgniter\Autoloader\Autoloader->includeFile('C:\\xampp\\htdocs\\e-arsip_ci4\\app\\Models\\Model_arsip.php')
 3 SYSTEMPATH\Autoloader\Autoloader.php(271): CodeIgniter\Autoloader\Autoloader->loadInNamespace('App\\Models\\Model_arsip')
 4 APPPATH\Controllers\Cari.php(20): CodeIgniter\Autoloader\Autoloader->loadClass('App\\Models\\Model_arsip')
 5 SYSTEMPATH\CodeIgniter.php(903): App\Controllers\Cari->__construct()
 6 SYSTEMPATH\CodeIgniter.php(498): CodeIgniter\CodeIgniter->createController()
 7 SYSTEMPATH\CodeIgniter.php(354): CodeIgniter\CodeIgniter->handleRequest(null, Object(Config\Cache), false)
 8 SYSTEMPATH\Boot.php(363): CodeIgniter\CodeIgniter->run()
 9 SYSTEMPATH\Boot.php(68): CodeIgniter\Boot::runCodeIgniter(Object(CodeIgniter\CodeIgniter))
10 FCPATH\index.php(59): CodeIgniter\Boot::bootWeb(Object(Config\Paths))
DEBUG - 2025-11-06 03:59:06 --> Session: Class initialized using 'CodeIgniter\Session\Handlers\FileHandler' driver.
WARNING - 2025-11-06 03:59:06 --> [DEPRECATED] Optional parameter $filters declared before required parameter $id_dep is implicitly treated as a required parameter in APPPATH\Models\Model_arsip.php on line 303.
 1 SYSTEMPATH\Autoloader\Autoloader.php(315): include_once('C:\\xampp\\htdocs\\e-arsip_ci4\\system\\Debug\\Exceptions.php')
 2 SYSTEMPATH\Autoloader\Autoloader.php(295): CodeIgniter\Autoloader\Autoloader->includeFile('C:\\xampp\\htdocs\\e-arsip_ci4\\app\\Models\\Model_arsip.php')
 3 SYSTEMPATH\Autoloader\Autoloader.php(271): CodeIgniter\Autoloader\Autoloader->loadInNamespace('App\\Models\\Model_arsip')
 4 APPPATH\Controllers\Cari.php(20): CodeIgniter\Autoloader\Autoloader->loadClass('App\\Models\\Model_arsip')
 5 SYSTEMPATH\CodeIgniter.php(903): App\Controllers\Cari->__construct()
 6 SYSTEMPATH\CodeIgniter.php(498): CodeIgniter\CodeIgniter->createController()
 7 SYSTEMPATH\CodeIgniter.php(354): CodeIgniter\CodeIgniter->handleRequest(null, Object(Config\Cache), false)
 8 SYSTEMPATH\Boot.php(363): CodeIgniter\CodeIgniter->run()
 9 SYSTEMPATH\Boot.php(68): CodeIgniter\Boot::runCodeIgniter(Object(CodeIgniter\CodeIgniter))
10 FCPATH\index.php(59): CodeIgniter\Boot::bootWeb(Object(Config\Paths))
DEBUG - 2025-11-06 04:05:10 --> Session: Class initialized using 'CodeIgniter\Session\Handlers\FileHandler' driver.
DEBUG - 2025-11-06 04:05:11 --> Session: Class initialized using 'CodeIgniter\Session\Handlers\FileHandler' driver.
DEBUG - 2025-11-06 04:05:54 --> Session: Class initialized using 'CodeIgniter\Session\Handlers\FileHandler' driver.
WARNING - 2025-11-06 04:05:54 --> [DEPRECATED] Optional parameter $filters declared before required parameter $id_dep is implicitly treated as a required parameter in APPPATH\Models\Model_arsip.php on line 303.
 1 SYSTEMPATH\Autoloader\Autoloader.php(315): include_once('C:\\xampp\\htdocs\\e-arsip_ci4\\system\\Debug\\Exceptions.php')
 2 SYSTEMPATH\Autoloader\Autoloader.php(295): CodeIgniter\Autoloader\Autoloader->includeFile('C:\\xampp\\htdocs\\e-arsip_ci4\\app\\Models\\Model_arsip.php')
 3 SYSTEMPATH\Autoloader\Autoloader.php(271): CodeIgniter\Autoloader\Autoloader->loadInNamespace('App\\Models\\Model_arsip')
 4 APPPATH\Controllers\Cari.php(20): CodeIgniter\Autoloader\Autoloader->loadClass('App\\Models\\Model_arsip')
 5 SYSTEMPATH\CodeIgniter.php(903): App\Controllers\Cari->__construct()
 6 SYSTEMPATH\CodeIgniter.php(498): CodeIgniter\CodeIgniter->createController()
 7 SYSTEMPATH\CodeIgniter.php(354): CodeIgniter\CodeIgniter->handleRequest(null, Object(Config\Cache), false)
 8 SYSTEMPATH\Boot.php(363): CodeIgniter\CodeIgniter->run()
 9 SYSTEMPATH\Boot.php(68): CodeIgniter\Boot::runCodeIgniter(Object(CodeIgniter\CodeIgniter))
10 FCPATH\index.php(59): CodeIgniter\Boot::bootWeb(Object(Config\Paths))
DEBUG - 2025-11-06 04:05:55 --> Session: Class initialized using 'CodeIgniter\Session\Handlers\FileHandler' driver.
WARNING - 2025-11-06 04:05:55 --> [DEPRECATED] Optional parameter $filters declared before required parameter $id_dep is implicitly treated as a required parameter in APPPATH\Models\Model_arsip.php on line 303.
 1 SYSTEMPATH\Autoloader\Autoloader.php(315): include_once('C:\\xampp\\htdocs\\e-arsip_ci4\\system\\Debug\\Exceptions.php')
 2 SYSTEMPATH\Autoloader\Autoloader.php(295): CodeIgniter\Autoloader\Autoloader->includeFile('C:\\xampp\\htdocs\\e-arsip_ci4\\app\\Models\\Model_arsip.php')
 3 SYSTEMPATH\Autoloader\Autoloader.php(271): CodeIgniter\Autoloader\Autoloader->loadInNamespace('App\\Models\\Model_arsip')
 4 APPPATH\Controllers\Cari.php(20): CodeIgniter\Autoloader\Autoloader->loadClass('App\\Models\\Model_arsip')
 5 SYSTEMPATH\CodeIgniter.php(903): App\Controllers\Cari->__construct()
 6 SYSTEMPATH\CodeIgniter.php(498): CodeIgniter\CodeIgniter->createController()
 7 SYSTEMPATH\CodeIgniter.php(354): CodeIgniter\CodeIgniter->handleRequest(null, Object(Config\Cache), false)
 8 SYSTEMPATH\Boot.php(363): CodeIgniter\CodeIgniter->run()
 9 SYSTEMPATH\Boot.php(68): CodeIgniter\Boot::runCodeIgniter(Object(CodeIgniter\CodeIgniter))
10 FCPATH\index.php(59): CodeIgniter\Boot::bootWeb(Object(Config\Paths))
DEBUG - 2025-11-06 04:05:55 --> Session: Class initialized using 'CodeIgniter\Session\Handlers\FileHandler' driver.
WARNING - 2025-11-06 04:05:55 --> [DEPRECATED] Optional parameter $filters declared before required parameter $id_dep is implicitly treated as a required parameter in APPPATH\Models\Model_arsip.php on line 303.
 1 SYSTEMPATH\Autoloader\Autoloader.php(315): include_once('C:\\xampp\\htdocs\\e-arsip_ci4\\system\\Debug\\Exceptions.php')
 2 SYSTEMPATH\Autoloader\Autoloader.php(295): CodeIgniter\Autoloader\Autoloader->includeFile('C:\\xampp\\htdocs\\e-arsip_ci4\\app\\Models\\Model_arsip.php')
 3 SYSTEMPATH\Autoloader\Autoloader.php(271): CodeIgniter\Autoloader\Autoloader->loadInNamespace('App\\Models\\Model_arsip')
 4 APPPATH\Controllers\Cari.php(20): CodeIgniter\Autoloader\Autoloader->loadClass('App\\Models\\Model_arsip')
 5 SYSTEMPATH\CodeIgniter.php(903): App\Controllers\Cari->__construct()
 6 SYSTEMPATH\CodeIgniter.php(498): CodeIgniter\CodeIgniter->createController()
 7 SYSTEMPATH\CodeIgniter.php(354): CodeIgniter\CodeIgniter->handleRequest(null, Object(Config\Cache), false)
 8 SYSTEMPATH\Boot.php(363): CodeIgniter\CodeIgniter->run()
 9 SYSTEMPATH\Boot.php(68): CodeIgniter\Boot::runCodeIgniter(Object(CodeIgniter\CodeIgniter))
10 FCPATH\index.php(59): CodeIgniter\Boot::bootWeb(Object(Config\Paths))
DEBUG - 2025-11-06 04:07:45 --> Session: Class initialized using 'CodeIgniter\Session\Handlers\FileHandler' driver.
WARNING - 2025-11-06 04:07:45 --> [DEPRECATED] Optional parameter $filters declared before required parameter $id_dep is implicitly treated as a required parameter in APPPATH\Models\Model_arsip.php on line 303.
 1 SYSTEMPATH\Autoloader\Autoloader.php(315): include_once('C:\\xampp\\htdocs\\e-arsip_ci4\\system\\Debug\\Exceptions.php')
 2 SYSTEMPATH\Autoloader\Autoloader.php(295): CodeIgniter\Autoloader\Autoloader->includeFile('C:\\xampp\\htdocs\\e-arsip_ci4\\app\\Models\\Model_arsip.php')
 3 SYSTEMPATH\Autoloader\Autoloader.php(271): CodeIgniter\Autoloader\Autoloader->loadInNamespace('App\\Models\\Model_arsip')
 4 APPPATH\Controllers\Cari.php(20): CodeIgniter\Autoloader\Autoloader->loadClass('App\\Models\\Model_arsip')
 5 SYSTEMPATH\CodeIgniter.php(903): App\Controllers\Cari->__construct()
 6 SYSTEMPATH\CodeIgniter.php(498): CodeIgniter\CodeIgniter->createController()
 7 SYSTEMPATH\CodeIgniter.php(354): CodeIgniter\CodeIgniter->handleRequest(null, Object(Config\Cache), false)
 8 SYSTEMPATH\Boot.php(363): CodeIgniter\CodeIgniter->run()
 9 SYSTEMPATH\Boot.php(68): CodeIgniter\Boot::runCodeIgniter(Object(CodeIgniter\CodeIgniter))
10 FCPATH\index.php(59): CodeIgniter\Boot::bootWeb(Object(Config\Paths))
DEBUG - 2025-11-06 04:07:47 --> Session: Class initialized using 'CodeIgniter\Session\Handlers\FileHandler' driver.
WARNING - 2025-11-06 04:07:47 --> [DEPRECATED] Optional parameter $filters declared before required parameter $id_dep is implicitly treated as a required parameter in APPPATH\Models\Model_arsip.php on line 303.
 1 SYSTEMPATH\Autoloader\Autoloader.php(315): include_once('C:\\xampp\\htdocs\\e-arsip_ci4\\system\\Debug\\Exceptions.php')
 2 SYSTEMPATH\Autoloader\Autoloader.php(295): CodeIgniter\Autoloader\Autoloader->includeFile('C:\\xampp\\htdocs\\e-arsip_ci4\\app\\Models\\Model_arsip.php')
 3 SYSTEMPATH\Autoloader\Autoloader.php(271): CodeIgniter\Autoloader\Autoloader->loadInNamespace('App\\Models\\Model_arsip')
 4 APPPATH\Controllers\Arsip.php(26): CodeIgniter\Autoloader\Autoloader->loadClass('App\\Models\\Model_arsip')
 5 SYSTEMPATH\CodeIgniter.php(903): App\Controllers\Arsip->__construct()
 6 SYSTEMPATH\CodeIgniter.php(498): CodeIgniter\CodeIgniter->createController()
 7 SYSTEMPATH\CodeIgniter.php(354): CodeIgniter\CodeIgniter->handleRequest(null, Object(Config\Cache), false)
 8 SYSTEMPATH\Boot.php(363): CodeIgniter\CodeIgniter->run()
 9 SYSTEMPATH\Boot.php(68): CodeIgniter\Boot::runCodeIgniter(Object(CodeIgniter\CodeIgniter))
10 FCPATH\index.php(59): CodeIgniter\Boot::bootWeb(Object(Config\Paths))
DEBUG - 2025-11-06 04:08:00 --> Session: Class initialized using 'CodeIgniter\Session\Handlers\FileHandler' driver.
WARNING - 2025-11-06 04:08:00 --> [DEPRECATED] Optional parameter $filters declared before required parameter $id_dep is implicitly treated as a required parameter in APPPATH\Models\Model_arsip.php on line 303.
 1 SYSTEMPATH\Autoloader\Autoloader.php(315): include_once('C:\\xampp\\htdocs\\e-arsip_ci4\\system\\Debug\\Exceptions.php')
 2 SYSTEMPATH\Autoloader\Autoloader.php(295): CodeIgniter\Autoloader\Autoloader->includeFile('C:\\xampp\\htdocs\\e-arsip_ci4\\app\\Models\\Model_arsip.php')
 3 SYSTEMPATH\Autoloader\Autoloader.php(271): CodeIgniter\Autoloader\Autoloader->loadInNamespace('App\\Models\\Model_arsip')
 4 APPPATH\Controllers\Kategori.php(21): CodeIgniter\Autoloader\Autoloader->loadClass('App\\Models\\Model_arsip')
 5 SYSTEMPATH\CodeIgniter.php(903): App\Controllers\Kategori->__construct()
 6 SYSTEMPATH\CodeIgniter.php(498): CodeIgniter\CodeIgniter->createController()
 7 SYSTEMPATH\CodeIgniter.php(354): CodeIgniter\CodeIgniter->handleRequest(null, Object(Config\Cache), false)
 8 SYSTEMPATH\Boot.php(363): CodeIgniter\CodeIgniter->run()
 9 SYSTEMPATH\Boot.php(68): CodeIgniter\Boot::runCodeIgniter(Object(CodeIgniter\CodeIgniter))
10 FCPATH\index.php(59): CodeIgniter\Boot::bootWeb(Object(Config\Paths))
DEBUG - 2025-11-06 04:08:07 --> Session: Class initialized using 'CodeIgniter\Session\Handlers\FileHandler' driver.
WARNING - 2025-11-06 04:08:07 --> [DEPRECATED] Optional parameter $filters declared before required parameter $id_dep is implicitly treated as a required parameter in APPPATH\Models\Model_arsip.php on line 303.
 1 SYSTEMPATH\Autoloader\Autoloader.php(315): include_once('C:\\xampp\\htdocs\\e-arsip_ci4\\system\\Debug\\Exceptions.php')
 2 SYSTEMPATH\Autoloader\Autoloader.php(295): CodeIgniter\Autoloader\Autoloader->includeFile('C:\\xampp\\htdocs\\e-arsip_ci4\\app\\Models\\Model_arsip.php')
 3 SYSTEMPATH\Autoloader\Autoloader.php(271): CodeIgniter\Autoloader\Autoloader->loadInNamespace('App\\Models\\Model_arsip')
 4 APPPATH\Controllers\Arsip.php(26): CodeIgniter\Autoloader\Autoloader->loadClass('App\\Models\\Model_arsip')
 5 SYSTEMPATH\CodeIgniter.php(903): App\Controllers\Arsip->__construct()
 6 SYSTEMPATH\CodeIgniter.php(498): CodeIgniter\CodeIgniter->createController()
 7 SYSTEMPATH\CodeIgniter.php(354): CodeIgniter\CodeIgniter->handleRequest(null, Object(Config\Cache), false)
 8 SYSTEMPATH\Boot.php(363): CodeIgniter\CodeIgniter->run()
 9 SYSTEMPATH\Boot.php(68): CodeIgniter\Boot::runCodeIgniter(Object(CodeIgniter\CodeIgniter))
10 FCPATH\index.php(59): CodeIgniter\Boot::bootWeb(Object(Config\Paths))
DEBUG - 2025-11-06 04:08:09 --> Session: Class initialized using 'CodeIgniter\Session\Handlers\FileHandler' driver.
DEBUG - 2025-11-06 04:08:10 --> Session: Class initialized using 'CodeIgniter\Session\Handlers\FileHandler' driver.
DEBUG - 2025-11-06 04:08:12 --> Session: Class initialized using 'CodeIgniter\Session\Handlers\FileHandler' driver.
WARNING - 2025-11-06 04:08:12 --> [DEPRECATED] Optional parameter $filters declared before required parameter $id_dep is implicitly treated as a required parameter in APPPATH\Models\Model_arsip.php on line 303.
 1 SYSTEMPATH\Autoloader\Autoloader.php(315): include_once('C:\\xampp\\htdocs\\e-arsip_ci4\\system\\Debug\\Exceptions.php')
 2 SYSTEMPATH\Autoloader\Autoloader.php(295): CodeIgniter\Autoloader\Autoloader->includeFile('C:\\xampp\\htdocs\\e-arsip_ci4\\app\\Models\\Model_arsip.php')
 3 SYSTEMPATH\Autoloader\Autoloader.php(271): CodeIgniter\Autoloader\Autoloader->loadInNamespace('App\\Models\\Model_arsip')
 4 APPPATH\Controllers\Kategori.php(21): CodeIgniter\Autoloader\Autoloader->loadClass('App\\Models\\Model_arsip')
 5 SYSTEMPATH\CodeIgniter.php(903): App\Controllers\Kategori->__construct()
 6 SYSTEMPATH\CodeIgniter.php(498): CodeIgniter\CodeIgniter->createController()
 7 SYSTEMPATH\CodeIgniter.php(354): CodeIgniter\CodeIgniter->handleRequest(null, Object(Config\Cache), false)
 8 SYSTEMPATH\Boot.php(363): CodeIgniter\CodeIgniter->run()
 9 SYSTEMPATH\Boot.php(68): CodeIgniter\Boot::runCodeIgniter(Object(CodeIgniter\CodeIgniter))
10 FCPATH\index.php(59): CodeIgniter\Boot::bootWeb(Object(Config\Paths))
DEBUG - 2025-11-06 04:08:13 --> Session: Class initialized using 'CodeIgniter\Session\Handlers\FileHandler' driver.
WARNING - 2025-11-06 04:08:13 --> [DEPRECATED] Optional parameter $filters declared before required parameter $id_dep is implicitly treated as a required parameter in APPPATH\Models\Model_arsip.php on line 303.
 1 SYSTEMPATH\Autoloader\Autoloader.php(315): include_once('C:\\xampp\\htdocs\\e-arsip_ci4\\system\\Debug\\Exceptions.php')
 2 SYSTEMPATH\Autoloader\Autoloader.php(295): CodeIgniter\Autoloader\Autoloader->includeFile('C:\\xampp\\htdocs\\e-arsip_ci4\\app\\Models\\Model_arsip.php')
 3 SYSTEMPATH\Autoloader\Autoloader.php(271): CodeIgniter\Autoloader\Autoloader->loadInNamespace('App\\Models\\Model_arsip')
 4 APPPATH\Controllers\Arsip.php(26): CodeIgniter\Autoloader\Autoloader->loadClass('App\\Models\\Model_arsip')
 5 SYSTEMPATH\CodeIgniter.php(903): App\Controllers\Arsip->__construct()
 6 SYSTEMPATH\CodeIgniter.php(498): CodeIgniter\CodeIgniter->createController()
 7 SYSTEMPATH\CodeIgniter.php(354): CodeIgniter\CodeIgniter->handleRequest(null, Object(Config\Cache), false)
 8 SYSTEMPATH\Boot.php(363): CodeIgniter\CodeIgniter->run()
 9 SYSTEMPATH\Boot.php(68): CodeIgniter\Boot::runCodeIgniter(Object(CodeIgniter\CodeIgniter))
10 FCPATH\index.php(59): CodeIgniter\Boot::bootWeb(Object(Config\Paths))
DEBUG - 2025-11-06 04:10:58 --> Session: Class initialized using 'CodeIgniter\Session\Handlers\FileHandler' driver.
WARNING - 2025-11-06 04:10:58 --> [DEPRECATED] Optional parameter $filters declared before required parameter $id_dep is implicitly treated as a required parameter in APPPATH\Models\Model_arsip.php on line 303.
 1 SYSTEMPATH\Autoloader\Autoloader.php(315): include_once('C:\\xampp\\htdocs\\e-arsip_ci4\\system\\Debug\\Exceptions.php')
 2 SYSTEMPATH\Autoloader\Autoloader.php(295): CodeIgniter\Autoloader\Autoloader->includeFile('C:\\xampp\\htdocs\\e-arsip_ci4\\app\\Models\\Model_arsip.php')
 3 SYSTEMPATH\Autoloader\Autoloader.php(271): CodeIgniter\Autoloader\Autoloader->loadInNamespace('App\\Models\\Model_arsip')
 4 APPPATH\Controllers\Home.php(23): CodeIgniter\Autoloader\Autoloader->loadClass('App\\Models\\Model_arsip')
 5 SYSTEMPATH\CodeIgniter.php(903): App\Controllers\Home->__construct()
 6 SYSTEMPATH\CodeIgniter.php(498): CodeIgniter\CodeIgniter->createController()
 7 SYSTEMPATH\CodeIgniter.php(354): CodeIgniter\CodeIgniter->handleRequest(null, Object(Config\Cache), false)
 8 SYSTEMPATH\Boot.php(363): CodeIgniter\CodeIgniter->run()
 9 SYSTEMPATH\Boot.php(68): CodeIgniter\Boot::runCodeIgniter(Object(CodeIgniter\CodeIgniter))
10 FCPATH\index.php(59): CodeIgniter\Boot::bootWeb(Object(Config\Paths))
DEBUG - 2025-11-06 04:11:00 --> Session: Class initialized using 'CodeIgniter\Session\Handlers\FileHandler' driver.
WARNING - 2025-11-06 04:11:00 --> [DEPRECATED] Optional parameter $filters declared before required parameter $id_dep is implicitly treated as a required parameter in APPPATH\Models\Model_arsip.php on line 303.
 1 SYSTEMPATH\Autoloader\Autoloader.php(315): include_once('C:\\xampp\\htdocs\\e-arsip_ci4\\system\\Debug\\Exceptions.php')
 2 SYSTEMPATH\Autoloader\Autoloader.php(295): CodeIgniter\Autoloader\Autoloader->includeFile('C:\\xampp\\htdocs\\e-arsip_ci4\\app\\Models\\Model_arsip.php')
 3 SYSTEMPATH\Autoloader\Autoloader.php(271): CodeIgniter\Autoloader\Autoloader->loadInNamespace('App\\Models\\Model_arsip')
 4 APPPATH\Controllers\Arsip.php(26): CodeIgniter\Autoloader\Autoloader->loadClass('App\\Models\\Model_arsip')
 5 SYSTEMPATH\CodeIgniter.php(903): App\Controllers\Arsip->__construct()
 6 SYSTEMPATH\CodeIgniter.php(498): CodeIgniter\CodeIgniter->createController()
 7 SYSTEMPATH\CodeIgniter.php(354): CodeIgniter\CodeIgniter->handleRequest(null, Object(Config\Cache), false)
 8 SYSTEMPATH\Boot.php(363): CodeIgniter\CodeIgniter->run()
 9 SYSTEMPATH\Boot.php(68): CodeIgniter\Boot::runCodeIgniter(Object(CodeIgniter\CodeIgniter))
10 FCPATH\index.php(59): CodeIgniter\Boot::bootWeb(Object(Config\Paths))
DEBUG - 2025-11-06 05:00:15 --> Session: Class initialized using 'CodeIgniter\Session\Handlers\FileHandler' driver.
DEBUG - 2025-11-06 05:00:15 --> Session: Class initialized using 'CodeIgniter\Session\Handlers\FileHandler' driver.
DEBUG - 2025-11-06 05:20:01 --> Session: Class initialized using 'CodeIgniter\Session\Handlers\FileHandler' driver.
DEBUG - 2025-11-06 05:20:01 --> Session: Class initialized using 'CodeIgniter\Session\Handlers\FileHandler' driver.
DEBUG - 2025-11-06 06:03:13 --> Session: Class initialized using 'CodeIgniter\Session\Handlers\FileHandler' driver.
DEBUG - 2025-11-06 06:03:24 --> Session: Class initialized using 'CodeIgniter\Session\Handlers\FileHandler' driver.
DEBUG - 2025-11-06 06:03:38 --> Session: Class initialized using 'CodeIgniter\Session\Handlers\FileHandler' driver.
DEBUG - 2025-11-06 06:03:38 --> Session: Class initialized using 'CodeIgniter\Session\Handlers\FileHandler' driver.
WARNING - 2025-11-06 06:03:38 --> [DEPRECATED] Optional parameter $filters declared before required parameter $id_dep is implicitly treated as a required parameter in APPPATH\Models\Model_arsip.php on line 303.
 1 SYSTEMPATH\Autoloader\Autoloader.php(315): include_once('C:\\xampp\\htdocs\\e-arsip_ci4\\system\\Debug\\Exceptions.php')
 2 SYSTEMPATH\Autoloader\Autoloader.php(295): CodeIgniter\Autoloader\Autoloader->includeFile('C:\\xampp\\htdocs\\e-arsip_ci4\\app\\Models\\Model_arsip.php')
 3 SYSTEMPATH\Autoloader\Autoloader.php(271): CodeIgniter\Autoloader\Autoloader->loadInNamespace('App\\Models\\Model_arsip')
 4 APPPATH\Controllers\Home.php(23): CodeIgniter\Autoloader\Autoloader->loadClass('App\\Models\\Model_arsip')
 5 SYSTEMPATH\CodeIgniter.php(903): App\Controllers\Home->__construct()
 6 SYSTEMPATH\CodeIgniter.php(498): CodeIgniter\CodeIgniter->createController()
 7 SYSTEMPATH\CodeIgniter.php(354): CodeIgniter\CodeIgniter->handleRequest(null, Object(Config\Cache), false)
 8 SYSTEMPATH\Boot.php(363): CodeIgniter\CodeIgniter->run()
 9 SYSTEMPATH\Boot.php(68): CodeIgniter\Boot::runCodeIgniter(Object(CodeIgniter\CodeIgniter))
10 FCPATH\index.php(59): CodeIgniter\Boot::bootWeb(Object(Config\Paths))
DEBUG - 2025-11-06 06:03:54 --> Session: Class initialized using 'CodeIgniter\Session\Handlers\FileHandler' driver.
DEBUG - 2025-11-06 06:04:12 --> Session: Class initialized using 'CodeIgniter\Session\Handlers\FileHandler' driver.
DEBUG - 2025-11-06 06:04:43 --> Session: Class initialized using 'CodeIgniter\Session\Handlers\FileHandler' driver.
DEBUG - 2025-11-06 06:04:44 --> Session: Class initialized using 'CodeIgniter\Session\Handlers\FileHandler' driver.
DEBUG - 2025-11-06 06:04:50 --> Session: Class initialized using 'CodeIgniter\Session\Handlers\FileHandler' driver.
DEBUG - 2025-11-06 06:05:06 --> Session: Class initialized using 'CodeIgniter\Session\Handlers\FileHandler' driver.
DEBUG - 2025-11-06 06:40:06 --> Session: Class initialized using 'CodeIgniter\Session\Handlers\FileHandler' driver.
DEBUG - 2025-11-06 06:40:06 --> Session: Class initialized using 'CodeIgniter\Session\Handlers\FileHandler' driver.
DEBUG - 2025-11-06 06:42:07 --> Session: Class initialized using 'CodeIgniter\Session\Handlers\FileHandler' driver.
DEBUG - 2025-11-06 06:42:07 --> Session: Class initialized using 'CodeIgniter\Session\Handlers\FileHandler' driver.
WARNING - 2025-11-06 06:42:07 --> [DEPRECATED] Optional parameter $filters declared before required parameter $id_dep is implicitly treated as a required parameter in APPPATH\Models\Model_arsip.php on line 303.
 1 SYSTEMPATH\Autoloader\Autoloader.php(315): include_once('C:\\xampp\\htdocs\\e-arsip_ci4\\system\\Debug\\Exceptions.php')
 2 SYSTEMPATH\Autoloader\Autoloader.php(295): CodeIgniter\Autoloader\Autoloader->includeFile('C:\\xampp\\htdocs\\e-arsip_ci4\\app\\Models\\Model_arsip.php')
 3 SYSTEMPATH\Autoloader\Autoloader.php(271): CodeIgniter\Autoloader\Autoloader->loadInNamespace('App\\Models\\Model_arsip')
 4 APPPATH\Controllers\Home.php(23): CodeIgniter\Autoloader\Autoloader->loadClass('App\\Models\\Model_arsip')
 5 SYSTEMPATH\CodeIgniter.php(903): App\Controllers\Home->__construct()
 6 SYSTEMPATH\CodeIgniter.php(498): CodeIgniter\CodeIgniter->createController()
 7 SYSTEMPATH\CodeIgniter.php(354): CodeIgniter\CodeIgniter->handleRequest(null, Object(Config\Cache), false)
 8 SYSTEMPATH\Boot.php(363): CodeIgniter\CodeIgniter->run()
 9 SYSTEMPATH\Boot.php(68): CodeIgniter\Boot::runCodeIgniter(Object(CodeIgniter\CodeIgniter))
10 FCPATH\index.php(59): CodeIgniter\Boot::bootWeb(Object(Config\Paths))
DEBUG - 2025-11-06 06:42:09 --> Session: Class initialized using 'CodeIgniter\Session\Handlers\FileHandler' driver.
DEBUG - 2025-11-06 06:42:10 --> Session: Class initialized using 'CodeIgniter\Session\Handlers\FileHandler' driver.
DEBUG - 2025-11-06 06:43:07 --> Session: Class initialized using 'CodeIgniter\Session\Handlers\FileHandler' driver.
DEBUG - 2025-11-06 06:45:37 --> Session: Class initialized using 'CodeIgniter\Session\Handlers\FileHandler' driver.
DEBUG - 2025-11-06 06:45:52 --> Session: Class initialized using 'CodeIgniter\Session\Handlers\FileHandler' driver.
DEBUG - 2025-11-06 06:46:37 --> Session: Class initialized using 'CodeIgniter\Session\Handlers\FileHandler' driver.
DEBUG - 2025-11-06 06:46:37 --> Session: Class initialized using 'CodeIgniter\Session\Handlers\FileHandler' driver.
WARNING - 2025-11-06 06:46:37 --> [DEPRECATED] Optional parameter $filters declared before required parameter $id_dep is implicitly treated as a required parameter in APPPATH\Models\Model_arsip.php on line 303.
 1 SYSTEMPATH\Autoloader\Autoloader.php(315): include_once('C:\\xampp\\htdocs\\e-arsip_ci4\\system\\Debug\\Exceptions.php')
 2 SYSTEMPATH\Autoloader\Autoloader.php(295): CodeIgniter\Autoloader\Autoloader->includeFile('C:\\xampp\\htdocs\\e-arsip_ci4\\app\\Models\\Model_arsip.php')
 3 SYSTEMPATH\Autoloader\Autoloader.php(271): CodeIgniter\Autoloader\Autoloader->loadInNamespace('App\\Models\\Model_arsip')
 4 APPPATH\Controllers\Home.php(23): CodeIgniter\Autoloader\Autoloader->loadClass('App\\Models\\Model_arsip')
 5 SYSTEMPATH\CodeIgniter.php(903): App\Controllers\Home->__construct()
 6 SYSTEMPATH\CodeIgniter.php(498): CodeIgniter\CodeIgniter->createController()
 7 SYSTEMPATH\CodeIgniter.php(354): CodeIgniter\CodeIgniter->handleRequest(null, Object(Config\Cache), false)
 8 SYSTEMPATH\Boot.php(363): CodeIgniter\CodeIgniter->run()
 9 SYSTEMPATH\Boot.php(68): CodeIgniter\Boot::runCodeIgniter(Object(CodeIgniter\CodeIgniter))
10 FCPATH\index.php(59): CodeIgniter\Boot::bootWeb(Object(Config\Paths))
DEBUG - 2025-11-06 06:46:45 --> Session: Class initialized using 'CodeIgniter\Session\Handlers\FileHandler' driver.
WARNING - 2025-11-06 06:46:45 --> [DEPRECATED] Optional parameter $filters declared before required parameter $id_dep is implicitly treated as a required parameter in APPPATH\Models\Model_arsip.php on line 303.
 1 SYSTEMPATH\Autoloader\Autoloader.php(315): include_once('C:\\xampp\\htdocs\\e-arsip_ci4\\system\\Debug\\Exceptions.php')
 2 SYSTEMPATH\Autoloader\Autoloader.php(295): CodeIgniter\Autoloader\Autoloader->includeFile('C:\\xampp\\htdocs\\e-arsip_ci4\\app\\Models\\Model_arsip.php')
 3 SYSTEMPATH\Autoloader\Autoloader.php(271): CodeIgniter\Autoloader\Autoloader->loadInNamespace('App\\Models\\Model_arsip')
 4 APPPATH\Controllers\Arsip.php(26): CodeIgniter\Autoloader\Autoloader->loadClass('App\\Models\\Model_arsip')
 5 SYSTEMPATH\CodeIgniter.php(903): App\Controllers\Arsip->__construct()
 6 SYSTEMPATH\CodeIgniter.php(498): CodeIgniter\CodeIgniter->createController()
 7 SYSTEMPATH\CodeIgniter.php(354): CodeIgniter\CodeIgniter->handleRequest(null, Object(Config\Cache), false)
 8 SYSTEMPATH\Boot.php(363): CodeIgniter\CodeIgniter->run()
 9 SYSTEMPATH\Boot.php(68): CodeIgniter\Boot::runCodeIgniter(Object(CodeIgniter\CodeIgniter))
10 FCPATH\index.php(59): CodeIgniter\Boot::bootWeb(Object(Config\Paths))
DEBUG - 2025-11-06 06:46:46 --> Session: Class initialized using 'CodeIgniter\Session\Handlers\FileHandler' driver.
WARNING - 2025-11-06 06:46:46 --> [DEPRECATED] Optional parameter $filters declared before required parameter $id_dep is implicitly treated as a required parameter in APPPATH\Models\Model_arsip.php on line 303.
 1 SYSTEMPATH\Autoloader\Autoloader.php(315): include_once('C:\\xampp\\htdocs\\e-arsip_ci4\\system\\Debug\\Exceptions.php')
 2 SYSTEMPATH\Autoloader\Autoloader.php(295): CodeIgniter\Autoloader\Autoloader->includeFile('C:\\xampp\\htdocs\\e-arsip_ci4\\app\\Models\\Model_arsip.php')
 3 SYSTEMPATH\Autoloader\Autoloader.php(271): CodeIgniter\Autoloader\Autoloader->loadInNamespace('App\\Models\\Model_arsip')
 4 APPPATH\Controllers\Cari.php(20): CodeIgniter\Autoloader\Autoloader->loadClass('App\\Models\\Model_arsip')
 5 SYSTEMPATH\CodeIgniter.php(903): App\Controllers\Cari->__construct()
 6 SYSTEMPATH\CodeIgniter.php(498): CodeIgniter\CodeIgniter->createController()
 7 SYSTEMPATH\CodeIgniter.php(354): CodeIgniter\CodeIgniter->handleRequest(null, Object(Config\Cache), false)
 8 SYSTEMPATH\Boot.php(363): CodeIgniter\CodeIgniter->run()
 9 SYSTEMPATH\Boot.php(68): CodeIgniter\Boot::runCodeIgniter(Object(CodeIgniter\CodeIgniter))
10 FCPATH\index.php(59): CodeIgniter\Boot::bootWeb(Object(Config\Paths))
DEBUG - 2025-11-06 06:46:48 --> Session: Class initialized using 'CodeIgniter\Session\Handlers\FileHandler' driver.
WARNING - 2025-11-06 06:46:48 --> [DEPRECATED] Optional parameter $filters declared before required parameter $id_dep is implicitly treated as a required parameter in APPPATH\Models\Model_arsip.php on line 303.
 1 SYSTEMPATH\Autoloader\Autoloader.php(315): include_once('C:\\xampp\\htdocs\\e-arsip_ci4\\system\\Debug\\Exceptions.php')
 2 SYSTEMPATH\Autoloader\Autoloader.php(295): CodeIgniter\Autoloader\Autoloader->includeFile('C:\\xampp\\htdocs\\e-arsip_ci4\\app\\Models\\Model_arsip.php')
 3 SYSTEMPATH\Autoloader\Autoloader.php(271): CodeIgniter\Autoloader\Autoloader->loadInNamespace('App\\Models\\Model_arsip')
 4 APPPATH\Controllers\Home.php(23): CodeIgniter\Autoloader\Autoloader->loadClass('App\\Models\\Model_arsip')
 5 SYSTEMPATH\CodeIgniter.php(903): App\Controllers\Home->__construct()
 6 SYSTEMPATH\CodeIgniter.php(498): CodeIgniter\CodeIgniter->createController()
 7 SYSTEMPATH\CodeIgniter.php(354): CodeIgniter\CodeIgniter->handleRequest(null, Object(Config\Cache), false)
 8 SYSTEMPATH\Boot.php(363): CodeIgniter\CodeIgniter->run()
 9 SYSTEMPATH\Boot.php(68): CodeIgniter\Boot::runCodeIgniter(Object(CodeIgniter\CodeIgniter))
10 FCPATH\index.php(59): CodeIgniter\Boot::bootWeb(Object(Config\Paths))
DEBUG - 2025-11-06 06:46:52 --> Session: Class initialized using 'CodeIgniter\Session\Handlers\FileHandler' driver.
WARNING - 2025-11-06 06:46:52 --> [DEPRECATED] Optional parameter $filters declared before required parameter $id_dep is implicitly treated as a required parameter in APPPATH\Models\Model_arsip.php on line 303.
 1 SYSTEMPATH\Autoloader\Autoloader.php(315): include_once('C:\\xampp\\htdocs\\e-arsip_ci4\\system\\Debug\\Exceptions.php')
 2 SYSTEMPATH\Autoloader\Autoloader.php(295): CodeIgniter\Autoloader\Autoloader->includeFile('C:\\xampp\\htdocs\\e-arsip_ci4\\app\\Models\\Model_arsip.php')
 3 SYSTEMPATH\Autoloader\Autoloader.php(271): CodeIgniter\Autoloader\Autoloader->loadInNamespace('App\\Models\\Model_arsip')
 4 APPPATH\Controllers\Home.php(23): CodeIgniter\Autoloader\Autoloader->loadClass('App\\Models\\Model_arsip')
 5 SYSTEMPATH\CodeIgniter.php(903): App\Controllers\Home->__construct()
 6 SYSTEMPATH\CodeIgniter.php(498): CodeIgniter\CodeIgniter->createController()
 7 SYSTEMPATH\CodeIgniter.php(354): CodeIgniter\CodeIgniter->handleRequest(null, Object(Config\Cache), false)
 8 SYSTEMPATH\Boot.php(363): CodeIgniter\CodeIgniter->run()
 9 SYSTEMPATH\Boot.php(68): CodeIgniter\Boot::runCodeIgniter(Object(CodeIgniter\CodeIgniter))
10 FCPATH\index.php(59): CodeIgniter\Boot::bootWeb(Object(Config\Paths))
DEBUG - 2025-11-06 06:47:53 --> Session: Class initialized using 'CodeIgniter\Session\Handlers\FileHandler' driver.
WARNING - 2025-11-06 06:47:53 --> [DEPRECATED] Optional parameter $filters declared before required parameter $id_dep is implicitly treated as a required parameter in APPPATH\Models\Model_arsip.php on line 303.
 1 SYSTEMPATH\Autoloader\Autoloader.php(315): include_once('C:\\xampp\\htdocs\\e-arsip_ci4\\system\\Debug\\Exceptions.php')
 2 SYSTEMPATH\Autoloader\Autoloader.php(295): CodeIgniter\Autoloader\Autoloader->includeFile('C:\\xampp\\htdocs\\e-arsip_ci4\\app\\Models\\Model_arsip.php')
 3 SYSTEMPATH\Autoloader\Autoloader.php(271): CodeIgniter\Autoloader\Autoloader->loadInNamespace('App\\Models\\Model_arsip')
 4 APPPATH\Controllers\Arsip.php(26): CodeIgniter\Autoloader\Autoloader->loadClass('App\\Models\\Model_arsip')
 5 SYSTEMPATH\CodeIgniter.php(903): App\Controllers\Arsip->__construct()
 6 SYSTEMPATH\CodeIgniter.php(498): CodeIgniter\CodeIgniter->createController()
 7 SYSTEMPATH\CodeIgniter.php(354): CodeIgniter\CodeIgniter->handleRequest(null, Object(Config\Cache), false)
 8 SYSTEMPATH\Boot.php(363): CodeIgniter\CodeIgniter->run()
 9 SYSTEMPATH\Boot.php(68): CodeIgniter\Boot::runCodeIgniter(Object(CodeIgniter\CodeIgniter))
10 FCPATH\index.php(59): CodeIgniter\Boot::bootWeb(Object(Config\Paths))
DEBUG - 2025-11-06 06:48:15 --> Session: Class initialized using 'CodeIgniter\Session\Handlers\FileHandler' driver.
WARNING - 2025-11-06 06:48:15 --> [DEPRECATED] Optional parameter $filters declared before required parameter $id_dep is implicitly treated as a required parameter in APPPATH\Models\Model_arsip.php on line 303.
 1 SYSTEMPATH\Autoloader\Autoloader.php(315): include_once('C:\\xampp\\htdocs\\e-arsip_ci4\\system\\Debug\\Exceptions.php')
 2 SYSTEMPATH\Autoloader\Autoloader.php(295): CodeIgniter\Autoloader\Autoloader->includeFile('C:\\xampp\\htdocs\\e-arsip_ci4\\app\\Models\\Model_arsip.php')
 3 SYSTEMPATH\Autoloader\Autoloader.php(271): CodeIgniter\Autoloader\Autoloader->loadInNamespace('App\\Models\\Model_arsip')
 4 APPPATH\Controllers\Arsip.php(26): CodeIgniter\Autoloader\Autoloader->loadClass('App\\Models\\Model_arsip')
 5 SYSTEMPATH\CodeIgniter.php(903): App\Controllers\Arsip->__construct()
 6 SYSTEMPATH\CodeIgniter.php(498): CodeIgniter\CodeIgniter->createController()
 7 SYSTEMPATH\CodeIgniter.php(354): CodeIgniter\CodeIgniter->handleRequest(null, Object(Config\Cache), false)
 8 SYSTEMPATH\Boot.php(363): CodeIgniter\CodeIgniter->run()
 9 SYSTEMPATH\Boot.php(68): CodeIgniter\Boot::runCodeIgniter(Object(CodeIgniter\CodeIgniter))
10 FCPATH\index.php(59): CodeIgniter\Boot::bootWeb(Object(Config\Paths))
DEBUG - 2025-11-06 06:48:17 --> Session: Class initialized using 'CodeIgniter\Session\Handlers\FileHandler' driver.
WARNING - 2025-11-06 06:48:17 --> [DEPRECATED] Optional parameter $filters declared before required parameter $id_dep is implicitly treated as a required parameter in APPPATH\Models\Model_arsip.php on line 303.
 1 SYSTEMPATH\Autoloader\Autoloader.php(315): include_once('C:\\xampp\\htdocs\\e-arsip_ci4\\system\\Debug\\Exceptions.php')
 2 SYSTEMPATH\Autoloader\Autoloader.php(295): CodeIgniter\Autoloader\Autoloader->includeFile('C:\\xampp\\htdocs\\e-arsip_ci4\\app\\Models\\Model_arsip.php')
 3 SYSTEMPATH\Autoloader\Autoloader.php(271): CodeIgniter\Autoloader\Autoloader->loadInNamespace('App\\Models\\Model_arsip')
 4 APPPATH\Controllers\Cari.php(20): CodeIgniter\Autoloader\Autoloader->loadClass('App\\Models\\Model_arsip')
 5 SYSTEMPATH\CodeIgniter.php(903): App\Controllers\Cari->__construct()
 6 SYSTEMPATH\CodeIgniter.php(498): CodeIgniter\CodeIgniter->createController()
 7 SYSTEMPATH\CodeIgniter.php(354): CodeIgniter\CodeIgniter->handleRequest(null, Object(Config\Cache), false)
 8 SYSTEMPATH\Boot.php(363): CodeIgniter\CodeIgniter->run()
 9 SYSTEMPATH\Boot.php(68): CodeIgniter\Boot::runCodeIgniter(Object(CodeIgniter\CodeIgniter))
10 FCPATH\index.php(59): CodeIgniter\Boot::bootWeb(Object(Config\Paths))
DEBUG - 2025-11-06 06:48:17 --> Session: Class initialized using 'CodeIgniter\Session\Handlers\FileHandler' driver.
WARNING - 2025-11-06 06:48:17 --> [DEPRECATED] Optional parameter $filters declared before required parameter $id_dep is implicitly treated as a required parameter in APPPATH\Models\Model_arsip.php on line 303.
 1 SYSTEMPATH\Autoloader\Autoloader.php(315): include_once('C:\\xampp\\htdocs\\e-arsip_ci4\\system\\Debug\\Exceptions.php')
 2 SYSTEMPATH\Autoloader\Autoloader.php(295): CodeIgniter\Autoloader\Autoloader->includeFile('C:\\xampp\\htdocs\\e-arsip_ci4\\app\\Models\\Model_arsip.php')
 3 SYSTEMPATH\Autoloader\Autoloader.php(271): CodeIgniter\Autoloader\Autoloader->loadInNamespace('App\\Models\\Model_arsip')
 4 APPPATH\Controllers\Arsip.php(26): CodeIgniter\Autoloader\Autoloader->loadClass('App\\Models\\Model_arsip')
 5 SYSTEMPATH\CodeIgniter.php(903): App\Controllers\Arsip->__construct()
 6 SYSTEMPATH\CodeIgniter.php(498): CodeIgniter\CodeIgniter->createController()
 7 SYSTEMPATH\CodeIgniter.php(354): CodeIgniter\CodeIgniter->handleRequest(null, Object(Config\Cache), false)
 8 SYSTEMPATH\Boot.php(363): CodeIgniter\CodeIgniter->run()
 9 SYSTEMPATH\Boot.php(68): CodeIgniter\Boot::runCodeIgniter(Object(CodeIgniter\CodeIgniter))
10 FCPATH\index.php(59): CodeIgniter\Boot::bootWeb(Object(Config\Paths))
DEBUG - 2025-11-06 06:48:19 --> Session: Class initialized using 'CodeIgniter\Session\Handlers\FileHandler' driver.
WARNING - 2025-11-06 06:48:19 --> [DEPRECATED] Optional parameter $filters declared before required parameter $id_dep is implicitly treated as a required parameter in APPPATH\Models\Model_arsip.php on line 303.
 1 SYSTEMPATH\Autoloader\Autoloader.php(315): include_once('C:\\xampp\\htdocs\\e-arsip_ci4\\system\\Debug\\Exceptions.php')
 2 SYSTEMPATH\Autoloader\Autoloader.php(295): CodeIgniter\Autoloader\Autoloader->includeFile('C:\\xampp\\htdocs\\e-arsip_ci4\\app\\Models\\Model_arsip.php')
 3 SYSTEMPATH\Autoloader\Autoloader.php(271): CodeIgniter\Autoloader\Autoloader->loadInNamespace('App\\Models\\Model_arsip')
 4 APPPATH\Controllers\Home.php(23): CodeIgniter\Autoloader\Autoloader->loadClass('App\\Models\\Model_arsip')
 5 SYSTEMPATH\CodeIgniter.php(903): App\Controllers\Home->__construct()
 6 SYSTEMPATH\CodeIgniter.php(498): CodeIgniter\CodeIgniter->createController()
 7 SYSTEMPATH\CodeIgniter.php(354): CodeIgniter\CodeIgniter->handleRequest(null, Object(Config\Cache), false)
 8 SYSTEMPATH\Boot.php(363): CodeIgniter\CodeIgniter->run()
 9 SYSTEMPATH\Boot.php(68): CodeIgniter\Boot::runCodeIgniter(Object(CodeIgniter\CodeIgniter))
10 FCPATH\index.php(59): CodeIgniter\Boot::bootWeb(Object(Config\Paths))
DEBUG - 2025-11-06 06:48:21 --> Session: Class initialized using 'CodeIgniter\Session\Handlers\FileHandler' driver.
WARNING - 2025-11-06 06:48:21 --> [DEPRECATED] Optional parameter $filters declared before required parameter $id_dep is implicitly treated as a required parameter in APPPATH\Models\Model_arsip.php on line 303.
 1 SYSTEMPATH\Autoloader\Autoloader.php(315): include_once('C:\\xampp\\htdocs\\e-arsip_ci4\\system\\Debug\\Exceptions.php')
 2 SYSTEMPATH\Autoloader\Autoloader.php(295): CodeIgniter\Autoloader\Autoloader->includeFile('C:\\xampp\\htdocs\\e-arsip_ci4\\app\\Models\\Model_arsip.php')
 3 SYSTEMPATH\Autoloader\Autoloader.php(271): CodeIgniter\Autoloader\Autoloader->loadInNamespace('App\\Models\\Model_arsip')
 4 APPPATH\Controllers\Arsip.php(26): CodeIgniter\Autoloader\Autoloader->loadClass('App\\Models\\Model_arsip')
 5 SYSTEMPATH\CodeIgniter.php(903): App\Controllers\Arsip->__construct()
 6 SYSTEMPATH\CodeIgniter.php(498): CodeIgniter\CodeIgniter->createController()
 7 SYSTEMPATH\CodeIgniter.php(354): CodeIgniter\CodeIgniter->handleRequest(null, Object(Config\Cache), false)
 8 SYSTEMPATH\Boot.php(363): CodeIgniter\CodeIgniter->run()
 9 SYSTEMPATH\Boot.php(68): CodeIgniter\Boot::runCodeIgniter(Object(CodeIgniter\CodeIgniter))
10 FCPATH\index.php(59): CodeIgniter\Boot::bootWeb(Object(Config\Paths))
DEBUG - 2025-11-06 06:48:21 --> Session: Class initialized using 'CodeIgniter\Session\Handlers\FileHandler' driver.
WARNING - 2025-11-06 06:48:21 --> [DEPRECATED] Optional parameter $filters declared before required parameter $id_dep is implicitly treated as a required parameter in APPPATH\Models\Model_arsip.php on line 303.
 1 SYSTEMPATH\Autoloader\Autoloader.php(315): include_once('C:\\xampp\\htdocs\\e-arsip_ci4\\system\\Debug\\Exceptions.php')
 2 SYSTEMPATH\Autoloader\Autoloader.php(295): CodeIgniter\Autoloader\Autoloader->includeFile('C:\\xampp\\htdocs\\e-arsip_ci4\\app\\Models\\Model_arsip.php')
 3 SYSTEMPATH\Autoloader\Autoloader.php(271): CodeIgniter\Autoloader\Autoloader->loadInNamespace('App\\Models\\Model_arsip')
 4 APPPATH\Controllers\Cari.php(20): CodeIgniter\Autoloader\Autoloader->loadClass('App\\Models\\Model_arsip')
 5 SYSTEMPATH\CodeIgniter.php(903): App\Controllers\Cari->__construct()
 6 SYSTEMPATH\CodeIgniter.php(498): CodeIgniter\CodeIgniter->createController()
 7 SYSTEMPATH\CodeIgniter.php(354): CodeIgniter\CodeIgniter->handleRequest(null, Object(Config\Cache), false)
 8 SYSTEMPATH\Boot.php(363): CodeIgniter\CodeIgniter->run()
 9 SYSTEMPATH\Boot.php(68): CodeIgniter\Boot::runCodeIgniter(Object(CodeIgniter\CodeIgniter))
10 FCPATH\index.php(59): CodeIgniter\Boot::bootWeb(Object(Config\Paths))
DEBUG - 2025-11-06 06:48:22 --> Session: Class initialized using 'CodeIgniter\Session\Handlers\FileHandler' driver.
WARNING - 2025-11-06 06:48:22 --> [DEPRECATED] Optional parameter $filters declared before required parameter $id_dep is implicitly treated as a required parameter in APPPATH\Models\Model_arsip.php on line 303.
 1 SYSTEMPATH\Autoloader\Autoloader.php(315): include_once('C:\\xampp\\htdocs\\e-arsip_ci4\\system\\Debug\\Exceptions.php')
 2 SYSTEMPATH\Autoloader\Autoloader.php(295): CodeIgniter\Autoloader\Autoloader->includeFile('C:\\xampp\\htdocs\\e-arsip_ci4\\app\\Models\\Model_arsip.php')
 3 SYSTEMPATH\Autoloader\Autoloader.php(271): CodeIgniter\Autoloader\Autoloader->loadInNamespace('App\\Models\\Model_arsip')
 4 APPPATH\Controllers\Home.php(23): CodeIgniter\Autoloader\Autoloader->loadClass('App\\Models\\Model_arsip')
 5 SYSTEMPATH\CodeIgniter.php(903): App\Controllers\Home->__construct()
 6 SYSTEMPATH\CodeIgniter.php(498): CodeIgniter\CodeIgniter->createController()
 7 SYSTEMPATH\CodeIgniter.php(354): CodeIgniter\CodeIgniter->handleRequest(null, Object(Config\Cache), false)
 8 SYSTEMPATH\Boot.php(363): CodeIgniter\CodeIgniter->run()
 9 SYSTEMPATH\Boot.php(68): CodeIgniter\Boot::runCodeIgniter(Object(CodeIgniter\CodeIgniter))
10 FCPATH\index.php(59): CodeIgniter\Boot::bootWeb(Object(Config\Paths))
DEBUG - 2025-11-06 06:53:48 --> Session: Class initialized using 'CodeIgniter\Session\Handlers\FileHandler' driver.
WARNING - 2025-11-06 06:53:48 --> [DEPRECATED] Optional parameter $filters declared before required parameter $id_dep is implicitly treated as a required parameter in APPPATH\Models\Model_arsip.php on line 303.
 1 SYSTEMPATH\Autoloader\Autoloader.php(315): include_once('C:\\xampp\\htdocs\\e-arsip_ci4\\system\\Debug\\Exceptions.php')
 2 SYSTEMPATH\Autoloader\Autoloader.php(295): CodeIgniter\Autoloader\Autoloader->includeFile('C:\\xampp\\htdocs\\e-arsip_ci4\\app\\Models\\Model_arsip.php')
 3 SYSTEMPATH\Autoloader\Autoloader.php(271): CodeIgniter\Autoloader\Autoloader->loadInNamespace('App\\Models\\Model_arsip')
 4 APPPATH\Controllers\Arsip.php(26): CodeIgniter\Autoloader\Autoloader->loadClass('App\\Models\\Model_arsip')
 5 SYSTEMPATH\CodeIgniter.php(903): App\Controllers\Arsip->__construct()
 6 SYSTEMPATH\CodeIgniter.php(498): CodeIgniter\CodeIgniter->createController()
 7 SYSTEMPATH\CodeIgniter.php(354): CodeIgniter\CodeIgniter->handleRequest(null, Object(Config\Cache), false)
 8 SYSTEMPATH\Boot.php(363): CodeIgniter\CodeIgniter->run()
 9 SYSTEMPATH\Boot.php(68): CodeIgniter\Boot::runCodeIgniter(Object(CodeIgniter\CodeIgniter))
10 FCPATH\index.php(59): CodeIgniter\Boot::bootWeb(Object(Config\Paths))
DEBUG - 2025-11-06 06:53:48 --> Session: Class initialized using 'CodeIgniter\Session\Handlers\FileHandler' driver.
WARNING - 2025-11-06 06:53:48 --> [DEPRECATED] Optional parameter $filters declared before required parameter $id_dep is implicitly treated as a required parameter in APPPATH\Models\Model_arsip.php on line 303.
 1 SYSTEMPATH\Autoloader\Autoloader.php(315): include_once('C:\\xampp\\htdocs\\e-arsip_ci4\\system\\Debug\\Exceptions.php')
 2 SYSTEMPATH\Autoloader\Autoloader.php(295): CodeIgniter\Autoloader\Autoloader->includeFile('C:\\xampp\\htdocs\\e-arsip_ci4\\app\\Models\\Model_arsip.php')
 3 SYSTEMPATH\Autoloader\Autoloader.php(271): CodeIgniter\Autoloader\Autoloader->loadInNamespace('App\\Models\\Model_arsip')
 4 APPPATH\Controllers\Home.php(23): CodeIgniter\Autoloader\Autoloader->loadClass('App\\Models\\Model_arsip')
 5 SYSTEMPATH\CodeIgniter.php(903): App\Controllers\Home->__construct()
 6 SYSTEMPATH\CodeIgniter.php(498): CodeIgniter\CodeIgniter->createController()
 7 SYSTEMPATH\CodeIgniter.php(354): CodeIgniter\CodeIgniter->handleRequest(null, Object(Config\Cache), false)
 8 SYSTEMPATH\Boot.php(363): CodeIgniter\CodeIgniter->run()
 9 SYSTEMPATH\Boot.php(68): CodeIgniter\Boot::runCodeIgniter(Object(CodeIgniter\CodeIgniter))
10 FCPATH\index.php(59): CodeIgniter\Boot::bootWeb(Object(Config\Paths))
DEBUG - 2025-11-06 06:53:53 --> Session: Class initialized using 'CodeIgniter\Session\Handlers\FileHandler' driver.
WARNING - 2025-11-06 06:53:53 --> [DEPRECATED] Optional parameter $filters declared before required parameter $id_dep is implicitly treated as a required parameter in APPPATH\Models\Model_arsip.php on line 303.
 1 SYSTEMPATH\Autoloader\Autoloader.php(315): include_once('C:\\xampp\\htdocs\\e-arsip_ci4\\system\\Debug\\Exceptions.php')
 2 SYSTEMPATH\Autoloader\Autoloader.php(295): CodeIgniter\Autoloader\Autoloader->includeFile('C:\\xampp\\htdocs\\e-arsip_ci4\\app\\Models\\Model_arsip.php')
 3 SYSTEMPATH\Autoloader\Autoloader.php(271): CodeIgniter\Autoloader\Autoloader->loadInNamespace('App\\Models\\Model_arsip')
 4 APPPATH\Controllers\Arsip.php(26): CodeIgniter\Autoloader\Autoloader->loadClass('App\\Models\\Model_arsip')
 5 SYSTEMPATH\CodeIgniter.php(903): App\Controllers\Arsip->__construct()
 6 SYSTEMPATH\CodeIgniter.php(498): CodeIgniter\CodeIgniter->createController()
 7 SYSTEMPATH\CodeIgniter.php(354): CodeIgniter\CodeIgniter->handleRequest(null, Object(Config\Cache), false)
 8 SYSTEMPATH\Boot.php(363): CodeIgniter\CodeIgniter->run()
 9 SYSTEMPATH\Boot.php(68): CodeIgniter\Boot::runCodeIgniter(Object(CodeIgniter\CodeIgniter))
10 FCPATH\index.php(59): CodeIgniter\Boot::bootWeb(Object(Config\Paths))
DEBUG - 2025-11-06 06:53:54 --> Session: Class initialized using 'CodeIgniter\Session\Handlers\FileHandler' driver.
DEBUG - 2025-11-06 06:53:54 --> Session: Class initialized using 'CodeIgniter\Session\Handlers\FileHandler' driver.
DEBUG - 2025-11-06 06:53:56 --> Session: Class initialized using 'CodeIgniter\Session\Handlers\FileHandler' driver.
DEBUG - 2025-11-06 06:53:56 --> Session: Class initialized using 'CodeIgniter\Session\Handlers\FileHandler' driver.
WARNING - 2025-11-06 06:53:56 --> [DEPRECATED] Optional parameter $filters declared before required parameter $id_dep is implicitly treated as a required parameter in APPPATH\Models\Model_arsip.php on line 303.
 1 SYSTEMPATH\Autoloader\Autoloader.php(315): include_once('C:\\xampp\\htdocs\\e-arsip_ci4\\system\\Debug\\Exceptions.php')
 2 SYSTEMPATH\Autoloader\Autoloader.php(295): CodeIgniter\Autoloader\Autoloader->includeFile('C:\\xampp\\htdocs\\e-arsip_ci4\\app\\Models\\Model_arsip.php')
 3 SYSTEMPATH\Autoloader\Autoloader.php(271): CodeIgniter\Autoloader\Autoloader->loadInNamespace('App\\Models\\Model_arsip')
 4 APPPATH\Controllers\Arsip.php(26): CodeIgniter\Autoloader\Autoloader->loadClass('App\\Models\\Model_arsip')
 5 SYSTEMPATH\CodeIgniter.php(903): App\Controllers\Arsip->__construct()
 6 SYSTEMPATH\CodeIgniter.php(498): CodeIgniter\CodeIgniter->createController()
 7 SYSTEMPATH\CodeIgniter.php(354): CodeIgniter\CodeIgniter->handleRequest(null, Object(Config\Cache), false)
 8 SYSTEMPATH\Boot.php(363): CodeIgniter\CodeIgniter->run()
 9 SYSTEMPATH\Boot.php(68): CodeIgniter\Boot::runCodeIgniter(Object(CodeIgniter\CodeIgniter))
10 FCPATH\index.php(59): CodeIgniter\Boot::bootWeb(Object(Config\Paths))
DEBUG - 2025-11-06 06:53:57 --> Session: Class initialized using 'CodeIgniter\Session\Handlers\FileHandler' driver.
DEBUG - 2025-11-06 06:53:59 --> Session: Class initialized using 'CodeIgniter\Session\Handlers\FileHandler' driver.
DEBUG - 2025-11-06 06:54:00 --> Session: Class initialized using 'CodeIgniter\Session\Handlers\FileHandler' driver.
DEBUG - 2025-11-06 06:54:01 --> Session: Class initialized using 'CodeIgniter\Session\Handlers\FileHandler' driver.
DEBUG - 2025-11-06 06:54:02 --> Session: Class initialized using 'CodeIgniter\Session\Handlers\FileHandler' driver.
DEBUG - 2025-11-06 06:54:03 --> Session: Class initialized using 'CodeIgniter\Session\Handlers\FileHandler' driver.
DEBUG - 2025-11-06 06:54:03 --> Session: Class initialized using 'CodeIgniter\Session\Handlers\FileHandler' driver.
CRITICAL - 2025-11-06 06:54:03 --> ErrorException: Undefined array key "subjek"
[Method: GET, Route: bantuan/chat/18/default]
in APPPATH\Views\pages\bantuan_chat.php on line 90.
 1 APPPATH\Views\pages\bantuan_chat.php(90): CodeIgniter\Debug\Exceptions->errorHandler(2, 'Undefined array key "subjek"', 'C:\\xampp\\htdocs\\e-arsip_ci4\\app\\Views\\pages\\bantuan_chat.php', 90)
 2 SYSTEMPATH\View\View.php(226): include('C:\\xampp\\htdocs\\e-arsip_ci4\\app\\Views\\pages\\bantuan_chat.php')
 3 SYSTEMPATH\View\View.php(229): CodeIgniter\View\View->CodeIgniter\View\{closure}()
 4 SYSTEMPATH\Common.php(1167): CodeIgniter\View\View->render('pages/bantuan_chat', [], true)
 5 APPPATH\Controllers\Bantuan.php(114): view('pages/bantuan_chat', [...])
 6 SYSTEMPATH\CodeIgniter.php(933): App\Controllers\Bantuan->chat('18', 'default')
 7 SYSTEMPATH\CodeIgniter.php(507): CodeIgniter\CodeIgniter->runController(Object(App\Controllers\Bantuan))
 8 SYSTEMPATH\CodeIgniter.php(354): CodeIgniter\CodeIgniter->handleRequest(null, Object(Config\Cache), false)
 9 SYSTEMPATH\Boot.php(363): CodeIgniter\CodeIgniter->run()
10 SYSTEMPATH\Boot.php(68): CodeIgniter\Boot::runCodeIgniter(Object(CodeIgniter\CodeIgniter))
11 FCPATH\index.php(59): CodeIgniter\Boot::bootWeb(Object(Config\Paths))
DEBUG - 2025-11-06 06:54:04 --> Session: Class initialized using 'CodeIgniter\Session\Handlers\FileHandler' driver.
CRITICAL - 2025-11-06 06:54:04 --> ErrorException: Undefined array key "subjek"
[Method: GET, Route: bantuan/chat/18/default]
in APPPATH\Views\pages\bantuan_chat.php on line 90.
 1 APPPATH\Views\pages\bantuan_chat.php(90): CodeIgniter\Debug\Exceptions->errorHandler(2, 'Undefined array key "subjek"', 'C:\\xampp\\htdocs\\e-arsip_ci4\\app\\Views\\pages\\bantuan_chat.php', 90)
 2 SYSTEMPATH\View\View.php(226): include('C:\\xampp\\htdocs\\e-arsip_ci4\\app\\Views\\pages\\bantuan_chat.php')
 3 SYSTEMPATH\View\View.php(229): CodeIgniter\View\View->CodeIgniter\View\{closure}()
 4 SYSTEMPATH\Common.php(1167): CodeIgniter\View\View->render('pages/bantuan_chat', [], true)
 5 APPPATH\Controllers\Bantuan.php(114): view('pages/bantuan_chat', [...])
 6 SYSTEMPATH\CodeIgniter.php(933): App\Controllers\Bantuan->chat('18', 'default')
 7 SYSTEMPATH\CodeIgniter.php(507): CodeIgniter\CodeIgniter->runController(Object(App\Controllers\Bantuan))
 8 SYSTEMPATH\CodeIgniter.php(354): CodeIgniter\CodeIgniter->handleRequest(null, Object(Config\Cache), false)
 9 SYSTEMPATH\Boot.php(363): CodeIgniter\CodeIgniter->run()
10 SYSTEMPATH\Boot.php(68): CodeIgniter\Boot::runCodeIgniter(Object(CodeIgniter\CodeIgniter))
11 FCPATH\index.php(59): CodeIgniter\Boot::bootWeb(Object(Config\Paths))
DEBUG - 2025-11-06 06:54:05 --> Session: Class initialized using 'CodeIgniter\Session\Handlers\FileHandler' driver.
WARNING - 2025-11-06 06:54:05 --> [DEPRECATED] Optional parameter $filters declared before required parameter $id_dep is implicitly treated as a required parameter in APPPATH\Models\Model_arsip.php on line 303.
 1 SYSTEMPATH\Autoloader\Autoloader.php(315): include_once('C:\\xampp\\htdocs\\e-arsip_ci4\\system\\Debug\\Exceptions.php')
 2 SYSTEMPATH\Autoloader\Autoloader.php(295): CodeIgniter\Autoloader\Autoloader->includeFile('C:\\xampp\\htdocs\\e-arsip_ci4\\app\\Models\\Model_arsip.php')
 3 SYSTEMPATH\Autoloader\Autoloader.php(271): CodeIgniter\Autoloader\Autoloader->loadInNamespace('App\\Models\\Model_arsip')
 4 APPPATH\Controllers\Arsip.php(26): CodeIgniter\Autoloader\Autoloader->loadClass('App\\Models\\Model_arsip')
 5 SYSTEMPATH\CodeIgniter.php(903): App\Controllers\Arsip->__construct()
 6 SYSTEMPATH\CodeIgniter.php(498): CodeIgniter\CodeIgniter->createController()
 7 SYSTEMPATH\CodeIgniter.php(354): CodeIgniter\CodeIgniter->handleRequest(null, Object(Config\Cache), false)
 8 SYSTEMPATH\Boot.php(363): CodeIgniter\CodeIgniter->run()
 9 SYSTEMPATH\Boot.php(68): CodeIgniter\Boot::runCodeIgniter(Object(CodeIgniter\CodeIgniter))
10 FCPATH\index.php(59): CodeIgniter\Boot::bootWeb(Object(Config\Paths))
DEBUG - 2025-11-06 06:54:06 --> Session: Class initialized using 'CodeIgniter\Session\Handlers\FileHandler' driver.
DEBUG - 2025-11-06 06:54:07 --> Session: Class initialized using 'CodeIgniter\Session\Handlers\FileHandler' driver.
CRITICAL - 2025-11-06 06:54:07 --> ErrorException: Undefined array key "subjek"
[Method: GET, Route: bantuan/chat/18/default]
in APPPATH\Views\pages\bantuan_chat.php on line 90.
 1 APPPATH\Views\pages\bantuan_chat.php(90): CodeIgniter\Debug\Exceptions->errorHandler(2, 'Undefined array key "subjek"', 'C:\\xampp\\htdocs\\e-arsip_ci4\\app\\Views\\pages\\bantuan_chat.php', 90)
 2 SYSTEMPATH\View\View.php(226): include('C:\\xampp\\htdocs\\e-arsip_ci4\\app\\Views\\pages\\bantuan_chat.php')
 3 SYSTEMPATH\View\View.php(229): CodeIgniter\View\View->CodeIgniter\View\{closure}()
 4 SYSTEMPATH\Common.php(1167): CodeIgniter\View\View->render('pages/bantuan_chat', [], true)
 5 APPPATH\Controllers\Bantuan.php(114): view('pages/bantuan_chat', [...])
 6 SYSTEMPATH\CodeIgniter.php(933): App\Controllers\Bantuan->chat('18', 'default')
 7 SYSTEMPATH\CodeIgniter.php(507): CodeIgniter\CodeIgniter->runController(Object(App\Controllers\Bantuan))
 8 SYSTEMPATH\CodeIgniter.php(354): CodeIgniter\CodeIgniter->handleRequest(null, Object(Config\Cache), false)
 9 SYSTEMPATH\Boot.php(363): CodeIgniter\CodeIgniter->run()
10 SYSTEMPATH\Boot.php(68): CodeIgniter\Boot::runCodeIgniter(Object(CodeIgniter\CodeIgniter))
11 FCPATH\index.php(59): CodeIgniter\Boot::bootWeb(Object(Config\Paths))
DEBUG - 2025-11-06 06:54:10 --> Session: Class initialized using 'CodeIgniter\Session\Handlers\FileHandler' driver.
WARNING - 2025-11-06 06:54:10 --> [DEPRECATED] Optional parameter $filters declared before required parameter $id_dep is implicitly treated as a required parameter in APPPATH\Models\Model_arsip.php on line 303.
 1 SYSTEMPATH\Autoloader\Autoloader.php(315): include_once('C:\\xampp\\htdocs\\e-arsip_ci4\\system\\Debug\\Exceptions.php')
 2 SYSTEMPATH\Autoloader\Autoloader.php(295): CodeIgniter\Autoloader\Autoloader->includeFile('C:\\xampp\\htdocs\\e-arsip_ci4\\app\\Models\\Model_arsip.php')
 3 SYSTEMPATH\Autoloader\Autoloader.php(271): CodeIgniter\Autoloader\Autoloader->loadInNamespace('App\\Models\\Model_arsip')
 4 APPPATH\Controllers\Home.php(23): CodeIgniter\Autoloader\Autoloader->loadClass('App\\Models\\Model_arsip')
 5 SYSTEMPATH\CodeIgniter.php(903): App\Controllers\Home->__construct()
 6 SYSTEMPATH\CodeIgniter.php(498): CodeIgniter\CodeIgniter->createController()
 7 SYSTEMPATH\CodeIgniter.php(354): CodeIgniter\CodeIgniter->handleRequest(null, Object(Config\Cache), false)
 8 SYSTEMPATH\Boot.php(363): CodeIgniter\CodeIgniter->run()
 9 SYSTEMPATH\Boot.php(68): CodeIgniter\Boot::runCodeIgniter(Object(CodeIgniter\CodeIgniter))
10 FCPATH\index.php(59): CodeIgniter\Boot::bootWeb(Object(Config\Paths))
DEBUG - 2025-11-06 06:54:17 --> Session: Class initialized using 'CodeIgniter\Session\Handlers\FileHandler' driver.
WARNING - 2025-11-06 06:54:17 --> [DEPRECATED] Optional parameter $filters declared before required parameter $id_dep is implicitly treated as a required parameter in APPPATH\Models\Model_arsip.php on line 303.
 1 SYSTEMPATH\Autoloader\Autoloader.php(315): include_once('C:\\xampp\\htdocs\\e-arsip_ci4\\system\\Debug\\Exceptions.php')
 2 SYSTEMPATH\Autoloader\Autoloader.php(295): CodeIgniter\Autoloader\Autoloader->includeFile('C:\\xampp\\htdocs\\e-arsip_ci4\\app\\Models\\Model_arsip.php')
 3 SYSTEMPATH\Autoloader\Autoloader.php(271): CodeIgniter\Autoloader\Autoloader->loadInNamespace('App\\Models\\Model_arsip')
 4 APPPATH\Controllers\Cari.php(20): CodeIgniter\Autoloader\Autoloader->loadClass('App\\Models\\Model_arsip')
 5 SYSTEMPATH\CodeIgniter.php(903): App\Controllers\Cari->__construct()
 6 SYSTEMPATH\CodeIgniter.php(498): CodeIgniter\CodeIgniter->createController()
 7 SYSTEMPATH\CodeIgniter.php(354): CodeIgniter\CodeIgniter->handleRequest(null, Object(Config\Cache), false)
 8 SYSTEMPATH\Boot.php(363): CodeIgniter\CodeIgniter->run()
 9 SYSTEMPATH\Boot.php(68): CodeIgniter\Boot::runCodeIgniter(Object(CodeIgniter\CodeIgniter))
10 FCPATH\index.php(59): CodeIgniter\Boot::bootWeb(Object(Config\Paths))
DEBUG - 2025-11-06 06:54:21 --> Session: Class initialized using 'CodeIgniter\Session\Handlers\FileHandler' driver.
WARNING - 2025-11-06 06:54:21 --> [DEPRECATED] Optional parameter $filters declared before required parameter $id_dep is implicitly treated as a required parameter in APPPATH\Models\Model_arsip.php on line 303.
 1 SYSTEMPATH\Autoloader\Autoloader.php(315): include_once('C:\\xampp\\htdocs\\e-arsip_ci4\\system\\Debug\\Exceptions.php')
 2 SYSTEMPATH\Autoloader\Autoloader.php(295): CodeIgniter\Autoloader\Autoloader->includeFile('C:\\xampp\\htdocs\\e-arsip_ci4\\app\\Models\\Model_arsip.php')
 3 SYSTEMPATH\Autoloader\Autoloader.php(271): CodeIgniter\Autoloader\Autoloader->loadInNamespace('App\\Models\\Model_arsip')
 4 APPPATH\Controllers\Arsip.php(26): CodeIgniter\Autoloader\Autoloader->loadClass('App\\Models\\Model_arsip')
 5 SYSTEMPATH\CodeIgniter.php(903): App\Controllers\Arsip->__construct()
 6 SYSTEMPATH\CodeIgniter.php(498): CodeIgniter\CodeIgniter->createController()
 7 SYSTEMPATH\CodeIgniter.php(354): CodeIgniter\CodeIgniter->handleRequest(null, Object(Config\Cache), false)
 8 SYSTEMPATH\Boot.php(363): CodeIgniter\CodeIgniter->run()
 9 SYSTEMPATH\Boot.php(68): CodeIgniter\Boot::runCodeIgniter(Object(CodeIgniter\CodeIgniter))
10 FCPATH\index.php(59): CodeIgniter\Boot::bootWeb(Object(Config\Paths))
DEBUG - 2025-11-06 06:54:23 --> Session: Class initialized using 'CodeIgniter\Session\Handlers\FileHandler' driver.
WARNING - 2025-11-06 06:54:23 --> [DEPRECATED] Optional parameter $filters declared before required parameter $id_dep is implicitly treated as a required parameter in APPPATH\Models\Model_arsip.php on line 303.
 1 SYSTEMPATH\Autoloader\Autoloader.php(315): include_once('C:\\xampp\\htdocs\\e-arsip_ci4\\system\\Debug\\Exceptions.php')
 2 SYSTEMPATH\Autoloader\Autoloader.php(295): CodeIgniter\Autoloader\Autoloader->includeFile('C:\\xampp\\htdocs\\e-arsip_ci4\\app\\Models\\Model_arsip.php')
 3 SYSTEMPATH\Autoloader\Autoloader.php(271): CodeIgniter\Autoloader\Autoloader->loadInNamespace('App\\Models\\Model_arsip')
 4 APPPATH\Controllers\Cari.php(20): CodeIgniter\Autoloader\Autoloader->loadClass('App\\Models\\Model_arsip')
 5 SYSTEMPATH\CodeIgniter.php(903): App\Controllers\Cari->__construct()
 6 SYSTEMPATH\CodeIgniter.php(498): CodeIgniter\CodeIgniter->createController()
 7 SYSTEMPATH\CodeIgniter.php(354): CodeIgniter\CodeIgniter->handleRequest(null, Object(Config\Cache), false)
 8 SYSTEMPATH\Boot.php(363): CodeIgniter\CodeIgniter->run()
 9 SYSTEMPATH\Boot.php(68): CodeIgniter\Boot::runCodeIgniter(Object(CodeIgniter\CodeIgniter))
10 FCPATH\index.php(59): CodeIgniter\Boot::bootWeb(Object(Config\Paths))
DEBUG - 2025-11-06 06:55:18 --> Session: Class initialized using 'CodeIgniter\Session\Handlers\FileHandler' driver.
WARNING - 2025-11-06 06:55:18 --> [DEPRECATED] Optional parameter $filters declared before required parameter $id_dep is implicitly treated as a required parameter in APPPATH\Models\Model_arsip.php on line 303.
 1 SYSTEMPATH\Autoloader\Autoloader.php(315): include_once('C:\\xampp\\htdocs\\e-arsip_ci4\\system\\Debug\\Exceptions.php')
 2 SYSTEMPATH\Autoloader\Autoloader.php(295): CodeIgniter\Autoloader\Autoloader->includeFile('C:\\xampp\\htdocs\\e-arsip_ci4\\app\\Models\\Model_arsip.php')
 3 SYSTEMPATH\Autoloader\Autoloader.php(271): CodeIgniter\Autoloader\Autoloader->loadInNamespace('App\\Models\\Model_arsip')
 4 APPPATH\Controllers\Home.php(23): CodeIgniter\Autoloader\Autoloader->loadClass('App\\Models\\Model_arsip')
 5 SYSTEMPATH\CodeIgniter.php(903): App\Controllers\Home->__construct()
 6 SYSTEMPATH\CodeIgniter.php(498): CodeIgniter\CodeIgniter->createController()
 7 SYSTEMPATH\CodeIgniter.php(354): CodeIgniter\CodeIgniter->handleRequest(null, Object(Config\Cache), false)
 8 SYSTEMPATH\Boot.php(363): CodeIgniter\CodeIgniter->run()
 9 SYSTEMPATH\Boot.php(68): CodeIgniter\Boot::runCodeIgniter(Object(CodeIgniter\CodeIgniter))
10 FCPATH\index.php(59): CodeIgniter\Boot::bootWeb(Object(Config\Paths))
DEBUG - 2025-11-06 07:19:28 --> Session: Class initialized using 'CodeIgniter\Session\Handlers\FileHandler' driver.
DEBUG - 2025-11-06 07:19:28 --> Session: Class initialized using 'CodeIgniter\Session\Handlers\FileHandler' driver.
DEBUG - 2025-11-06 07:19:29 --> Session: Class initialized using 'CodeIgniter\Session\Handlers\FileHandler' driver.
DEBUG - 2025-11-06 07:19:29 --> Session: Class initialized using 'CodeIgniter\Session\Handlers\FileHandler' driver.
DEBUG - 2025-11-06 07:19:29 --> Session: Class initialized using 'CodeIgniter\Session\Handlers\FileHandler' driver.
DEBUG - 2025-11-06 07:19:29 --> Session: Class initialized using 'CodeIgniter\Session\Handlers\FileHandler' driver.
DEBUG - 2025-11-06 07:35:45 --> Session: Class initialized using 'CodeIgniter\Session\Handlers\FileHandler' driver.
DEBUG - 2025-11-06 07:35:45 --> Session: Class initialized using 'CodeIgniter\Session\Handlers\FileHandler' driver.
DEBUG - 2025-11-06 07:53:00 --> Session: Class initialized using 'CodeIgniter\Session\Handlers\FileHandler' driver.
DEBUG - 2025-11-06 07:55:04 --> Session: Class initialized using 'CodeIgniter\Session\Handlers\FileHandler' driver.
DEBUG - 2025-11-06 07:55:04 --> Session: Class initialized using 'CodeIgniter\Session\Handlers\FileHandler' driver.
DEBUG - 2025-11-06 07:56:18 --> Session: Class initialized using 'CodeIgniter\Session\Handlers\FileHandler' driver.
DEBUG - 2025-11-06 07:56:18 --> Session: Class initialized using 'CodeIgniter\Session\Handlers\FileHandler' driver.
WARNING - 2025-11-06 07:56:18 --> [DEPRECATED] Optional parameter $filters declared before required parameter $id_dep is implicitly treated as a required parameter in APPPATH\Models\Model_arsip.php on line 303.
 1 SYSTEMPATH\Autoloader\Autoloader.php(315): include_once('C:\\xampp\\htdocs\\e-arsip_ci4\\system\\Debug\\Exceptions.php')
 2 SYSTEMPATH\Autoloader\Autoloader.php(295): CodeIgniter\Autoloader\Autoloader->includeFile('C:\\xampp\\htdocs\\e-arsip_ci4\\app\\Models\\Model_arsip.php')
 3 SYSTEMPATH\Autoloader\Autoloader.php(271): CodeIgniter\Autoloader\Autoloader->loadInNamespace('App\\Models\\Model_arsip')
 4 APPPATH\Controllers\Home.php(23): CodeIgniter\Autoloader\Autoloader->loadClass('App\\Models\\Model_arsip')
 5 SYSTEMPATH\CodeIgniter.php(903): App\Controllers\Home->__construct()
 6 SYSTEMPATH\CodeIgniter.php(498): CodeIgniter\CodeIgniter->createController()
 7 SYSTEMPATH\CodeIgniter.php(354): CodeIgniter\CodeIgniter->handleRequest(null, Object(Config\Cache), false)
 8 SYSTEMPATH\Boot.php(363): CodeIgniter\CodeIgniter->run()
 9 SYSTEMPATH\Boot.php(68): CodeIgniter\Boot::runCodeIgniter(Object(CodeIgniter\CodeIgniter))
10 FCPATH\index.php(59): CodeIgniter\Boot::bootWeb(Object(Config\Paths))
DEBUG - 2025-11-06 08:25:16 --> Session: Class initialized using 'CodeIgniter\Session\Handlers\FileHandler' driver.
DEBUG - 2025-11-06 08:25:16 --> Session: Class initialized using 'CodeIgniter\Session\Handlers\FileHandler' driver.
DEBUG - 2025-11-06 08:27:00 --> Session: Class initialized using 'CodeIgniter\Session\Handlers\FileHandler' driver.
DEBUG - 2025-11-06 08:27:00 --> Session: Class initialized using 'CodeIgniter\Session\Handlers\FileHandler' driver.
WARNING - 2025-11-06 08:27:00 --> [DEPRECATED] Optional parameter $filters declared before required parameter $id_dep is implicitly treated as a required parameter in APPPATH\Models\Model_arsip.php on line 303.
 1 SYSTEMPATH\Autoloader\Autoloader.php(315): include_once('C:\\xampp\\htdocs\\e-arsip_ci4\\system\\Debug\\Exceptions.php')
 2 SYSTEMPATH\Autoloader\Autoloader.php(295): CodeIgniter\Autoloader\Autoloader->includeFile('C:\\xampp\\htdocs\\e-arsip_ci4\\app\\Models\\Model_arsip.php')
 3 SYSTEMPATH\Autoloader\Autoloader.php(271): CodeIgniter\Autoloader\Autoloader->loadInNamespace('App\\Models\\Model_arsip')
 4 APPPATH\Controllers\Home.php(23): CodeIgniter\Autoloader\Autoloader->loadClass('App\\Models\\Model_arsip')
 5 SYSTEMPATH\CodeIgniter.php(903): App\Controllers\Home->__construct()
 6 SYSTEMPATH\CodeIgniter.php(498): CodeIgniter\CodeIgniter->createController()
 7 SYSTEMPATH\CodeIgniter.php(354): CodeIgniter\CodeIgniter->handleRequest(null, Object(Config\Cache), false)
 8 SYSTEMPATH\Boot.php(363): CodeIgniter\CodeIgniter->run()
 9 SYSTEMPATH\Boot.php(68): CodeIgniter\Boot::runCodeIgniter(Object(CodeIgniter\CodeIgniter))
10 FCPATH\index.php(59): CodeIgniter\Boot::bootWeb(Object(Config\Paths))
DEBUG - 2025-11-06 08:27:03 --> Session: Class initialized using 'CodeIgniter\Session\Handlers\FileHandler' driver.
DEBUG - 2025-11-06 08:27:03 --> Session: Class initialized using 'CodeIgniter\Session\Handlers\FileHandler' driver.
DEBUG - 2025-11-06 08:27:53 --> Session: Class initialized using 'CodeIgniter\Session\Handlers\FileHandler' driver.
WARNING - 2025-11-06 08:27:53 --> [DEPRECATED] Optional parameter $filters declared before required parameter $id_dep is implicitly treated as a required parameter in APPPATH\Models\Model_arsip.php on line 303.
 1 SYSTEMPATH\Autoloader\Autoloader.php(315): include_once('C:\\xampp\\htdocs\\e-arsip_ci4\\system\\Debug\\Exceptions.php')
 2 SYSTEMPATH\Autoloader\Autoloader.php(295): CodeIgniter\Autoloader\Autoloader->includeFile('C:\\xampp\\htdocs\\e-arsip_ci4\\app\\Models\\Model_arsip.php')
 3 SYSTEMPATH\Autoloader\Autoloader.php(271): CodeIgniter\Autoloader\Autoloader->loadInNamespace('App\\Models\\Model_arsip')
 4 APPPATH\Controllers\Home.php(23): CodeIgniter\Autoloader\Autoloader->loadClass('App\\Models\\Model_arsip')
 5 SYSTEMPATH\CodeIgniter.php(903): App\Controllers\Home->__construct()
 6 SYSTEMPATH\CodeIgniter.php(498): CodeIgniter\CodeIgniter->createController()
 7 SYSTEMPATH\CodeIgniter.php(354): CodeIgniter\CodeIgniter->handleRequest(null, Object(Config\Cache), false)
 8 SYSTEMPATH\Boot.php(363): CodeIgniter\CodeIgniter->run()
 9 SYSTEMPATH\Boot.php(68): CodeIgniter\Boot::runCodeIgniter(Object(CodeIgniter\CodeIgniter))
10 FCPATH\index.php(59): CodeIgniter\Boot::bootWeb(Object(Config\Paths))
DEBUG - 2025-11-06 08:27:54 --> Session: Class initialized using 'CodeIgniter\Session\Handlers\FileHandler' driver.
DEBUG - 2025-11-06 08:27:54 --> Session: Class initialized using 'CodeIgniter\Session\Handlers\FileHandler' driver.
DEBUG - 2025-11-06 08:29:30 --> Session: Class initialized using 'CodeIgniter\Session\Handlers\FileHandler' driver.
DEBUG - 2025-11-06 08:29:31 --> Session: Class initialized using 'CodeIgniter\Session\Handlers\FileHandler' driver.
DEBUG - 2025-11-06 08:29:32 --> Session: Class initialized using 'CodeIgniter\Session\Handlers\FileHandler' driver.
WARNING - 2025-11-06 08:29:32 --> [DEPRECATED] Optional parameter $filters declared before required parameter $id_dep is implicitly treated as a required parameter in APPPATH\Models\Model_arsip.php on line 303.
 1 SYSTEMPATH\Autoloader\Autoloader.php(315): include_once('C:\\xampp\\htdocs\\e-arsip_ci4\\system\\Debug\\Exceptions.php')
 2 SYSTEMPATH\Autoloader\Autoloader.php(295): CodeIgniter\Autoloader\Autoloader->includeFile('C:\\xampp\\htdocs\\e-arsip_ci4\\app\\Models\\Model_arsip.php')
 3 SYSTEMPATH\Autoloader\Autoloader.php(271): CodeIgniter\Autoloader\Autoloader->loadInNamespace('App\\Models\\Model_arsip')
 4 APPPATH\Controllers\Arsip.php(26): CodeIgniter\Autoloader\Autoloader->loadClass('App\\Models\\Model_arsip')
 5 SYSTEMPATH\CodeIgniter.php(903): App\Controllers\Arsip->__construct()
 6 SYSTEMPATH\CodeIgniter.php(498): CodeIgniter\CodeIgniter->createController()
 7 SYSTEMPATH\CodeIgniter.php(354): CodeIgniter\CodeIgniter->handleRequest(null, Object(Config\Cache), false)
 8 SYSTEMPATH\Boot.php(363): CodeIgniter\CodeIgniter->run()
 9 SYSTEMPATH\Boot.php(68): CodeIgniter\Boot::runCodeIgniter(Object(CodeIgniter\CodeIgniter))
10 FCPATH\index.php(59): CodeIgniter\Boot::bootWeb(Object(Config\Paths))
DEBUG - 2025-11-06 08:29:34 --> Session: Class initialized using 'CodeIgniter\Session\Handlers\FileHandler' driver.
WARNING - 2025-11-06 08:29:34 --> [DEPRECATED] Optional parameter $filters declared before required parameter $id_dep is implicitly treated as a required parameter in APPPATH\Models\Model_arsip.php on line 303.
 1 SYSTEMPATH\Autoloader\Autoloader.php(315): include_once('C:\\xampp\\htdocs\\e-arsip_ci4\\system\\Debug\\Exceptions.php')
 2 SYSTEMPATH\Autoloader\Autoloader.php(295): CodeIgniter\Autoloader\Autoloader->includeFile('C:\\xampp\\htdocs\\e-arsip_ci4\\app\\Models\\Model_arsip.php')
 3 SYSTEMPATH\Autoloader\Autoloader.php(271): CodeIgniter\Autoloader\Autoloader->loadInNamespace('App\\Models\\Model_arsip')
 4 APPPATH\Controllers\Kategori.php(21): CodeIgniter\Autoloader\Autoloader->loadClass('App\\Models\\Model_arsip')
 5 SYSTEMPATH\CodeIgniter.php(903): App\Controllers\Kategori->__construct()
 6 SYSTEMPATH\CodeIgniter.php(498): CodeIgniter\CodeIgniter->createController()
 7 SYSTEMPATH\CodeIgniter.php(354): CodeIgniter\CodeIgniter->handleRequest(null, Object(Config\Cache), false)
 8 SYSTEMPATH\Boot.php(363): CodeIgniter\CodeIgniter->run()
 9 SYSTEMPATH\Boot.php(68): CodeIgniter\Boot::runCodeIgniter(Object(CodeIgniter\CodeIgniter))
10 FCPATH\index.php(59): CodeIgniter\Boot::bootWeb(Object(Config\Paths))
DEBUG - 2025-11-06 08:29:35 --> Session: Class initialized using 'CodeIgniter\Session\Handlers\FileHandler' driver.
WARNING - 2025-11-06 08:29:35 --> [DEPRECATED] Optional parameter $filters declared before required parameter $id_dep is implicitly treated as a required parameter in APPPATH\Models\Model_arsip.php on line 303.
 1 SYSTEMPATH\Autoloader\Autoloader.php(315): include_once('C:\\xampp\\htdocs\\e-arsip_ci4\\system\\Debug\\Exceptions.php')
 2 SYSTEMPATH\Autoloader\Autoloader.php(295): CodeIgniter\Autoloader\Autoloader->includeFile('C:\\xampp\\htdocs\\e-arsip_ci4\\app\\Models\\Model_arsip.php')
 3 SYSTEMPATH\Autoloader\Autoloader.php(271): CodeIgniter\Autoloader\Autoloader->loadInNamespace('App\\Models\\Model_arsip')
 4 APPPATH\Controllers\Kategori.php(21): CodeIgniter\Autoloader\Autoloader->loadClass('App\\Models\\Model_arsip')
 5 SYSTEMPATH\CodeIgniter.php(903): App\Controllers\Kategori->__construct()
 6 SYSTEMPATH\CodeIgniter.php(498): CodeIgniter\CodeIgniter->createController()
 7 SYSTEMPATH\CodeIgniter.php(354): CodeIgniter\CodeIgniter->handleRequest(null, Object(Config\Cache), false)
 8 SYSTEMPATH\Boot.php(363): CodeIgniter\CodeIgniter->run()
 9 SYSTEMPATH\Boot.php(68): CodeIgniter\Boot::runCodeIgniter(Object(CodeIgniter\CodeIgniter))
10 FCPATH\index.php(59): CodeIgniter\Boot::bootWeb(Object(Config\Paths))
DEBUG - 2025-11-06 08:29:36 --> Session: Class initialized using 'CodeIgniter\Session\Handlers\FileHandler' driver.
WARNING - 2025-11-06 08:29:36 --> [DEPRECATED] Optional parameter $filters declared before required parameter $id_dep is implicitly treated as a required parameter in APPPATH\Models\Model_arsip.php on line 303.
 1 SYSTEMPATH\Autoloader\Autoloader.php(315): include_once('C:\\xampp\\htdocs\\e-arsip_ci4\\system\\Debug\\Exceptions.php')
 2 SYSTEMPATH\Autoloader\Autoloader.php(295): CodeIgniter\Autoloader\Autoloader->includeFile('C:\\xampp\\htdocs\\e-arsip_ci4\\app\\Models\\Model_arsip.php')
 3 SYSTEMPATH\Autoloader\Autoloader.php(271): CodeIgniter\Autoloader\Autoloader->loadInNamespace('App\\Models\\Model_arsip')
 4 APPPATH\Controllers\Arsip.php(26): CodeIgniter\Autoloader\Autoloader->loadClass('App\\Models\\Model_arsip')
 5 SYSTEMPATH\CodeIgniter.php(903): App\Controllers\Arsip->__construct()
 6 SYSTEMPATH\CodeIgniter.php(498): CodeIgniter\CodeIgniter->createController()
 7 SYSTEMPATH\CodeIgniter.php(354): CodeIgniter\CodeIgniter->handleRequest(null, Object(Config\Cache), false)
 8 SYSTEMPATH\Boot.php(363): CodeIgniter\CodeIgniter->run()
 9 SYSTEMPATH\Boot.php(68): CodeIgniter\Boot::runCodeIgniter(Object(CodeIgniter\CodeIgniter))
10 FCPATH\index.php(59): CodeIgniter\Boot::bootWeb(Object(Config\Paths))
DEBUG - 2025-11-06 08:29:37 --> Session: Class initialized using 'CodeIgniter\Session\Handlers\FileHandler' driver.
WARNING - 2025-11-06 08:29:37 --> [DEPRECATED] Optional parameter $filters declared before required parameter $id_dep is implicitly treated as a required parameter in APPPATH\Models\Model_arsip.php on line 303.
 1 SYSTEMPATH\Autoloader\Autoloader.php(315): include_once('C:\\xampp\\htdocs\\e-arsip_ci4\\system\\Debug\\Exceptions.php')
 2 SYSTEMPATH\Autoloader\Autoloader.php(295): CodeIgniter\Autoloader\Autoloader->includeFile('C:\\xampp\\htdocs\\e-arsip_ci4\\app\\Models\\Model_arsip.php')
 3 SYSTEMPATH\Autoloader\Autoloader.php(271): CodeIgniter\Autoloader\Autoloader->loadInNamespace('App\\Models\\Model_arsip')
 4 APPPATH\Controllers\Kategori.php(21): CodeIgniter\Autoloader\Autoloader->loadClass('App\\Models\\Model_arsip')
 5 SYSTEMPATH\CodeIgniter.php(903): App\Controllers\Kategori->__construct()
 6 SYSTEMPATH\CodeIgniter.php(498): CodeIgniter\CodeIgniter->createController()
 7 SYSTEMPATH\CodeIgniter.php(354): CodeIgniter\CodeIgniter->handleRequest(null, Object(Config\Cache), false)
 8 SYSTEMPATH\Boot.php(363): CodeIgniter\CodeIgniter->run()
 9 SYSTEMPATH\Boot.php(68): CodeIgniter\Boot::runCodeIgniter(Object(CodeIgniter\CodeIgniter))
10 FCPATH\index.php(59): CodeIgniter\Boot::bootWeb(Object(Config\Paths))
DEBUG - 2025-11-06 08:29:46 --> Session: Class initialized using 'CodeIgniter\Session\Handlers\FileHandler' driver.
WARNING - 2025-11-06 08:29:46 --> [DEPRECATED] Optional parameter $filters declared before required parameter $id_dep is implicitly treated as a required parameter in APPPATH\Models\Model_arsip.php on line 303.
 1 SYSTEMPATH\Autoloader\Autoloader.php(315): include_once('C:\\xampp\\htdocs\\e-arsip_ci4\\system\\Debug\\Exceptions.php')
 2 SYSTEMPATH\Autoloader\Autoloader.php(295): CodeIgniter\Autoloader\Autoloader->includeFile('C:\\xampp\\htdocs\\e-arsip_ci4\\app\\Models\\Model_arsip.php')
 3 SYSTEMPATH\Autoloader\Autoloader.php(271): CodeIgniter\Autoloader\Autoloader->loadInNamespace('App\\Models\\Model_arsip')
 4 APPPATH\Controllers\Cari.php(20): CodeIgniter\Autoloader\Autoloader->loadClass('App\\Models\\Model_arsip')
 5 SYSTEMPATH\CodeIgniter.php(903): App\Controllers\Cari->__construct()
 6 SYSTEMPATH\CodeIgniter.php(498): CodeIgniter\CodeIgniter->createController()
 7 SYSTEMPATH\CodeIgniter.php(354): CodeIgniter\CodeIgniter->handleRequest(null, Object(Config\Cache), false)
 8 SYSTEMPATH\Boot.php(363): CodeIgniter\CodeIgniter->run()
 9 SYSTEMPATH\Boot.php(68): CodeIgniter\Boot::runCodeIgniter(Object(CodeIgniter\CodeIgniter))
10 FCPATH\index.php(59): CodeIgniter\Boot::bootWeb(Object(Config\Paths))
DEBUG - 2025-11-06 09:07:54 --> Session: Class initialized using 'CodeIgniter\Session\Handlers\FileHandler' driver.
DEBUG - 2025-11-06 09:07:54 --> Session: Class initialized using 'CodeIgniter\Session\Handlers\FileHandler' driver.
DEBUG - 2025-11-06 09:07:55 --> Session: Class initialized using 'CodeIgniter\Session\Handlers\FileHandler' driver.
DEBUG - 2025-11-06 09:09:08 --> Session: Class initialized using 'CodeIgniter\Session\Handlers\FileHandler' driver.
DEBUG - 2025-11-06 09:09:08 --> Session: Class initialized using 'CodeIgniter\Session\Handlers\FileHandler' driver.
WARNING - 2025-11-06 09:09:08 --> [DEPRECATED] Optional parameter $filters declared before required parameter $id_dep is implicitly treated as a required parameter in APPPATH\Models\Model_arsip.php on line 303.
 1 SYSTEMPATH\Autoloader\Autoloader.php(315): include_once('C:\\xampp\\htdocs\\e-arsip_ci4\\system\\Debug\\Exceptions.php')
 2 SYSTEMPATH\Autoloader\Autoloader.php(295): CodeIgniter\Autoloader\Autoloader->includeFile('C:\\xampp\\htdocs\\e-arsip_ci4\\app\\Models\\Model_arsip.php')
 3 SYSTEMPATH\Autoloader\Autoloader.php(271): CodeIgniter\Autoloader\Autoloader->loadInNamespace('App\\Models\\Model_arsip')
 4 APPPATH\Controllers\Home.php(23): CodeIgniter\Autoloader\Autoloader->loadClass('App\\Models\\Model_arsip')
 5 SYSTEMPATH\CodeIgniter.php(903): App\Controllers\Home->__construct()
 6 SYSTEMPATH\CodeIgniter.php(498): CodeIgniter\CodeIgniter->createController()
 7 SYSTEMPATH\CodeIgniter.php(354): CodeIgniter\CodeIgniter->handleRequest(null, Object(Config\Cache), false)
 8 SYSTEMPATH\Boot.php(363): CodeIgniter\CodeIgniter->run()
 9 SYSTEMPATH\Boot.php(68): CodeIgniter\Boot::runCodeIgniter(Object(CodeIgniter\CodeIgniter))
10 FCPATH\index.php(59): CodeIgniter\Boot::bootWeb(Object(Config\Paths))
DEBUG - 2025-11-06 09:16:31 --> Session: Class initialized using 'CodeIgniter\Session\Handlers\FileHandler' driver.
WARNING - 2025-11-06 09:16:31 --> [DEPRECATED] Optional parameter $filters declared before required parameter $id_dep is implicitly treated as a required parameter in APPPATH\Models\Model_arsip.php on line 303.
 1 SYSTEMPATH\Autoloader\Autoloader.php(315): include_once('C:\\xampp\\htdocs\\e-arsip_ci4\\system\\Debug\\Exceptions.php')
 2 SYSTEMPATH\Autoloader\Autoloader.php(295): CodeIgniter\Autoloader\Autoloader->includeFile('C:\\xampp\\htdocs\\e-arsip_ci4\\app\\Models\\Model_arsip.php')
 3 SYSTEMPATH\Autoloader\Autoloader.php(271): CodeIgniter\Autoloader\Autoloader->loadInNamespace('App\\Models\\Model_arsip')
 4 APPPATH\Controllers\Home.php(23): CodeIgniter\Autoloader\Autoloader->loadClass('App\\Models\\Model_arsip')
 5 SYSTEMPATH\CodeIgniter.php(903): App\Controllers\Home->__construct()
 6 SYSTEMPATH\CodeIgniter.php(498): CodeIgniter\CodeIgniter->createController()
 7 SYSTEMPATH\CodeIgniter.php(354): CodeIgniter\CodeIgniter->handleRequest(null, Object(Config\Cache), false)
 8 SYSTEMPATH\Boot.php(363): CodeIgniter\CodeIgniter->run()
 9 SYSTEMPATH\Boot.php(68): CodeIgniter\Boot::runCodeIgniter(Object(CodeIgniter\CodeIgniter))
10 FCPATH\index.php(59): CodeIgniter\Boot::bootWeb(Object(Config\Paths))
DEBUG - 2025-11-06 09:16:33 --> Session: Class initialized using 'CodeIgniter\Session\Handlers\FileHandler' driver.
WARNING - 2025-11-06 09:16:33 --> [DEPRECATED] Optional parameter $filters declared before required parameter $id_dep is implicitly treated as a required parameter in APPPATH\Models\Model_arsip.php on line 303.
 1 SYSTEMPATH\Autoloader\Autoloader.php(315): include_once('C:\\xampp\\htdocs\\e-arsip_ci4\\system\\Debug\\Exceptions.php')
 2 SYSTEMPATH\Autoloader\Autoloader.php(295): CodeIgniter\Autoloader\Autoloader->includeFile('C:\\xampp\\htdocs\\e-arsip_ci4\\app\\Models\\Model_arsip.php')
 3 SYSTEMPATH\Autoloader\Autoloader.php(271): CodeIgniter\Autoloader\Autoloader->loadInNamespace('App\\Models\\Model_arsip')
 4 APPPATH\Controllers\Arsip.php(26): CodeIgniter\Autoloader\Autoloader->loadClass('App\\Models\\Model_arsip')
 5 SYSTEMPATH\CodeIgniter.php(903): App\Controllers\Arsip->__construct()
 6 SYSTEMPATH\CodeIgniter.php(498): CodeIgniter\CodeIgniter->createController()
 7 SYSTEMPATH\CodeIgniter.php(354): CodeIgniter\CodeIgniter->handleRequest(null, Object(Config\Cache), false)
 8 SYSTEMPATH\Boot.php(363): CodeIgniter\CodeIgniter->run()
 9 SYSTEMPATH\Boot.php(68): CodeIgniter\Boot::runCodeIgniter(Object(CodeIgniter\CodeIgniter))
10 FCPATH\index.php(59): CodeIgniter\Boot::bootWeb(Object(Config\Paths))
DEBUG - 2025-11-06 09:16:34 --> Session: Class initialized using 'CodeIgniter\Session\Handlers\FileHandler' driver.
WARNING - 2025-11-06 09:16:34 --> [DEPRECATED] Optional parameter $filters declared before required parameter $id_dep is implicitly treated as a required parameter in APPPATH\Models\Model_arsip.php on line 303.
 1 SYSTEMPATH\Autoloader\Autoloader.php(315): include_once('C:\\xampp\\htdocs\\e-arsip_ci4\\system\\Debug\\Exceptions.php')
 2 SYSTEMPATH\Autoloader\Autoloader.php(295): CodeIgniter\Autoloader\Autoloader->includeFile('C:\\xampp\\htdocs\\e-arsip_ci4\\app\\Models\\Model_arsip.php')
 3 SYSTEMPATH\Autoloader\Autoloader.php(271): CodeIgniter\Autoloader\Autoloader->loadInNamespace('App\\Models\\Model_arsip')
 4 APPPATH\Controllers\Kategori.php(21): CodeIgniter\Autoloader\Autoloader->loadClass('App\\Models\\Model_arsip')
 5 SYSTEMPATH\CodeIgniter.php(903): App\Controllers\Kategori->__construct()
 6 SYSTEMPATH\CodeIgniter.php(498): CodeIgniter\CodeIgniter->createController()
 7 SYSTEMPATH\CodeIgniter.php(354): CodeIgniter\CodeIgniter->handleRequest(null, Object(Config\Cache), false)
 8 SYSTEMPATH\Boot.php(363): CodeIgniter\CodeIgniter->run()
 9 SYSTEMPATH\Boot.php(68): CodeIgniter\Boot::runCodeIgniter(Object(CodeIgniter\CodeIgniter))
10 FCPATH\index.php(59): CodeIgniter\Boot::bootWeb(Object(Config\Paths))
DEBUG - 2025-11-06 09:16:35 --> Session: Class initialized using 'CodeIgniter\Session\Handlers\FileHandler' driver.
WARNING - 2025-11-06 09:16:35 --> [DEPRECATED] Optional parameter $filters declared before required parameter $id_dep is implicitly treated as a required parameter in APPPATH\Models\Model_arsip.php on line 303.
 1 SYSTEMPATH\Autoloader\Autoloader.php(315): include_once('C:\\xampp\\htdocs\\e-arsip_ci4\\system\\Debug\\Exceptions.php')
 2 SYSTEMPATH\Autoloader\Autoloader.php(295): CodeIgniter\Autoloader\Autoloader->includeFile('C:\\xampp\\htdocs\\e-arsip_ci4\\app\\Models\\Model_arsip.php')
 3 SYSTEMPATH\Autoloader\Autoloader.php(271): CodeIgniter\Autoloader\Autoloader->loadInNamespace('App\\Models\\Model_arsip')
 4 APPPATH\Controllers\Cari.php(20): CodeIgniter\Autoloader\Autoloader->loadClass('App\\Models\\Model_arsip')
 5 SYSTEMPATH\CodeIgniter.php(903): App\Controllers\Cari->__construct()
 6 SYSTEMPATH\CodeIgniter.php(498): CodeIgniter\CodeIgniter->createController()
 7 SYSTEMPATH\CodeIgniter.php(354): CodeIgniter\CodeIgniter->handleRequest(null, Object(Config\Cache), false)
 8 SYSTEMPATH\Boot.php(363): CodeIgniter\CodeIgniter->run()
 9 SYSTEMPATH\Boot.php(68): CodeIgniter\Boot::runCodeIgniter(Object(CodeIgniter\CodeIgniter))
10 FCPATH\index.php(59): CodeIgniter\Boot::bootWeb(Object(Config\Paths))
DEBUG - 2025-11-06 09:16:37 --> Session: Class initialized using 'CodeIgniter\Session\Handlers\FileHandler' driver.
WARNING - 2025-11-06 09:16:37 --> [DEPRECATED] Optional parameter $filters declared before required parameter $id_dep is implicitly treated as a required parameter in APPPATH\Models\Model_arsip.php on line 303.
 1 SYSTEMPATH\Autoloader\Autoloader.php(315): include_once('C:\\xampp\\htdocs\\e-arsip_ci4\\system\\Debug\\Exceptions.php')
 2 SYSTEMPATH\Autoloader\Autoloader.php(295): CodeIgniter\Autoloader\Autoloader->includeFile('C:\\xampp\\htdocs\\e-arsip_ci4\\app\\Models\\Model_arsip.php')
 3 SYSTEMPATH\Autoloader\Autoloader.php(271): CodeIgniter\Autoloader\Autoloader->loadInNamespace('App\\Models\\Model_arsip')
 4 APPPATH\Controllers\Arsip.php(26): CodeIgniter\Autoloader\Autoloader->loadClass('App\\Models\\Model_arsip')
 5 SYSTEMPATH\CodeIgniter.php(903): App\Controllers\Arsip->__construct()
 6 SYSTEMPATH\CodeIgniter.php(498): CodeIgniter\CodeIgniter->createController()
 7 SYSTEMPATH\CodeIgniter.php(354): CodeIgniter\CodeIgniter->handleRequest(null, Object(Config\Cache), false)
 8 SYSTEMPATH\Boot.php(363): CodeIgniter\CodeIgniter->run()
 9 SYSTEMPATH\Boot.php(68): CodeIgniter\Boot::runCodeIgniter(Object(CodeIgniter\CodeIgniter))
10 FCPATH\index.php(59): CodeIgniter\Boot::bootWeb(Object(Config\Paths))
DEBUG - 2025-11-06 09:16:41 --> Session: Class initialized using 'CodeIgniter\Session\Handlers\FileHandler' driver.
WARNING - 2025-11-06 09:16:41 --> [DEPRECATED] Optional parameter $filters declared before required parameter $id_dep is implicitly treated as a required parameter in APPPATH\Models\Model_arsip.php on line 303.
 1 SYSTEMPATH\Autoloader\Autoloader.php(315): include_once('C:\\xampp\\htdocs\\e-arsip_ci4\\system\\Debug\\Exceptions.php')
 2 SYSTEMPATH\Autoloader\Autoloader.php(295): CodeIgniter\Autoloader\Autoloader->includeFile('C:\\xampp\\htdocs\\e-arsip_ci4\\app\\Models\\Model_arsip.php')
 3 SYSTEMPATH\Autoloader\Autoloader.php(271): CodeIgniter\Autoloader\Autoloader->loadInNamespace('App\\Models\\Model_arsip')
 4 APPPATH\Controllers\Arsip.php(26): CodeIgniter\Autoloader\Autoloader->loadClass('App\\Models\\Model_arsip')
 5 SYSTEMPATH\CodeIgniter.php(903): App\Controllers\Arsip->__construct()
 6 SYSTEMPATH\CodeIgniter.php(498): CodeIgniter\CodeIgniter->createController()
 7 SYSTEMPATH\CodeIgniter.php(354): CodeIgniter\CodeIgniter->handleRequest(null, Object(Config\Cache), false)
 8 SYSTEMPATH\Boot.php(363): CodeIgniter\CodeIgniter->run()
 9 SYSTEMPATH\Boot.php(68): CodeIgniter\Boot::runCodeIgniter(Object(CodeIgniter\CodeIgniter))
10 FCPATH\index.php(59): CodeIgniter\Boot::bootWeb(Object(Config\Paths))
DEBUG - 2025-11-06 09:17:51 --> Session: Class initialized using 'CodeIgniter\Session\Handlers\FileHandler' driver.
WARNING - 2025-11-06 09:17:51 --> [DEPRECATED] Optional parameter $filters declared before required parameter $id_dep is implicitly treated as a required parameter in APPPATH\Models\Model_arsip.php on line 303.
 1 SYSTEMPATH\Autoloader\Autoloader.php(315): include_once('C:\\xampp\\htdocs\\e-arsip_ci4\\system\\Debug\\Exceptions.php')
 2 SYSTEMPATH\Autoloader\Autoloader.php(295): CodeIgniter\Autoloader\Autoloader->includeFile('C:\\xampp\\htdocs\\e-arsip_ci4\\app\\Models\\Model_arsip.php')
 3 SYSTEMPATH\Autoloader\Autoloader.php(271): CodeIgniter\Autoloader\Autoloader->loadInNamespace('App\\Models\\Model_arsip')
 4 APPPATH\Controllers\Arsip.php(26): CodeIgniter\Autoloader\Autoloader->loadClass('App\\Models\\Model_arsip')
 5 SYSTEMPATH\CodeIgniter.php(903): App\Controllers\Arsip->__construct()
 6 SYSTEMPATH\CodeIgniter.php(498): CodeIgniter\CodeIgniter->createController()
 7 SYSTEMPATH\CodeIgniter.php(354): CodeIgniter\CodeIgniter->handleRequest(null, Object(Config\Cache), false)
 8 SYSTEMPATH\Boot.php(363): CodeIgniter\CodeIgniter->run()
 9 SYSTEMPATH\Boot.php(68): CodeIgniter\Boot::runCodeIgniter(Object(CodeIgniter\CodeIgniter))
10 FCPATH\index.php(59): CodeIgniter\Boot::bootWeb(Object(Config\Paths))
DEBUG - 2025-11-06 09:17:58 --> Session: Class initialized using 'CodeIgniter\Session\Handlers\FileHandler' driver.
WARNING - 2025-11-06 09:17:58 --> [DEPRECATED] Optional parameter $filters declared before required parameter $id_dep is implicitly treated as a required parameter in APPPATH\Models\Model_arsip.php on line 303.
 1 SYSTEMPATH\Autoloader\Autoloader.php(315): include_once('C:\\xampp\\htdocs\\e-arsip_ci4\\system\\Debug\\Exceptions.php')
 2 SYSTEMPATH\Autoloader\Autoloader.php(295): CodeIgniter\Autoloader\Autoloader->includeFile('C:\\xampp\\htdocs\\e-arsip_ci4\\app\\Models\\Model_arsip.php')
 3 SYSTEMPATH\Autoloader\Autoloader.php(271): CodeIgniter\Autoloader\Autoloader->loadInNamespace('App\\Models\\Model_arsip')
 4 APPPATH\Controllers\Arsip.php(26): CodeIgniter\Autoloader\Autoloader->loadClass('App\\Models\\Model_arsip')
 5 SYSTEMPATH\CodeIgniter.php(903): App\Controllers\Arsip->__construct()
 6 SYSTEMPATH\CodeIgniter.php(498): CodeIgniter\CodeIgniter->createController()
 7 SYSTEMPATH\CodeIgniter.php(354): CodeIgniter\CodeIgniter->handleRequest(null, Object(Config\Cache), false)
 8 SYSTEMPATH\Boot.php(363): CodeIgniter\CodeIgniter->run()
 9 SYSTEMPATH\Boot.php(68): CodeIgniter\Boot::runCodeIgniter(Object(CodeIgniter\CodeIgniter))
10 FCPATH\index.php(59): CodeIgniter\Boot::bootWeb(Object(Config\Paths))
